name,category,website,phone,address,city
Moncrief Heating & Air Conditioning,HVAC company,https://www.moncriefair.com/?utm_source=google&utm_medium=organic&utm_campaign=GMBListing-Atlanta-GA,(470) 964-5141,"935 Chattahoochee Ave NW, Atlanta, GA 30318, USA","Atlanta, GA"
"PV Heating, Cooling & Plumbing",HVAC company,http://www.pvhvac.com/,(470) 223-6782,"3605 Clearview Pkwy, Atlanta, GA 30340, USA","Atlanta, GA"
Estes Services,HVAC company,https://www.estesair.com/,(404) 366-9620,"3981 Tradeport Blvd, Atlanta, GA 30354, USA","Atlanta, GA"
The Air Company of GA,HVAC company,https://www.theaircompanyga.com/?utm_source=google&utm_medium=organic&utm_campaign=gmb,(404) 583-7788,"10 Glenlake Pkwy NE Ste 130, Atlanta, GA 30328, USA","Atlanta, GA"
Comfort Atlanta Heating & Air,HVAC company,https://www.comfortatlanta.com/,(770) 874-4033,"10945 State Bridge Rd #401, Johns Creek, GA 30022, USA","Atlanta, GA"
Empire Heating & Air Conditioning,HVAC company,https://empirehvac.com/?utm_source=GBP&utm_medium=organic&utm_campaign=Location+Link&utm_id=GBP+Link+Experiement,(404) 294-0900,"783 Dekalb Industrial Way, Decatur, GA 30033, USA","Atlanta, GA"
Cunningham Associates,HVAC company,https://www.cunninghamhvac.com/,(770) 343-7565,"3114 Marjan Dr, Atlanta, GA 30340, USA","Atlanta, GA"
"Ragsdale Heating, Air, Plumbing & Electrical",HVAC company,https://www.ragsdaleair.com/?utm_campaign=Google_Business_Profile_Dallas&utm_source=google&utm_medium=organic&utm_content=Website,(770) 282-4646,"418 Butler Industrial Dr, Dallas, GA 30132, USA","Atlanta, GA"
Coolray Heating & Air Conditioning,HVAC company,https://www.coolray.com/,(770) 421-8400,"1787 Williams Dr, Marietta, GA 30066, USA","Atlanta, GA"
Cool Air Mechanical,HVAC company,https://www.770coolair.com/service-areas/marietta/?utm_source=google&utm_medium=organic&utm_campaign=GMBListing-Marietta,(470) 531-5480,"1950 Guffin Ln, Marietta, GA 30066, USA","Atlanta, GA"
Peppers Heating & Air Conditioning Service Inc.,HVAC company,https://www.peppersheatingandair.com/,(770) 483-1282,"235 Peachtree Rd NE Ste 400, Atlanta, GA 30303, USA","Atlanta, GA"
Maintenance Unlimited Heating & Cooling,HVAC company,https://maintenanceunlimitedheatingcooling.com/,(404) 454-2686,"1561 Virginia Ave, College Park, GA 30337, USA","Atlanta, GA"
A.D. Campbell HVAC Services,HVAC company,http://adcampbellhvac.com/,(470) 447-9237,"260 Peachtree St NW Ste 2200, Atlanta, GA 30303, USA","Atlanta, GA"
Central Heating & Air Conditioning,HVAC company,https://centralheat.com/,(404) 261-2280,"5730 Oakbrook Pkwy #130, Norcross, GA 30093, USA","Atlanta, GA"
HVAC Guyz & Plumbing Inc,HVAC company,,(470) 255-4535,"Atlanta, GA 30324, USA","Atlanta, GA"
"Reliable Heating & Air, Plumbing and Electrical - Kennesaw",HVAC company,https://reliableair.com/?utm_source=GMB&utm_medium=GMB&utm_campaign=GMB+Kennesaw&utm_id=GMB-Kennesaw,(770) 594-9969,"1305 Chastain Rd NW #500, Kennesaw, GA 30144, USA","Atlanta, GA"
INDOOR EXPERTS HEATING & AIR CONDITIONING,HVAC company,https://www.indoorexperts.com/?utm_campaign=gmb,(678) 506-2226,"390 Stovall St SE, Atlanta, GA 30316, USA","Atlanta, GA"
"Galgon HVAC & Mechanical Service, Inc.",HVAC company,https://galgonhvac.com/,(404) 352-1500,"1800 MacArthur Blvd NW, Atlanta, GA 30318, USA","Atlanta, GA"
S P Heating and Air,HVAC company,https://spheatingandairconditioning.com/?utm_source=omg-gbp&utm_medium=webclick,(678) 697-2305,"322 Northpoint Pkwy SE Suite J, Acworth, GA 30102, USA","Atlanta, GA"
"Ace & A HVAC, Heating & AC Repair",HVAC company,https://www.aceanda.com/decatur-air-conditioning-services/?utm_source=google&utm_medium=organic&utm_campaign=gbp_decatur,(404) 991-5940,"2768 E College Ave, Decatur, GA 30030, USA","Atlanta, GA"
Atlanta HVAC Services,HVAC company,,(943) 206-4207,"2084 Oak Terrace Dr SE, Atlanta, GA 30316, USA","Atlanta, GA"
Dynasty Heating and Air,HVAC company,http://www.dynastyheatingandair.com/,(678) 525-9916,"1471 Richard Rd Ste C, Decatur, GA 30032, USA","Atlanta, GA"
Esquire Heating And Air,HVAC company,http://www.esquirehvac.com/,(404) 397-8224,"20 terminus pl ne 1107-a, Atlanta, GA 30305, USA","Atlanta, GA"
New HVAC Services,HVAC company,,(203) 280-1264,"2002 Juniper St NE, Atlanta, GA 30308, USA","Atlanta, GA"
DSB Mechanical,HVAC company,,(678) 478-2558,"2430 Cheshire Bridge Rd NE, Atlanta, GA 30324, USA","Atlanta, GA"
"TE Certified, Electrical, Plumbing, Heating & Cooling",HVAC company,https://www.tecertifiedelectricians.com/,(770) 299-3903,"9800 Old Dogwood Rd, Roswell, GA 30075, USA","Atlanta, GA"
1st Class HVAC Contractors Atlanta Inc,HVAC company,,(404) 207-1609,"2135 Defoor Hills Rd NW Ste g, Atlanta, GA 30318, USA","Atlanta, GA"
Mr. Superior Maintenance,HVAC company,http://mrsuperiormaintenance.com/,(404) 994-6299,"1372 Peachtree St NE, Atlanta, GA 30309, USA","Atlanta, GA"
Champion HVAC Atlanta Experts,HVAC company,,(404) 248-7640,"4020 Tell Rd SW, Atlanta, GA 30331, USA","Atlanta, GA"
"Reliable Heating & Air, Plumbing and Electrical - Macon",HVAC company,https://reliableair.com/,(478) 300-6434,"135 Macon W Dr, Macon, GA 31210, USA","Atlanta, GA"
1ST Class HVAC Atlanta,HVAC company,,(770) 284-5446,"19956 James Couzen Fwy, 2135 Defoor Hills Rd NW Ste g, Atlanta, GA 30318, USA","Atlanta, GA"
"ANYTIME HEATING, COOLING AND PLUMBING",HVAC company,https://www.anytimehvac.com/?utm_source=google&utm_medium=organic&utm_campaign=GMBListing-Marietta-GA,(678) 909-7828,"2242 NW Pkwy SE Ste i, Marietta, GA 30062, USA","Atlanta, GA"
JT Heating & Air,HVAC company,https://www.jtheatair.com/,(404) 578-6068,"811 Rutledge Ct, Woodstock, GA 30188, USA","Atlanta, GA"
"DD HVAC, hvac techs you can trust",HVAC company,https://ddhvacservices.com/,(678) 429-4132,"898 Oak St SW, Atlanta, GA 30310, USA","Atlanta, GA"
Hunter Heating and Air Conditioning,HVAC company,,(404) 876-7700,"2021 Manchester St NE, Atlanta, GA 30324, USA","Atlanta, GA"
"Breezeway Heating & Air, Inc.",HVAC company,https://breezewayheatandair.com/,(678) 567-9809,"2400 Church Rd SE, Atlanta, GA 30339, USA","Atlanta, GA"
Atlanta Air Pro,HVAC company,https://atlantaairpro.com/,(404) 437-4508,"164 Stafford St SW, Atlanta, GA 30314, USA","Atlanta, GA"
Kwan The Painter- Mechanical Services,HVAC company,,(770) 545-4885,"584 Lindsay St NW, Atlanta, GA 30318, USA","Atlanta, GA"
Delk's Service Company,HVAC company,,(404) 937-7444,"2209 Cascade Rd, Atlanta, GA 30311, USA","Atlanta, GA"
Breezy V’s LLC,HVAC company,https://breezyvs.com/,(334) 451-7245,"2020 Howell Mill Rd NW Suite d230, Atlanta, GA 30318, USA","Atlanta, GA"
Walk on Air,HVAC company,https://www.walkonairhvac.com/,(770) 624-4777,"Atlanta, GA 30305, USA","Atlanta, GA"
Atlanta Heating And Cooling,HVAC company,,(470) 910-0876,"3232 Peachtree Rd NW, Atlanta, GA 30305, USA","Atlanta, GA"
Rutledge Maintenance Services LLC,HVAC company,https://rutledgemaintenanceservices.com/,(404) 965-8797,"1201 W Peachtree St NW Ste 2300, Atlanta, GA 30309, USA","Atlanta, GA"
Valhalla Mechanical,HVAC company,http://valmechhvac.com/,(404) 919-7688,"730 Peachtree St NE #570, Atlanta, GA 30308, USA","Atlanta, GA"
AC Repair Atlanta,HVAC company,https://acrepairatlanta.com/,(678) 369-6979,"1555 Lavista Rd Unit 572D, Atlanta, GA 30329, USA","Atlanta, GA"
American Energy Heating & Air,HVAC company,http://americanenergyhvac.com/,(678) 887-8522,"141 New St Ste 5A, Decatur, GA 30030, USA","Atlanta, GA"
AMARA AIR CONDITIONING LLC,HVAC company,https://fasthvacservice.shop/,,"2 M.L.K. Jr Dr SW, Atlanta, GA 30334, USA","Atlanta, GA"
Fix & Flow Plumbing Co.,plumbing company,https://www.fixandflow.co/?utm_campaign=gmb&utm_medium=organic&utm_source=gmb,(404) 800-3569,"1433 Mayson St NE, Atlanta, GA 30324, USA","Atlanta, GA"
Atlantis Plumbing,plumbing company,https://www.atlantisplumbing.com/?utm_source=local&utm_medium=organic&utm_campaign=gmb,(770) 505-8570,"691 John Wesley Dobbs Ave NE Unit W, Atlanta, GA 30312, USA","Atlanta, GA"
Atlanta Plumbing & Drain,plumbing company,https://www.atlplumbingcompany.com/,(470) 693-8389,"3500 Lenox Rd NE, Atlanta, GA 30326, USA","Atlanta, GA"
Plumbing Express - Atlanta Repipe Specialists,plumbing company,https://plumbingexpress.com/,(404) 236-6535,"3050 Presidential Dr #202, Atlanta, GA 30340, USA","Atlanta, GA"
Atlanta Plumbing & Drain,plumbing company,https://www.atlplumbingcompany.com/?utm_source=omg-gbp&utm_medium=webclick,(678) 946-2482,"100 Hartsfield Center Pkwy #500, Atlanta, GA 30354, USA","Atlanta, GA"
Peach Plumbing & Drain Atlanta Plumber,plumbing company,https://peachplumbingatlanta.com/?utm_source=google&utm_medium=gbp-atl&se_campaign=GBP%20-%20Peach%20Atlanta,(404) 999-4146,"1876 Defoor Ave NW Ste 7, Atlanta, GA 30318, USA","Atlanta, GA"
Plumb Works Inc.,plumbing company,https://www.plumbworksinc.com/,(404) 410-0490,"3116 Chestnut Dr #101, Atlanta, GA 30340, USA","Atlanta, GA"
Pipedreamz Plumbing,plumbing company,http://www.pipedreamzplumb.net/,(404) 218-5650,"1730 Cherry Valley Cir SE, Atlanta, GA 30316, USA","Atlanta, GA"
Superior Plumbing,plumbing company,https://www.superiorplumbing.com/?utm_source=google&utm_medium=google%20business%20profile&utm_campaign=gbp,(770) 422-7586,"3991 Royal Dr NW, Kennesaw, GA 30144, USA","Atlanta, GA"
Peach Plumbing & Drain,plumbing company,https://peachplumbingatlanta.com/?utm_source=google&utm_medium=search_engine&utm_campaign=gmb&se_campaign=GBP%20-%20Palette,(470) 414-4950,"1 W Ct Square Ste 750, Decatur, GA 30030, USA","Atlanta, GA"
"Head's Plumbing Sales & Service, Inc.",plumbing company,http://headsplumbing.com/?utm_source=google&utm_medium=organic&utm_campaign=gbp,(404) 696-3175,"4381 Campbellton Rd SW, Atlanta, GA 30331, USA","Atlanta, GA"
Atlanta Star Plumbing,plumbing company,https://www.atlantastarplumbing.com/,(770) 917-8885,"2979 Jonquil Dr, Smyrna, GA 30080, USA","Atlanta, GA"
Integrated Plumbing Solutions,plumbing company,https://www.ipsplumber.com/?utm_source=google&utm_medium=gbp,(770) 615-7859,"3111 Moon Station Rd Ste B, Kennesaw, GA 30144, USA","Atlanta, GA"
Roto-Rooter Plumbing & Water Cleanup,plumbing company,https://www.rotorooter.com/atlanta/?utm_source=Google&utm_medium=organic&utm_campaign=gmb&utm_content=website,(404) 815-2959,"1465 Northside Dr NW, Atlanta, GA 30318, USA","Atlanta, GA"
Hotter Water Plumbing & Leak Detection,plumbing company,https://www.hotterwater.com/?utm_source=google&utm_medium=search_engine&utm_campaign=gmb,(706) 471-2713,"1269 Pryor Rd SW Ste No. 17, Atlanta, GA 30315, USA","Atlanta, GA"
Atlantis Plumbing & Drains,plumbing company,https://www.dallasgaplumbers.com/,(770) 443-8229,"1212 Industrial Connector N, Dallas, GA 30132, USA","Atlanta, GA"
Royal Flush Plumbing of Doraville,plumbing company,http://plumbatlanta.com/area/georgia/plumber-doraville.htm,(770) 224-7204,"4183 Northeast Expy Ste 210, Doraville, GA 30340, USA","Atlanta, GA"
True Blue Plumbing Services,plumbing company,https://trueblueplumbing.com/?utm_campaign=gmb&utm_source=gmb,(770) 268-2358,"2073 Westside Ct B, Snellville, GA 30078, USA","Atlanta, GA"
ATLANTA PLUMBERS,plumbing company,http://atlantaplumber.com/,(404) 880-0303,"260 Peachtree St, Atlanta, GA 30303, USA","Atlanta, GA"
Reynalds Brothers Plumbing & Environmental,plumbing company,http://www.reynaldsbrothers.com/?utm_source=google&utm_medium=organic&utm_campaign=gmb,(470) 330-8431,"555 Columbia Dr Ste C, Carrollton, GA 30117, USA","Atlanta, GA"
Bulldog Plumbing Company,plumbing company,http://www.bulldogplumbing.net/,(404) 787-3175,"512 Grayson Pkwy, Grayson, GA 30017, USA","Atlanta, GA"
Atlanta Plumbing Sewer Drain Cleaning,plumbing company,,(470) 905-1345,"777 Cleveland Ave SW Unit 134, Atlanta, GA 30315, USA","Atlanta, GA"
"TE Certified, Electrical, Plumbing, Heating & Cooling",plumbing company,https://www.tecertifiedelectricians.com/,(404) 596-5179,"98 Patterson Rd SW, Lawrenceville, GA 30044, USA","Atlanta, GA"
Benjamin Franklin Plumbing,plumbing company,https://www.benjaminfranklinplumbing.com/intown-atlanta/,(678) 813-1776,"800 Lambert Dr NE, Atlanta, GA 30324, USA","Atlanta, GA"
The Plumbers Guild,plumbing company,https://atlantaplumbersguild.com/?utm_campaign=gmb&utm_medium=organic&utm_source=google,(404) 500-0218,"10 Executive Park E, Atlanta, GA 30329, USA","Atlanta, GA"
Gene's Plumbing Service Inc.,plumbing company,https://genesplumbingservices.com/,(404) 766-1195,"3288 Main St, College Park, GA 30337, USA","Atlanta, GA"
Unlimited Plumbing Solutions,plumbing company,https://plumbinganddrainatl.com/,(404) 905-8271,"955 Juniper St NE Unit 4321, Atlanta, GA 30309, USA","Atlanta, GA"
Zurn Plumbing Service,plumbing company,https://www.zurnplumbing.com/,(770) 451-6765,"3724 N Peachtree Rd, Chamblee, GA 30341, USA","Atlanta, GA"
Reece Plumbing,plumbing company,https://www.reece.com/plumbing,(470) 419-4950,"1340 Seaboard Industrial Blvd NW, Atlanta, GA 30318, USA","Atlanta, GA"
Talon Plumbing,plumbing company,http://talonplumbing.com/,(954) 371-0123,"730 Pryor St SW, Atlanta, GA 30315, USA","Atlanta, GA"
Rooter ProXpress,plumbing company,https://www.rooterproxpress.com/?utm_source=google&utm_medium=business_profile&utm_campaign=website,(770) 765-1414,"400 Lively Ave, Norcross, GA 30071, USA","Atlanta, GA"
M. Cary & Daughters Plumbing,plumbing company,https://mcaryanddaughters.com/,(404) 370-0999,"1370 Church St, Decatur, GA 30030, USA","Atlanta, GA"
Ferguson Plumbing Supply,plumbing company,https://www.ferguson.com/store/ga/atlanta/plumbingpvf-0058?utm_source=google&utm_medium=organic&utm_campaign=rt_lis_listingtraffic&utm_content=listing,(404) 688-8700,"1105 Memorial Dr SE, Atlanta, GA 30316, USA","Atlanta, GA"
Pat Murphy Electric Inc.,electrical contractor,https://patmurphyelectric.com/,(404) 577-4191,"3340 Peachtree Rd NE #1800, Atlanta, GA 30326, USA","Atlanta, GA"
McCall Enterprises,electrical contractor,https://mccallent.com/,(770) 484-6402,"260 Peachtree St NW Ste 2200, Atlanta, GA 30303, USA","Atlanta, GA"
The Electrician,electrical contractor,https://www.theelectricianatlanta.com/,(404) 256-0169,"20 S Battery Pl, Atlanta, GA 30342, USA","Atlanta, GA"
Handy Electrician,electrical contractor,http://www.handyelectrician.com/,(678) 873-5674,"881 Memorial Dr SE, Atlanta, GA 30316, USA","Atlanta, GA"
1st Generation Electric LLC,electrical contractor,http://firstgenelectric.com/,(404) 789-4596,"3571 S Fulton Ave, Atlanta, GA 30354, USA","Atlanta, GA"
"Capital City Electrical Services, LLC",electrical contractor,https://www.ccelect.com/?utm_source=gbp&utm_medium=organic,(770) 525-4464,"1346 Oakbrook Dr #170A, Norcross, GA 30093, USA","Atlanta, GA"
Yunger-Allen Electrical Contractors Systems and Solutions LLC,electrical contractor,http://www.yunger-allenelectrical.com/,(404) 939-3184,"2002 Summit Blvd NE Ste 300, Atlanta, GA 30319, USA","Atlanta, GA"
DW Electric,electrical contractor,http://dwelectricatl.com/,(404) 805-2894,"Stoneybrook Dr SE, Atlanta, GA 30316, USA","Atlanta, GA"
"Southern Electrical Contracting, LLC",electrical contractor,http://www.southernelectricalcontracting.com/,(770) 599-7270,"374 Roswell Lee Rd, Grantville, GA 30220, USA","Atlanta, GA"
Yara Electric,electrical contractor,https://www.thumbtack.com/ga/atlanta/electrical-repairs/yara-electric/service/412197754593878024?utm_medium=web&utm_source=txt&surface=sp,(843) 991-3654,"1700 Northside Dr NW Ste A7 PMB 2787, Atlanta, GA 30318, USA","Atlanta, GA"
"Aardvark Electric, Inc.",electrical contractor,https://aardvark-electric.com/?utm_source=GMB&utm_medium=organic,(404) 882-9917,"3625 Clearview Pkwy, Atlanta, GA 30340, USA","Atlanta, GA"
Mr. Wise Electric,electrical contractor,https://mrwiseelectric.com/,(404) 671-9488,"141 Harlan Rd SW, Atlanta, GA 30311, USA","Atlanta, GA"
Arc Angel Electric,electrical contractor,https://arcangelelectric.com/service-area/electrical-repair-in-cumming-ga/,(470) 758-2158,"2130 Ronald Reagan Blvd, Cumming, GA 30041, USA","Atlanta, GA"
New Beginnings Electrical Services Atlanta,electrical contractor,https://newbeginningselectrical.com/electrician-contractor-atlanta,(404) 200-6697,"1820 Peachtree Rd, Atlanta, GA 30309, USA","Atlanta, GA"
Independent Electrical Contractors - Atlanta & Georgia Chapters,electrical contractor,https://iecatlantaga.org/?utm_source=google&utm_medium=organic&utm_campaign=gbp_website,(770) 242-9277,"330 Research Ct NW, Peachtree Corners, GA 30092, USA","Atlanta, GA"
Lightning Bug Electric,electrical contractor,https://www.lightningbugelectric.com/?utm_source=googlebusinessprofile&utm_medium=organic&utm_campaign=mariettagbp,(404) 471-3847,"629 Collins Rd, Marietta, GA 30066, USA","Atlanta, GA"
"Performance Electrical Contractors, LLC",electrical contractor,https://www.performanceelectricalllc.com/?utm_source=google&utm_medium=organic&utm_campaign=GBP,(770) 525-6188,"2195 Eastview Pkwy NE #103, Conyers, GA 30013, USA","Atlanta, GA"
Mr. Value Electricians,electrical contractor,https://www.mrvalueelectricians.com/,(770) 562-7815,"520 Pirkle Ferry Rd Ste E, Cumming, GA 30040, USA","Atlanta, GA"
"Electrical Contractors In Locust Grove, GA",electrical contractor,https://electricianscontractorsinc.com/,(678) 754-8923,"403 Victoria Pl Dr, Locust Grove, GA 30248, USA","Atlanta, GA"
Pat Murphy Electric Inc.,electrical contractor,https://patmurphyelectric.com/about/locations/tucker/,(404) 577-4191,"1870 Montreal Rd, Tucker, GA 30084, USA","Atlanta, GA"
Bray Electrical Services,electrical contractor,http://www.brayelectricalservices.com/,(404) 378-1212,"743 E College Ave, Decatur, GA 30030, USA","Atlanta, GA"
Plugged Electricians Atl LLc,electrical contractor,,(678) 787-2022,"1445 Woodmont Ln NW, Atlanta, GA 30318, USA","Atlanta, GA"
Mayberry Electric,electrical contractor,http://www.mayberryelectric.com/,(404) 799-3334,"2126 Defoors Ferry Rd NW, Atlanta, GA 30318, USA","Atlanta, GA"
Action Electrical and Mechanical Contractors,electrical contractor,http://actioncontractors.com/,(404) 799-3551,"2600 Collins Springs Dr, Atlanta, GA 30339, USA","Atlanta, GA"
White Electrical Construction Co,electrical contractor,http://www.white-electrical.com/,(404) 351-5740,"1730 Chattahoochee Ave NW, Atlanta, GA 30318, USA","Atlanta, GA"
Bray Electrical,electrical contractor,http://brayelectricalservices.com/,(770) 999-0578,"929 Lee St SW, Atlanta, GA 30310, USA","Atlanta, GA"
Eagle Electric,electrical contractor,https://eagleelectricus.com/,(678) 898-1635,"2120 Plaster Bridge Rd NE, Atlanta, GA 30324, USA","Atlanta, GA"
"50 States Electric,LLC",electrical contractor,http://www.50stateselectric.com/,(404) 416-1470,"2020 Howell Mill Rd NW Ste D-350, Atlanta, GA 30318, USA","Atlanta, GA"
McCauley Electrical Services,electrical contractor,https://www.mccelec.com/,(678) 362-2881,"1579 Monroe Dr NE Ste 192, Atlanta, GA 30324, USA","Atlanta, GA"
EC Electric Inc,electrical contractor,http://www.ecelectric.com/,(770) 822-2006,"5953 Peachtree Industrial Blvd, Peachtree Corners, GA 30092, USA","Atlanta, GA"
Nuenergy Atlanta Electrical,electrical contractor,https://www.nuenergyatlanta.com/,(404) 410-6537,"939 Cleveland Ave, East Point, GA 30344, USA","Atlanta, GA"
RS Andrews,electrical contractor,https://www.rsandrews.com/?utm_source=google&utm_medium=gbp-pea,(770) 766-7941,"225 Scientific Dr NW, Peachtree Corners, GA 30092, USA","Atlanta, GA"
Brown Electrical Services,electrical contractor,http://www.brown-electrical.com/,(404) 423-3931,"1897 Godby Rd, Atlanta, GA 30349, USA","Atlanta, GA"
Cleveland Electric Co,electrical contractor,,(404) 696-4550,"3715 Northside Pkwy NW Bldg 100-800, Atlanta, GA 30327, USA","Atlanta, GA"
West Georgia Electric (Commercial & Industrial Electricians),electrical contractor,https://www.westgaelectric.com/,(770) 832-2902,"108 Parkwood Cir, Carrollton, GA 30117, USA","Atlanta, GA"
Putzel Electrical Contractors,electrical contractor,http://www.putzelelectric.com/,(678) 384-3877,"120 Interstate N Pkwy E SE, Atlanta, GA 30339, USA","Atlanta, GA"
Electrician Contractor Pros,electrical contractor,,(678) 528-4769,"1530 University Dr NE, Atlanta, GA 30306, USA","Atlanta, GA"
Atlanta Electrical Contractors Association,electrical contractor,http://www.atlantaelectrical.org/,(770) 454-6400,"4221 N Peachtree Rd, Atlanta, GA 30341, USA","Atlanta, GA"
Atlanta Smart Systems,electrical contractor,https://atlantasmartsystems.com/,(470) 967-6245,"1389 Peachtree St NE, Atlanta, GA 30309, USA","Atlanta, GA"
C. B. X. ELECTRICAL SERVICES,electrical contractor,https://sites.google.com/view/cbxelectricalservicesllc/quality-electrical-service-is-our-1-goal,(678) 520-3747,"848 Oglethorpe Ave SW Unit 10923, Atlanta, GA 30310, USA","Atlanta, GA"
Performance Electrical Contracting Inc.,electrical contractor,https://www.pecjax.com/,(904) 726-7966,"4211 Hwy Ave, Jacksonville, FL 32254, USA","Atlanta, GA"
"Castle Roofing Atlanta, GA",roofing company,https://www.castleroofing.us/,(470) 601-6422,"1201 Peachtree St NE FL. 3, Atlanta, GA 30361, USA","Atlanta, GA"
Colony Roofers,roofing company,https://www.colonyroofers.com/,(470) 465-9624,"260 Peachtree St NW Ste 2200, Atlanta, GA 30303, USA","Atlanta, GA"
Atlanta Roofing Specialists,roofing company,https://www.atlantaroofingspecialists.com/,(770) 284-6885,"1232 Sandtown Rd SW, Marietta, GA 30008, USA","Atlanta, GA"
Dr Roof Atlanta,roofing company,http://www.drroof.com/,(770) 450-8843,"88 Mansell Ct, Roswell, GA 30076, USA","Atlanta, GA"
Bell Roofing,roofing company,https://www.bellroofingco.com/?utm_source=googleBusinessProfile&utm_medium=Web&utm_campaign=Atlanta,(470) 971-3393,"2531 Briarcliff Rd NE Ste 109, Atlanta, GA 30329, USA","Atlanta, GA"
Accent Roofing Service,roofing company,https://www.accentroofingservice.com/,(770) 277-4869,"885 Buford Dr, Lawrenceville, GA 30043, USA","Atlanta, GA"
Georgia Roofing & Repair,roofing company,https://www.garoofingandrepair.com/,(770) 639-7663,"1201 W Peachtree St NE #2361, Atlanta, GA 30309, USA","Atlanta, GA"
Mosaic Roofing Company LLC,roofing company,https://mosaicroofingcompany.com/?utm_source=google&utm_medium=organic&utm_campaign=gbp_profile,(404) 260-3168,"3379 Peachtree Rd NE #555, Atlanta, GA 30326, USA","Atlanta, GA"
New Image Roofing Atlanta,roofing company,https://www.newimageroofingatlanta.com/,(404) 680-0041,"2020 Howell Mill Rd NW Ste 232, Atlanta, GA 30318, USA","Atlanta, GA"
Mr. Roofer of Atlanta,roofing company,https://www.mrrooferatlanta.com/roofing-company-atlanta/,(770) 637-3874,"3500 Lenox Rd NE, Atlanta, GA 30326, USA","Atlanta, GA"
The Cool Roofing Company Atlanta,roofing company,https://thecoolroofingcompany.com/service-areas/georgia/atlanta/,(888) 216-1766,"328 Boulevard SE, Atlanta, GA 30312, USA","Atlanta, GA"
Bumble Roofing of North Atlanta,roofing company,https://bumbleroofing.com/north-atlanta?utm_source=google&utm_medium=organic&utm_campaign=gbp,(470) 354-3188,"915 W Peachtree St NW Ste 10110, Atlanta, GA 30309, USA","Atlanta, GA"
Findlay Roofing,roofing company,https://www.findlayroofing.com/?utm_source=gbp&utm_medium=organic&utm_campaign=mra-na-gbp-con-all-all-all-reglr-current-reglr-na-na-gpb_listing,(470) 613-7559,"4181 Jvl Industrial Park Dr, Marietta, GA 30066, USA","Atlanta, GA"
Elite Roofing LLC,roofing company,https://www.eliteroofpro.com/stellar-roofing-professionals-atlanta/top-roofer-atlanta,(833) 401-7663,"1000 Parkwood Cir SE Ste 900, Atlanta, GA 30339, USA","Atlanta, GA"
Roofing Done Wright,roofing company,http://www.roofingdonewright.com/,(678) 722-5050,"800 Battery Ave SE Ste 300, Atlanta, GA 30339, USA","Atlanta, GA"
Rosie's Roofing and Restoration,roofing company,https://rosiesroofing.com/?utm_source=google&utm_medium=organic&utm_campaign=gbp,(678) 661-5633,"484 Boulevard SE, Atlanta, GA 30312, USA","Atlanta, GA"
"Whitco Roofing, Inc.",roofing company,http://www.whitcoroofing.com/,(770) 644-0521,"218 Ottley Dr NE, Atlanta, GA 30324, USA","Atlanta, GA"
ImproveIT! of Atlanta,roofing company,https://www.improveitatl.com/?utm_campaign=gmb&y_source=1_mta2ndizmza3ns03mtutbg9jyxrpb24ud2vic2l0zq==,(678) 498-5075,"3525 Piedmont Rd NE Bldg. 7 Ste. 210, Atlanta, GA 30305, USA","Atlanta, GA"
Georgia Roof Advisors,roofing company,http://www.georgiaroofadvisors.com/,(678) 723-9995,"1290 Kennestone Cir Ste A200, Marietta, GA 30066, USA","Atlanta, GA"
Absolute Commercial Roofing,roofing company,https://absoluteroofingservices.com/?utm_source=Google&utm_medium=local&utm_campaign=gmb_optimization,(770) 743-7946,"3379 Peachtree Rd NE #555, Atlanta, GA 30326, USA","Atlanta, GA"
Atlanta Roofing and Remodeling Inc.,roofing company,https://atlantaroofing.com/,(770) 256-3444,"4615 Dickens Terrace NW, Lilburn, GA 30047, USA","Atlanta, GA"
"Roofing Atlanta, Inc",roofing company,http://www.roofingatlantainc.com/,(770) 248-5787,"5222 Bellewood Ct, Buford, GA 30518, USA","Atlanta, GA"
Atlanta Expert Roofing Solutions,roofing company,https://atlantaersroofing.co/,(404) 382-7707,"160 Clairemont Ave 2nd Floor Office 242, Decatur, GA 30030, USA","Atlanta, GA"
"Remove & Replace, LLC",roofing company,http://rnrroofing.us/,(404) 963-7196,"1465 Northside Dr NW Ste 214, Atlanta, GA 30318, USA","Atlanta, GA"
KTM Roofing,roofing company,https://ktmroofing.com/,(678) 388-3046,"5555 Glenridge Con #200, Atlanta, GA 30342, USA","Atlanta, GA"
Regal Roofing,roofing company,http://www.regrs.com/,(888) 734-2510,"235 W Peachtree St NW, Atlanta, GA 30303, USA","Atlanta, GA"
Adamson Roofing Company,roofing company,https://adamsonroofingcompany.com/,(678) 424-1919,"2129 Old Concord Rd, Smyrna, GA 30080, USA","Atlanta, GA"
LB Roofing and Construction,roofing company,https://www.lbroof.com/,(404) 875-6222,"3101 Cobb Pkwy SE Ste 124, Atlanta, GA 30339, USA","Atlanta, GA"
The Piedmont Roofing Co.,roofing company,https://piedmontroof.com/?utm_source=google&utm_medium=organic&utm_campaign=gmb,(404) 620-2345,"3101 Cobb Pkwy SE Ste 124, Atlanta, GA 30339, USA","Atlanta, GA"
"Atlanta Re-Roof Specialists, Inc.",roofing company,https://atlantareroof.com/?utm_source=gmb&utm_medium=organic&utm_campaign=gmb&utm_content=website,(770) 640-0009,"190 W Crossville Rd, Roswell, GA 30075, USA","Atlanta, GA"
Georgia In Home Services,roofing company,https://georgiainhomeservices.com/,(404) 434-2436,"2625 Piedmont Rd NE Ste 56, Atlanta, GA 30324, USA","Atlanta, GA"
Navarro Brothers LLC,roofing company,https://navarroroofers.com/,(470) 665-4111,"825 M.L.K. Jr Dr NW, Atlanta, GA 30314, USA","Atlanta, GA"
Williams Brothers LLC,roofing company,https://williamsroofingllc.site/,(470) 619-3338,"24212 Plantation Dr NE, Atlanta, GA 30324, USA","Atlanta, GA"
Elite Roofing of Georgia,roofing company,http://www.myeliteroofer.com/,(770) 445-1290,"333 Sandy Springs Cir Unit 207, Sandy Springs, GA 30328, USA","Atlanta, GA"
Wright & Sons Roofers LLC,roofing company,https://wrightroofers.online/,(470) 380-0800,"1155 Peachtree St NE, Atlanta, GA 30309, USA","Atlanta, GA"
Mighty Dog Roofing,roofing company,https://www.mightydogroofing.com/central-atlanta-ga/,(678) 783-8581,"4124 Clairmont Rd, Atlanta, GA 30341, USA","Atlanta, GA"
Atlanta Commercial Roofing Company,roofing company,http://atlantacommercialroofingcompany.com/,(404) 955-8681,"3133 Maple Dr NE, Atlanta, GA 30305, USA","Atlanta, GA"
Simmons & Sons Roofing LLC,roofing company,https://simmonsroofing.best/,(470) 400-0408,"1392 S Gordon St SW, Atlanta, GA 30310, USA","Atlanta, GA"
Clark & Sons LLC,roofing company,https://clarkroofers.best/,(470) 400-0990,"55 Ivan Allen Jr Blvd NW, Atlanta, GA 30313, USA","Atlanta, GA"
Garcia & Sons Roof Repair,roofing company,https://garciaroofrepair.site/,(470) 619-3330,"1789 Howell Mill Rd NW, Atlanta, GA 30318, USA","Atlanta, GA"
"ROOFING COMPANY IN Atlanta, GA",roofing company,,(470) 789-9370,"3565 Piedmont Rd NE, Atlanta, GA 30305, USA","Atlanta, GA"
Porter & Sons Roofing LLC,roofing company,https://porterroofing.site/,(470) 400-0059,"1039 Grant St SE, Atlanta, GA 30315, USA","Atlanta, GA"
Florentino & Sons Roofing & Remodeling,roofing company,https://florentinoroofingremodeling.com/,(470) 516-7333,"464 Windsor St SW, Atlanta, GA 30312, USA","Atlanta, GA"
Atlanta City Roofing,roofing company,,(470) 298-7576,"218 Pryor St SW, Atlanta, GA 30303, USA","Atlanta, GA"
Anthem Automotive,auto repair shop,https://www.anthemauto.com/auto-repair-service-shop-atlanta,(404) 793-7503,"2163 Piedmont Rd NE, Atlanta, GA 30324, USA","Atlanta, GA"
Atlanta Car Care,auto repair shop,http://www.atlantacarcareonline.com/,(404) 325-0063,"2816 Buford Hwy NE, Atlanta, GA 30329, USA","Atlanta, GA"
Automotive Service & Repair,auto repair shop,http://asratlanta.com/,(404) 881-9400,"2099 Liddell Dr NE, Atlanta, GA 30324, USA","Atlanta, GA"
European and Domestic Auto Care,auto repair shop,https://europeananddomesticautocare.com/,(404) 228-3512,"1903 Piedmont Cir NE, Atlanta, GA 30324, USA","Atlanta, GA"
Professional Automotive Repair,auto repair shop,https://www.atlautorepair.com/,(404) 875-3900,"2185 Monroe Dr NE, Atlanta, GA 30324, USA","Atlanta, GA"
A & D Automotive Inc.,auto repair shop,http://adautoatl.com/,(404) 844-0144,"1256 Sylvan Rd SW, Atlanta, GA 30310, USA","Atlanta, GA"
Accucare Automotive,auto repair shop,https://accucareautomotive.com/,(404) 761-4111,"2070 Metropolitan Pkwy SW, Atlanta, GA 30315, USA","Atlanta, GA"
J D Auto Services,auto repair shop,,(404) 687-9938,"2450 Memorial Dr SE, Atlanta, GA 30317, USA","Atlanta, GA"
ATL Urban Garage,auto repair shop,https://www.atlurbangarage.com/,(678) 399-3810,"934 Metropolitan Pkwy SW, Atlanta, GA 30310, USA","Atlanta, GA"
Mini Boss Mobile Mechanic,auto repair shop,https://minibossmobilemechanic.com/,(678) 608-0681,"375 Highland Ave NE Unit 502, Atlanta, GA 30312, USA","Atlanta, GA"
Catherine's Auto Repair,auto repair shop,http://www.catherinesautorepair.com/,(404) 875-7212,"1916 Piedmont Cir NE, Atlanta, GA 30324, USA","Atlanta, GA"
K & M Foreign & Domestic Auto Repair,auto repair shop,https://kandmautorepairs.net/,(404) 633-1677,"2195 Briarcliff Rd NE, Atlanta, GA 30329, USA","Atlanta, GA"
Blue Ridge Automotive - European & Domestic,auto repair shop,https://blueridgeauto.co/car-repair-shop-buckhead-ga/,(404) 266-1699,"3190 Roswell Rd NW, Atlanta, GA 30305, USA","Atlanta, GA"
Braxton Automotive Howell Mill - European,auto repair shop,https://mainstreetauto.com/location/braxton-automotive-northside/,(470) 665-5450,"1604 Howell Ml Rd, Atlanta, GA 30318, USA","Atlanta, GA"
Autohaus Social,auto repair shop,https://autohaussocial.com/,(404) 304-4382,"733 Monroe Dr NE, Atlanta, GA 30308, USA","Atlanta, GA"
M&M Muffler Automotive Repair,auto repair shop,,(404) 755-8575,"1134 Sylvan Rd SW, Atlanta, GA 30310, USA","Atlanta, GA"
"Roger Jordan Garage, Inc.",auto repair shop,http://www.rogerjordangarage.net/,(404) 688-2692,"1152 DeKalb Ave NE, Atlanta, GA 30307, USA","Atlanta, GA"
Dad's Auto Repair Shop,auto repair shop,https://www.dadsautorepair.shop/?utm_source=Google&utm_medium=Organic&utm_campaign=gmb,(404) 758-4672,"2270 Cascade Rd, Atlanta, GA 30311, USA","Atlanta, GA"
D.O.G. Automotive,auto repair shop,https://www.dogautomotive.com/,(404) 897-1600,"1184 Spring St NW, Atlanta, GA 30309, USA","Atlanta, GA"
Braxton Automotive on Northside - Asian & Domestic,auto repair shop,https://mainstreetauto.com/location/braxton-automotive-howell-mill/,(678) 929-2017,"1172 Northside Dr NW, Atlanta, GA 30318, USA","Atlanta, GA"
Automotive Professionals and Repair,auto repair shop,https://www.autoproatl.com/,(404) 325-7414,"1186 Dalon Rd NE, Atlanta, GA 30306, USA","Atlanta, GA"
Motor City South,auto repair shop,http://www.motorcitysouth.com/,(404) 525-8116,"1326 Glenwood Ave SE, Atlanta, GA 30316, USA","Atlanta, GA"
BST Automotive Mobile Brakes and More,auto repair shop,http://www.bstbrakes.com/,(470) 979-6634,"1700 Northside Dr NW Ste A7 #3486, Atlanta, GA 30318, USA","Atlanta, GA"
Solo Motorsports – Atlanta | European Auto Repair & Tuning,auto repair shop,https://solomotorsports.net/,(404) 228-8798,"252 Northside Dr SW, Atlanta, GA 30313, USA","Atlanta, GA"
J & J Auto Repair Atlanta,auto repair shop,https://jandjautorepairatl.com/,(404) 941-7318,"3151 Camp Creek Pkwy, East Point, GA 30344, USA","Atlanta, GA"
Metropolitan Auto Care and Towing,auto repair shop,http://metroautocaretowing.com/,(404) 948-2966,"2016 Metropolitan Pkwy SW, Atlanta, GA 30315, USA","Atlanta, GA"
Precision Tune Auto Care,auto repair shop,http://www.precisiontune.com/AtlantaGA_Buckhead,(404) 633-9493,"2306 Cheshire Bridge Rd NE, Atlanta, GA 30324, USA","Atlanta, GA"
Heath's Auto Care Center,auto repair shop,,(404) 755-8557,"610 Whitehall St SW, Atlanta, GA 30303, USA","Atlanta, GA"
Alan auto repair,auto repair shop,,(404) 319-9220,"2784 Metropolitan Pkwy SW, Atlanta, GA 30315, USA","Atlanta, GA"
Community Automotive & Tire-BMW/ROLLS ROYCE.MERCEDES BENZ/MAYBACH/LEXUS/TOYOTA,auto repair shop,,(470) 407-7820,"1824 Murphy Ave SW B, Atlanta, GA 30310, USA","Atlanta, GA"
"EddieTurnerTheCarDoctor,INC",auto repair shop,"https://www.google.com/gasearch?q=eddieturnerthecardoctor,inc&tbm=&source=sh/x/gs/m2/5#mpd=~5346897114290853544/editprofile/info",(770) 728-5741,"955 Desoto St NW Unit 11, Atlanta, GA 30314, USA","Atlanta, GA"
Kelby’s Mobile Servicing,auto repair shop,,(478) 501-0358,"675 Ponce De Leon Ave NE, Atlanta, GA 30308, USA","Atlanta, GA"
EuroFix Mobile Mechanic Atlanta,auto repair shop,https://eurocarmobilemechanicatlanta.com/,(470) 275-2305,"600 W Peachtree St NW Fl 17, Ste 45, Atlanta, GA 30308, USA","Atlanta, GA"
Crescent Auto & Emissions,auto repair shop,,(404) 663-7557,"2132 Moreland Ave SE, Atlanta, GA 30315, USA","Atlanta, GA"
M&P Amoco gas station,auto repair shop,,(404) 875-2408,"2200 Monroe Dr NE, Atlanta, GA 30324, USA","Atlanta, GA"
Village Garage & Custom,auto repair shop,http://vgc.lostek.com/,(404) 228-1120,"1215 Glenwood Ave SE, Atlanta, GA 30316, USA","Atlanta, GA"
Rocco's European Garage - Midtown,auto repair shop,https://roccoseuropeangarage.com/west-midtown/,(470) 355-3557,"627 14th St NW, Atlanta, GA 30318, USA","Atlanta, GA"
Omar’s Mobile Auto Repair,auto repair shop,http://jagas.liveblog365.com/,(540) 255-2888,"2050 Cheshire Bridge Rd NE, Atlanta, GA 30324, USA","Atlanta, GA"
NuBrakes Mobile Brake Repair,auto repair shop,https://nubrakes.com/cities/atlanta-brake-repair/?utm_source=google&utm_medium=GMBlisting&utm_campaign=central-atlanta&utm_content=web-visit,(470) 835-4481,"730 Peachtree St NE #570, Atlanta, GA 30308, USA","Atlanta, GA"
Auto Europe,auto repair shop,,(404) 875-0552,"1923 Piedmont Cir NE, Atlanta, GA 30324, USA","Atlanta, GA"
Car Doc Mobile,auto repair shop,http://www.cardocmobile.com/,(404) 782-9257,"790 Woodrow St SW, Atlanta, GA 30310, USA","Atlanta, GA"
HemiXperts,auto repair shop,https://www.hemixperts.com/,(404) 800-4201,"400 Pryor St SW #4929, Atlanta, GA 30303, USA","Atlanta, GA"
Midtown Mobile Auto Repair,auto repair shop,,(404) 380-8666,"1010 W Peachtree St NW, Atlanta, GA 30309, USA","Atlanta, GA"
AJ's Auto Repair,auto repair shop,https://busifi.org/details/aj-s-auto-repair-ChIJ26s,(404) 755-5222,"1977 Sylvan Rd SW, Atlanta, GA 30310, USA","Atlanta, GA"
Rocco's European Garage - Buckhead,auto repair shop,https://roccoseuropeangarage.com/buckhead/,(404) 728-9090,"2416 Cheshire Bridge Rd NE, Atlanta, GA 30324, USA","Atlanta, GA"
"European Automotive, Inc",auto repair shop,https://atlantaeuropeanautorepair.com/,(404) 872-2490,"754 Paines Ave NW, Atlanta, GA 30318, USA","Atlanta, GA"
Eurofed Automotive,auto repair shop,https://eurofedautomotive.com/midtown/,(404) 792-0764,"1180 West Marietta St NW, Atlanta, GA 30318, USA","Atlanta, GA"
We Come To U-MOBILE MECHANICS ATLANTA,auto repair shop,http://atlantamobileautorepair.com/,(404) 246-4721,"797 Cascade Ave SW, Atlanta, GA 30310, USA","Atlanta, GA"
Midas,auto repair shop,https://www.midas.com/store/ga/atlanta/920-northside-drive-30318/?shopnum=3133&utm_source=google&utm_medium=organic&utm_campaign=gbp,(404) 692-6228,"920 Northside Dr NW, Atlanta, GA 30318, USA","Atlanta, GA"
Gordon's Automotive Service Center,auto repair shop,http://gordonsautoatl.com/,(404) 758-6801,"3096 Campbellton Rd SW, Atlanta, GA 30311, USA","Atlanta, GA"
Pitstop Auto Repair,auto repair shop,,(404) 277-7560,"2767 Metropolitan Pkwy SW, Atlanta, GA 30315, USA","Atlanta, GA"
Juan Auto Repair,auto repair shop,,(770) 441-2272,"14 Steve Dr, Atlanta, GA 30340, USA","Atlanta, GA"
Mr. Mobile Mechanic of Atlanta,auto repair shop,,(404) 991-5610,"1021 W Peachtree St NW, Atlanta, GA 30309, USA","Atlanta, GA"
European Service Center,auto repair shop,https://www.europeanservicecenter.com/atlanta-piedmont-road-service-center/,(404) 554-4300,"3097 Piedmont Rd NE Suite 100, Atlanta, GA 30305, USA","Atlanta, GA"
City Auto Body Shop,auto repair shop,https://cityautobodyinc.com/,(404) 523-3221,"540 Northside Dr NW, Atlanta, GA 30318, USA","Atlanta, GA"
Mann's Auto Repair,auto repair shop,,(404) 516-4647,"2615 Gresham Rd S E, Atlanta, GA 30316, USA","Atlanta, GA"
Almost Auto Service,auto repair shop,https://www.almostautoservice.com/?utm_campaign=gmb,(678) 968-2472,"3544 Clarkston Industrial Blvd, Clarkston, GA 30021, USA","Atlanta, GA"
Kelly's Auto Care,auto repair shop,http://kellysautocareatlanta.com/,(404) 355-2934,"1395 Howell Mill Rd NW, Atlanta, GA 30318, USA","Atlanta, GA"
Eurofed Automotive,auto repair shop,https://eurofedautomotive.com/downtown/,(470) 903-6129,"454 Marietta St NW, Atlanta, GA 30313, USA","Atlanta, GA"
Bavarian Imports,auto repair shop,http://thebavarianimports.com/,(404) 351-2002,"1505 Howell Mill Rd NW, Atlanta, GA 30318, USA","Atlanta, GA"
Atlanta Dental Center,dental office,https://atlantadentalcenter.com/,(404) 600-1446,"620 Peachtree St NE Apt 204, Atlanta, GA 30308, USA","Atlanta, GA"
Dental Care 24/7 Atlanta,dental office,https://www.dentalcare247.com/locations/dental-care-24-7-atlanta,(470) 809-1584,"285 Centennial Olympic Park Dr NW Commercial Unit 2B, Atlanta, GA 30313, USA","Atlanta, GA"
Midtown Dental Center,dental office,https://www.midtowndentalatl.com/,(404) 874-0800,"650 Ponce De Leon Ave NE #600B, Atlanta, GA 30308, USA","Atlanta, GA"
Dentistry for Midtown Atlanta,dental office,https://www.dentistryformidtown.com/?utm_source=GoogleOrganic&utm_medium=GMBwebsite&utm_campaign=GMBWebsiteLink,(470) 795-7537,"1401 Peachtree St NE Ste 100, Atlanta, GA 30309, USA","Atlanta, GA"
Ponce Dental Studio - Atlanta,dental office,https://poncedentalstudio.com/?utm_source=google&utm_medium=organic&utm_campaign=gmb,(404) 476-6589,"892 Ponce De Leon Ave NE Ste 101, Atlanta, GA 30306, USA","Atlanta, GA"
Downtown Atlanta Dentistry,dental office,https://downtownatlantadentistry.com/?utm_source=GMB&utm_medium=organic&utm_campaign=DevOptimization&utm_content=Website,(404) 999-1407,"229 Peachtree Rd NE #206, Atlanta, GA 30303, USA","Atlanta, GA"
Atlanta Dental Spa - Highlands,dental office,https://www.atlantadentalspa.com/,(404) 418-7445,"664 N Highland Ave NE, Atlanta, GA 30306, USA","Atlanta, GA"
Elegant Smiles,dental office,https://dentalatl.com/,(404) 634-4224,"2882 N Druid Hills Rd Ste A, Atlanta, GA 30329, USA","Atlanta, GA"
Atlanta Dental Group PC,dental office,http://www.atlantadentist.com/,(404) 876-8123,"1624 Piedmont Ave NE, Atlanta, GA 30324, USA","Atlanta, GA"
Ansley Midtown Dental,dental office,http://www.ansleymidtowndental.com/,(404) 873-2957,"222 12th St NE #1a, Atlanta, GA 30309, USA","Atlanta, GA"
Modern Dental,dental office,http://www.moderndentalatlanta.com/,(404) 589-0900,"545 Edgewood Ave SE, Atlanta, GA 30312, USA","Atlanta, GA"
Smile Forever Atlanta,dental office,https://www.smileforeveratlanta.com/,(404) 261-8880,"2960 Hardman Ct NE, Atlanta, GA 30305, USA","Atlanta, GA"
Feather Touch Dental Care,dental office,https://www.atlantadentistmidtown.com/,(404) 892-2097,"1175 Peachtree St NE Bldg 100 suite 1204, Atlanta, GA 30361, USA","Atlanta, GA"
Midtown Smile Center,dental office,https://midtownsmilecenter.com/,(678) 904-8750,"999 Peachtree St NE #700, Atlanta, GA 30309, USA","Atlanta, GA"
Moores Mill Dental Atlanta,dental office,https://www.mooresmilldental.com/?utm_source=GMB_Listing&utm_medium=organic&utm_campaign=Website_URL,(404) 800-3940,"1980 Moores Mill Rd NW, Atlanta, GA 30318, USA","Atlanta, GA"
Tend Dental Ponce City Market,dental office,https://www.hellotend.com/site/studios/ponce-city-market?utm_source=gmb&utm_medium=organic&utm_campaign=poncecity+7001&utm_content=web,(470) 201-5582,"650 North Avenue NE Ste S205-B, Atlanta, GA 30308, USA","Atlanta, GA"
Atlanta Dentistry by Design,dental office,https://www.atlantadentistrybydesign.com/,(404) 355-2001,"1800 Peachtree St NW #200, Atlanta, GA 30309, USA","Atlanta, GA"
Executive Park Dentistry,dental office,http://executiveparkdentistry.com/,(404) 633-1853,"17 Executive Park Dr NE #235, Atlanta, GA 30329, USA","Atlanta, GA"
East Atlanta Family Dental,dental office,http://www.eastatlfamilydental.com/,(404) 688-2223,"1390 Memorial Dr SE, Atlanta, GA 30317, USA","Atlanta, GA"
Westside Dental,dental office,https://westsidedentalatl.com/,(404) 446-2022,"929 Lee St SW Suite A240, Atlanta, GA 30310, USA","Atlanta, GA"
Buckhead Dental Center,dental office,https://buckhead-dental.com/,(404) 603-8350,"2282 Peachtree Rd, Atlanta, GA 30309, USA","Atlanta, GA"
Glenwood Dentistry,dental office,https://www.glenwooddentistry.com/?sc_cid=GBP%3AO%3AGP%3A924%3AOrganic_Search%3AGeneral%3Ana&_vsrefdom=organic_gbp&y_source=1_MzI4MzIyOC03MTUtbG9jYXRpb24ud2Vic2l0ZQ%3D%3D,(404) 260-4767,"790 Glenwood Ave SE Ste 210, Atlanta, GA 30316, USA","Atlanta, GA"
Henderson Mill Dental Care,dental office,https://hendersonmilldentalcare.com/,(770) 343-5883,"2847 Henderson Mill Rd, Atlanta, GA 30341, USA","Atlanta, GA"
Sage Dental of Midtown Atlanta,dental office,https://mysagedental.com/midtown-atlanta/?utm_source=Google&utm_medium=Business_Listing,(404) 476-5540,"1080 Peachtree St NE Unit 2, Atlanta, GA 30309, USA","Atlanta, GA"
Gentle Dental Care,dental office,http://www.atlgentledental.com/,(678) 448-4085,"900 Peachtree St NE Suite 100A, Atlanta, GA 30309, USA","Atlanta, GA"
Great Expressions Dental Centers - Midtown,dental office,https://www.greatexpressions.com/dental-offices/dentist-in-atlanta-georgia-tenth-street/,(404) 382-8247,"782 Peachtree St NE, Atlanta, GA 30308, USA","Atlanta, GA"
Buckhead Cosmetic & Family Dentistry,dental office,https://buckheaddentistry.com/,(404) 458-9168,"316 Pharr Rd NE, Atlanta, GA 30305, USA","Atlanta, GA"
Madison Yards Family Dentistry,dental office,https://madisonyardsdentistry.com/contact-dentist,(404) 836-4595,"955 Memorial Dr SE Ste 534, Atlanta, GA 30316, USA","Atlanta, GA"
Dentistry At Camp Creek,dental office,http://dentistryatcampcreek.com/,(404) 629-9290,"3515 Camp Creek Pkwy #100, Atlanta, GA 30344, USA","Atlanta, GA"
Atlanta Dental Spa - Buckhead,dental office,http://www.atlantadentalspa.com/?utm_source=GMBlisting&utm_medium=organic,(404) 816-2230,"3235 Roswell Rd NE UNIT 400, Atlanta, GA 30305, USA","Atlanta, GA"
Downtown Dental Center,dental office,http://www.downtowndentalcenter.com/,(404) 577-0868,"75 Marietta St #100, Atlanta, GA 30303, USA","Atlanta, GA"
Atlanta Smiles & Wellness,dental office,https://www.atlantasmiles.com/?y_source=1_MjQ2MTUyNDctNzE1LWxvY2F0aW9uLndlYnNpdGU%3D,(404) 262-7733,"4405 Northside Pkwy NW Unit 110, Atlanta, GA 30327, USA","Atlanta, GA"
Tend Dental Midtown Atlanta,dental office,https://www.hellotend.com/site/studios/midtown-atlanta?utm_source=gmb&utm_medium=organic&utm_campaign=midtownatl+7003&utm_content=web,(470) 228-6778,"1197 Peachtree St NE Apt 110, Atlanta, GA 30361, USA","Atlanta, GA"
Comfort Dental Atlanta,dental office,https://comfortdentalatlanta.com/?utm_source=google&utm_medium=organic&utm_campaign=gbp,(404) 389-0700,"587 Virginia Ave NE Ground Floor Suite 5, Atlanta, GA 30306, USA","Atlanta, GA"
Grant Park Dental Group,dental office,https://grantpark-dental.com/grant-park-dental-group?y_source=1_MTQwNDUyMDgtNzE1LWxvY2F0aW9uLndlYnNpdGU%3D,(404) 624-1230,"465 Boulevard SE #207A, Atlanta, GA 30312, USA","Atlanta, GA"
Smiles 4 Grant Park,dental office,http://www.smiles4grantpark.com/,(404) 328-7177,"301 Memorial Dr SE CU-A, Atlanta, GA 30312, USA","Atlanta, GA"
Atlanta Dental Wellness,dental office,http://www.atldentalwellness.com/,(404) 233-1102,"3525 Piedmont Rd NE Building 5, Suite 408, Atlanta, GA 30305, USA","Atlanta, GA"
Arts District Dental,dental office,http://artsdistrictdentalga.com/?utm_source=gbp&utm_medium=organic&utm_campaign=yext_listing,(404) 348-0852,"1355 Peachtree St NE Ste 1225, Atlanta, GA 30309, USA","Atlanta, GA"
The Ben Massell Dental Clinic,dental office,https://www.benmasselldentalclinic.org/,(404) 881-1858,"700 14th St NW, Atlanta, GA 30318, USA","Atlanta, GA"
Edgewood Smiles Dentistry,dental office,https://www.edgewoodsmilesdentistry.com/?sc_cid=GBP%3AO%3AGP%3A889%3AOrganic_Search%3AGeneral%3Ana&_vsrefdom=organic_gbp&y_source=1_MTMyODcyOTctNzE1LWxvY2F0aW9uLndlYnNpdGU%3D,(404) 329-0411,"144 Moreland Ave NE Ste A, Atlanta, GA 30307, USA","Atlanta, GA"
19th Street Dental,dental office,https://www.19thstreetdental.com/?utm_campaign=gmb,(404) 567-8900,"232 19th St NW #7200, Atlanta, GA 30363, USA","Atlanta, GA"
Tech Dentistry,dental office,https://techdentistry.com/contact-us?y_source=1_MTE1OTM1OTUtNzE1LWxvY2F0aW9uLndlYnNpdGU%3D,(404) 733-2022,"740 Ferst Dr NW Suite 207, Atlanta, GA 30332, USA","Atlanta, GA"
MINT dentistry | Midtown Atlanta,dental office,http://midtown.mintdentistry.com/?utm_source=google&utm_medium=localsearch&utm_campaign=gmb,(678) 884-1772,"1010 W Peachtree St NW C-2, Atlanta, GA 30309, USA","Atlanta, GA"
Auburn Dental Care,dental office,,(404) 681-3834,"210 Auburn Ave NE #1, Atlanta, GA 30303, USA","Atlanta, GA"
Ponce Dental Group,dental office,https://www.poncedentalgroup.com/?sc_cid=GBP%3AO%3AGP%3A933%3AOrganic_Search%3AGeneral%3Ana&_vsrefdom=organic_gbp&y_source=1_MTI2MDE5MTgtNzE1LWxvY2F0aW9uLndlYnNpdGU%3D,(678) 221-4954,"699 Ponce De Leon Ave NE Ste 1, Atlanta, GA 30308, USA","Atlanta, GA"
Fabulous Smiles of Atlanta,dental office,https://www.myfabuloussmile.com/,(404) 758-0770,"648 Evans St SW, Atlanta, GA 30310, USA","Atlanta, GA"
Dental Excellence of Atlanta,dental office,https://www.dentalexcellenceofatlanta.com/,(404) 753-4753,"2265 Cascade Rd Ste A, Atlanta, GA 30311, USA","Atlanta, GA"
Brightworks Dentistry - Downtown,dental office,https://www.brightworksdentistry.com/downtown-atlanta/,(404) 525-2741,"303 Peachtree St NE Ste LL-150, Atlanta, GA 30308, USA","Atlanta, GA"
Perimeter Dental Midtown,dental office,https://perimeterdentalga.com/midtown/,(770) 525-7712,"77 12th St NE, Atlanta, GA 30309, USA","Atlanta, GA"
Atlanta Dental Studio,dental office,https://www.atldentalstudio.com/,(678) 486-1501,"3438 Clairmont Rd, Brookhaven, GA 30319, USA","Atlanta, GA"
Baumrind Family Dentistry,dental office,http://drbaumrind.com/,(404) 659-4222,"100 Peachtree St #1820, Atlanta, GA 30303, USA","Atlanta, GA"
Atlanta West Dentistry,dental office,http://www.atlantawestdentistry.com/,(770) 762-4354,"1808 Powder Springs Rd SW, Marietta, GA 30064, USA","Atlanta, GA"
Midtown Dental: Esthetic Restorative Implant Dentistry,dental office,http://www.smilemidtown.com/,(678) 679-9590,"999 Peachtree St NE #715, Atlanta, GA 30309, USA","Atlanta, GA"
Collier Hills Dental,dental office,https://collierhillsdental.com/?y_source=1_MTAxODkwNDc2NC03MTUtbG9jYXRpb24ud2Vic2l0ZQ%3D%3D,(404) 355-4952,"857 Collier Rd NW #14, Atlanta, GA 30318, USA","Atlanta, GA"
Camp Creek Dental,dental office,http://campcreekdental.com/,(404) 344-2323,"3886 Princeton Lakes Way #220, Atlanta, GA 30331, USA","Atlanta, GA"
Peachtree Smile Center,dental office,https://smile-center.net/,(404) 605-0359,"1819 Peachtree Rd Unit 220, Atlanta, GA 30309, USA","Atlanta, GA"
West Georgia Dental,dental office,,(404) 344-8778,"3030 Headland Dr #300, Atlanta, GA 30311, USA","Atlanta, GA"
Inman Park Dentistry,dental office,http://www.inmanparkdentistry.com/,(404) 589-7799,"245 N Highland Ave NE #260, Atlanta, GA 30307, USA","Atlanta, GA"
Dentistry In Motion LLC,dental office,https://www.dentistryinmotionllc.com/,(888) 500-1530,"572 Hank Aaron Dr SE Ste 1110, Atlanta, GA 30312, USA","Atlanta, GA"
Artistic Dentistry of Atlanta,dental office,https://www.artisticdentistryofatlanta.com/,(404) 325-2905,"2296 Henderson Mill Rd Ste 108, Atlanta, GA 30345, USA","Atlanta, GA"
East Atlanta Animal Clinic,veterinary clinic,http://eastatlantaanimalclinic.com/,(404) 523-8765,"1231 Glenwood Ave SE # B, Atlanta, GA 30316, USA","Atlanta, GA"
Ansley Animal Clinic,veterinary clinic,https://www.ansleyanimalclinic.com/?utm_source=gmb&utm_medium=organic,(404) 873-1786,"593 Dutch Valley Rd NE, Atlanta, GA 30324, USA","Atlanta, GA"
Peachtree Hills Animal Hospital,veterinary clinic,https://peachtreehillsvet.com/,(404) 812-9880,"3106 Early St NW, Atlanta, GA 30305, USA","Atlanta, GA"
Intown Animal Hospital Midtown,veterinary clinic,https://www.intownanimalhospital.com/,(470) 819-5790,"931 Monroe Dr NE #113c, Atlanta, GA 30308, USA","Atlanta, GA"
Inman Park Animal Hospital,veterinary clinic,https://inmanparkanimalhospital.com/?utm_source=gmb&utm_medium=organic,(404) 584-8761,"926 DeKalb Ave NE, Atlanta, GA 30307, USA","Atlanta, GA"
Treehouse Animal Clinic,veterinary clinic,https://treehouseanimalclinic.com/,(404) 355-7387,"2000 Moores Mill Rd NW, Atlanta, GA 30318, USA","Atlanta, GA"
Intown Animal Hospital,veterinary clinic,https://www.intownanimalhospital.com/,(404) 891-2382,"1402 N Highland Ave NE #3, Atlanta, GA 30306, USA","Atlanta, GA"
Paces Ferry Veterinary Clinic,veterinary clinic,https://pacesvet.com/?utm_source=gmb&utm_medium=organic,(770) 436-9822,"9 Mountain St, Atlanta, GA 30339, USA","Atlanta, GA"
Pharr Road Animal Hospital,veterinary clinic,https://prahvet.com/?utm_source=gmb&utm_medium=organic,(404) 237-4601,"553 Pharr Rd NE, Atlanta, GA 30305, USA","Atlanta, GA"
The Village Vets Virginia Highlands,veterinary clinic,https://thevillagevets.com/virginia-highland?utm_source=gmb&utm_medium=organic,(770) 659-5082,"750 Ponce De Leon Pl NE #2, Atlanta, GA 30306, USA","Atlanta, GA"
VCA Midtown Animal Hospital,veterinary clinic,https://vcahospitals.com/midtown?utm_source=maps&utm_medium=organic&utm_campaign=AU_782,(404) 875-7387,"1510 Piedmont Ave NE, Atlanta, GA 30324, USA","Atlanta, GA"
Petwell Veterinary Healthcare,veterinary clinic,https://petwellatl.com/,(470) 300-0131,"1456 Northside Dr NW B, Atlanta, GA 30318, USA","Atlanta, GA"
Peachtree Creek Animal Hospital,veterinary clinic,https://peachtreecreekah.com/,(404) 467-8779,"1085 Lindbergh Drive NE Ste 100, Atlanta, GA 30324, USA","Atlanta, GA"
Soft Paws Animal Clinic and Urgent Care,veterinary clinic,https://softpawsac.com/,(678) 277-4999,"1874 Piedmont Ave NE B-201, Atlanta, GA 30324, USA","Atlanta, GA"
Veterinary Center of Buckhead,veterinary clinic,http://www.vetcenterofbuckhead.com/,(404) 841-9679,"3615 Piedmont Rd NE, Atlanta, GA 30305, USA","Atlanta, GA"
CityVet | Midtown Veterinary Clinic & Urgent Care,veterinary clinic,https://www.cityvet.com/location/midtown/?utm_source=Yext&utm_medium=organic&utm_campaign=midtown,(470) 361-2043,"1230 W Peachtree St NW #100, Atlanta, GA 30309, USA","Atlanta, GA"
Bark and Blossom Vet Studio,veterinary clinic,https://www.bbvetstudio.com/,(770) 430-7787,"670 DeKalb Ave NE Ste 104, Atlanta, GA 30312, USA","Atlanta, GA"
VCA Buckhead Animal Hospital,veterinary clinic,https://vcahospitals.com/buckhead?utm_source=maps&utm_medium=organic&utm_campaign=AU_885,(404) 873-3771,"1911 Piedmont Cir NE, Atlanta, GA 30324, USA","Atlanta, GA"
Saint Francis Veterinary Specialists and Emergency,veterinary clinic,https://www.thrivepetcare.com/locations/georgia/decatur/saint-francis-veterinary-specialists-emergency/?utm_source=gmb&utm_medium=web,(404) 924-2000,"625 Dekalb Industrial Way #500, Decatur, GA 30033, USA","Atlanta, GA"
West End Animal Wellness Center,veterinary clinic,https://www.thewestendvet.com/,(404) 588-5001,"1195 Ralph David Abernathy Blvd SW, Atlanta, GA 30310, USA","Atlanta, GA"
Wieuca Animal Clinic,veterinary clinic,https://wieucaanimalclinic.com/?utm_source=GMBlisting&utm_medium=organic&utm_campaign=gmb,(404) 905-2532,"4589 Roswell Rd, Atlanta, GA 30342, USA","Atlanta, GA"
Collier Animal Hospital,veterinary clinic,http://collierah.com/,(404) 477-0200,"1669 Defoor Ave NW, Atlanta, GA 30318, USA","Atlanta, GA"
Eastwood Veterinary Clinic,veterinary clinic,https://www.eastwoodvetclinic.com/,(404) 480-4383,"2380 Hosea L Williams Dr NE #1, Atlanta, GA 30317, USA","Atlanta, GA"
Veterinary Specialists of Greater Atlanta,veterinary clinic,https://vsgavets.com/,(770) 268-3838,"11545 Wills Rd Ste 120, Alpharetta, GA 30009, USA","Atlanta, GA"
The Village Vets Westside,veterinary clinic,https://thevillagevets.com/westside?utm_source=gmb&utm_medium=organic,(770) 575-8883,"1940 Moores Mill Rd NW, Atlanta, GA 30318, USA","Atlanta, GA"
Greater Atlanta Veterinary Medical Group,veterinary clinic,https://gavmg.com/?utm_source=gmb&utm_medium=organic,(770) 424-6303,"1093 Sandy Plains Rd, Marietta, GA 30066, USA","Atlanta, GA"
Southwest Veterinary Clinic,veterinary clinic,https://swatlantavet.com/,(404) 349-9576,"2369 Campbellton Rd SW, Atlanta, GA 30311, USA","Atlanta, GA"
VCA Briarcliff Animal Hospital,veterinary clinic,https://vcahospitals.com/briarcliff-atlanta?utm_source=maps&utm_medium=organic&utm_campaign=AU_4037,(404) 874-6393,"1850 Johnson Rd NE, Atlanta, GA 30306, USA","Atlanta, GA"
Remedy,veterinary clinic,https://www.remedyvet.com/,(404) 875-6420,"1843 Memorial Dr SE, Atlanta, GA 30317, USA","Atlanta, GA"
GoodVets West Buckhead,veterinary clinic,https://goodvets.com/locations/atlanta/west-buckhead,(404) 931-3003,"2275 Marietta Blvd NW Ste 330, Atlanta, GA 30318, USA","Atlanta, GA"
BuckHaven Veterinary Clinic,veterinary clinic,https://buckhavenvet.com/,(404) 841-3647,"4226 Peachtree Rd NE, Atlanta, GA 30319, USA","Atlanta, GA"
Common Companion Vet Co.,veterinary clinic,https://www.ccvetco.com/?utm_source=gbp&utm_medium=organic&utm_campaign=local&utm_content=default&utm_term=Empty&clinic_id=ga-30316-commoncompanionvet&utm_region=south&source_platform=Empty,(770) 741-1581,"240 N Highland Ave NE Ste B, Atlanta, GA 30307, USA","Atlanta, GA"
Greenbriar Animal Hospital,veterinary clinic,http://www.greenbriarvet.com/,(404) 344-8079,"3600 Campbellton Rd SW, Atlanta, GA 30331, USA","Atlanta, GA"
BluePearl Pet Hospital,veterinary clinic,https://bluepearlvet.com/hospital/sandy-springs-ga/?utm_source=maps&utm_medium=google&utm_campaign=gbp,(404) 459-0903,"455 Abernathy Rd NE, Atlanta, GA 30328, USA","Atlanta, GA"
Animal Fur1st Medical Center,veterinary clinic,https://www.animalfur1st.com/,(404) 627-7879,"468 Boulevard SE, Atlanta, GA 30312, USA","Atlanta, GA"
GoodVets Toco Hills,veterinary clinic,https://goodvets.com/locations/atlanta/toco-hills,(404) 301-1150,"2943 N Druid Hills Rd Ste B, Atlanta, GA 30329, USA","Atlanta, GA"
GoodVets West Midtown,veterinary clinic,https://goodvets.com/locations/atlanta/west-midtown,(404) 779-6788,"1042 Northside Dr NW Ste M200, Atlanta, GA 30318, USA","Atlanta, GA"
Brookhaven Animal Hospital,veterinary clinic,https://brookhavenanimalhospital.com/?utm_source=google&utm_medium=organic&utm_campaign=google_business_profile,(404) 237-0316,"205 Town Blvd #210A, Atlanta, GA 30319, USA","Atlanta, GA"
The Village Vets Decatur-Ponce,veterinary clinic,https://thevillagevets.com/decatur-ponce?utm_source=gmb&utm_medium=organic,(404) 371-0111,"245 W Ponce de Leon Ave Ste D, Decatur, GA 30030, USA","Atlanta, GA"
Common Companion Vet Co.,veterinary clinic,https://www.ccvetco.com/?utm_source=gbp&utm_medium=organic&utm_campaign=local&utm_content=default&utm_term=Empty&clinic_id=ga-30316-commoncompanionvet&utm_region=south&source_platform=Empty,(770) 999-0305,"907 Memorial Dr SE, Atlanta, GA 30316, USA","Atlanta, GA"
Ormewood Animal Hospital,veterinary clinic,http://www.ormewoodanimal.com/,(404) 963-5885,"749 Moreland Ave SE C-104, Atlanta, GA 30316, USA","Atlanta, GA"
VEG ER for Pets,veterinary clinic,https://www.veg.com/locations/georgia/brookhaven?utm_source=organic_google&utm_medium=gbp_link&utm_campaign=locations_page&utm_content=brookhaven,(404) 806-0130,"3964 Peachtree Rd NE, Brookhaven, GA 30319, USA","Atlanta, GA"
Atlanta Animal Hospital,veterinary clinic,http://www.atlantaanimalhospital.com/,(678) 807-7824,"785 Peachtree Pkwy, Cumming, GA 30041, USA","Atlanta, GA"
Ansley Animal Clinic: Squires Tad DVM,veterinary clinic,https://ansleyanimalclinic.com/,(404) 873-1786,"593 Dutch Valley Rd NE, Atlanta, GA 30324, USA","Atlanta, GA"
The Village Vets Avondale Estates,veterinary clinic,https://thevillagevets.com/avondale-estates?utm_source=gmb&utm_medium=organic,(404) 924-8690,"2740 E College Ave Unit A BLDG 1000B, Decatur, GA 30030, USA","Atlanta, GA"
Chewy Vet Care Midtown,veterinary clinic,https://www.chewy.com/vet-care/vet-near-me/ga/atlanta/811-peachtree-st-ne-suite-1a?utm_source=business_listing&utm_medium=organic&utm_campaign=rio,(404) 476-4836,"811 Peachtree St NE Ste 1a, Atlanta, GA 30308, USA","Atlanta, GA"
Alpharetta Veterinary Specialty & Emergency,veterinary clinic,https://www.alpharettavets.com/?y_source=1_MTAyOTIwOTY5Ny03MTUtbG9jYXRpb24ud2Vic2l0ZQ%3D%3D,(770) 209-5355,"3100 Royal Blvd S, Alpharetta, GA 30022, USA","Atlanta, GA"
North Brookhaven Veterinary Hospital,veterinary clinic,https://northbrookhavenvet.com/,(770) 455-1011,"3575 Durden Dr NE #202, Brookhaven, GA 30319, USA","Atlanta, GA"
Vernon Woods Animal Hospital,veterinary clinic,https://vernonwoodsanimalhospital.com/?utm_source=google&utm_medium=organic&utm_campaign=google_business_profile,(404) 252-1641,"270 Vernon Woods Dr NE, Atlanta, GA 30328, USA","Atlanta, GA"
Banfield Pet Hospital,veterinary clinic,https://www.banfield.com/locations/veterinarians/ga/atlanta/ala?utm_source=yext&utm_medium=yext&utm_campaign=yext&cid=yext_local,(404) 892-7277,"650 Ponce De Leon Ave NE, Atlanta, GA 30308, USA","Atlanta, GA"
Vetco Total Care,veterinary clinic,https://stores.petco.com/ga/atlanta/vet-hospital-atlanta-ga-2718.html?utm_source=google&utm_campaign=locallist_2718_vtc,(404) 253-1504,"1267 Caroline St NE, Atlanta, GA 30307, USA","Atlanta, GA"
The Veterinary Eye Team,veterinary clinic,http://www.theveteyeteam.com/,(470) 754-0108,"519 Memorial Dr SE Suite A07, Atlanta, GA 30312, USA","Atlanta, GA"
MedVet Atlanta,veterinary clinic,https://www.medvet.com/location/atlanta/,(404) 900-6912,"1700 Century Cir NE, Atlanta, GA 30345, USA","Atlanta, GA"
Georgia Veterinary Specialists,veterinary clinic,https://bluepearlvet.com/hospital/sandy-springs-ga/,(404) 459-0903,"455 Abernathy Rd NE, Sandy Springs, GA 30328, USA","Atlanta, GA"
UpLift Veterinary Rehabilitation,veterinary clinic,https://upliftvet.com/,(404) 594-6184,"1683 Defoor Cir NW, Atlanta, GA 30318, USA","Atlanta, GA"
Westside Animal Emergency Clinic,veterinary clinic,https://westsideemergency.com/,(470) 412-7297,"875 Thornton Rd, Lithia Springs, GA 30122, USA","Atlanta, GA"
Banfield Pet Hospital,veterinary clinic,https://www.banfield.com/locations/veterinarians/ga/atlanta/cag?utm_source=yext&utm_medium=yext&utm_campaign=yext&cid=yext_local,(404) 351-1919,"1801 Howell Mill Rd NW Ste 300, Atlanta, GA 30318, USA","Atlanta, GA"
"Treehouse Animal Clinic-Carol Lipinski,DVM",veterinary clinic,http://www.treehouseanimalclinic.com/,(404) 355-7387,"2000 Moores Mill Rd NW, Atlanta, GA 30318, USA","Atlanta, GA"
"Heartstrings Pet Hospice, In-Home Euthanasia & Cremation- Atlanta",veterinary clinic,https://heartstringspethospice.com/,(678) 941-2273,"400 W Peachtree St NW, Atlanta, GA 30308, USA","Atlanta, GA"
Midway Animal Hospital,veterinary clinic,https://midwayvets.com/,(770) 744-4715,"6785 Atlanta Hwy, Alpharetta, GA 30004, USA","Atlanta, GA"
Atlanta Home Health Care,home health agency,,(678) 404-2442,"3455 Peachtree Rd NE Ste 591, Atlanta, GA 30326, USA","Atlanta, GA"
Quality Care InHome Care Services,home health agency,https://www.qualitycareinhome.com/gapp,(678) 545-4860,"3343 Peachtree Rd NE, Atlanta, GA 30326, USA","Atlanta, GA"
Health Force of Georgia,home health agency,https://healthforcega.com/?utm_source=Google+My+Business,(770) 458-8500,"3301 Buckeye Rd #103, Atlanta, GA 30341, USA","Atlanta, GA"
World Of Love Home Care,home health agency,https://www.worldoflovehomecare.com/,(800) 532-2320,"300 Peachtree St NE, Atlanta, GA 30308, USA","Atlanta, GA"
Koi Home Care Agency,home health agency,http://koihealthservices.com/,(470) 203-6152,"1201 W Peachtree St NW Ste 2676, Atlanta, GA 30309, USA","Atlanta, GA"
Medside Healthcare,home health agency,http://www.medside.com/,(404) 633-7433,"1120 Hope Rd, Sandy Springs, GA 30350, USA","Atlanta, GA"
Primecare Home Care Services,home health agency,https://primecarehomecare.com/,(478) 345-0523,"50 Hurt Plaza SE Ste 1650, Atlanta, GA 30303, USA","Atlanta, GA"
Advantage Private Home Care,home health agency,http://www.advantageprivatehomecare.com/,(404) 312-6423,"5881 Glenridge Dr #180, Atlanta, GA 30328, USA","Atlanta, GA"
Home Healthcare of Atlanta,home health agency,,(470) 258-9982,"1244 Beaver Ruin Rd Ste 104 B, Norcross, GA 30093, USA","Atlanta, GA"
Passion to Care Home Care,home health agency,http://www.passiontocarehc.com/,(678) 967-8600,"400 Perimeter Center Terrace #300, Atlanta, GA 30346, USA","Atlanta, GA"
Right at Home,home health agency,https://www.rightathome.net/atlanta/?utm_source=google&utm_medium=local&utm_campaign=localmaps&utm_content=1026,(404) 522-0029,"448 Ralph David Abernathy Blvd SW #2, Atlanta, GA 30312, USA","Atlanta, GA"
Georgia Home Health,home health agency,https://lhcgroup.com/locations/georgia-home-health-of-columbus?utm_source=GMB&utm_campaign=Google_Local_Listing&utm_medium=referral&utm_content=Georgia_Home_Health_GA,(770) 688-1000,"2000 Riveredge Pkwy #925, Atlanta, GA 30328, USA","Atlanta, GA"
FirstLight Home Care of Metro Atlanta,home health agency,https://www.firstlighthomecare.com/home-healthcare-metro-atlanta/?utm_source=google&utm_medium=organic&utm_campaign=gbp-chamblee&utm_id=local&utm_content=chamblee,(404) 260-4385,"2342 Perimeter Park Dr Suite 202, Chamblee, GA 30341, USA","Atlanta, GA"
TheKey - Senior Home Care,home health agency,https://thekey.com/atlanta?utm_source=gmb&utm_medium=Yext,(404) 998-5228,"4600 Roswell Rd NE Ste E-230, Atlanta, GA 30342, USA","Atlanta, GA"
Home Care Promise | GAPP Pediatric Home Health Care,home health agency,https://www.homecarepromise.com/,(404) 912-8088,"3343 Peachtree Rd NE Ste 145, Atlanta, GA 30326, USA","Atlanta, GA"
Visiting Nurse Private Home Care,home health agency,https://www.visitingnursephc.com/,(404) 658-5800,"2480 Kingsglen Ct, Atlanta, GA 30360, USA","Atlanta, GA"
Just Peachy Home Care,home health agency,https://justpeachyhomecare.com/contact/,(404) 905-5335,"550 Fairburn Rd SW, Atlanta, GA 30331, USA","Atlanta, GA"
Integrity Homecare And Nursing Service Agency,home health agency,https://integrityhomecareandnursing.com/gapp-free-consultation/,(678) 907-3454,"4047 Holcomb Bridge Rd Ste 205, Peachtree Corners, GA 30092, USA","Atlanta, GA"
homeRN Buckhead Vinings,home health agency,https://www.homerncare.com/locations/buckhead-vinings,(404) 900-8732,"275 Interstate N Cir SE Ste 200, Atlanta, GA 30339, USA","Atlanta, GA"
Atlanta House Healthcare Services,home health agency,https://atlantahousecares.com/%20and%20atlantahousecares.org,(404) 492-8358,"270 17th St NW, Atlanta, GA 30363, USA","Atlanta, GA"
Personal Home Care of Atlanta,home health agency,https://www.personalhomecareatlanta.com/,(470) 495-2829,"1640 Powers Ferry Rd, Marietta, GA 30067, USA","Atlanta, GA"
"Global Private Home Care Solutions , LLC",home health agency,https://www.globalprivatehomecare.com/,(943) 204-6414,"400 Galleria Pkwy SE Ste 1500, Atlanta, GA 30339, USA","Atlanta, GA"
All Angel Care . In-Home Care Agency,home health agency,https://allangelcare.com/,(770) 809-3777,"2398 Lenora Church Rd Ste 102, Snellville, GA 30078, USA","Atlanta, GA"
The Care Girl Agency,home health agency,http://www.thecaregirl.com/,(404) 220-9027,"120 W Trinity Pl 4th Floor, Decatur, GA 30030, USA","Atlanta, GA"
Homewatch CareGivers of East Atlanta,home health agency,https://www.homewatchcaregivers.com/east-atlanta/?utm_source=gbp&utm_medium=organic&utm_campaign=east-atlanta,(404) 982-4189,"120 W Trinity Pl 4th Floor, Decatur, GA 30030, USA","Atlanta, GA"
"Atlanta Home Care, Inc.",home health agency,https://atlhomecare.com/,(770) 579-9235,"2265 Roswell Rd Ste 201, Marietta, GA 30062, USA","Atlanta, GA"
Custom Living Care Free In-Home nursing care,home health agency,http://www.customlivingcare.com/?utm_campaign=gmb,(470) 798-2124,"2310 Marietta Blvd NW Unit C-1, Atlanta, GA 30318, USA","Atlanta, GA"
Better Outcomes Home Care,home health agency,http://betteroutcomeshomecare.com/,(404) 719-4126,"400 Galleria Pkwy SE Ste 1500, Atlanta, GA 30339, USA","Atlanta, GA"
Comforting Ark Home Care Agency,home health agency,https://www.comfortingark.com/,(770) 526-0564,"530 East Paces Ferry Rd NE, Atlanta, GA 30305, USA","Atlanta, GA"
"Central Home Health Care, an Amedisys Company",home health agency,https://locations.amedisys.com/ga/atlanta/home-health-3306/?utm_source=google&utm_medium=organic&utm_campaign=locallisting,(770) 953-8570,"2000 Riveredge Pkwy #650, Atlanta, GA 30328, USA","Atlanta, GA"
Nurtura Healthcare,home health agency,https://nurturahc.com/,(404) 827-8087,"Colony Square, Atlanta, GA 30361, USA","Atlanta, GA"
CareCo - The Caregiving Company,home health agency,https://thecaregivingcompany.com/senior-homcare-service-areas/?utm_source=google&utm_medium=organic&utm_campaign=gbpwebsite&utm_content=Atlanta,(470) 942-2273,"110 N Park Dr, Fayetteville, GA 30214, USA","Atlanta, GA"
Your Choice Caregivers,home health agency,http://yourchoicecaregivers.com/,(404) 479-1008,"3280 Peachtree Rd NE Ste 700, Atlanta, GA 30305, USA","Atlanta, GA"
WellNest Home Healthcare services,home health agency,https://wellnesthhc.org/,(866) 566-5114,"1870 The Exchange SE #200, Atlanta, GA 30339, USA","Atlanta, GA"
Faith Medical Services,home health agency,http://www.faithagencyinc.com/,(770) 907-7226,"1590 Phoenix Blvd #260, Atlanta, GA 30349, USA","Atlanta, GA"
Family Care Healthcare,home health agency,https://familycarehealthcare.com/,(404) 990-9228,"4257 Palm Springs Dr, East Point, GA 30344, USA","Atlanta, GA"
Axess Health Solutions,home health agency,http://axesshs.com/,(404) 548-2238,"730 Peachtree St NE, Atlanta, GA 30308, USA","Atlanta, GA"
Extended Hands of Georgia,home health agency,http://www.extendedhandsofga.com/,(404) 316-1558,"Camp Creek Pkwy, Atlanta, GA 30331, USA","Atlanta, GA"
Interim HealthCare of Atlanta,home health agency,https://www.interimhealthcare.com/location/atlanta-ga,(404) 843-2708,"400 Interstate N Pkwy #1250, Atlanta, GA 30339, USA","Atlanta, GA"
First Choice Homecare Agency,home health agency,http://www.fchomecare.com/,(404) 333-8960,"303 Perimeter Center N #300, Atlanta, GA 30346, USA","Atlanta, GA"
4 Seasons Home Care,home health agency,https://4seasonscare.com/locations/marietta/?utm_campaign=gmb&utm_medium=organic&utm_source=google+business+profile&utm_term=Marietta,(678) 324-4813,"2060 Franklin Way SE Ste 140, Marietta, GA 30067, USA","Atlanta, GA"
AN EXTRA HAND HOME CARE LLC.,home health agency,http://anextrahandhomecarellc.com/,(404) 245-0497,"2221 Peachtree Rd Ste d 375, Atlanta, GA 30309, USA","Atlanta, GA"
Classic City Home Care,home health agency,http://www.classiccityhomecare.com/,(706) 600-2489,"5555 Glenridge Con #200, Atlanta, GA 30342, USA","Atlanta, GA"
A Home For Care Inc,home health agency,https://ahomeforcare.org/?utm_source=omg-gbp&utm_medium=webclick,(470) 655-1984,"4045 Bradford Walk Trl Suite 100 #44, Atlanta, GA 30519, USA","Atlanta, GA"
Loyal Care LLC,home health agency,https://www.loyalcare.net/,(678) 509-2887,"South Building, 10 Glenlake Pkwy NE Ste 130, Sandy Springs, GA 30328, USA","Atlanta, GA"
"Hallmark Homecare Northeast Atlanta, GA - Decatur",home health agency,https://hallmarkhomecare.com/hhc-113/,(470) 600-0700,"2897 N Druid Hills Rd Ste 311, Atlanta, GA 30329, USA","Atlanta, GA"
Revive Private Care,home health agency,https://www.reviveprivatecare.com/,(770) 823-4348,"800 Battery Ave SE, Atlanta, GA 30339, USA","Atlanta, GA"
Divine Angels Home Care LLC,home health agency,https://www.divineangelsga.com/,(404) 578-8179,"3689 Union Ave #201, Hapeville, GA 30354, USA","Atlanta, GA"
Omega Home Care Services,home health agency,http://omegaoperation.com/,(770) 415-1244,"2295 Parklake Dr NE Ste 574, Atlanta, GA 30345, USA","Atlanta, GA"
Visiting Angels Senior Home Care,home health agency,https://www.visitingangels.com/atlantaeast/home?utm_source=gmb&utm_medium=organic&utm_campaign=local,(404) 358-5877,"309 East Paces Ferry Rd NE Ste 400, Atlanta, GA 30305, USA","Atlanta, GA"
enTouch Home Care Services of Atlanta,home health agency,http://www.entouchhomecare.com/,(678) 915-2283,"3343 Peachtree Rd NE Ste 145, Atlanta, GA 30326, USA","Atlanta, GA"
"Home Matters Caregiving, North Atlanta",home health agency,https://homematters.com/north-atlanta,(844) 666-8773,"5825 Glenridge Dr Bldg 3 suite 101, Atlanta, GA 30328, USA","Atlanta, GA"
"Staff Builders Home Health Care, an Amedisys Company",home health agency,https://locations.amedisys.com/ga/college-park/home-health-8316/?utm_source=google&utm_medium=organic&utm_campaign=locallisting,(404) 684-1932,"2314 Sullivan Rd Suite 120, College Park, GA 30337, USA","Atlanta, GA"
Medi-Cure Home Care,home health agency,https://www.mchhc.com/,(770) 755-1394,"2505 Chamblee Tucker Rd Suite 210, Atlanta, GA 30341, USA","Atlanta, GA"
Wescastle Healthcare,home health agency,https://wescastlehealthcare.com/,(470) 737-0171,"1372 Peachtree St NE, Atlanta, GA 30309, USA","Atlanta, GA"
"Central Home Health Care, an Amedisys Company",home health agency,https://locations.amedisys.com/ga/douglasville/home-health-3303/?utm_source=google&utm_medium=organic&utm_campaign=locallisting,(770) 942-1609,"3009 Chapel Hill Rd c, Douglasville, GA 30135, USA","Atlanta, GA"
Love All Care Management,home health agency,http://loveallcare.org/,(770) 731-8484,"260 Peachtree St NW #2200, Atlanta, GA 30303, USA","Atlanta, GA"
Atlanta Landscape Co.LLC,landscaping company,https://atlantalandscape.com/,(678) 200-4251,"1450 Druid Valley Dr NE, Atlanta, GA 30329, USA","Atlanta, GA"
Serene Green Landscape Co.,landscaping company,http://serenegreenlandscapes.com/,(404) 916-3637,"2528 Lewfield Cir SE, Atlanta, GA 30316, USA","Atlanta, GA"
Wilson Bros. Landscape,landscaping company,https://www.wilsonbroslandscape.com/,(678) 809-6377,"741 Piedmont Ave NE #700, Atlanta, GA 30308, USA","Atlanta, GA"
Outdoor Makeover and Living Spaces,landscaping company,https://outdoormakeover.net/,(470) 518-0445,"2852 Piedmont Rd NE, Atlanta, GA 30305, USA","Atlanta, GA"
Infantry Landscaping,landscaping company,https://infantrylandscaping.com/,(678) 539-8007,"3355 Lenox Rd NE, Atlanta, GA 30326, USA","Atlanta, GA"
Reliable Landscaping Atlanta,landscaping company,http://reliablelandscapingatlanta.com/,(844) 990-4204,"741 Piedmont Ave NE Ste G, Atlanta, GA 30308, USA","Atlanta, GA"
Affordable Landscaping Services LLC,landscaping company,http://www.affordablelandscapingservices.com/,(404) 634-5100,"1155 Lavista Rd NE #1023, Atlanta, GA 30324, USA","Atlanta, GA"
Grantlanta Lawn,landscaping company,http://grantlantalawn.com/,(678) 773-1617,"444 Kelly St SE, Atlanta, GA 30312, USA","Atlanta, GA"
Beyond The Curb Landscaping,landscaping company,http://www.beyondthecurb.com/,(404) 944-6696,"2895 Buford Hwy NE, Atlanta, GA 30329, USA","Atlanta, GA"
Gibbs Landscape Company,landscaping company,http://www.gibbslandscape.com/,(770) 432-7761,"4055 Atlanta Rd SE, Smyrna, GA 30080, USA","Atlanta, GA"
Atlanta Landscape Design & Architect Co,landscaping company,,(770) 464-5332,"235 Peachtree St, Atlanta, GA 30303, USA","Atlanta, GA"
Peachtree Landscape,landscaping company,http://www.peachtreelandscapega.com/,(404) 431-1950,"4515 Chamblee Dunwoody Rd Ste 200, Dunwoody, GA 30338, USA","Atlanta, GA"
"Atlanta Lawn Care Services, Inc",landscaping company,https://www.atllawncareservices.com/,(404) 869-6396,"1201 W Peachtree St NW #2309, Atlanta, GA 30309, USA","Atlanta, GA"
Weaver Landscape,landscaping company,http://www.weaverlandscape.com/,(404) 682-1926,"4751 Best Rd, Atlanta, GA 30337, USA","Atlanta, GA"
Yogardener,landscaping company,https://yogardener.com/,(404) 623-2287,"1226 Zonolite Rd NE, Atlanta, GA 30306, USA","Atlanta, GA"
Verified Outdoor Services,landscaping company,https://verifiedoutdoorservices.com/?utm_source=google&utm_medium=organic&utm_campaign=google_business_profile_website,(404) 618-0515,"3380 Rockhaven Cir NE, Atlanta, GA 30324, USA","Atlanta, GA"
LawnStarter,landscaping company,https://www.lawnstarter.com/atlanta-ga-lawn-care?utm_source=google&utm_medium=GLocal&utm_campaign=AtlantaLocal,(404) 998-4354,"400 Colony Square NE Suite 200, Atlanta, GA 30361, USA","Atlanta, GA"
Blount's Lawn Care Solutions LLC,landscaping company,https://blountslawncaresolutions.com/,(770) 289-9819,"351 2nd Ave NE, Atlanta, GA 30317, USA","Atlanta, GA"
Arnold Masonry and Landscape,landscaping company,https://www.arnoldmasonryandlandscape.com/,(770) 345-2686,"6065 Roswell Rd, Atlanta, GA 30328, USA","Atlanta, GA"
Howkins Landscape and Design,landscaping company,http://howkinslandscapeanddesign.com/,(404) 791-4251,"2077B Liddell Dr NE, Atlanta, GA 30324, USA","Atlanta, GA"
New Beginning Landscape & Remodel LLC,landscaping company,https://newbeginninglandscape.com/,(770) 774-1461,"100 Hartsfield Center Pkwy #500, Atlanta, GA 30354, USA","Atlanta, GA"
Lawn Capital,landscaping company,https://www.lawncapital.com/?utm_source=google&utm_medium=seo&utm_campaign=gbp-listing,(404) 798-8871,"1242 Clairmont Rd, Decatur, GA 30030, USA","Atlanta, GA"
Caspian Horticulture Group,landscaping company,https://caspianhorticulturegroup.com/,(678) 499-0830,"1281 Lynwyn Ln SE, Atlanta, GA 30316, USA","Atlanta, GA"
Outdoors Solutions Landscaping Plus,landscaping company,,,"4090 Cornell See Blvd, Atlanta, GA 30331, USA","Atlanta, GA"
Community Foodscapes,landscaping company,https://www.communityfoodscapes.org/,(470) 600-2636,"848 Oglethorpe Ave SW Ste 115512, Atlanta, GA 30310, USA","Atlanta, GA"
Canny Cut,landscaping company,https://cannycutlandscaping.com/,(470) 531-4212,"2091 Brewer Blvd SW, Atlanta, GA 30310, USA","Atlanta, GA"
White Oak Landscape Company,landscaping company,https://whiteoaklandscape.com/,(770) 427-0524,"251 Dickson Rd, Marietta, GA 30066, USA","Atlanta, GA"
"Planters, Inc.",landscaping company,http://www.plantersgarden.com/,(404) 261-6002,"185 Ottley Dr NE, Atlanta, GA 30324, USA","Atlanta, GA"
Atlanta Landscape Group,landscaping company,http://www.alg.llc/,(770) 962-2921,"4281 S Lee St, Buford, GA 30518, USA","Atlanta, GA"
Bloom'n Gardens Landscape LLC,landscaping company,http://www.bloomngardens.com/,(404) 738-5452,"6174 Oakdale Rd SE, Mableton, GA 30126, USA","Atlanta, GA"
Atlanta Lawn Specialist,landscaping company,https://www.atlantalawnspecialist.com/home,(470) 208-1229,"400 17th St NW, Atlanta, GA 30363, USA","Atlanta, GA"
CORE Landscape,landscaping company,http://www.coreatlanta.com/,(770) 951-5500,"1500 Marietta Rd NW Ste 1, Atlanta, GA 30318, USA","Atlanta, GA"
Glazer Design and Construction,general contractor,http://www.glazerconstruction.com/,(404) 683-9848,"4167 Roswell Rd NE, Atlanta, GA 30342, USA","Atlanta, GA"
Affordable Remodeling,general contractor,https://www.affordableremodelingatl.com/?utm_source=google&utm_medium=organic&utm_campaign=google_business_profile,(404) 531-9292,"1266 W Paces Ferry Rd NW Ste 221, Atlanta, GA 30327, USA","Atlanta, GA"
CRM Construction & Renovation,general contractor,https://www.crm-construction.com/,(470) 418-6437,"5825 Glenridge Dr Bldg 101 suit 113, Atlanta, GA 30328, USA","Atlanta, GA"
"Blue Juniper Construction, LLC",general contractor,https://www.bluejuniperconstruction.com/,(404) 594-4469,"1579 Monroe Dr NE, Atlanta, GA 30324, USA","Atlanta, GA"
1st Choice Custom Homes and Remodel ATL,general contractor,http://www.1stchoiceremodelatl.com/,(678) 640-2272,"4062 Peachtree Rd NE Ste A619, Brookhaven, GA 30319, USA","Atlanta, GA"
Stryant Construction and Management Inc.,general contractor,http://www.stryantconstruction.com/,(404) 698-3533,"27 Doyle St SE 2nd Floor, Atlanta, GA 30317, USA","Atlanta, GA"
Benning Construction Company,general contractor,https://www.benningcc.com/,(404) 792-1911,"4695 S Atlanta Rd SE, Atlanta, GA 30339, USA","Atlanta, GA"
Atlanta Contractor - Home Remodeling | Georgia Tiles&Remodeling,general contractor,https://georgiatiles.com/,(470) 469-4436,"426 Sancho Dr NW, Lawrenceville, GA 30044, USA","Atlanta, GA"
Wise Construction Group,general contractor,http://wiseconstructiongroup.net/,(678) 832-5194,"3024 M.L.K. Jr Dr SW Suite B, Atlanta, GA 30311, USA","Atlanta, GA"
Dakota Contractors,general contractor,http://www.dakotacon.com/,(404) 872-1449,"1100 Spring St NW #650, Atlanta, GA 30309, USA","Atlanta, GA"
Innovative Design + Build,general contractor,https://innovateatlanta.com/?utm_source=gbp,(404) 400-2406,"3040 Amwiler Rd Suite B, Atlanta, GA 30360, USA","Atlanta, GA"
Productive Quality Construction,general contractor,http://www.productivequalityconstruction.com/,(770) 217-7560,"3355 Lenox Rd NE #750, Atlanta, GA 30326, USA","Atlanta, GA"
Redemption General Contractors LLC,general contractor,https://redemptiongeneralcontractors.com/,(770) 762-1642,"577 New Hope Rd, Lawrenceville, GA 30046, USA","Atlanta, GA"
The Remodel Group ATL,general contractor,http://theremodelgroupatl.com/,(470) 249-0881,"730 Peachtree St NE #570, Atlanta, GA 30308, USA","Atlanta, GA"
Mark Allan Contracting,general contractor,http://macont.com/?utm_campaign=gmb,(470) 771-7784,"3420 Oakcliff Rd #103, Atlanta, GA 30340, USA","Atlanta, GA"
"SG Contracting, Inc.",general contractor,http://sgcontractinginc.com/,(404) 591-6700,"1776 Peachtree St NW #700N, Atlanta, GA 30309, USA","Atlanta, GA"
"ECO General Contractors GA, Inc.",general contractor,https://georgia.ecogeneralcontractors.com/locations/atlanta-ga/,(404) 689-4113,"235 Peachtree Rd NE #400, Atlanta, GA 30303, USA","Atlanta, GA"
"South Atlanta Construction, LLC",general contractor,http://southatlconstruction.com/,(770) 957-3200,"230 Hampton St, McDonough, GA 30253, USA","Atlanta, GA"
Intown Craftsmen,general contractor,https://www.intowncraftsmen.com/,,"2323 Cheshire Bridge Rd NE, Atlanta, GA 30324, USA","Atlanta, GA"
ATLANTA GENERAL CONTRACTING,general contractor,https://agcturnkey.com/contact-us/,(770) 393-1010,"3800 Mansell Rd Ste 200, Alpharetta, GA 30022, USA","Atlanta, GA"
Vertex Contractors of Georgia,general contractor,https://www.vertexroofers.com/,(214) 206-5123,"800 Battery Ave SE, Atlanta, GA 30339, USA","Atlanta, GA"
JE Dunn Construction,general contractor,http://www.jedunn.com/,(770) 551-8883,"2555 Cumberland Pkwy SE, Atlanta, GA 30339, USA","Atlanta, GA"
Gay Construction Company,general contractor,https://www.gayconstruction.com/,(404) 873-4941,"2907 Log Cabin Dr SE, Atlanta, GA 30339, USA","Atlanta, GA"
ARC – Atlanta Remodeling & Construction,general contractor,http://www.atlantarc.net/,(678) 505-8140,"1440 Dutch Valley Pl NE Ste 140, Atlanta, GA 30324, USA","Atlanta, GA"
"Pioneer General Contracting, LLC",general contractor,http://build-pioneer.com/,,"1720 Peachtree St NE Unit 336, Atlanta, GA 30309, USA","Atlanta, GA"
Green Heart Enterprises - General Contractor,general contractor,https://www.greenheartenterprises.net/,(404) 669-0250,"1401 Willingham Dr, East Point, GA 30344, USA","Atlanta, GA"
Platinum Remodeling & Stucco,general contractor,http://www.platinumremodelingandstucco.com/,(770) 687-8583,"3355 Lenox Rd NE #750, Atlanta, GA 30326, USA","Atlanta, GA"
Turner Construction Company,general contractor,http://www.turnerconstruction.com/,(404) 504-3700,"3495 Piedmont Rd NE Bldg 11, Suite 700, Atlanta, GA 30305, USA","Atlanta, GA"
Mike Hammersmith General Contractor,general contractor,http://hammersmithatlanta.com/folios/renovation/dellwood.road.php,(404) 351-5227,"2005 Marietta Rd NW, Atlanta, GA 30318, USA","Atlanta, GA"
Colossal Construction Company LLC,general contractor,https://www.colossalconstruction.com/,(404) 828-0214,"590 Means St NW #200, Atlanta, GA 30318, USA","Atlanta, GA"
Small Carpenters At Large,general contractor,https://scalhome.com/,(404) 688-7665,"1830 DeKalb Ave NE, Atlanta, GA 30307, USA","Atlanta, GA"
JYM Contracting Services Inc,general contractor,,(404) 692-0726,"3338 Peachtree Rd NE #2104, Atlanta, GA 30326, USA","Atlanta, GA"
"Atlanta Builders & Remodeling, Inc.",general contractor,http://atlantabuildersandremodeling.com/,(770) 389-0994,"109 Pine Grove Rd, Locust Grove, GA 30248, USA","Atlanta, GA"
Tailor Made Enterprises of Georgia LLC,general contractor,https://www.tailormadegeorgia.com/,(770) 634-1003,"147 Morallion Hills, Peachtree City, GA 30269, USA","Atlanta, GA"
Alfa Construction Georgia,general contractor,http://alfaconstructionga.com/,(404) 786-5603,"3355 Lenox Rd NE Ste 1000, Atlanta, GA 30326, USA","Atlanta, GA"
Striker Contracting - Commercial Interior Construction,general contractor,http://www.strikercontracting.com/,(770) 884-8110,"2859 Paces Ferry Rd SE #1750, Atlanta, GA 30339, USA","Atlanta, GA"
Manhattan Construction,general contractor,,,"2 Capitol Pl SW, Atlanta, GA 30334, USA","Atlanta, GA"
"Atlanta Construction Enterprises, Inc.",general contractor,http://www.atlantaconstructionga.com/,(770) 795-0072,"121 Courtland Cir, Powder Springs, GA 30127, USA","Atlanta, GA"
HammerSmith,general contractor,http://www.hammersmith.net/,(404) 377-1021,"807 Church St, Decatur, GA 30030, USA","Atlanta, GA"
Cooper Tacia General Contracting Company,general contractor,https://coopertacia.com/,(470) 344-0262,"50 Hurt Plaza SE #750, Atlanta, GA 30303, USA","Atlanta, GA"
Harni's A-Z Construction,general contractor,,(678) 231-4562,"Muse's Bldg, Peachtree St, Atlanta, GA 30303, USA","Atlanta, GA"
RACO General Contractors Inc,general contractor,http://www.racogc.com/,(404) 873-3567,"1401 Dalon Rd NE, Atlanta, GA 30306, USA","Atlanta, GA"
CTC Construction LLC,general contractor,https://www.ctcconstruct.com/,(404) 343-2061,"127 Richardson St SE, Atlanta, GA 30312, USA","Atlanta, GA"
C J Construction,general contractor,,(678) 596-9353,"Atlanta, GA 30303, USA","Atlanta, GA"
S. J. Harris & Company Inc.,general contractor,http://www.sjharrisandcompany.com/,(770) 852-8961,"141 Mangum St SW #201-B, Atlanta, GA 30313, USA","Atlanta, GA"
Georgia Basement Remodeling & Renovation,general contractor,https://gabasementremodeling.com/,(678) 667-7105,"250 Piedmont Ave NE, Atlanta, GA 30308, USA","Atlanta, GA"
Mr. Handy ATL,general contractor,,(404) 953-9286,"100 Centennial Olympic Park Dr NW, Atlanta, GA 30303, USA","Atlanta, GA"
Thomas Contractors,general contractor,,(404) 593-5942,"Atlanta, GA 30344, USA","Atlanta, GA"
Hill Manufacturing Co Inc,manufacturing company,http://www.hillmfg.com/,(404) 522-8364,"1500 Jonesboro Rd SE, Atlanta, GA 30315, USA","Atlanta, GA"
DBS Manufacturing Inc,manufacturing company,http://www.dbsmfg.com/,(404) 768-2131,"45 Southwoods Pkwy, Atlanta, GA 30354, USA","Atlanta, GA"
East West Manufacturing,manufacturing company,http://www.ewmfg.com/?utm_campaign=gmb,(404) 882-5887,"4170 Ashford Dunwoody Rd, Atlanta, GA 30319, USA","Atlanta, GA"
Diaz Wholesale & Manufacturing Co Inc,manufacturing company,http://www.diazfoods.com/,(404) 344-5421,"5501 Fulton Industrial Blvd SW, Atlanta, GA 30336, USA","Atlanta, GA"
Georgia Manufacturing Alliance,manufacturing company,http://www.georgiamanufacturingalliance.com/,(770) 338-0051,"930 New Hope Rd #11-102, Lawrenceville, GA 30045, USA","Atlanta, GA"
A&H Manufacturing,manufacturing company,https://www.hamanufacturing.com/,(404) 484-5186,"4360 Commerce Cir SW, Atlanta, GA 30336, USA","Atlanta, GA"
Atlanta Engineering and Manufacturing,manufacturing company,http://atlantaem.com/,(404) 695-5625,"541 Milam Ave SW, Atlanta, GA 30315, USA","Atlanta, GA"
Piedmont National Corporation,manufacturing company,http://piedmontnational.com/,(404) 351-6130,"1561 Southland Cir NW, Atlanta, GA 30318, USA","Atlanta, GA"
Ellison Manufacturing Co,manufacturing company,https://www.ellison-manufacturing.com/,(770) 452-8068,"2344 John Glenn Dr, Chamblee, GA 30341, USA","Atlanta, GA"
Zep Manufacturing Co,manufacturing company,http://www.zep.com/,(404) 352-1680,"4401 Northside Pkwy NW #700, Atlanta, GA 30327, USA","Atlanta, GA"
Pratt Industries,manufacturing company,https://www.prattindustries.com/locations-and-contacts,(404) 696-9692,"3000 Dr Luke Glenn Garrett, Jr. Memorial Hwy, Austell, GA 30106, USA","Atlanta, GA"
D&D Manufacturing Company Inc.,manufacturing company,https://www.ddmfgco.com/,(770) 345-5546,"140 N Industrial Way, Canton, GA 30115, USA","Atlanta, GA"
Neenah Foundry Company,manufacturing company,http://www.neenahfoundry.com/,(800) 696-6986,"1105 Bolton Rd NW, Atlanta, GA 30331, USA","Atlanta, GA"
Ssc Industries,manufacturing company,http://www.sscchem.com/,(404) 559-6000,"1550 E Taylor Ave, Atlanta, GA 30344, USA","Atlanta, GA"
Alps Manufacturing,manufacturing company,https://alpsmfg.com/,(678) 916-4300,"6100 Wheaton Dr, Atlanta, GA 30336, USA","Atlanta, GA"
Mauser Packaging Solutions - Atlanta,manufacturing company,https://www.mauserpackaging.com/About-us/Pages/Locations,(844) 888-4227,"3710 Atlanta Industrial Pkwy NW #100, Atlanta, GA 30331, USA","Atlanta, GA"
Avco Industries,manufacturing company,https://www.avcoboxes.com/,(770) 740-0362,"1035 Research Center Dr SW, Atlanta, GA 30331, USA","Atlanta, GA"
Berridge Manufacturing Distribution Center,manufacturing company,https://www.berridge.com/?utm_source=google&utm_medium=organic&utm_campaign=gbp,(770) 941-5141,"319 Lee Industrial Blvd, Austell, GA 30168, USA","Atlanta, GA"
Southern Polymer - Headquarters,manufacturing company,http://www.southernpolymer.com/,(770) 916-0607,"6190 Powers Ferry Rd NW #290, Atlanta, GA 30339, USA","Atlanta, GA"
Ratio Product Lab,manufacturing company,http://www.ratio.com/,(678) 772-7136,"1243 Virginia Ave NE, Atlanta, GA 30306, USA","Atlanta, GA"
International Paper Co,manufacturing company,https://www.internationalpaper.com/,,"1645 International Park Dr SE, Atlanta, GA 30316, USA","Atlanta, GA"
SIC Technologies,manufacturing company,https://www.sictechnologies.com/,(800) 394-9770,"1450 Marietta Blvd NW #4144, Atlanta, GA 30318, USA","Atlanta, GA"
Packaging Atlanta Corporation,manufacturing company,http://www.pkgatl.com/,(770) 345-7144,"291 N Industrial Way, Canton, GA 30115, USA","Atlanta, GA"
"Vantage Industries LLC, Kittrich corp.",manufacturing company,,(404) 691-9500,"5070 Phillip Lee Dr SW, Atlanta, GA 30336, USA","Atlanta, GA"
"Murata Electronics North America, Inc.",manufacturing company,https://www.murata.com/en-us?excid=mea_oth_yext_2023-11-01_xxx,(770) 436-1300,"3330 Cumberland Blvd SE Suite 700, Atlanta, GA 30339, USA","Atlanta, GA"
Graham Packaging Co,manufacturing company,https://www.grahampackaging.com/,(404) 699-2766,"3495 Donald Lee Hollowell Pkwy NW #100, Atlanta, GA 30331, USA","Atlanta, GA"
Plastech Corporation,manufacturing company,http://www.plastech.com/,(404) 355-9682,"2080 General Truman St NW, Atlanta, GA 30318, USA","Atlanta, GA"
US Pharmaceutical Corporation,manufacturing company,http://www.uspco.com/,(770) 987-4745,"2443 Park Central Blvd, Decatur, GA 30035, USA","Atlanta, GA"
S.S.S. Company,manufacturing company,https://ssscompany.com/,(404) 521-0857,"71 University Ave SW, Atlanta, GA 30315, USA","Atlanta, GA"
Atlanta General Machine Works,manufacturing company,https://atlgeneralmachineworks.com/,(404) 226-6619,"1430 Central Ave, Atlanta, GA 30344, USA","Atlanta, GA"
Heritage Plastics,manufacturing company,https://www.heritage-plastics.com/en/aboutus.htm,(601) 798-8663,"1135 Chattahoochee Ave NW, Atlanta, GA 30318, USA","Atlanta, GA"
Everlasting Foods,manufacturing company,http://everlastingfoodsllc.com/,,"Atlanta, GA 30334, USA","Atlanta, GA"
GC Ingredients Inc,manufacturing company,http://www.gcingredients.com/,(678) 974-0600,"3401 Atlanta Industrial Pkwy NW, Atlanta, GA 30331, USA","Atlanta, GA"
Atlantic Manufacturing Company Llc,manufacturing company,,,"4340 Pompey Dr SW, Atlanta, GA 30331, USA","Atlanta, GA"
The Tru-Nut Company,manufacturing company,http://www.tru-nutbutter.com/,(678) 597-8706,"741 Monroe Dr NE, Atlanta, GA 30308, USA","Atlanta, GA"
CKS Packaging,manufacturing company,http://www.ckspackaging.com/,(404) 691-8900,"445 Great SW Pkwy SW, Atlanta, GA 30336, USA","Atlanta, GA"
Clorox Co,manufacturing company,https://www.thecloroxcompany.com/,(510) 271-7000,"3201 Centre Pkwy, Atlanta, GA 30344, USA","Atlanta, GA"
Atlanta Marble Manufacturing Inc,manufacturing company,https://www.constructionresourcesusa.com/atlanta-marble-manufacturing/,(404) 378-3132,"246 Rio Cir, Decatur, GA 30030, USA","Atlanta, GA"
Cks packaging Fisk work,manufacturing company,https://www.ckspackaging.com/,(404) 344-5477,"300 Fisk Dr SW, Atlanta, GA 30336, USA","Atlanta, GA"
DHR & Company,manufacturing company,,(404) 577-8229,"230 Ted Turner Dr NW, Atlanta, GA 30303, USA","Atlanta, GA"
Georgia Aerospace Systems Manufacturing,manufacturing company,,(678) 908-1478,"225 Peachtree St, Atlanta, GA 30303, USA","Atlanta, GA"
Graham Packaging Co,manufacturing company,https://www.grahampackaging.com/,(404) 349-0097,"1650 Westgate Pkwy SW # A, Atlanta, GA 30336, USA","Atlanta, GA"
"Atlanta Plastic Injection Molding, LLC",manufacturing company,https://www.atlantaplasticmolding.com/,(678) 240-2730,"4401 Bankers Cir, Atlanta, GA 30360, USA","Atlanta, GA"
Varian Medical Systems,manufacturing company,https://www.varian.com/,(678) 255-3813,"3290 Northside Pkwy NW, Atlanta, GA 30327, USA","Atlanta, GA"
American Mattress Manufacturing,manufacturing company,http://americanmattressmfg.com/,(404) 753-2089,"1910 Murphy Ave SW Bldg. E, Atlanta, GA 30310, USA","Atlanta, GA"
Altium Packaging,manufacturing company,https://altiumpkg.com/,(678) 742-4788,"2500 Windy Ridge Pkwy SE Ste 1400, Atlanta, GA 30339, USA","Atlanta, GA"
"Oxford Industries, Inc.",manufacturing company,http://www.oxfordinc.com/,(404) 659-2424,"999 Peachtree St NE #1225, Atlanta, GA 30309, USA","Atlanta, GA"
La Chiquita Tortilla,manufacturing company,http://www.lachiquitatortilla.com/,(404) 351-9822,"3451 Atlanta Industrial Pkwy NW, Atlanta, GA 30331, USA","Atlanta, GA"
ACE Chemical | Atlantic Chemical & Equipment Company,manufacturing company,https://acechempro.com/,(404) 505-6626,"3471 Atlanta Industrial Pkwy NW, Atlanta, GA 30331, USA","Atlanta, GA"
Great American Cookies Manufacturing Office,manufacturing company,,(404) 696-1700,"4685 Frederick Dr SW, Atlanta, GA 30336, USA","Atlanta, GA"
3M,manufacturing company,http://www.3m.com/,(800) 553-9215,"5000 Highlands Pkwy SE #300, Smyrna, GA 30082, USA","Atlanta, GA"
Altium Packaging,manufacturing company,https://altiumpkg.com/,(404) 344-4290,"6220 Duquesne Dr SW, Atlanta, GA 30336, USA","Atlanta, GA"
Peach State Plastics Inc.,manufacturing company,,(404) 691-1721,"4345 Commerce Dr SW Ste A, Atlanta, GA 30336, USA","Atlanta, GA"
Packaging Corporation of America,manufacturing company,https://www.packagingcorp.com/location/atlanta-full-line-plant/,(404) 344-2737,"6300 Boat Rock Blvd SW E, Atlanta, GA 30336, USA","Atlanta, GA"
"Watkins Associated Industries, Inc.",manufacturing company,http://www.watkins.com/,(404) 872-8359,"3715 Northside Pkwy NW Ste 3-500, Atlanta, GA 30327, USA","Atlanta, GA"
Packaging Corporation of America,manufacturing company,https://www.packagingcorp.com/,(404) 753-9784,"3200 Lakewood Ave SW, Atlanta, GA 30344, USA","Atlanta, GA"
Barnett Products,manufacturing company,http://barnetthomedecor.com/,(478) 745-1664,"240 Peachtree St, Atlanta, GA 30303, USA","Atlanta, GA"
CKS Packaging,manufacturing company,http://www.ckspackaging.com/,(404) 691-8915,"5515 Tulane Dr SW, Atlanta, GA 30336, USA","Atlanta, GA"
The LGG Corp,manufacturing company,https://thelggcorp.com/,(470) 777-9697,"2275 Marietta Blvd NW Ste 386, Atlanta, GA 30318, USA","Atlanta, GA"
"Battle Packaging, LLC",manufacturing company,http://battlepkg.com/,(404) 574-6207,"1720 Peachtree St NE Unit 333, Atlanta, GA 30309, USA","Atlanta, GA"
Atlanta Sport & Spine Physical Therapy,physical therapy clinic,http://www.atlantasportandspine.com/,(404) 419-7760,"857 Collier Rd NW #1, Atlanta, GA 30318, USA","Atlanta, GA"
Atlanta PT,physical therapy clinic,http://www.atlantapt.com/,(770) 989-1405,"1995 N Park Pl SE Ste 519, Atlanta, GA 30339, USA","Atlanta, GA"
Physio - Atlanta - Midtown,physical therapy clinic,https://www.physiopt.com/contact/find-a-location/ga/atlanta/atlanta-midtown/?ty=xt,(404) 874-3467,"855 Peachtree St NE Suite 1B, Atlanta, GA 30308, USA","Atlanta, GA"
Georgia Sports Physical Therapy,physical therapy clinic,http://www.georgiasportsphysicaltherapy.com/,(404) 381-8697,"754 Peachtree St NE #105, Atlanta, GA 30308, USA","Atlanta, GA"
PT Solutions of Morningside,physical therapy clinic,https://ptsolutions.com/find-a-clinic/ga/atlanta/atlanta-morningside/?utm_source=gmb&utm_medium=organic&utm_campaign=atlanta-morningside,(404) 532-1059,"549 Amsterdam Ave NE Suite 2, Atlanta, GA 30306, USA","Atlanta, GA"
PT Solutions of West Atlanta,physical therapy clinic,https://ptsolutions.com/find-a-clinic/ga/atlanta/atlanta-westside/?utm_source=gmb&utm_medium=organic&utm_campaign=atlanta-westside,(678) 459-3743,"999 Brady Ave NW Suite 11, Atlanta, GA 30318, USA","Atlanta, GA"
Precision Performance & Physical Therapy (Runners Clinic),physical therapy clinic,http://www.precisionpt.org/,(404) 343-3314,"1145 Zonolite Rd NE #10, Atlanta, GA 30306, USA","Atlanta, GA"
Druid Hills Physical Therapy,physical therapy clinic,https://www.druidhillspt.com/?utm_campaign=gmb,(470) 427-3840,"2800 N Druid Hills Rd, Atlanta, GA 30329, USA","Atlanta, GA"
Atlanta Rehabilitation & Performance Center,physical therapy clinic,http://atlantarehab.com/,(404) 294-7211,"2801 N Decatur Rd Ste 230, Decatur, GA 30033, USA","Atlanta, GA"
Motion Stability Physical Therapy,physical therapy clinic,http://www.motionstability.com/,(404) 382-8702,"3280 Peachtree Rd NE #110B, Atlanta, GA 30305, USA","Atlanta, GA"
Physio - Atlanta Buckhead,physical therapy clinic,https://www.physiopt.com/contact/find-a-location/ga/atlanta/atlanta-buckhead/?ty=xt,(404) 733-1936,"1720 Peachtree St NE Suite 422 North, Atlanta, GA 30309, USA","Atlanta, GA"
Empower Rehab & Wellness,physical therapy clinic,https://www.atlantaempower.com/,(404) 597-7308,"1708 Peachtree St NE Unit 109, Atlanta, GA 30309, USA","Atlanta, GA"
PT Solutions of Buckhead,physical therapy clinic,https://ptsolutions.com/find-a-clinic/ga/atlanta/atlanta-buckhead/?utm_source=gmb&utm_medium=organic&utm_campaign=atlanta-buckhead,(404) 263-0676,"2955 Peachtree Rd NW Suite A1, Atlanta, GA 30305, USA","Atlanta, GA"
BenchMark Physical Therapy,physical therapy clinic,https://www.benchmarkpt.com/locations/atlanta-midtown/?utm_source=google&utm_medium=organic&utm_campaign=gmb,(404) 254-3319,"800 Peachtree St NE E2, Atlanta, GA 30308, USA","Atlanta, GA"
Advance Rehabilitation,physical therapy clinic,https://advancerehab.com/location/midtown/,(404) 367-2095,"60 11th St NE Ste 4, Atlanta, GA 30309, USA","Atlanta, GA"
Atlanta Rehabilitation & Performance Center,physical therapy clinic,http://atlantarehab.com/,(770) 982-0102,"2400 Wisteria Dr SW, Snellville, GA 30078, USA","Atlanta, GA"
FYZICAL Therapy & Balance Centers - Chastain Park,physical therapy clinic,https://www.fyzical.com/chastain-ga/?utm_source=GooglePlaces&utm_medium=GoogleMaps&utm_campaign=Fyzical_Chastain_Park&utm_id=GMB,(404) 464-8300,"4920 Roswell Rd NE Suite 36 (second floor, Atlanta, GA 30342, USA","Atlanta, GA"
PT Solutions of Emory Point,physical therapy clinic,https://ptsolutions.com/find-a-clinic/ga/atlanta/atlanta-emory-point/?utm_source=gmb&utm_medium=organic&utm_campaign=atlanta-emory-point,(678) 553-9466,"855 Emory Point Dr Ste C-130, Atlanta, GA 30329, USA","Atlanta, GA"
One on One PT,physical therapy clinic,https://onetherapy.com/,(770) 500-3848,"3300 Northeast Expy Bldg 8, Chamblee, GA 30341, USA","Atlanta, GA"
"Results Physiotherapy Atlanta, Georgia - Midtown",physical therapy clinic,https://www.resultspt.com/atlanta-georgia-midtown?utm_source=google&utm_medium=organic&utm_campaign=gmb,(470) 875-6677,"1375 Peachtree St NE # A12, Atlanta, GA 30309, USA","Atlanta, GA"
Emory Rehabilitation Outpatient Center - Midtown,physical therapy clinic,http://www.emoryhealthcare.org/centers-programs/rehabilitation/recovery/outpatient-rehabilitation,(470) 391-1216,"36 Linden Ave NE 2Nd Floor Room 2, Atlanta, GA 30308, USA","Atlanta, GA"
Team Rehabilitation Physical Therapy,physical therapy clinic,https://team-rehab.com/location/atlanta-west-end,(470) 905-2800,"1000 White St SW Ste 300, Atlanta, GA 30310, USA","Atlanta, GA"
CORE Morningside Physical Therapy,physical therapy clinic,https://coremorningside.janeapp.com/,(404) 817-0900,"1145 Zonolite Rd NE #12, Atlanta, GA 30306, USA","Atlanta, GA"
BenchMark Physical Therapy,physical therapy clinic,https://www.benchmarkpt.com/locations/atlanta-virginia-highlands/?utm_source=google&utm_medium=organic&utm_campaign=gmb,(678) 685-9356,"842 N Highland Ave NE, Atlanta, GA 30306, USA","Atlanta, GA"
Sports Rehabilitation Center,physical therapy clinic,http://www.sportsrehabcenter.com/,(404) 477-8888,"555 10th St NW, Atlanta, GA 30318, USA","Atlanta, GA"
"West End Well Werks Sports Medicine, Physical Therapy, Nutritional Wellness",physical therapy clinic,http://www.wellwerks.co/,(404) 551-4588,"1062 Ralph David Abernathy Blvd SW, Atlanta, GA 30310, USA","Atlanta, GA"
Flex PT ATL,physical therapy clinic,https://flexptatl.com/,(404) 445-8784,"1421 W Peachtree St NE Apt B, Atlanta, GA 30309, USA","Atlanta, GA"
Intown Physical Therapy,physical therapy clinic,http://www.intownpt.com/,(404) 883-2304,"495 Moreland Ave SE Ste B, Atlanta, GA 30316, USA","Atlanta, GA"
BenchMark Physical Therapy,physical therapy clinic,https://www.benchmarkpt.com/locations/atlanta-glenwood-park/?utm_source=google&utm_medium=organic&utm_campaign=gmb,(404) 624-5407,"925 Garrett St Apt J, Atlanta, GA 30316, USA","Atlanta, GA"
BenchMark Physical Therapy,physical therapy clinic,https://www.benchmarkpt.com/locations/atlanta-howell-mill/?utm_source=google&utm_medium=organic&utm_campaign=gmb,(404) 351-5432,"1715 Howell Mill Rd NW, Atlanta, GA 30318, USA","Atlanta, GA"
BeVertical Physical Therapy,physical therapy clinic,https://www.beverticalpt.com/,(404) 436-9800,"3610 Piedmont Rd NE Ste 200, Atlanta, GA 30305, USA","Atlanta, GA"
Emory Rehabilitation Outpatient Center - Atlanta Sports,physical therapy clinic,http://www.emoryhealthcare.org/centers-programs/rehabilitation/recovery/outpatient-rehabilitation,(770) 730-8341,"1150 Hammond Dr Suite 300, Atlanta, GA 30328, USA","Atlanta, GA"
Foundation Physical Therapy,physical therapy clinic,https://www.foundationptatl.com/,(404) 565-4064,"619 Edgewood Ave SE suite t-101, Atlanta, GA 30312, USA","Atlanta, GA"
Vertigo Atlanta & Physical Therapy,physical therapy clinic,https://vertigoatlanta.com/?utm_source=google&utm_campaign=6265224061882091201,(404) 458-7761,"3128 Clairmont Rd, Atlanta, GA 30329, USA","Atlanta, GA"
BenchMark Physical Therapy,physical therapy clinic,https://www.benchmarkpt.com/locations/buckhead/?utm_source=google&utm_medium=organic&utm_campaign=gmb,(404) 351-3257,"2255 Peachtree Rd NE G, Atlanta, GA 30305, USA","Atlanta, GA"
Emory Rehabilitation Outpatient Center - Buckhead,physical therapy clinic,http://www.emoryhealthcare.org/centers-programs/rehabilitation/recovery/outpatient-rehabilitation,(404) 605-0344,"2045 Peachtree Rd NE Suite 406, Atlanta, GA 30309, USA","Atlanta, GA"
Team Rehabilitation Physical Therapy,physical therapy clinic,https://team-rehab.com/location/midtown/,(470) 823-2030,"1495 Northside Dr NW A, Atlanta, GA 30318, USA","Atlanta, GA"
Emory Physical Therapy,physical therapy clinic,https://www.emoryhealthcare.org/centers-programs/physical-therapy/index.html,(404) 727-2946,"Emory University Athletic Dept, 26 Eagle Row, Atlanta, GA 30322, USA","Atlanta, GA"
Team Rehabilitation Physical Therapy,physical therapy clinic,https://team-rehab.com/location/buckhead/,(470) 300-6030,"3280 Howell Mill Rd NW #303, Atlanta, GA 30327, USA","Atlanta, GA"
Atlanta Rehabilitation & Performance Center,physical therapy clinic,https://atlantarehab.com/,(678) 318-8030,"7378 Friendship Springs Blvd Ste A, Flowery Branch, GA 30542, USA","Atlanta, GA"
Genesis Sports Medicine & Rhb,physical therapy clinic,https://mygenesispt.com/,(404) 344-7880,"3890 Redwine Rd SW #114, Atlanta, GA 30331, USA","Atlanta, GA"
Reed Physical Therapy,physical therapy clinic,https://reedphysicaltherapy.com/,(404) 729-0162,"2221 Peachtree Rd Ste X19, Atlanta, GA 30309, USA","Atlanta, GA"
Physio - Brookhaven - Executive Park,physical therapy clinic,https://www.physiopt.com/contact/find-a-location/ga/atlanta/brookhaven-executive-park/?ty=xt,(404) 364-9551,"17 Executive Park Dr NE suit 680, Atlanta, GA 30329, USA","Atlanta, GA"
Athletes' Potential,physical therapy clinic,https://www.athletespotential.com/,(470) 852-3623,"533 W Howard Ave C1, Decatur, GA 30030, USA","Atlanta, GA"
FIT CORE Physical Therapy,physical therapy clinic,http://www.fitcorept.com/,(404) 479-1739,"4779 S Atlanta Rd SE #100, Atlanta, GA 30339, USA","Atlanta, GA"
OnePoint Physical Therapy - Virginia Highland,physical therapy clinic,http://www.onepointpt.com/,(404) 600-4627,"867 Greenwood Ave NE, Atlanta, GA 30306, USA","Atlanta, GA"
Atlanta Human Performance Center,physical therapy clinic,https://ahpcpt.com/location/atlanta-human-performance-center-atlanta/,(404) 369-5405,"3250 Hogan Rd SW, Atlanta, GA 30331, USA","Atlanta, GA"
Physio - West Paces - Howell Mill,physical therapy clinic,https://www.physiopt.com/contact/find-a-location/ga/atlanta/west-paces-howell-mill/?ty=xt,(404) 355-2913,"3200 Downwood Cir NW Suite 350, Atlanta, GA 30327, USA","Atlanta, GA"
The Sports Rehabilitation Center,physical therapy clinic,http://www.sportsrehabcenter.com/,(404) 477-7777,"2669 Osborne Rd NE, Atlanta, GA 30319, USA","Atlanta, GA"
Origin Physical Therapy,physical therapy clinic,https://www.theoriginway.com/georgia/atlanta-druid-hills,(470) 664-2580,"2250 N Druid Hills Rd NE Ste 275, Atlanta, GA 30329, USA","Atlanta, GA"
OnePoint Physical Therapy - Edgewood/Candler Park,physical therapy clinic,http://www.onepointpt.com/,(404) 600-4627,"1328 DeKalb Ave NE, Atlanta, GA 30307, USA","Atlanta, GA"
Emory Physical Therapy,physical therapy clinic,https://www.emoryhealthcare.org/centers-programs/physical-therapy/index.html,(404) 778-6390,"21 Ortho Ln, Atlanta, GA 30329, USA","Atlanta, GA"
ATLANTA FALCONS PHYSICAL THERAPY CENTERS,physical therapy clinic,,(404) 367-2095,"550 W Peachtree St NW #1760, Atlanta, GA 30308, USA","Atlanta, GA"
ADAPT Physical Therapy,physical therapy clinic,http://www.adaptathlete.com/,(404) 400-6242,"5616 Peachtree Rd Suite 180, Chamblee, GA 30341, USA","Atlanta, GA"
FYZICAL Therapy and Balance Center - East Point,physical therapy clinic,https://www.fyzical.com/east-point-ga,(404) 458-6139,"2881 Main St Ste 400, East Point, GA 30344, USA","Atlanta, GA"
Emory Rehabilitation Outpatient Center - Sandy Springs - St Joes,physical therapy clinic,http://www.emoryhealthcare.org/rehab/outpatient-services.html,(404) 257-5900,"5667 Peachtree Dunwoody Rd NE Suite 210, Atlanta, GA 30342, USA","Atlanta, GA"
Mercer Physical Therapy Clinic,physical therapy clinic,https://chp.mercer.edu/academics-departments/physical-therapy/mercer-physical-therapy-clinic/,(678) 547-6439,"3001 Mercer University Dr, Atlanta, GA 30341, USA","Atlanta, GA"
Atlanta Human Performance Center (East Point),physical therapy clinic,https://ahpcpt.com/location/atlanta-human-performance-center-east-point/,(404) 369-5392,"3015 Camp Creek Pkwy, East Point, GA 30344, USA","Atlanta, GA"
ATL Pelvic Health,physical therapy clinic,http://www.atlpelvichealth.com/,(404) 890-0212,"1145 Zonolite Rd NE #8, Atlanta, GA 30306, USA","Atlanta, GA"
Northside Hospital - Atlanta Outpatient Rehabilitation Services,physical therapy clinic,http://www.northside.com/Atlanta-Outpatient-Rehabilitation,(404) 236-8030,"993 Johnson Ferry Rd NE Bldg D, Suite 250, Atlanta, GA 30342, USA","Atlanta, GA"
