name,category,website,phone,address,city
Parker & Sons,HVAC company,https://www.parkerandsons.com/?utm_campaign=gmb_pk-phx_home_cus-all_googlebusinessprofile&utm_medium=gmb&utm_source=google,(602) 424-9619,"3636 E Anne St A, Phoenix, AZ 85040, USA","Phoenix, AZ"
Desert Diamond Air Cooling & Heating,HVAC company,https://desertdiamondhvac.com/residential/air-conditioning-repair/?utm_source=google&utm_medium=gmb&utm_campaign=phoenix&se_campaign=Google%20My%20Business%20-%20Clicked%20to%20Website,(623) 246-2377,"16602 N 25th Ave, Phoenix, AZ 85023, USA","Phoenix, AZ"
"Day & Night Air Conditioning, Heating, & Plumbing",HVAC company,https://www.dayandnightair.com/?utm_source=gmb&utm_medium=local&utm_campaign=phoenix-az,(602) 584-7758,"3669 E La Salle St, Phoenix, AZ 85040, USA","Phoenix, AZ"
Goettl Air Conditioning and Plumbing - Phoenix AZ,HVAC company,https://www.goettl.com/location/phoenix-arizona/?utm_source=Google&utm_medium=GBP&utm_campaign=Google.Business.Profile,(602) 517-0039,"4611 E Baseline Rd, Phoenix, AZ 85042, USA","Phoenix, AZ"
Benefit Air Conditioning,HVAC company,http://www.benefitair.com/,(602) 840-9229,"1315 W Indian School Rd, Phoenix, AZ 85013, USA","Phoenix, AZ"
Ideal Air Conditioning and Insulation,HVAC company,https://www.idealairaz.com/?utm_campaign=gmb&utm_medium=organic&utm_source=gmb,(480) 573-7604,"4127 E University Dr, Phoenix, AZ 85034, USA","Phoenix, AZ"
Island Breeze Air Conditioning & Heating LLC,HVAC company,https://islandbreeze-ac.com/,(623) 692-6013,"809 E Fairmount Ave, Phoenix, AZ 85014, USA","Phoenix, AZ"
AZ Perfect Comfort Heating & Cooling,HVAC company,https://azperfectcomfort.com/?utm_source=gbp&utm_medium=organic,(602) 551-6223,"20650 N 29th Pl Ste 104, Phoenix, AZ 85050, USA","Phoenix, AZ"
Scottsdale Air Heating & Cooling,HVAC company,https://www.scottsdaleair.com/,(602) 834-2160,"4747 E Thomas Rd Ste F, Phoenix, AZ 85018, USA","Phoenix, AZ"
"1st Choice Plumbing, Air & Insulation",HVAC company,https://1stchoicemechanicalaz.com/air-conditioning-phoenix-az/,(623) 292-3697,"23309 N 17th Dr Ste 116, Phoenix, AZ 85027, USA","Phoenix, AZ"
Reliance Heating & Air Conditioning,HVAC company,https://www.relianceac.com/?utm_source=Google&utm_medium=Google+Business+Profile&utm_campaign=GBP,(602) 607-2150,"302 W Lone Cactus Dr, Phoenix, AZ 85027, USA","Phoenix, AZ"
Semper Fi Heating and Cooling,HVAC company,https://www.semperfiheatingcooling.com/?utm_source=GBPMesa,(480) 741-1440,"1335 S Clearview Ave, Mesa, AZ 85209, USA","Phoenix, AZ"
APES HVAC & Plumbing,HVAC company,https://go4apes.com/,(623) 521-1172,"2222 W Parkside Ln Ste 105, Phoenix, AZ 85027, USA","Phoenix, AZ"
American Home Water & Air,HVAC company,https://americanhomewater.com/,(602) 726-1448,"2030 W Desert Cove Ave, Phoenix, AZ 85029, USA","Phoenix, AZ"
Promise Heating & Air,HVAC company,http://promiseheatingandair.com/?utm_campaign=gmb,(602) 363-0230,"2010 N 22nd Ave, Phoenix, AZ 85009, USA","Phoenix, AZ"
Supreme Comfort LLC,HVAC company,https://supremecomfortaz.com/,(623) 400-6615,"2900 E Adams St, Phoenix, AZ 85034, USA","Phoenix, AZ"
Same Day Air Repair,HVAC company,https://samedayairrepair.com/,(602) 571-1728,"1006 W Adams St, Phoenix, AZ 85007, USA","Phoenix, AZ"
SG Mechanical Heating & Air,HVAC company,https://www.sgmechanicalair.com/,(623) 777-9577,"1725 W Williams Dr, Phoenix, AZ 85027, USA","Phoenix, AZ"
Air Lily,HVAC company,https://airlily.com/schedule/,(480) 525-3600,"3901 S Central Ave, Phoenix, AZ 85040, USA","Phoenix, AZ"
"Penguin Air, Plumbing & Electrical",HVAC company,https://www.penguinair.com/?utm_source=google&utm_medium=organic&utm_campaign=GMBListing-Phoenix-AZ,(480) 770-4410,"3710 E University Dr #1, Phoenix, AZ 85034, USA","Phoenix, AZ"
AZ Home Services Group AC Repair & Plumbing Services,HVAC company,https://azhomeservices.group/,(602) 806-7212,"1331 E Carmen St, Tempe, AZ 85283, USA","Phoenix, AZ"
AirTime Cooling and Heating,HVAC company,https://airtimeaz.com/,(480) 776-7993,"1540 S Gilbert Rd, Mesa, AZ 85204, USA","Phoenix, AZ"
George Brazil Air Conditioning & Heating,HVAC company,https://georgebrazilhvac.com/?utm_source=google&utm_medium=gbp,(602) 649-1374,"2655 E Magnolia St #200, Phoenix, AZ 85034, USA","Phoenix, AZ"
Mountainside Air Conditioning Repair,HVAC company,https://mountainsideair.com/ac-repair-phoenix-az/?utm_campaign=gmb,(480) 914-3425,"2501 W Behrend Dr Ste b-27, Phoenix, AZ 85027, USA","Phoenix, AZ"
Your Phoenix HVAC,HVAC company,https://yourphoenixhvac.net/?utm_source=google&utm_medium=google-profile&utm_id=gmb,(480) 426-9664,"15677 N Cave Creek Rd, Phoenix, AZ 85032, USA","Phoenix, AZ"
Hansen Family Air Conditioning & Plumbing,HVAC company,https://hansenfamilyplumbing.com/?utm_source=google_my_business,(602) 805-4836,"535 W Iron Ave #104, Mesa, AZ 85210, USA","Phoenix, AZ"
Luxury Air Conditioning & Plumbing,HVAC company,https://www.luxuryairconditioning.com/,(602) 326-1065,"16602 N 23rd Ave Ste 102, Phoenix, AZ 85023, USA","Phoenix, AZ"
Biltmore Mechanical Heating And Cooling LLC,HVAC company,http://www.biltmoremechanical.com/,(602) 885-7328,"5021 N 20th St #10533, Phoenix, AZ 85064, USA","Phoenix, AZ"
Sun Devil Heating and Cooling,HVAC company,https://sundevilaz.com/,(602) 466-1932,"3033 N 35th Ave, Phoenix, AZ 85017, USA","Phoenix, AZ"
Klein Heating and Cooling - Phoenix AZ,HVAC company,https://kleinheatingcooling.com/,(602) 377-6520,"11024 N 22nd Ave #3, Phoenix, AZ 85029, USA","Phoenix, AZ"
Phoenix HVAC Air Conditioning,HVAC company,https://www.phoenixhvacairconditioning.com/,(928) 433-0801,"101 W Portland St, Phoenix, AZ 85003, USA","Phoenix, AZ"
Veterans AC Repair Phoenix,HVAC company,https://veteransacphx.com/,(602) 805-0128,"4235 W Opportunity Way STE 104, Phoenix, AZ 85086, USA","Phoenix, AZ"
"Angel Air Cooling & Heating, LLC",HVAC company,http://www.angelaircooling.com/,(480) 298-0353,"20427 E Ocotillo Rd, Queen Creek, AZ 85142, USA","Phoenix, AZ"
Your Phoenix HVAC Contractor,HVAC company,https://www.heatingcoolingphoenix.com/?utm_source=google&utm_medium=google-profile&utm_campaign=gmb,(602) 753-4851,"2740 E Marguerite Ave, Phoenix, AZ 85040, USA","Phoenix, AZ"
KAI HVAC Services LLC,HVAC company,http://kaihvacservices.com/,(623) 456-0103,"2201 N 48th Ln, Phoenix, AZ 85035, USA","Phoenix, AZ"
AirGuard HVAC Solutions,HVAC company,http://6a3637d1e212d.site123.me/,(602) 730-9449,"1517 N 7th Ave, Phoenix, AZ 85007, USA","Phoenix, AZ"
Robinson & Sons HVAC,HVAC company,https://robinsonsonshvac.pro/,(623) 400-5326,"1301 Grand Ave, Phoenix, AZ 85007, USA","Phoenix, AZ"
ProSkill Services,HVAC company,https://proskillservices.com/?utm_source=google&utm_medium=gmb&utm_campaign=PRO_ORG_EVER_A_GBP_Listing_Anthem,(623) 233-2865,"4215 W Fortune Dr, Anthem, AZ 85086, USA","Phoenix, AZ"
Way Cool Plumbing & Air,HVAC company,http://www.callwaycool.com/,(480) 462-3843,"2328 E Van Buren St Ste 121, Phoenix, AZ 85006, USA","Phoenix, AZ"
PANDA AIR LLC,HVAC company,https://pandaairaz.com/,(602) 999-5928,"101 N 1st Ave, Phoenix, AZ 85003, USA","Phoenix, AZ"
AccuTemp Refrigeration,HVAC company,https://accutempaz.com/,(602) 957-3745,"3231 E Washington St, Phoenix, AZ 85034, USA","Phoenix, AZ"
"ABC Air Conditioning, Inc.",HVAC company,http://www.abcairconditioning.com/,(602) 971-8700,"20235 N Cave Creek Rd 104 403, Phoenix, AZ 85024, USA","Phoenix, AZ"
Northern Air Mechanical Services,HVAC company,https://northernairac.com/,(480) 999-3336,"5353 N 16th St #105, Phoenix, AZ 85016, USA","Phoenix, AZ"
Phoenix Air Duct Cleaning & Dryer Vent Installation By Supreme Air Phoenix,HVAC company,https://supmreairsolutions.com/phoenix-air-duct-cleaning/,(623) 294-2152,"4539 N 22nd St Ste r, Phoenix, AZ 85016, USA","Phoenix, AZ"
The Cool Saguaro LLC,HVAC company,http://www.thecoolsaguaro.com/,(602) 549-9119,"2441 W Adams St, Phoenix, AZ 85009, USA","Phoenix, AZ"
Cold Stinger Heating And Air Conditioning Phoenix Arizona,HVAC company,https://coldstingerheatingandairconditioning.com/,(623) 521-6448,"1720 E Wood St, Phoenix, AZ 85040, USA","Phoenix, AZ"
Desert Breeze Phoenix HVAC Repair,HVAC company,https://desertbreezeclimatecontrolphoenix.com/,(480) 684-2355,"5651 N 7th St, Phoenix, AZ 85014, USA","Phoenix, AZ"
Lynx Air Service,HVAC company,https://lynxairservice.com/?utm_source=gmb,(602) 818-9419,"1 E Lexington Ave, Phoenix, AZ 85012, USA","Phoenix, AZ"
Premium HVAC Phoenix Services,HVAC company,https://premiumhvacphoenixservices.com/,(480) 999-1830,"4437 N Central Ave, Phoenix, AZ 85012, USA","Phoenix, AZ"
Airbender Heating and Cooling HVAC,HVAC company,http://airbenderacrepair.com/,(480) 745-0423,"2735 Thomas Rd, Phoenix, AZ 85016, USA","Phoenix, AZ"
United Air Cooling & Heating Phoenix,HVAC company,,(480) 470-5930,"Squaw Peak Plaza, 2048 E Thomas Rd, Phoenix, AZ 85016, USA","Phoenix, AZ"
Somers Plumbers - Phoenix Plumbing Company,plumbing company,https://www.somersplumbers.net/,(480) 568-2596,"14039 N 8th Pl, Phoenix, AZ 85022, USA","Phoenix, AZ"
"Maloney Plumbing & Drain Services in Phoenix, AZ",plumbing company,https://www.maloneyplumbing.com/?utm_source=gmb&utm_medium=organic,(602) 671-3617,"9119 N 7th St Ste 201, Phoenix, AZ 85020, USA","Phoenix, AZ"
Wyman Plumbing & Mechanical LLC,plumbing company,https://www.wyman-services.com/?utm_source=google&utm_medium=organic&utm_campaign=gbp,(623) 255-5178,"12251 N 32nd St #3, Phoenix, AZ 85032, USA","Phoenix, AZ"
"Robins Plumbing, Inc",plumbing company,https://www.robinsplumbing.com/,(623) 486-4657,"2802 N 37th Ave, Phoenix, AZ 85009, USA","Phoenix, AZ"
Custom Plumbing of Arizona - Phoenix,plumbing company,https://customplumbingaz.com/,(602) 866-2665,"2120 E Rose Garden Ln Ste F1, Phoenix, AZ 85024, USA","Phoenix, AZ"
The Aussie Plumber,plumbing company,https://www.theaussieplumber.com/,(602) 820-5551,"4600 E Shea Blvd Ste 203, Phoenix, AZ 85028, USA","Phoenix, AZ"
Diamondback Plumbing,plumbing company,http://www.diamondbackplumbing.com/,(602) 428-0910,"17423 N 25th Ave, Phoenix, AZ 85023, USA","Phoenix, AZ"
Pink Plumbing and Sewer,plumbing company,http://www.pinkplumbingandsewer.com/,(602) 562-5290,"2375 E Camelback Rd #600, Phoenix, AZ 85016, USA","Phoenix, AZ"
Ocean Plumbing LLC,plumbing company,https://oceanplumbingaz.com/,(602) 755-3860,"2313 W Alice Ave, Phoenix, AZ 85021, USA","Phoenix, AZ"
Deer Valley Plumbing & Air Conditioning - Phoenix,plumbing company,https://www.deervalleyplumbing.com/,(623) 250-2680,"2411 W Lone Cactus Dr, Phoenix, AZ 85027, USA","Phoenix, AZ"
Westside Plumbing Inc.,plumbing company,http://www.westside.plumbing/,(602) 680-9414,"1611 E Fremont Rd, Phoenix, AZ 85042, USA","Phoenix, AZ"
Plumber Priority One Of Phoenix,plumbing company,https://plumbingpriorityone.com/plumberphoenix,(480) 378-3970,"4028 N 7th St #154, Phoenix, AZ 85014, USA","Phoenix, AZ"
Springs Plumbing,plumbing company,https://www.springsplumbingaz.com/plumber-phoenix-az,(480) 265-6936,"19029 N 41st Pl, Phoenix, AZ 85050, USA","Phoenix, AZ"
DeGeorge Plumbing and HVAC,plumbing company,https://www.degeorgeplumbing.com/,(602) 830-3977,"1801 E Camelback Rd Ste 201 unit 17, Phoenix, AZ 85016, USA","Phoenix, AZ"
Donley A/C & Plumbing,plumbing company,https://www.donleyservice.com/?utm_source=google&utm_medium=profile&utm_campaign=donley,(602) 529-1357,"11062 N 24th Ave, Phoenix, AZ 85029, USA","Phoenix, AZ"
Anthony's Plumbing,plumbing company,https://www.dayandnightair.com/anthonysplumbing/?utm_source=Anthony%27s%20GMB%20redirect%20to%20DNT&utm_medium=Anthony%27s%20GMB&utm_campaign=redirect%20to%20DNT%20page,(623) 936-5400,"1201 N 54th Ave #127, Phoenix, AZ 85043, USA","Phoenix, AZ"
Rooter Hero Plumbing & Air of Phoenix,plumbing company,https://www.rooterhero.com/?utm_source=GBPlisting&utm_medium=organic,(480) 351-0043,"5424 S 40th St, Phoenix, AZ 85040, USA","Phoenix, AZ"
"Affordable Plumbing, Rooter and Water Heaters",plumbing company,https://www.affordableplumbingaz.com/near-me-plumbers-phoenix-az/?utm_source=google&utm_medium=gbp-32,(480) 265-0383,"16042 N 32nd St Suite C-3, Phoenix, AZ 85032, USA","Phoenix, AZ"
Peerless Plumbing & Nudrain Phoenix,plumbing company,https://peerlessplumbingrepipes.com/?utm_source=google&utm_medium=gbp&utm_campaign=maps,(602) 905-4628,"3801 E Roeser Rd Ste. 6, Phoenix, AZ 85040, USA","Phoenix, AZ"
Reliant Plumbing & Rooter,plumbing company,https://reliantplumbingandrooter.com/?utm_source=GBPlisting&utm_medium=organic,(602) 888-7060,"2820 N 36th St, Phoenix, AZ 85008, USA","Phoenix, AZ"
All Aloha Plumbing Phoenix,plumbing company,https://www.callallaloha.com/phoenix/,(480) 447-8153,"1615 W University Dr Ste 131, Tempe, AZ 85281, USA","Phoenix, AZ"
"Any Hour Services - Electric, Plumbing, Heating & Air",plumbing company,https://anyhourservices.com/arizona/,(602) 649-4219,"3415 W Northern Ave, Phoenix, AZ 85051, USA","Phoenix, AZ"
Elite Rooter Plumbers,plumbing company,https://www.eliterooter.com/location/phoenix/?utm_source=google&utm_medium=organic&utm_campaign=gmb,(602) 698-8959,"319 E Watkins St, Phoenix, AZ 85004, USA","Phoenix, AZ"
Asa Plumbing Phoenix,plumbing company,https://asaplumbingaz.com/?utm_source=Google+Business+Profile&utm_medium=GBP&utm_campaign=GBP+Website+Button,(480) 796-4060,"1228 E McLellan Blvd, Phoenix, AZ 85014, USA","Phoenix, AZ"
Cobra Plumbing LLC,plumbing company,http://cobraplumbingllc.com/,(602) 663-8432,"1431 E Osborn Rd, Phoenix, AZ 85014, USA","Phoenix, AZ"
"D.W. Plumbing, Heating & Cooling Inc.",plumbing company,http://www.dwplumbing.com/,(623) 979-6778,"3719 N 32nd Ave, Phoenix, AZ 85017, USA","Phoenix, AZ"
Call-Us Plumbing,plumbing company,http://call-usplumbing.com/,(480) 396-6658,"519 W Lone Cactus Dr Ste 305, Phoenix, AZ 85027, USA","Phoenix, AZ"
"Accent Plumbing, Inc.",plumbing company,https://www.accentplumbingaz.com/,(602) 955-5050,"2721 E Indian School Rd, Phoenix, AZ 85016, USA","Phoenix, AZ"
"Christian Brothers Plumbing, A/C, & Electrical",plumbing company,https://cbrothers.com/?utm_source=google&utm_medium=organic&utm_campaign=gbp,(623) 939-9421,"6827 W Belmont Ave, Glendale, AZ 85303, USA","Phoenix, AZ"
Plomero en Phoenix,plumbing company,https://www.miplomeroenphoenix.com/?utm_campaign=gmb,(623) 294-1807,"21644 N 14th Ave # C2, Phoenix, AZ 85027, USA","Phoenix, AZ"
George Brazil Plumbing & Electrical,plumbing company,https://georgebrazilplumbingelectrical.com/?utm_source=gmb&utm_medium=organic,(602) 529-3749,"3830 S 38th St, Phoenix, AZ 85040, USA","Phoenix, AZ"
City Wide Plumbing & Service Co.,plumbing company,https://citywideplumbingaz.com/,(480) 966-8795,"401 W Orion St, Tempe, AZ 85283, USA","Phoenix, AZ"
Fast Layne Plumbing LLC,plumbing company,https://flplumbingaz.com/,(480) 504-0825,"37066 N Schnepf Rd, San Tan Valley, AZ 85140, USA","Phoenix, AZ"
Arizona Integrity Plumbing - The Repipe Expert™,plumbing company,https://www.azip.com/?utm_source=google&utm_medium=organic&utm_campaign=gmb_website_link,(480) 274-9662,"21 S 36th St, Phoenix, AZ 85034, USA","Phoenix, AZ"
"Affordable Plumbing, Rooter and Water Heaters",plumbing company,https://www.affordableplumbingaz.com/near-me-plumbers-central-phoenix-az/?utm_source=google&utm_medium=gbp-24,(602) 737-2019,"2942 N 24th St Ste 12, Phoenix, AZ 85016, USA","Phoenix, AZ"
Second Opinion Plumbing,plumbing company,https://secondopinionplumbingaz.com/plumbers-phoenix-arizona/?utm_campaign=gmb&utm_medium=local&utm_source=gmb,(480) 725-7265,"2375 E Camelback Rd #600, Phoenix, AZ 85016, USA","Phoenix, AZ"
"Plumbers Near Me, Water Heater, and Plumbing Services of Phoenix",plumbing company,,(602) 887-0240,"4641 N 12th St, Phoenix, AZ 85014, USA","Phoenix, AZ"
Flush King Plumbing,plumbing company,https://flushking.com/,(602) 644-1950,"6619 N Scottsdale Rd, Scottsdale, AZ 85250, USA","Phoenix, AZ"
"Alliance Plumbing Service & Repair, LLC",plumbing company,http://www.allianceplumbingaz.com/,(480) 633-3020,"2626 E Elwood St, Phoenix, AZ 85040, USA","Phoenix, AZ"
"AZs Best Pipe Doctor Plumbing, LLC",plumbing company,https://www.azpipedoctor.com/,(623) 869-6436,"3104 E Camelback Rd Ste 2377, Phoenix, AZ 85016, USA","Phoenix, AZ"
"Rescue One Air Cooling, Heating & Plumbing",plumbing company,https://rescueoneair.com/area/phoenix-plumbers/?utm_source=google&utm_medium=organic&utm_campaign=gbp_phoenix,(602) 584-9965,"3826 E Illini St, Phoenix, AZ 85040, USA","Phoenix, AZ"
2 Good Plumbers LLC,plumbing company,http://2goodplumbers.com/,(602) 565-6408,"3426 E Glenrosa Ave, Phoenix, AZ 85018, USA","Phoenix, AZ"
Roto-Rooter Plumbing & Water Cleanup,plumbing company,https://www.rotorooter.com/phoenix/?utm_source=Google&utm_medium=organic&utm_campaign=gmb&utm_content=website,(623) 687-3369,"3230 E Washington St, Phoenix, AZ 85034, USA","Phoenix, AZ"
Total Plumbing & Drain,plumbing company,https://thetotalplumbing.com/,(480) 915-3968,"4835 E Indigo St Ste 102, Mesa, AZ 85205, USA","Phoenix, AZ"
Desert Water Plumbing and Rooter,plumbing company,https://www.desertwateraz.com/near-me-plumber-peoria-az/?utm_source=google&utm_medium=organic&utm_campaign=gbp_peoria,(602) 641-2998,"8301 W Foothill Dr, Peoria, AZ 85383, USA","Phoenix, AZ"
"Plomero Paisano, Plomeros en Phoenix",plumbing company,http://www.plomerosenphoenix.com/?utm_source=google&utm_medium=wix_google_business_profile&utm_campaign=4589519416219994638,(602) 472-2792,"6214 S 46th Pl, Phoenix, AZ 85042, USA","Phoenix, AZ"
AZ Home Services Group AC Repair & Plumbing Services of Phoenix,plumbing company,https://azhomeservices.group/service-areas/phoenix-arizona-air-conditioner-plumbing-services/,(602) 844-7757,"2375 E Camelback Rd #600, Phoenix, AZ 85016, USA","Phoenix, AZ"
Champion Plumbing & Rooter,plumbing company,https://championplumbingandrooter.com/?utm_source=gmb&utm_campaign=local&utm_medium=organic,(602) 269-6323,"3744 W Roanoke Ave Ste 1, Phoenix, AZ 85009, USA","Phoenix, AZ"
Simple Electric,electrical contractor,https://simpleelectricaz.com/,(602) 290-4707,"1201 E Weldon Ave, Phoenix, AZ 85014, USA","Phoenix, AZ"
Turn It On Electric,electrical contractor,https://turnitonelectric.com/?utm_campaign=gmb,(602) 313-3460,"1745 W Deer Valley Rd Ste 110, Phoenix, AZ 85027, USA","Phoenix, AZ"
Mr. Electric of Phoenix Metro,electrical contractor,https://mrelectric.com/phoenix-metro/?cid=LSTL_MRE000196&utm_source=gmb&utm_campaign=local&utm_medium=organic,(480) 582-1249,"9831 S 51st St #C115, Phoenix, AZ 85044, USA","Phoenix, AZ"
"Phoenix Contracting Services, Inc. - Professional Electrical Services",electrical contractor,http://www.phoenixcontractingservices.com/,(602) 564-1144,"3310 W Bell Rd #1006, Phoenix, AZ 85053, USA","Phoenix, AZ"
Star Light Electric LLC,electrical contractor,https://starlightelectricaz.com/,(602) 545-6800,"1928 E Rosemonte Dr, Phoenix, AZ 85024, USA","Phoenix, AZ"
Rich Electrical Services LLC,electrical contractor,https://richelectricalservices.com/,(623) 760-5882,"10637 N 32nd Dr, Phoenix, AZ 85029, USA","Phoenix, AZ"
Livewire Electrician LLC - Residential Electrical Services in Phoenix,electrical contractor,https://livewire-electrician.com/?y_source=1_NTA2NjE0NTgtNzE1LWxvY2F0aW9uLndlYnNpdGU=,(253) 414-2159,"4605 E Mountain Vista Dr, Phoenix, AZ 85048, USA","Phoenix, AZ"
The Wire Guy Electric,electrical contractor,http://thewireguyelectric.com/,(602) 769-7892,"1321 N 65th St, Mesa, AZ 85205, USA","Phoenix, AZ"
Phoenix Electrical Contracting,electrical contractor,,(866) 650-9644,"4717 N 39th Dr, Phoenix, AZ 85019, USA","Phoenix, AZ"
Coppertown Electric LLC,electrical contractor,http://coppertownaz.com/,(602) 390-0253,"624 W Mission Ln, Phoenix, AZ 85021, USA","Phoenix, AZ"
Phoenix Electrician,electrical contractor,https://oeelectricllc.com/,(602) 715-9346,"3032 W Pima St, Phoenix, AZ 85009, USA","Phoenix, AZ"
"Arizona Electrical Solutions Phoenix, LLC",electrical contractor,http://phoenixarizonaelectrician.com/,(602) 396-5216,"1 E Washington St STE#500, Phoenix, AZ 85004, USA","Phoenix, AZ"
T&K Electric Company,electrical contractor,http://tnkelectric.com/,(602) 844-9765,"Val Vista Crossings, 3707 E Southern Ave 1031 Floor 1, Mesa, AZ 85206, USA","Phoenix, AZ"
Super Electric,electrical contractor,,(602) 904-6842,"4640 E McDowell Rd, Phoenix, AZ 85008, USA","Phoenix, AZ"
Arizona Premier Electric,electrical contractor,https://www.arizonapremierelectric.com/,(602) 203-4930,"1945 E Warner St, Phoenix, AZ 85040, USA","Phoenix, AZ"
Phoenix Best Electricians,electrical contractor,,(602) 780-1140,"8929 N Central Ave #53C, Phoenix, AZ 85020, USA","Phoenix, AZ"
TAB Electric,electrical contractor,https://www.tabelectricaz.com/,(480) 253-8653,"819 E Potter Dr, Phoenix, AZ 85024, USA","Phoenix, AZ"
Gideon Electric,electrical contractor,https://www.gideonservicecompany.com/,(480) 716-3272,"2942 N 24th St #201, Phoenix, AZ 85016, USA","Phoenix, AZ"
Vale City Electric,electrical contractor,https://valecityelectric.com/,(602) 730-5167,"2048 N 77th Ln, Phoenix, AZ 85035, USA","Phoenix, AZ"
GA Electrical llc,electrical contractor,,(602) 491-3515,"3625 West Myrtle Ave, Phoenix, AZ 85051, USA","Phoenix, AZ"
Wellco Electric,electrical contractor,https://wellcoaz.com/,(602) 242-4454,"645 W Coolidge St, Phoenix, AZ 85013, USA","Phoenix, AZ"
Thomas Electrical Contractors,electrical contractor,,(602) 268-8620,"2929 E Jones Ave, Phoenix, AZ 85040, USA","Phoenix, AZ"
Phoenix Electricians Today,electrical contractor,https://www.phoenixelectricianstoday.com/,(623) 209-5244,"23309 N 17th Dr #120, Phoenix, AZ 85027, USA","Phoenix, AZ"
Dolce Electric Co,electrical contractor,https://electriciansmesaaz.com/,(480) 434-0777,"625 W Southern Ave #E239, Mesa, AZ 85210, USA","Phoenix, AZ"
Cannon & Wendt Electric Co.,electrical contractor,http://www.cannon-wendt.com/,(602) 279-1681,"4020 N 16th St, Phoenix, AZ 85016, USA","Phoenix, AZ"
Home Electric Phoenix,electrical contractor,,(520) 688-4910,"22414 N 19th Ave, Phoenix, AZ 85027, USA","Phoenix, AZ"
Barone Electrical Services Inc,electrical contractor,http://www.baroneelectric.com/,(602) 993-5628,"610 E Bell Rd ste 2-121, Phoenix, AZ 85022, USA","Phoenix, AZ"
US Electrical Services,electrical contractor,https://www.uselectricalservices.us/,(877) 586-8304,"4405 E Hubbell St Unit 56, Phoenix, AZ 85008, USA","Phoenix, AZ"
Arizona Discount Electric,electrical contractor,https://arizonadiscountelectric.net/,(602) 910-7370,"18444 N 25th Ave Ste 420 759, Phoenix, AZ 85023, USA","Phoenix, AZ"
Mister Sparky® of Phoenix,electrical contractor,https://www.mistersparky.com/scottsdale/,(480) 568-1137,"15525 N 83rd Way Ste B6, Scottsdale, AZ 85260, USA","Phoenix, AZ"
Star Electric Phoenix,electrical contractor,,(520) 346-8935,"7443 W Hatcher Rd, Peoria, AZ 85345, USA","Phoenix, AZ"
TAP and Sons Electric Inc,electrical contractor,https://www.tapandsons.com/,(480) 507-2900,"906 S Priest Dr #107, Tempe, AZ 85281, USA","Phoenix, AZ"
Wang Electric Systems,electrical contractor,https://wangelectric.com/,(602) 324-5350,"4107 E Winslow Ave Ste C, Phoenix, AZ 85040, USA","Phoenix, AZ"
Edison Electricians of Phoenix,electrical contractor,,(602) 552-7772,"45 E Monterey Way Ste 106, Phoenix, AZ 85012, USA","Phoenix, AZ"
Pro Electrical Inc,electrical contractor,,(602) 898-1834,"110 N 3rd St, Phoenix, AZ 85004, USA","Phoenix, AZ"
Econolight Electrical,electrical contractor,http://www.econo-light.com/,(602) 230-7079,"32 W Hatcher Rd, Phoenix, AZ 85021, USA","Phoenix, AZ"
24 Hr Valleywide Electric LLC,electrical contractor,http://24hrvalleywideelectric.com/,(602) 476-3651,"8116 N 41st Dr, Phoenix, AZ 85051, USA","Phoenix, AZ"
AEC Electric,electrical contractor,https://aecelectric.com/,(602) 993-4948,"1401 N 29th Ave, Phoenix, AZ 85009, USA","Phoenix, AZ"
Anthem Electric,electrical contractor,,(602) 669-3809,"2116 W Maricopa St, Phoenix, AZ 85009, USA","Phoenix, AZ"
"Independent Electrical Contractors, Inc.",electrical contractor,https://iecaz.org/,(480) 456-4444,"4625 S Ash Ave Ste J17, Tempe, AZ 85282, USA","Phoenix, AZ"
Electrician Service Phoenix,electrical contractor,,(602) 562-5534,"3638 S 17th St, Phoenix, AZ 85040, USA","Phoenix, AZ"
Kearney Electric - Communications,electrical contractor,http://www.kearneyaz.com/,(602) 437-0235,"3609 E Superior Ave, Phoenix, AZ 85040, USA","Phoenix, AZ"
Supreme Electrical,electrical contractor,,(602) 669-4795,"136 N 11th Ave, Phoenix, AZ 85007, USA","Phoenix, AZ"
Hayden Electric Inc.,electrical contractor,https://haydenelectricinc.com/,(623) 434-0608,"940 W Melinda Ln, Phoenix, AZ 85027, USA","Phoenix, AZ"
Grand Electric Phoenix,electrical contractor,,(602) 669-4875,"1501 S 15th Ave, Phoenix, AZ 85007, USA","Phoenix, AZ"
Grand Electric LLC,electrical contractor,,(928) 264-4961,"402 W Roosevelt St, Phoenix, AZ 85003, USA","Phoenix, AZ"
Electric Pro Of Phoenix,electrical contractor,https://www.electricianprosphoenix.com/,(602) 671-9454,"1024 South 1st Avenue, Phoenix, AZ 85003, USA","Phoenix, AZ"
CLS Electric Corporation,electrical contractor,http://clselectriccorporation.com/,(602) 702-5751,"4420 S 16th St, Phoenix, AZ 85040, USA","Phoenix, AZ"
Cowboy Electric,electrical contractor,,(602) 296-7319,"2744 W Thomas Rd, Phoenix, AZ 85017, USA","Phoenix, AZ"
Power Electric of Phoenix,electrical contractor,,(602) 894-0611,"118 E Hadley St, Phoenix, AZ 85004, USA","Phoenix, AZ"
Phoenix Roofing & Repair,roofing company,https://phoenixroofingandrepair.com/?utm_source=google-business-profile&utm_medium=organic_local&utm_campaign=gbp_phoenix,(602) 497-0154,"301 E Bethany Home Rd A-121, Phoenix, AZ 85012, USA","Phoenix, AZ"
Stonecreek Roofing,roofing company,https://www.stonecreekroofingaz.com/,(602) 324-3400,"10221 N 32nd St Ste a, Phoenix, AZ 85028, USA","Phoenix, AZ"
Lyons Roofing,roofing company,https://www.lyonsroofing.com/?utm_source=GMB&utm_medium=organic&utm_campaign=Phoenix,(602) 276-5515,"878 W Illini St, Phoenix, AZ 85041, USA","Phoenix, AZ"
Brown Roofing LLC,roofing company,https://www.brownroofingaz.com/,(602) 626-5559,"11627 N 17th Pl, Phoenix, AZ 85020, USA","Phoenix, AZ"
Scott Roofing Company,roofing company,https://scottroofingco.com/,(602) 442-7663,"24777 N 15th Ave, Phoenix, AZ 85085, USA","Phoenix, AZ"
Phoenix Roofers by Allstate Roofing Contractors,roofing company,https://www.allstateroofingaz.com/phoenix/,(602) 484-7663,"2955 W Clarendon Ave, Phoenix, AZ 85017, USA","Phoenix, AZ"
Reimagine Roofing,roofing company,https://www.reimagineroofing.com/?utm_source=google&utm_medium=organic&utm_campaign=gbp&utm_content=phoenix,(480) 900-7663,"1100 E Washington St #200, Phoenix, AZ 85034, USA","Phoenix, AZ"
Arizona Roofers,roofing company,https://arizonaroofers.com/,(480) 613-8932,"4836 E McDowell Rd C100, Phoenix, AZ 85008, USA","Phoenix, AZ"
Multi-Pro Roof Solutions,roofing company,http://www.multiproroof.com/,(602) 888-7663,"2027 W Bethany Home Rd, Phoenix, AZ 85015, USA","Phoenix, AZ"
Phoenix Roofing,roofing company,https://phoenixroofing.com/,(480) 487-5233,"20 E Thomas Rd #2200, Phoenix, AZ 85012, USA","Phoenix, AZ"
XRP Roofing,roofing company,https://xrproofing.com/,(602) 726-1818,"2843 W McDowell Rd, Phoenix, AZ 85009, USA","Phoenix, AZ"
Arizona Roofing and Restoration,roofing company,https://azroofpros.com/,(602) 931-9464,"6531 N 10th Pl, Phoenix, AZ 85014, USA","Phoenix, AZ"
RENCO Roofing,roofing company,https://www.rencoroofing.com/,(602) 806-9799,"2210 W Shangri La Rd a1, Phoenix, AZ 85029, USA","Phoenix, AZ"
Reyes Roofing LLC,roofing company,http://reyesroofingllc.co/,(480) 828-3040,"2733 W Maryland Ave, Phoenix, AZ 85017, USA","Phoenix, AZ"
SUNVEK Roofing,roofing company,https://sunvek.com/locations/phoenix/,(623) 349-7663,"525 E Pinnacle Peak Rd #180, Phoenix, AZ 85024, USA","Phoenix, AZ"
Valley Roofing and Repair,roofing company,https://valleyroofingandrepair.com/?utm_source=Google&utm_medium=Organic&utm_campaign=GBP,(623) 250-7663,"4010 N 27th Ave Building C, Phoenix, AZ 85017, USA","Phoenix, AZ"
America Roofing,roofing company,https://www.americaroofingco.com/phoenix/?utm_source=google&utm_medium=organic&utm_campaign=gbp&utm_content=phoenix,(602) 237-2478,"1005 S 30th Ave, Phoenix, AZ 85009, USA","Phoenix, AZ"
Canyon State Roofing & Consulting,roofing company,https://canyonstateroofs.com/,(602) 400-1635,"4809 E Thistle Landing Dr #100, Phoenix, AZ 85044, USA","Phoenix, AZ"
Phoenix Roofing Replacement Pros,roofing company,https://roofreplacementphoenixaz.com/,(602) 497-0225,"1517 W Grant St, Phoenix, AZ 85007, USA","Phoenix, AZ"
Mikku & Sons Roofing,roofing company,https://www.mikkuandsons.com/?utm_source=google&utm_medium=organic&utm_campaign=gmb,(623) 465-1068,"320 W Lone Cactus Dr Ste 9, Phoenix, AZ 85027, USA","Phoenix, AZ"
Star Roofing,roofing company,http://www.starroofingaz.com/,(602) 944-3323,"9201 N 9th Ave, Phoenix, AZ 85021, USA","Phoenix, AZ"
Rob's Roofing & Remodeling,roofing company,https://robsroofing.us/locations/phoenix,(480) 687-3604,"2198 E Camelback Rd Ste 200, Phoenix, AZ 85016, USA","Phoenix, AZ"
Phoenix Pro Roofing,roofing company,http://www.phoenixproroofing.com/,(623) 298-9234,"11811 N Tatum Blvd, Phoenix, AZ 85028, USA","Phoenix, AZ"
Diversified Roofing,roofing company,https://diversifiedroofing.com/?utm_source=gmb&utm_medium=profile-phoenix,(602) 870-8322,"2015 W Mountain View Rd, Phoenix, AZ 85021, USA","Phoenix, AZ"
Johnson Roofing Llc,roofing company,https://johnsonroofingaz.com/?utm_source=google&utm_medium=gmb,(480) 467-4572,"1121 S Horne, Mesa, AZ 85204, USA","Phoenix, AZ"
AZ Shingle Pros,roofing company,https://azshinglepros.com/?utm_source=google&utm_medium=organic&utm_campaign=gmb,(602) 888-3744,"22402 N 24th Ave Ste 3, Phoenix, AZ 85027, USA","Phoenix, AZ"
Phoenix Pro Roofing,roofing company,https://www.phoenixproroofing.com/peoria-roofers,(602) 342-6973,"16165 N 83rd Ave Ste 200, Peoria, AZ 85382, USA","Phoenix, AZ"
Redemption Roofing AZ,roofing company,https://www.redemptionroofingaz.com/,(480) 920-2000,"2375 E Camelback Rd #600, Phoenix, AZ 85016, USA","Phoenix, AZ"
Stapleton Roofing,roofing company,https://www.stapletonroofing.com/,(602) 833-7663,"4070 W Clarendon Ave, Phoenix, AZ 85019, USA","Phoenix, AZ"
STARLIGHT ROOFING,roofing company,https://starlightroofingcompany.com/,(480) 244-5270,"2801 E Camelback Rd Ste 200, Phoenix, AZ 85016, USA","Phoenix, AZ"
C&N Roofing Inc,roofing company,http://cnroofing.com/,(602) 636-1144,"1545 E Corona Ave, Phoenix, AZ 85040, USA","Phoenix, AZ"
Progressive Roofing,roofing company,http://www.progressiveroofing.us/,(602) 278-4900,"23 N 35th Ave, Phoenix, AZ 85009, USA","Phoenix, AZ"
American Roofing & Waterproofing LLC,roofing company,https://americanroofingnow.com/,(602) 314-4650,"3837 E La Salle St, Phoenix, AZ 85040, USA","Phoenix, AZ"
Real Roofing,roofing company,https://www.realroofingofficial.com/?utm_campaign=gmb,(602) 910-2708,"481 N Arizona Ave, Chandler, AZ 85225, USA","Phoenix, AZ"
Best Choice Roofing,roofing company,https://bestchoiceroofing.com/phoenix/?utm_source=gmb&utm_medium=organic&utm_campaign=phoenix,(602) 932-7672,"2320 W Mission Ln #2, Phoenix, AZ 85021, USA","Phoenix, AZ"
Phoenix Roofing & Gutters Pros,roofing company,https://phoenix-roofingsolutions.com/,(602) 848-2118,"7040 N 16th St, Phoenix, AZ 85020, USA","Phoenix, AZ"
Vertex Roofing,roofing company,https://vertexroofing.com/?utm_source=gbp&utm_medium=organic,(602) 449-8428,"3757 E Broadway Rd Suite 1, Phoenix, AZ 85040, USA","Phoenix, AZ"
Ghost Roofing,roofing company,https://www.ghostroofing.com/,(602) 625-7477,"201 E Washington St Ste 500, Phoenix, AZ 85004, USA","Phoenix, AZ"
Next Gen Coating & Roofing Systems,roofing company,http://nextgen-az.com/,(602) 908-4210,"4914 E McDowell Rd #101, Phoenix, AZ 85008, USA","Phoenix, AZ"
Real Roofing,roofing company,https://www.realroofingofficial.com/roofing-company/phoenix,(928) 588-6005,"2325 E Camelback Rd Ste 400 office 467, Phoenix, AZ 85016, USA","Phoenix, AZ"
Arizona Roof Rescue,roofing company,https://www.arizonaroofrescue.com/,(602) 242-2706,"8646 W Glendale Ave, Glendale, AZ 85305, USA","Phoenix, AZ"
Tip Top Roofing Service,roofing company,https://tiptoproofingservice.com/?utm_source=google&utm_medium=organic&utm_campaign=gmb&utm_content=website_click,(480) 877-1643,"6830 E 5th Ave Ste 205, Scottsdale, AZ 85251, USA","Phoenix, AZ"
Pinnacle Roofing,roofing company,https://www.pinnacleroofingaz.com/?utm_source=gbp,(623) 792-5497,"1518 W Knudsen Dr Ste 100, Phoenix, AZ 85027, USA","Phoenix, AZ"
Global Roofing Group,roofing company,https://roofing.global.inc/?_gl=1*7ssu3i*_ga*MTU3MDAyNDE0NC4xNzcxOTYxOTQz*_ga_5TJQYBDK24*czE3ODI4NjA1MjMkbzE1JGcxJHQxNzgyODYwNTQ2JGozNyRsMCRoMA..,(480) 752-8550,"2401 E Magnolia St, Phoenix, AZ 85034, USA","Phoenix, AZ"
Pioneer Roofing Co,roofing company,http://www.pioneer-roofing.com/,(602) 944-2696,"9221 N 15th Ave, Phoenix, AZ 85021, USA","Phoenix, AZ"
Classic Roofing LLC,roofing company,http://www.classicroofingaz.com/,(602) 442-5550,"2744 W Virginia Ave, Phoenix, AZ 85009, USA","Phoenix, AZ"
Gorman Roofing Services,roofing company,https://gormanroofing.com/,(602) 262-2423,"2229 E University Dr, Phoenix, AZ 85034, USA","Phoenix, AZ"
Trademark Roofing,roofing company,http://trademarkroofingaz.com/,(602) 361-7618,"2942 N 24th St Unit 114, Phoenix, AZ 85016, USA","Phoenix, AZ"
The Repair Guys L.L.C.,roofing company,,(602) 501-7653,"4022 E Greenway Rd Rm # 11, Phoenix, AZ 85032, USA","Phoenix, AZ"
Preferred Metal Roofing Phoenix,roofing company,https://metalroofingphoenixaz.com/,(480) 660-8428,"4039 W Tonto St, Phoenix, AZ 85009, USA","Phoenix, AZ"
Boost Roofing,roofing company,http://boostroofing.com/,(480) 602-4277,"1979 E Rio Salado Pkwy, Tempe, AZ 85288, USA","Phoenix, AZ"
"ROOFING COMPANY IN Phoenix, AZ",roofing company,https://www.roofinginphoenixaz.com/about-us,(602) 603-4411,"4150 W Peoria Ave, Phoenix, AZ 85029, USA","Phoenix, AZ"
Ultimate Roofing Phoenix,roofing company,https://essentialroofingguys.com/phoenix-az,(602) 610-0803,"4730 E Warner Rd #8, Phoenix, AZ 85044, USA","Phoenix, AZ"
Western States Metal Roofing,roofing company,https://www.westernstatesmetalroofing.com/,(877) 787-5467,"901 W Watkins St, Phoenix, AZ 85007, USA","Phoenix, AZ"
"Capstone Roofing, LLC",roofing company,http://www.capstoneroofingaz.com/?utm_source=google&utm_medium=organic&utm_campaign=gbp,(602) 486-0763,"1801 Grand Ave, Phoenix, AZ 85007, USA","Phoenix, AZ"
German Roofing,roofing company,https://germanroofing.com/,(480) 370-0300,"511 S Miller St, Mesa, AZ 85204, USA","Phoenix, AZ"
Arizona Professional Roofing & Construction,roofing company,,(602) 312-2863,"2404 W Turney Ave, Phoenix, AZ 85015, USA","Phoenix, AZ"
Phoenix Pro Roofing,roofing company,http://www.phoenixproroofing.com/,(602) 818-0983,"1201 N 54th Ave Ste 105, Phoenix, AZ 85043, USA","Phoenix, AZ"
Castile Roofing,roofing company,http://castileroofing.com/,(602) 687-7282,"2821 W Van Buren St B, Phoenix, AZ 85009, USA","Phoenix, AZ"
25th Street Automotive,auto repair shop,http://www.25thstreetautomotive.com/,(602) 955-2637,"4112 N 25th St, Phoenix, AZ 85016, USA","Phoenix, AZ"
Thunderbird Automotive Specialists,auto repair shop,https://www.tbirdauto.com/,(602) 962-9282,"3502 W Thunderbird Rd, Phoenix, AZ 85053, USA","Phoenix, AZ"
Half Price Auto Repair & Performance,auto repair shop,https://hpautorepair.com/,(623) 848-1970,"7329 W Indian School Rd, Phoenix, AZ 85033, USA","Phoenix, AZ"
Virginia Auto Service,auto repair shop,https://virginiaautoservice.com/?utm_campaign=gmb&utm_medium=gmb&utm_source=google,(602) 266-0200,"386 E Virginia Ave, Phoenix, AZ 85004, USA","Phoenix, AZ"
Phoenix Auto Repair & Body Shop,auto repair shop,,(480) 690-8998,"2621 N 24th St, Phoenix, AZ 85008, USA","Phoenix, AZ"
Alexanders Auto Repair,auto repair shop,https://www.alexandersautorepair.com/,(602) 956-3781,"3310 E Thomas Rd, Phoenix, AZ 85018, USA","Phoenix, AZ"
Half Price Auto Repair & Performance,auto repair shop,https://hpautorepair.com/,(480) 686-8125,"3800 N 7th St, Phoenix, AZ 85014, USA","Phoenix, AZ"
Martin's Auto Repair,auto repair shop,http://www.martinsautorepair.com/,(602) 266-5755,"3636 N 16th St, Phoenix, AZ 85016, USA","Phoenix, AZ"
Central Car Care,auto repair shop,https://www.centralcarcareaz.com/,(602) 905-7773,"301 E Dunlap Ave, Phoenix, AZ 85020, USA","Phoenix, AZ"
Perez Auto Repair,auto repair shop,https://perezautorepairs.com/,(602) 269-3576,"429 S 35th Ave, Phoenix, AZ 85009, USA","Phoenix, AZ"
3A Automotive & Diesel Repair,auto repair shop,https://www.3aautorepair.com/,(602) 704-5658,"1539 W Hatcher Rd, Phoenix, AZ 85021, USA","Phoenix, AZ"
Autocare Air Conditioning & Auto Repair,auto repair shop,http://www.autocareacandbrakeinc.com/,(602) 569-0871,"4223 E Bell Rd, Phoenix, AZ 85032, USA","Phoenix, AZ"
Half Price Auto Repair & Performance,auto repair shop,https://hpautorepair.com/,(602) 888-2277,"9666 N Cave Creek Rd, Phoenix, AZ 85020, USA","Phoenix, AZ"
Gemba Automotive,auto repair shop,https://www.gembaautomotive.com/auto-repair-shop-phoenix-az?utm_source=GMB-Web&utm_medium=GMB&utm_campaign=GMB-Web,(480) 568-1648,"1451 N 32nd St, Phoenix, AZ 85008, USA","Phoenix, AZ"
The Auto Shop,auto repair shop,https://phoenixautoshop.com/,(602) 256-6164,"1705 E Jefferson St, Phoenix, AZ 85034, USA","Phoenix, AZ"
AZ Auto Repair and Body,auto repair shop,https://azautorepairandbody.com/,(480) 859-8795,"3016 W Van Buren St, Phoenix, AZ 85009, USA","Phoenix, AZ"
Johnston's Phoenix Auto Repair & Service,auto repair shop,https://johnstonsautomotive.com/,(602) 381-0448,"3445 N 24th St, Phoenix, AZ 85016, USA","Phoenix, AZ"
Hi-Tech Car Care,auto repair shop,http://hi-techcarcare.com/,(602) 224-0941,"3636 N 16th St, Phoenix, AZ 85016, USA","Phoenix, AZ"
AAA 7th Street Auto Repair Center,auto repair shop,https://mwg.aaa.com/agent-office-locations/az/phoenix/aaa-phoenix-7th-street-auto-repair-center,(602) 296-0910,"5827 N 7th St, Phoenix, AZ 85014, USA","Phoenix, AZ"
Millennium Auto Repair,auto repair shop,https://millenniumautorepair.com/,(602) 277-0601,"1843 West Campbell Ave, Phoenix, AZ 85015, USA","Phoenix, AZ"
North Mountain Auto Repair,auto repair shop,http://northmountainauto.com/,(602) 641-5571,"15038 N Cave Creek Rd, Phoenix, AZ 85032, USA","Phoenix, AZ"
Tony's Auto Service Center,auto repair shop,http://tonysautoservicecenter.com/,(480) 945-7788,"5602 E Thomas Rd, Phoenix, AZ 85018, USA","Phoenix, AZ"
Eagle Auto Repair,auto repair shop,https://www.eagleautorepair.net/,(602) 992-8787,"12614 N Cave Creek Rd #105, Phoenix, AZ 85022, USA","Phoenix, AZ"
Scott's Automotive & Tire of Phoenix,auto repair shop,https://scottsauto.com/locations/phoenix/,(602) 731-2245,"5126 N 7th St, Phoenix, AZ 85014, USA","Phoenix, AZ"
Arizona Auto Repair,auto repair shop,http://www.arizonaautomotiverepair.com/,(602) 272-7115,"2801 N 35th Ave, Phoenix, AZ 85009, USA","Phoenix, AZ"
Next Generation Auto and Emissions Repair,auto repair shop,http://www.nextgenerationautorepair.com/,(602) 999-7519,"1720 E Deer Valley Dr STE 103, Phoenix, AZ 85024, USA","Phoenix, AZ"
Miller Auto Repair Shop,auto repair shop,https://www.millerautorepairshop.com/,(602) 870-4229,"11441 N 19th Ave, Phoenix, AZ 85029, USA","Phoenix, AZ"
Jake's Auto Repair,auto repair shop,https://www.jakesautorepair.net/,(602) 246-4900,"2516 W Bethany Home Rd, Phoenix, AZ 85017, USA","Phoenix, AZ"
Shadow Mountain Auto Service,auto repair shop,http://www.shadowmountainauto.com/,(602) 482-7100,"10410 N 32nd St, Phoenix, AZ 85028, USA","Phoenix, AZ"
Amc Automotive,auto repair shop,http://amcautomotive.com/,(602) 769-8555,"4632 N 12th St, Phoenix, AZ 85014, USA","Phoenix, AZ"
National Automotive Repair,auto repair shop,http://www.narepair.com/,(480) 462-6199,"2723 W Sweetwater Ave, Phoenix, AZ 85029, USA","Phoenix, AZ"
Simon & Sons Auto Repair,auto repair shop,http://simonandsonsautorepair.com/,(602) 274-1604,"545 E Osborn Rd, Phoenix, AZ 85012, USA","Phoenix, AZ"
Jimmy G's Automotive - Full-Service Auto Repair,auto repair shop,https://jimmygsautomotive.com/,(480) 599-5111,"17217 N Tatum Blvd, Phoenix, AZ 85032, USA","Phoenix, AZ"
Toydoc Auto,auto repair shop,http://www.toydocauto.com/,(602) 321-3990,"2124 E Van Buren St Bldg 1, Phoenix, AZ 85006, USA","Phoenix, AZ"
Mike's Auto Repair,auto repair shop,http://www.mikesautorepairphoenix.com/,(602) 265-9928,"1302 E Indian School Rd, Phoenix, AZ 85014, USA","Phoenix, AZ"
One Stop Auto Repair,auto repair shop,https://phoenixautorepairaz.com/,(602) 595-9767,"22028 N 19th Ave Ste B, Phoenix, AZ 85027, USA","Phoenix, AZ"
Handyman Mobile Auto LLC,auto repair shop,http://handymanmobileautollc.square.site/,(623) 313-1588,"2130 E Fairmount Ave, Phoenix, AZ 85016, USA","Phoenix, AZ"
Phoenix Autoworks LLC,auto repair shop,https://phoenix-autoworks.com/,(602) 918-7135,"401 W Deer Valley Rd, Phoenix, AZ 85027, USA","Phoenix, AZ"
Sun Devil Auto,auto repair shop,https://www.sundevilauto.com/locations/az/phoenix/auto-repair-202-w-van-buren-st?utm_source=local_listing&utm_medium=organic&utm_campaign=store_1202,(602) 536-7346,"202 W Van Buren St, Phoenix, AZ 85003, USA","Phoenix, AZ"
Back To Basic Automotive,auto repair shop,,(602) 253-7550,"918 W Jefferson St, Phoenix, AZ 85007, USA","Phoenix, AZ"
Don's Automotive Shop,auto repair shop,http://donsautomotiveshop.com/,(623) 247-6282,"7740 W Indian School Rd #3B, Phoenix, AZ 85033, USA","Phoenix, AZ"
Import Car Specialists,auto repair shop,https://importcarspecialists.com/?utm_campaign=gmb&utm_medium=gmb&utm_source=google,(602) 461-7264,"1640 E Indian School Rd, Phoenix, AZ 85016, USA","Phoenix, AZ"
Anthem Automotive | Auto Repair Shop,auto repair shop,http://www.anthemautomotive.com/?y_source=1_MTIyMTM3NDgtNzE1LWxvY2F0aW9uLndlYnNpdGU%3D,(623) 547-5255,"21837 N 27th Ave, Phoenix, AZ 85027, USA","Phoenix, AZ"
Helping Hand Automotive Repair Services,auto repair shop,http://helpinghandautorepair.com/,(602) 770-9822,"10042 N Cave Creek Rd, Phoenix, AZ 85020, USA","Phoenix, AZ"
Tony's Service Center,auto repair shop,http://www.tonysservicecenter.com/,(602) 264-9866,"5352 N 16th St, Phoenix, AZ 85016, USA","Phoenix, AZ"
AAA Phoenix East Thomas Auto Repair Center,auto repair shop,https://mwg.aaa.com/agent-office-locations/az/phoenix/aaa-phoenix-east-thomas-auto-repair-center,(602) 639-9199,"3638 E Thomas Rd, Phoenix, AZ 85018, USA","Phoenix, AZ"
Lopez Auto Services LLC,auto repair shop,,(602) 254-5220,"2813 E McDowell Rd, Phoenix, AZ 85008, USA","Phoenix, AZ"
South Phoenix Automotive,auto repair shop,http://southphxauto.com/,(623) 282-7643,"6823 S 9th Ave, Phoenix, AZ 85041, USA","Phoenix, AZ"
D'Auto Boys,auto repair shop,http://www.dautoboys.com/,(480) 590-3521,"4350 S 38th St Suite 170, Phoenix, AZ 85040, USA","Phoenix, AZ"
Bryden's Auto Service,auto repair shop,https://www.brydensauto.com/,(602) 275-0291,"2730 E McDowell Rd Ste 1, Phoenix, AZ 85008, USA","Phoenix, AZ"
Louie’s Mobile Auto Repair,auto repair shop,,(657) 330-0895,"2317 E Chipman Rd, Phoenix, AZ 85040, USA","Phoenix, AZ"
Action Auto Repair,auto repair shop,http://www.actionautorepairaz.com/,(623) 582-2982,"2618 W Deer Valley Rd, Phoenix, AZ 85027, USA","Phoenix, AZ"
Tran's Auto Repair,auto repair shop,http://trans-auto-repair.edan.io/,(602) 841-5662,"3023 N 16th St, Phoenix, AZ 85016, USA","Phoenix, AZ"
Wilhelm Automotive,auto repair shop,https://www.wilhelmautomotive.com/locations/az/phoenix/auto-repair-5211-e-thomas-road?utm_source=local_listing&utm_medium=organic&utm_campaign=store_1156,(480) 618-5489,"5211 E Thomas Rd, Phoenix, AZ 85018, USA","Phoenix, AZ"
RAFI AUTO REPAIR,auto repair shop,,(602) 775-4492,"438 N 16th St, Phoenix, AZ 85006, USA","Phoenix, AZ"
"Advanced Automotive, Inc.",auto repair shop,http://advautoaz.com/,(623) 780-9443,"2016 W Adobe Dr, Phoenix, AZ 85027, USA","Phoenix, AZ"
Randy's Downtown Garage,auto repair shop,https://www.randysdowntown.com/,(602) 274-0644,"1901 E Indian School Rd, Phoenix, AZ 85016, USA","Phoenix, AZ"
Jacks Automotive Services,auto repair shop,,(602) 273-0717,"2623 E McDowell Rd, Phoenix, AZ 85008, USA","Phoenix, AZ"
Ortega's Auto Repair,auto repair shop,http://ortega-s-auto-repair.slue.io/,(602) 253-6625,"105 W Hilton Ave, Phoenix, AZ 85003, USA","Phoenix, AZ"
Kelly Clark Automotive Specialists,auto repair shop,http://www.kellyclark.com/,(602) 274-1394,"1201 E Glendale Ave, Phoenix, AZ 85020, USA","Phoenix, AZ"
Downtown Phoenix Dental,dental office,https://www.downtownphoenixdental.com/?utm_source=google&utm_medium=google_business_profile&utm_campaign=website_click,(602) 626-7952,"111 W Monroe St Unit 131, Phoenix, AZ 85003, USA","Phoenix, AZ"
Arizona Biltmore Dentistry,dental office,https://www.arizonabiltmoredentistry.com/?utm_campaign=gmb,(602) 737-3624,"2777 E Camelback Rd suite 101, Phoenix, AZ 85016, USA","Phoenix, AZ"
Downtown Smiles Phoenix Dental Care,dental office,http://downtownsmilesphx.com/,(602) 566-9005,"45 W Jefferson St Ste L, Phoenix, AZ 85003, USA","Phoenix, AZ"
Dental on Central,dental office,https://www.dentaloncentral.com/,(602) 266-1776,"5133 N Central Ave Ste 102, Phoenix, AZ 85012, USA","Phoenix, AZ"
Smile Dental Clinics,dental office,https://www.smiledentalclinics.com/,(623) 257-7475,"7102 W Thomas Rd, Phoenix, AZ 85033, USA","Phoenix, AZ"
Open Wide Dental,dental office,https://openwidedentalaz.com/?utm_source=GMBListing&utm_medium=Organic,(602) 806-9999,"6520 N 7th Ave Suite 1, Phoenix, AZ 85013, USA","Phoenix, AZ"
Biltmore Dental Center,dental office,https://www.biltmoredentalcenter.com/?y_source=1_MjAxMjkzOTY4NS03MTUtbG9jYXRpb24ud2Vic2l0ZQ%3D%3D,(602) 954-8200,"4202 N 32nd St Ste b, Phoenix, AZ 85018, USA","Phoenix, AZ"
Desert Sky Family Dental,dental office,https://www.skydentalaz.com/phoenix-locations/desert-sky/,(602) 833-1560,"7620 W Thomas Rd #102, Phoenix, AZ 85033, USA","Phoenix, AZ"
Healing Dentistry Dental clinic,dental office,http://healingdentistry.com/,(602) 362-8370,"125 W McDowell Rd, Phoenix, AZ 85003, USA","Phoenix, AZ"
Life Smiles Dental Care,dental office,https://www.lifesmilesdentalcare.com/,(602) 786-5484,"4611 E Shea Blvd Ste 250, Phoenix, AZ 85028, USA","Phoenix, AZ"
AZ Family Dental - Phoenix,dental office,https://www.azfd.com/locations/phoenix/,(602) 844-2431,"1820 W Thunderbird Rd #1, Phoenix, AZ 85023, USA","Phoenix, AZ"
Biltmore Commons Dental Care,dental office,https://www.biltmorecommonsdental.com/?utm_source=google&utm_medium=organic&utm_campaign=gmb,(602) 663-9919,"1277 E Missouri Ave #217, Phoenix, AZ 85014, USA","Phoenix, AZ"
Anytime Dental,dental office,https://www.anytimedentalphx.com/?utm_campaign=gmb,(602) 207-8528,"10 W Adams St, Phoenix, AZ 85003, USA","Phoenix, AZ"
Thomas Dental,dental office,https://thomasdentalphx.com/?utm_source=google.com&utm_medium=business+profile&utm_campaign=,(623) 455-6668,"2546 E Thomas Rd, Phoenix, AZ 85016, USA","Phoenix, AZ"
Family Dental Phoenix,dental office,https://www.familydentalphx.com/,(602) 864-1119,"2401 W Glendale Ave Ste 102, Phoenix, AZ 85021, USA","Phoenix, AZ"
Central Dental,dental office,https://www.centraldentalaz.com/,(480) 808-9494,"5821 S Central Ave, Phoenix, AZ 85040, USA","Phoenix, AZ"
North Central Family Dentistry,dental office,https://www.ncfdentistry.com/,(602) 242-2576,"5225 N Central Ave #102, Phoenix, AZ 85012, USA","Phoenix, AZ"
Bell Road Dental Care of Phoenix,dental office,https://www.bellroaddentalcare.com/,(602) 404-3483,"702 E Bell Rd #118, Phoenix, AZ 85022, USA","Phoenix, AZ"
Paradise Ridge Dentistry,dental office,https://phoenixarizonadentistry.com/,(602) 313-3947,"15433 N Tatum Blvd #200, Phoenix, AZ 85032, USA","Phoenix, AZ"
Risas Dental and Braces - Phoenix Central,dental office,https://risasdental.com/locations/az/phoenix/4501-n-7th-st/,(602) 845-5730,"4501 N 7th St, Phoenix, AZ 85014, USA","Phoenix, AZ"
Dental Home Family Dentistry Phoenix,dental office,https://www.dentalhomeaz.com/,(602) 863-3000,"720 E Thunderbird Rd #2, Phoenix, AZ 85022, USA","Phoenix, AZ"
Brighter Way Dental Center,dental office,https://www.brighterwaydentalcenter.org/,(602) 362-0744,"1300 W Harrison St, Phoenix, AZ 85007, USA","Phoenix, AZ"
On Pointe Dentistry,dental office,https://opdaz.com/?utm_source=GMBListing&utm_medium=Organic,(602) 737-1497,"750 E Thunderbird Rd #4, Phoenix, AZ 85022, USA","Phoenix, AZ"
"We Care Dental Phoenix, AZ",dental office,https://www.wecaredentalaz.com/,(602) 755-1671,"2525 W Greenway Rd Ste 220, Phoenix, AZ 85023, USA","Phoenix, AZ"
Dental Specialty Associates,dental office,https://www.arizonadentalspecialists.com/?utm_campaign=gmb,(602) 962-7558,"4216 N 44th St, Phoenix, AZ 85018, USA","Phoenix, AZ"
Phoenix Family Dentistry,dental office,https://www.phoenixfamilydentistry.com/,(602) 547-9007,"13821 N 35th Dr Ste. 2, Phoenix, AZ 85053, USA","Phoenix, AZ"
19th Ave Dental Care,dental office,https://www.19avedentalcare.com/,(602) 433-0313,"5225 N 19th Ave Ste c, Phoenix, AZ 85015, USA","Phoenix, AZ"
Radiant Smiles Phoenix,dental office,https://www.radiantsmilesphoenix.com/?link=gmb,(602) 277-2222,"380 E Virginia Ave, Phoenix, AZ 85004, USA","Phoenix, AZ"
Westwind Dental Phoenix,dental office,https://www.westwindintegratedhealth.com/?utm_source=phoenix-listing&utm_medium=gmb&utm_campaign=seo&utm_content=website-link,(480) 470-8781,"3019 N 35th Ave, Phoenix, AZ 85017, USA","Phoenix, AZ"
Phoenix Premier Dental,dental office,https://phoenixpremierdental.com/?utm_source=gmb&utm_medium=organic&utm_campaign=gmb-listing&utm_id=listing,(623) 281-0378,"3201 W Peoria Ave d709, Phoenix, AZ 85029, USA","Phoenix, AZ"
All Smiles Dental Care - Phoenix,dental office,https://allsmilesaz.net/,(602) 960-9130,"4726 E Thomas Rd, Phoenix, AZ 85018, USA","Phoenix, AZ"
Weekend Dental Care,dental office,https://www.weekend-dentalcare.com/,(602) 466-3001,"4202 N 32nd St Ste E, Phoenix, AZ 85018, USA","Phoenix, AZ"
Phoenix Comprehensive Dentistry,dental office,https://www.smilepcd.com/,(602) 861-1245,"7227 N Dreamy Draw Dr Ste 4, Phoenix, AZ 85020, USA","Phoenix, AZ"
Central Valley Dentistry & Implants,dental office,https://www.centralvalleydentistry.com/?utm_campaign=gmb&utm_medium=organic&utm_source=gmb,(602) 246-0385,"6232 N 7th St Unit 201, Phoenix, AZ 85014, USA","Phoenix, AZ"
Highland Dental Studio Phoenix,dental office,https://www.highlanddentalstudioaz.com/?utm_source=google.com&utm_medium=business+profile&utm_campaign=,(602) 858-3028,"740 E Highland Ave #200, Phoenix, AZ 85014, USA","Phoenix, AZ"
Arizona Family Dentistry,dental office,https://azfamilysmiles.com/?utm_source=Gmb&utm_medium=organic&utm_campaign=listing,(602) 902-0003,"7625 W Lower Buckeye Rd #130, Phoenix, AZ 85043, USA","Phoenix, AZ"
Phoenix Dental Design,dental office,https://phoenixdentaldesign.com/,(602) 956-2241,"1440 E Missouri Ave #125, Phoenix, AZ 85014, USA","Phoenix, AZ"
Brookstone Dental Care - Phoenix,dental office,https://brookstoneaz.com/?utm_source=GMB&utm_medium=Organic&utm_campaign=GMBListing,(602) 992-1639,"16421 N Tatum Blvd #202, Phoenix, AZ 85032, USA","Phoenix, AZ"
Encanto Family Dental Care,dental office,https://www.encantofamilyaz.com/,(602) 666-9961,"1525 W Thomas Rd, Phoenix, AZ 85015, USA","Phoenix, AZ"
24th Street Dental Biltmore,dental office,https://www.24streetdentalphoenix.com/?utm_source=google&utm_medium=organic&utm_campaign=gbp,(602) 468-1135,"4020 N 24th St #120, Phoenix, AZ 85016, USA","Phoenix, AZ"
Able Dental,dental office,https://abledental.com/,(602) 275-2020,"2229 E McDowell Rd, Phoenix, AZ 85006, USA","Phoenix, AZ"
Arcadia Dental Group,dental office,http://www.arcadiadentalgroup.com/,(602) 954-2177,"4840 E Indian School Rd #107, Phoenix, AZ 85018, USA","Phoenix, AZ"
Imagine Dental Central Phoenix,dental office,https://imaginedentalarizona.com/,(480) 470-9016,"650 W Maryland Ave Ste 2, Phoenix, AZ 85013, USA","Phoenix, AZ"
Southern Dental,dental office,https://www.laveendentist.com/,(602) 305-8800,"3320 W Southern Ave Ste 111, Phoenix, AZ 85041, USA","Phoenix, AZ"
Emergency Dental of Phoenix,dental office,https://emergencydentalofphoenix.com/,(480) 426-8411,"4910 E Greenway Rd Suite 7, Scottsdale, AZ 85254, USA","Phoenix, AZ"
WALK IN - SAME DAY Treatment Dental,dental office,https://noappointmentdental.com/,(602) 353-3333,"3901 W McDowell Rd, Phoenix, AZ 85009, USA","Phoenix, AZ"
The Peak Dental (formerly Squaw Peak Dental),dental office,https://www.thepeakdental.com/?utm_campaign=gmb,(602) 997-6440,"1747 E Morten Ave Ste 301, Phoenix, AZ 85020, USA","Phoenix, AZ"
McDowell Road Family Dentistry,dental office,http://www.1010mrd.com/,(602) 256-0605,"1010 E McDowell Rd Ste LL3, Phoenix, AZ 85006, USA","Phoenix, AZ"
Highrise Dental,dental office,https://highrisedental.com/,(602) 230-1161,"3003 N Central Ave #630, Phoenix, AZ 85012, USA","Phoenix, AZ"
Arizona Dental,dental office,https://arizonadental.com/,(602) 788-4040,"3010 E Cactus Rd, Phoenix, AZ 85032, USA","Phoenix, AZ"
Advanced Dental Health,dental office,https://www.adhaz.com/,(480) 405-0300,"4350 E Ray Rd Ste 105, Phoenix, AZ 85044, USA","Phoenix, AZ"
Clear Sky Dental Care Phoenix,dental office,https://www.clearskydentalcare.com/,(602) 833-0170,"4011 W McDowell Rd, Phoenix, AZ 85009, USA","Phoenix, AZ"
Artistic Dental at the biltmore,dental office,https://artisticd.com/,(602) 840-5400,"2333 E Campbell Ave, Phoenix, AZ 85016, USA","Phoenix, AZ"
Agave Dental,dental office,https://agavedental.com/,(602) 957-2411,"4235 N 32nd St C, Phoenix, AZ 85018, USA","Phoenix, AZ"
Diamond Dental,dental office,https://diamonddentalphx.com/,(602) 900-1100,"6231 S Central Ave, Phoenix, AZ 85042, USA","Phoenix, AZ"
Southern Sky Dental,dental office,https://skydentalaz.com/phoenix-locations/desert-sierra-southern/#southern,(602) 268-0006,"3515 W Southern Ave Ste 152, Phoenix, AZ 85041, USA","Phoenix, AZ"
Primary Care Dentistry,dental office,http://primarycaredentistry.com/,(602) 232-1980,"1423 N 16th St, Phoenix, AZ 85006, USA","Phoenix, AZ"
West Portland Dental,dental office,https://www.westportlanddental.com/,(602) 580-0414,"100 W Portland St #104, Phoenix, AZ 85003, USA","Phoenix, AZ"
Affordable Dentures & Implants,dental office,https://www.affordabledentures.com/locations/az/phoenix-bethany-home?utm_source=GMB&utm_medium=Organic_Listing&utm_campaign=34234,(602) 563-6281,"2316 W Bethany Home Rd #101, Phoenix, AZ 85015, USA","Phoenix, AZ"
Westwind Dental Downtown,dental office,https://www.westwindintegratedhealth.com/?utm_source=downtown-phoenix-listing&utm_medium=gmb&utm_campaign=seo&utm_content=website-link,(602) 878-4584,"3806 N 3rd St, Phoenix, AZ 85012, USA","Phoenix, AZ"
Phoenix Veterinary Center,veterinary clinic,http://phoenixvetcenter.com/,(602) 559-5500,"3220 E Baseline Rd #113, Phoenix, AZ 85042, USA","Phoenix, AZ"
North Kenilworth Veterinary Care,veterinary clinic,https://www.northkenilworthvet.com/,(602) 374-3091,"342 W McDowell Rd, Phoenix, AZ 85003, USA","Phoenix, AZ"
West Phoenix Veterinary Hospital,veterinary clinic,http://westphoenixvet.com/,(602) 666-1289,"6530 W Indian School Rd, Phoenix, AZ 85033, USA","Phoenix, AZ"
North Phoenix Animal Clinic,veterinary clinic,https://northphoenixanimalclinic.com/,(928) 597-6722,"1610 E Bell Rd #108, Phoenix, AZ 85022, USA","Phoenix, AZ"
Central Phoenix Animal Hospital,veterinary clinic,http://www.centralphoenixanimalhospital.com/,(602) 277-5155,"25 W Thomas Rd, Phoenix, AZ 85013, USA","Phoenix, AZ"
Vida Vet Clinic,veterinary clinic,https://vidavetclinic.com/,(602) 345-1876,"6045 S Central Ave, Phoenix, AZ 85040, USA","Phoenix, AZ"
Blue Cross Veterinary Clinic,veterinary clinic,https://www.bluecrossvetltd.com/?utm_source=gbp&utm_medium=organic&utm_campaign=BLUEVET,(602) 955-5980,"4111 N 36th St, Phoenix, AZ 85018, USA","Phoenix, AZ"
ArkVets,veterinary clinic,https://www.arkvets.com/centralphoenix,(602) 848-2200,"6107 N 7th St, Phoenix, AZ 85014, USA","Phoenix, AZ"
Animal Care Hospital of Phoenix,veterinary clinic,https://azvet.com/,(602) 955-5757,"3131 E Thomas Rd, Phoenix, AZ 85016, USA","Phoenix, AZ"
VetMED Emergency & Specialty Veterinary Hospital,veterinary clinic,http://www.vetmedaz.com/?utm_source=gmb&utm_medium=organic&y_source=1_MjkzNDQyODEtNzE1LWxvY2F0aW9uLndlYnNpdGU%3D,(602) 697-4694,"20612 N Cave Creek Rd, Phoenix, AZ 85024, USA","Phoenix, AZ"
Alta Vista Veterinary Hospital,veterinary clinic,http://www.altavistavet.com/,(602) 277-1464,"4706 N 7th Ave, Phoenix, AZ 85013, USA","Phoenix, AZ"
Phoenix Dog Cat Bird Hospital,veterinary clinic,https://www.phxveterinarian.com/,(602) 274-0561,"3418 N 7th Ave, Phoenix, AZ 85013, USA","Phoenix, AZ"
Arizona Humane Society Veterinary Clinic at South Mountain Campus,veterinary clinic,https://www.azhumane.org/veterinary-services/veterinary-clinic-locations/margaret-mcallister-brock-veterinary-clinic/,(602) 997-7585 ext. 4000,"1521 W Dobbins Rd, Phoenix, AZ 85041, USA","Phoenix, AZ"
Arizona Humane Society Veterinary Clinic at Sunnyslope Campus,veterinary clinic,https://www.azhumane.org/veterinary-services/veterinary-clinic-locations/marge-wright-veterinary-clinic/,(602) 997-7585 ext. 4001,"1311 W Hatcher Rd, Phoenix, AZ 85021, USA","Phoenix, AZ"
East Maryland Animal Hospital,veterinary clinic,https://www.eastmarylandah.com/?utm_source=gmb&utm_medium=organic&y_source=1_MTE2Njg2MjItNzE1LWxvY2F0aW9uLndlYnNpdGU%3D,(602) 279-7366,"529 E Maryland Ave, Phoenix, AZ 85012, USA","Phoenix, AZ"
Camelback Animal Clinic,veterinary clinic,https://www.camelbackanimalcenterphoenix.com/,(602) 595-4020,"1025 E Camelback Rd, Phoenix, AZ 85014, USA","Phoenix, AZ"
Lovet Pet Health Care - Madison,veterinary clinic,https://www.lovet.com/locations/az/phoenix/539-e-glendale-avenue/,(602) 358-7815,"539 E Glendale Ave #1, Phoenix, AZ 85020, USA","Phoenix, AZ"
Christown Animal Hospital,veterinary clinic,https://christownanimalhospital.com/,(602) 246-7351,"5103 N 19th Ave, Phoenix, AZ 85015, USA","Phoenix, AZ"
Desert View Animal Hospital,veterinary clinic,http://www.dvah.com/?utm_campaign=gmb,(602) 691-7759,"4635 E Thomas Rd, Phoenix, AZ 85018, USA","Phoenix, AZ"
Veterinary Emergency Group,veterinary clinic,https://www.veg.com/locations/arizona/phoenix?utm_source=organic_google&utm_medium=gbp_link&utm_campaign=locations_page&utm_content=phoenix,(602) 671-0331,"2196 E Camelback Rd, Phoenix, AZ 85016, USA","Phoenix, AZ"
Low Cost Veterinary Surgery Clinic of Scottsdale,veterinary clinic,https://lowcostvetscottsdale.com/?utm_source=google&utm_medium=organic_local&utm_campaign=gmb_profilettsdaleveterinaryclinic.com/?utm_source=google&utm_medium=organic_local&utm_campaign=gmb_profile,(480) 874-3647,"6835 E Thomas Rd, Scottsdale, AZ 85251, USA","Phoenix, AZ"
Canyon Animal Hospital,veterinary clinic,http://canyonanimalhospitalphoenix.com/,(602) 971-9651,"15411 N 31st St, Phoenix, AZ 85032, USA","Phoenix, AZ"
Phoenix Veterinary Referral & Emergency Center,veterinary clinic,https://phoenixvrec.com/,(480) 264-9715,"4015 E Cactus Rd, Phoenix, AZ 85032, USA","Phoenix, AZ"
Arcadia Animal Clinic,veterinary clinic,https://www.facebook.com/ArcadiaAnimalClinic/,(602) 955-0410,"3941 E Meadowbrook Ave, Phoenix, AZ 85018, USA","Phoenix, AZ"
Phoenix Mountain Animal Hospital,veterinary clinic,http://phoenixmountainah.com/?utm_source=gmb&utm_medium=organic,(602) 595-6116,"10685 N 69th St, Scottsdale, AZ 85254, USA","Phoenix, AZ"
Palm Glen Animal Hospital,veterinary clinic,https://www.palmglenanimalhospital.com/?utm_source=gmb&utm_medium=organic&y_source=1_MTE2Njg2MzItNzE1LWxvY2F0aW9uLndlYnNpdGU%3D,(602) 841-1200,"7771 N 43rd Ave, Phoenix, AZ 85051, USA","Phoenix, AZ"
Ingleside Animal Hospital,veterinary clinic,https://www.ingleside.com/?utm_source=gmb&utm_medium=organic,(602) 840-3446,"4855 E Thomas Rd, Phoenix, AZ 85018, USA","Phoenix, AZ"
Squaw Peak Animal Hospital,veterinary clinic,http://squawpeakvet.com/,(602) 553-8855,"3165 E Lincoln Dr #115, Phoenix, AZ 85016, USA","Phoenix, AZ"
1st Pet Veterinary Centers - North Valley,veterinary clinic,https://1stpetvet.com/locations/north-valley-az/,(623) 849-0700,"18453 N 7th Ave, Phoenix, AZ 85023, USA","Phoenix, AZ"
Laveen Veterinary Center,veterinary clinic,https://www.laveenvetcenter.com/,(602) 559-9600,"7700 S 43rd Ave, Laveen Village, AZ 85339, USA","Phoenix, AZ"
SNiP Vet - Spay Neuter in Phoenix,veterinary clinic,http://snip.vet/,(623) 887-7647,"2330 W Happy Valley Rd #1027, Phoenix, AZ 85085, USA","Phoenix, AZ"
VCA Mountain View Animal Hospital,veterinary clinic,https://vcahospitals.com/mountain-view?utm_source=maps&utm_medium=organic&utm_campaign=AU_475,(602) 861-1355,"9812 N 7th St, Phoenix, AZ 85020, USA","Phoenix, AZ"
Sonoran Foothills Pet Clinic,veterinary clinic,https://sonoranfoothillspetclinic.com/,(623) 236-8993,"34406 N 27th Dr Ste 100, Phoenix, AZ 85085, USA","Phoenix, AZ"
24 Hour Emergency Vet,veterinary clinic,http://az24hourvet.com/contact/,(480) 945-8484,"7311 E Thomas Rd Ste 100, Scottsdale, AZ 85251, USA","Phoenix, AZ"
ArkVets,veterinary clinic,https://www.arkvets.com/northphoenix,(602) 858-0581,"3719 E Bell Rd, Phoenix, AZ 85032, USA","Phoenix, AZ"
Harmony Veterinary Hospital,veterinary clinic,http://www.harmonyvethospital.com/,(602) 249-1900,"1745 W Glendale Ave, Phoenix, AZ 85021, USA","Phoenix, AZ"
Pet Urgent Care,veterinary clinic,http://www.petvetdoc.com/,(602) 687-7761,"20811 N Cave Creek Rd Ste 105, Phoenix, AZ 85024, USA","Phoenix, AZ"
Exotic Pet Vets (Phoenix),veterinary clinic,https://theexoticpetvets.com/,(623) 243-5200,"2340 E Beardsley Rd #100, Phoenix, AZ 85024, USA","Phoenix, AZ"
Valet Vet,veterinary clinic,https://valetvet.com/,(602) 806-7218,"2401 W Behrend Dr Suite 85, Phoenix, AZ 85027, USA","Phoenix, AZ"
Lovet Pet Health Care - Bell Ridge,veterinary clinic,https://www.lovet.com/locations/az/phoenix/3539-w-bell-road/,(602) 938-1982,"3539 W Bell Rd #4, Phoenix, AZ 85053, USA","Phoenix, AZ"
Lovet Pet Health Care - Norterra,veterinary clinic,https://www.lovet.com/locations/az/phoenix/2005-w-happy-valley-road/,(602) 845-5930,"2005 W Happy Valley Rd #180, Phoenix, AZ 85085, USA","Phoenix, AZ"
Veterinary Neurological Center,veterinary clinic,http://www.vetneuro.com/,(602) 437-1488,"4202 E Raymond St, Phoenix, AZ 85040, USA","Phoenix, AZ"
Santis Pet Clinic,veterinary clinic,https://www.santisanimalclinic.com/,(623) 247-0003,"6003 W Thomas Rd, Phoenix, AZ 85033, USA","Phoenix, AZ"
Companion Pet Clinic of North Phoenix,veterinary clinic,https://www.companionpetclinicphoenix.com/,(602) 485-0485,"3129 E Cactus Rd, Phoenix, AZ 85032, USA","Phoenix, AZ"
Bell Parkway Veterinary Hospital,veterinary clinic,https://bellparkwayvet.com/,(623) 282-4900,"15495 W Bell Rd Ste 104, Surprise, AZ 85374, USA","Phoenix, AZ"
Midwestern University Companion Animal Clinic,veterinary clinic,https://clinics.midwestern.edu/animal-health-institute/companion-animal-clinic,(623) 806-7387,"5715 W Utopia Rd, Glendale, AZ 85308, USA","Phoenix, AZ"
Arizona Animal Hospital,veterinary clinic,https://www.sagecenters.com/arizonaanimalhospital/?utm_source=gmb&utm_medium=organic&y_source=1_NTc0Mjk4NDMtNzE1LWxvY2F0aW9uLndlYnNpdGU%3D,(480) 686-8083,"31319 N Scottsdale Rd, Scottsdale, AZ 85266, USA","Phoenix, AZ"
ArkVets,veterinary clinic,https://www.arkvets.com/avondale,(623) 877-1088,"10865 W Indian School Rd, Avondale, AZ 85392, USA","Phoenix, AZ"
MedVet Phoenix,veterinary clinic,https://www.medvet.com/location/phoenix/,(623) 522-8904,"10450 N 74th St, Scottsdale, AZ 85258, USA","Phoenix, AZ"
Pet Life Veterinary Clinic,veterinary clinic,http://www.petlifevetclinic.com/,(602) 807-4690,"5940 W Union Hills Dr D170, Glendale, AZ 85308, USA","Phoenix, AZ"
Blue Cross Veterinary Clinic: Bachtel Jeremy DVM,veterinary clinic,https://www.bluecrossvetltd.com/,(602) 955-5980,"4111 N 36th St, Phoenix, AZ 85018, USA","Phoenix, AZ"
AAWL Community Vet Clinic,veterinary clinic,http://aawl.org/,(602) 358-7267,"30 N 40th Pl, Phoenix, AZ 85034, USA","Phoenix, AZ"
Banfield Pet Hospital,veterinary clinic,https://www.banfield.com/locations/veterinarians/az/phoenix/pho?utm_source=yext&utm_medium=yext&utm_campaign=yext&cid=yext_local,(602) 942-4308,"17035 N 7th Ave, Phoenix, AZ 85023, USA","Phoenix, AZ"
PetWellClinic - Central Phoenix,veterinary clinic,https://www.petwellclinic.com/wp/location/central-phoenix/,(602) 497-2230,"742 E Glendale Ave #162, Phoenix, AZ 85020, USA","Phoenix, AZ"
Banfield Pet Hospital,veterinary clinic,https://www.banfield.com/locations/veterinarians/az/phoenix/smt?utm_source=yext&utm_medium=yext&utm_campaign=yext&cid=yext_local,(602) 232-6007,"2475 E Baseline Rd, Phoenix, AZ 85042, USA","Phoenix, AZ"
Happy Endings In Home Pet Euthanasia,veterinary clinic,https://happyendingseuthanasia.com/?utm_source=google&utm_medium=organic&utm_campaign=gmb_listing,(480) 225-3939,"10645 N Tatum Blvd Ste 200 454, Phoenix, AZ 85028, USA","Phoenix, AZ"
Pet Life Veterinary Clinic Paradise Valley,veterinary clinic,https://petlifevetclinic.com/,(602) 992-4560,"3227 E Bell Rd #145, Phoenix, AZ 85032, USA","Phoenix, AZ"
Integrative Vet Oncology,veterinary clinic,http://ivocancercare.com/,(602) 841-0626,"2501 N 32nd St, Phoenix, AZ 85008, USA","Phoenix, AZ"
Phoenix Vets Center,veterinary clinic,http://www.va.gov/directory/guide/facility.asp?ID=380&dnum=All&stateid=AZ&v=1,(602) 640-2981,"4020 N 20th St, Phoenix, AZ 85016, USA","Phoenix, AZ"
Elite Animal Hospital Phoenix,veterinary clinic,,(602) 922-2870,"5820 N 2nd Ave, Phoenix, AZ 85013, USA","Phoenix, AZ"
Handled Home Care,home health agency,https://www.handledcare.com/,(602) 456-5998,"3101 N Central Ave Ste 183 #4461, Phoenix, AZ 85012, USA","Phoenix, AZ"
Arizona Home Care and Infusion,home health agency,https://www.azhomecare.com/,(602) 252-5000,"1626 S Edward Dr, Tempe, AZ 85281, USA","Phoenix, AZ"
Phoenician Home Care,home health agency,https://phoenicianhomecare.com/,(480) 714-9883,"20860 N Tatum Blvd #300, Phoenix, AZ 85050, USA","Phoenix, AZ"
Amedisys Home Health Care,home health agency,https://locations.amedisys.com/az/phoenix/home-health-2707/?utm_source=google&utm_medium=organic&utm_campaign=locallisting,(602) 200-0835,"645 E Missouri Ave Ste 265, Phoenix, AZ 85012, USA","Phoenix, AZ"
Home Instead,home health agency,https://www.homeinstead.com/home-care/usa/az/phoenix/837/?utm_source=google&utm_medium=organic&utm_campaign=google_organic_businesslisting_y,(602) 900-9824,"14231 N 7th St Ste 7B, Phoenix, AZ 85022, USA","Phoenix, AZ"
Nightingale Homecare,home health agency,http://ngcare.com/?utm_campaign=gmb&utm_medium=organic&utm_source=gmblisting,(602) 504-1555,"2411 W Rose Garden Ln Ste 110, Phoenix, AZ 85027, USA","Phoenix, AZ"
Caring Hearts Home Care Services,home health agency,https://www.caringheartsservices.com/?utm_source=google&utm_medium=wix_google_business_profile&utm_campaign=2952944694774188552,(623) 440-4047,"9305 W Thomas Rd #555, Phoenix, AZ 85037, USA","Phoenix, AZ"
FreedomCare ALTCS - Paid Family Care,home health agency,https://www.freedomcare.com/,(480) 741-2048,"300 W Clarendon Ave Ste 317, Phoenix, AZ 85013, USA","Phoenix, AZ"
Sun Valley Home Healthcare,home health agency,http://www.sunvalleyhhc.com/,(602) 584-6150,"19820 N 7th St #230, Phoenix, AZ 85024, USA","Phoenix, AZ"
Connections In Homecare & Communities,home health agency,https://connectionsinhomecare.com/,(602) 708-8626,"3519 E Shea Blvd #102, Phoenix, AZ 85028, USA","Phoenix, AZ"
Haggai Healthcare,home health agency,http://www.haggaihealthcare.com/,(602) 943-5963,"633 E Ray Rd Ste 118, Gilbert, AZ 85296, USA","Phoenix, AZ"
Home Care Resources,home health agency,https://homecareresources.net/?utm_GBP,(602) 443-4700,"7600 N 16th St #200, Phoenix, AZ 85020, USA","Phoenix, AZ"
United Home Health Care Agency,home health agency,,(480) 300-5655,"2828 N Central Ave Ste 806, Phoenix, AZ 85004, USA","Phoenix, AZ"
"Home Instead, Home Care Services of Phoenix",home health agency,https://www.homeinstead.com/home-care/usa/az/phoenix/808/?utm_source=google&utm_medium=organic&utm_campaign=google_organic_businesslisting_y,(602) 858-1703,"1430 E Missouri Ave Ste 200, Phoenix, AZ 85014, USA","Phoenix, AZ"
All Ways Homecare,home health agency,https://allwayshomecareaz.com/,(602) 612-2320,"3811 E Bell Rd #111, Phoenix, AZ 85032, USA","Phoenix, AZ"
BrightStar Care,home health agency,https://www.brightstarcare.com/locations/phoenix-tempe/,(480) 897-1166,"4515 S McClintock Dr #203, Tempe, AZ 85282, USA","Phoenix, AZ"
Integrity Home Health Care Services,home health agency,http://myintegrityhomecare.com/,(602) 997-0500,"4150 W Peoria Ave Ste 112, Phoenix, AZ 85029, USA","Phoenix, AZ"
Aleca Home Health,home health agency,https://alecahealth.com/arizona,(480) 264-4568,"8502 E Princess Dr Ste 200, Scottsdale, AZ 85255, USA","Phoenix, AZ"
Firstat Home Health Services,home health agency,http://www.firstat.com/,(602) 279-0000,"7330 N 16th St #C117, Phoenix, AZ 85020, USA","Phoenix, AZ"
Griswold Home Care for Phoenix,home health agency,https://www.griswoldcare.com/phoenix/,(480) 719-2696,"15255 N 40th St Ste 115, Phoenix, AZ 85032, USA","Phoenix, AZ"
"Home Instead, Home Care Services of Scottsdale",home health agency,https://www.homeinstead.com/home-care/usa/az/scottsdale/816/?utm_source=google&utm_medium=organic&utm_campaign=google_organic_businesslisting_y,(480) 896-6864,"6991 E Camelback Rd suite d 300, Scottsdale, AZ 85251, USA","Phoenix, AZ"
Arcadia Home Care & Staffing,home health agency,https://arcadiahomecare.com/?y_source=1_MTI1NTkwNDgtNzE1LWxvY2F0aW9uLndlYnNpdGU%3D,(602) 253-1333,"5333 N 7th St Bldg. A, Suite B-100, Phoenix, AZ 85014, USA","Phoenix, AZ"
All Valley Premier Private Care & Home Health Care,home health agency,https://allvalleycare.com/,(602) 253-8690,"7227 N 16th St #140, Phoenix, AZ 85020, USA","Phoenix, AZ"
"American Premier Home Health, Hospice and Palliative Care",home health agency,https://ap-phx.com/,(602) 287-0003,"11070 N 24th Ave, Phoenix, AZ 85029, USA","Phoenix, AZ"
MD Home Health,home health agency,https://mdhomehealth.com/,(602) 266-9971,"7500 N Dreamy Draw Dr Ste 200, Phoenix, AZ 85020, USA","Phoenix, AZ"
Devotion Home Health Care,home health agency,http://www.devotionhomehealth.com/,(480) 415-4423,"11201 N Tatum Blvd #300, Phoenix, AZ 85028, USA","Phoenix, AZ"
Towne Home Care - ARIZONA,home health agency,https://townehomecare.com/arizona-caregivers/,(480) 878-7669,"2 N Central Ave Suite 1800, Phoenix, AZ 85004, USA","Phoenix, AZ"
Team Select Home Care,home health agency,https://tshc.com/locations/arizona/in-home-health-care-phoenix-arizona/,(602) 795-6400,"2999 N 44th St Ste 100, Phoenix, AZ 85018, USA","Phoenix, AZ"
A Plus Home Health Services,home health agency,http://www.aplushhs.com/,(480) 917-6994,"2600 E Southern Ave Ste D-1, Tempe, AZ 85282, USA","Phoenix, AZ"
Instant Care of Arizona,home health agency,http://instantcareaz.com/,(602) 993-0297,"2601 E Thomas Rd #220, Phoenix, AZ 85016, USA","Phoenix, AZ"
Homewatch CareGivers of Phoenix,home health agency,https://www.homewatchcaregivers.com/phoenix/?utm_source=gbp&utm_medium=organic&utm_campaign=phoenix,(602) 313-3991,"11201 N Tatum Blvd #315, Phoenix, AZ 85028, USA","Phoenix, AZ"
"Care Givers of Arizona, INC.",home health agency,http://www.caregiversofarizona.com/,(602) 277-4142,"10851 N Black Cyn Hwy Ste 630, Phoenix, AZ 85029, USA","Phoenix, AZ"
Heritage Home Care,home health agency,https://www.heritagehomecareaz.com/,(480) 418-4100,"8723 E Vía De Commercio b101, Scottsdale, AZ 85258, USA","Phoenix, AZ"
Caregiving Services,home health agency,http://www.bestcgservices.com/,(602) 920-9433,"10000 N 31st Ave C312, Phoenix, AZ 85051, USA","Phoenix, AZ"
Aventas Home Health,home health agency,https://www.voyagerhomehealthcare.com/,(719) 400-2222,"2828 N Central Ave #826, Phoenix, AZ 85003, USA","Phoenix, AZ"
Where You Are Home Care,home health agency,https://www.whereyouarehomecare.com/,(480) 653-7704,"4435 E Chandler Blvd Ste 200, Phoenix, AZ 85048, USA","Phoenix, AZ"
Visiting Angels Senior Home Care South Phoenix,home health agency,https://www.visitingangels.com/southphoenix/home?utm_source=gmb&utm_medium=organic&utm_campaign=local,(480) 886-1165,"16815 S Desert Foothills Pkwy Ste 123, Phoenix, AZ 85048, USA","Phoenix, AZ"
Griswold Home Care for the Valley,home health agency,https://www.griswoldcare.com/the-valley/,(480) 470-6587,"2390 E Camelback Rd Ste 130-6011, Phoenix, AZ 85016, USA","Phoenix, AZ"
Home Care Powered by AUAF | Home Care Agency,home health agency,https://homecarearizona.com/,(520) 523-3344,"9163 W Union Hills Dr Suite #114, Peoria, AZ 85382, USA","Phoenix, AZ"
Comfort Keepers,home health agency,https://www.comfortkeepers.com/offices/arizona/phoenix/?utm_source=local&utm_medium=organic,(602) 441-4256,"2400 W Dunlap Ave #155, Phoenix, AZ 85021, USA","Phoenix, AZ"
A-Z Home Care Options,home health agency,http://www.a-zhomecareoptions.com/,(602) 604-0900,"4747 N 7th St #160, Phoenix, AZ 85014, USA","Phoenix, AZ"
FirstLight Home Care of Scottsdale,home health agency,https://www.firstlighthomecare.com/home-healthcare-scottsdale/?utm_source=google&utm_medium=organic&utm_campaign=gbp,(480) 922-2820,"8399 E Indian School Rd #201, Scottsdale, AZ 85251, USA","Phoenix, AZ"
"Heart to Heart Home Health Care Agency, LLC",home health agency,http://h2hhealthcare.com/,(602) 354-8898,"13231 N 35th Ave a5, Phoenix, AZ 85029, USA","Phoenix, AZ"
Assisting Hands Home Care - Serving Cave Creek and Surrounding Areas,home health agency,https://assistinghands.com/106/arizona/cavecreek/,(480) 863-6591,"21043 N Cave Creek Rd a11, Phoenix, AZ 85024, USA","Phoenix, AZ"
Arizona Care Providers LLC,home health agency,http://www.azcareproviders.com/,(602) 635-4220,"17020 N 32nd St, Phoenix, AZ 85032, USA","Phoenix, AZ"
Visiting Angels Senior Home Care,home health agency,https://www.visitingangels.com/northeastphoenix/home?utm_source=gmb&utm_medium=organic&utm_campaign=local,(602) 726-2189,"3509 E Shea Blvd #117j, Phoenix, AZ 85028, USA","Phoenix, AZ"
PrimeCare Home Solutions,home health agency,https://www.primecarehomesolutions.com/,(602) 633-0738,"14050 N 83rd Ave Suite 290, Peoria, AZ 85381, USA","Phoenix, AZ"
Nurses Network by Quality Home Health Care,home health agency,https://www.nursesnetwork.net/,(602) 266-2203,"1112 E Washington St, Phoenix, AZ 85034, USA","Phoenix, AZ"
Aloe Home Care,home health agency,https://www.aloehc.com/,(602) 606-7700,"4425 E Agave Rd #114, Phoenix, AZ 85044, USA","Phoenix, AZ"
Urgent Home Care,home health agency,http://www.urgenthomecareaz.com/,(602) 687-9625,"14631 N Cave Creek Rd #204, Phoenix, AZ 85022, USA","Phoenix, AZ"
"Cornerstone Health Care, INC",home health agency,http://www.cornerstonehealthcareaz.com/,(800) 743-8013,"535 W Thomas Rd Ste 103, Phoenix, AZ 85013, USA","Phoenix, AZ"
At Home Healthcare Phoenix,home health agency,https://lhcgroup.com/locations/at-home-healthcare-phoenix/,(602) 273-9222,"8222 S 48th St #100, Phoenix, AZ 85044, USA","Phoenix, AZ"
Arizona's Choice Home Health,home health agency,http://achhcare.com/,(623) 444-6765,"11340 W Bell Rd Ste 114, Surprise, AZ 85378, USA","Phoenix, AZ"
Adultcare Assistance Homecare,home health agency,https://adultcareassistance.com/home-care-phoenix/?utm_source=google&utm_medium=organic&utm_campaign=gbp,(602) 455-1118,"1616 E Indian School Rd Ste 450, Phoenix, AZ 85016, USA","Phoenix, AZ"
Prestige Home Health Care,home health agency,http://www.prestigehomehealthcare.net/,(602) 279-8471,"3120 N 19th Ave, Phoenix, AZ 85015, USA","Phoenix, AZ"
"Empower Home Care, LLC.",home health agency,http://www.empowerhomecarellc.com/,(480) 562-8877,"4020 N 20th St Suite #214, Phoenix, AZ 85016, USA","Phoenix, AZ"
Happy Home Care,home health agency,http://www.happyhomecare.org/,(602) 995-2643,"4550 N Black Cyn Hwy, Phoenix, AZ 85017, USA","Phoenix, AZ"
"Maxim Healthcare Phoenix, AZ Regional Office",home health agency,https://www.maximhealthcare.com/maxim-healthcare-locations/phoenix-az-regional-office?y_source=1_MTQ1MjAyMDAtNzE1LWxvY2F0aW9uLndlYnNpdGU%3D,(602) 427-2370,"3300 N Central Ave Ste 2500, Phoenix, AZ 85012, USA","Phoenix, AZ"
Assisted Home Health & Hospice,home health agency,http://www.assistedcares.com/,(480) 860-2345,"1420 E Missouri Ave, Phoenix, AZ 85014, USA","Phoenix, AZ"
Addus HomeCare,home health agency,https://addus.com/?y_source=1_MTAwNjA3NDMwNy03MTUtbG9jYXRpb24ud2Vic2l0ZQ%3D%3D,(480) 212-0490,"5333 N 7th St Ste B-110, Phoenix, AZ 85014, USA","Phoenix, AZ"
Mountainscapers Landscaping,landscaping company,https://www.mountainscapers.com/,(480) 771-2444,"1545 E Yucca St B, Phoenix, AZ 85020, USA","Phoenix, AZ"
Ground Zero Landscape,landscaping company,http://www.groundzerolc.com/,(480) 269-5306,"16615 N 19th St, Phoenix, AZ 85022, USA","Phoenix, AZ"
AMS Landscaping,landscaping company,https://azlawns.com/,(602) 944-0421,"11035 N 23rd Dr #9, Phoenix, AZ 85029, USA","Phoenix, AZ"
Lone Star Landscaping,landscaping company,https://lonestaraz.com/,(602) 992-7827,"19305 N 28th St, Phoenix, AZ 85050, USA","Phoenix, AZ"
"Goodman's Landscape Maintenance, LLC",landscaping company,http://www.goodmanslandscape.com/,(602) 861-1144,"2210 W Desert Cove Ave, Phoenix, AZ 85029, USA","Phoenix, AZ"
Hawkeye Landscaping Inc,landscaping company,https://hawkeyecustomlandscaping.com/,(623) 582-1122,"24401 N 15th Ave, Phoenix, AZ 85085, USA","Phoenix, AZ"
Luxe Landscaping of Phoenix,landscaping company,https://luxelandscapingphoenix.shop/,(602) 905-8416,"228 W Adams St, Phoenix, AZ 85003, USA","Phoenix, AZ"
Diamond Stone & Synthetic Grass,landscaping company,https://dssggogreen.com/,(623) 293-0396,"1641 W Palmer Dr, Phoenix, AZ 85021, USA","Phoenix, AZ"
Diamond Cut Landscaping,landscaping company,http://www.diamondcutaz.com/,(480) 316-5941,"1507 W Hatcher Rd, Phoenix, AZ 85021, USA","Phoenix, AZ"
"Desert Crest, LLC",landscaping company,https://www.desertcrestllc.com/,(623) 780-8900,"704 W Happy Valley Rd, Phoenix, AZ 85085, USA","Phoenix, AZ"
"Landscape Design Phoenix, Landscaper | Unwind Landscapes",landscaping company,https://unwindlandscapes.com/,(602) 610-5771,"2740 E Rose Garden Ln Suite 6, Phoenix, AZ 85050, USA","Phoenix, AZ"
Sunset Shadows Landscaping Services,landscaping company,https://sunsetshadowslandscapingservices.com/,(623) 343-9747,"4722 N 24th St #100, Phoenix, AZ 85016, USA","Phoenix, AZ"
Outdoor Xscapes,landscaping company,http://outdoorxscapes.com/,(602) 296-6255,"2149 W Mountain View Rd, Phoenix, AZ 85021, USA","Phoenix, AZ"
Arizona’s Landscaping Authority LLC,landscaping company,http://azlandscapingauthority.com/,(602) 422-6594,"5021 N 20th St #45395, Phoenix, AZ 85016, USA","Phoenix, AZ"
NexGen Landscaping,landscaping company,https://nexgenlandscaping.com/,(480) 237-2522,"4004 S 30th St, Phoenix, AZ 85040, USA","Phoenix, AZ"
Phoenix Pavers and Turf,landscaping company,https://www.phoenixpaversandturf.com/?utm_medium=organic&utm_source=gmb&utm_campaign=main,(602) 881-0318,"2850 W Belmont Ave, Phoenix, AZ 85051, USA","Phoenix, AZ"
MasterAZscapes LLC,landscaping company,https://www.landscaper-phoenix.com/,(602) 975-3648,"1635 W Park View Ln #2, Phoenix, AZ 85085, USA","Phoenix, AZ"
Straight Line Landscape,landscaping company,https://straightlinelandscape.com/?utm_source=yext&utm_medium=directories&utm_campaign=local,(623) 582-1300,"1915 W Adobe Dr D, Phoenix, AZ 85027, USA","Phoenix, AZ"
Mountain Valley Landscaping,landscaping company,http://www.mountainvalleylandscapingsw.com/,(602) 232-2588,"335 W Elwood St, Phoenix, AZ 85041, USA","Phoenix, AZ"
Viva Landscape & Design,landscaping company,https://vivalandscapeanddesign.com/,(602) 524-0770,"10000 N 31st Ave Ste C308, Phoenix, AZ 85051, USA","Phoenix, AZ"
Phoenix Landscape Designers & Architects Co.,landscaping company,,(623) 624-4081,"2 N Central Ave, Phoenix, AZ 85004, USA","Phoenix, AZ"
Arizona turf,landscaping company,http://arizonaturf.net/,(480) 798-2819,"Online Appointment / Onsite Service, 15047 North 23rd Pl, Phoenix, AZ 85022, USA","Phoenix, AZ"
los Parientes Landscaping LLC,landscaping company,https://lovable.dev/preview/fnqTJL6Y0bOOrcAiuYOSgJU2lBXh5L7d,(602) 334-3831,"2531 E Southgate Ave, Phoenix, AZ 85040, USA","Phoenix, AZ"
Landscaping Contractors,landscaping company,http://www.landscapingcontractorsaz.com/,(602) 548-1088,"9602 N 16th Ave, Phoenix, AZ 85021, USA","Phoenix, AZ"
"Greenscapes Landcare, LLC",landscaping company,http://www.greenscapeslc.com/,(602) 595-9702,"2911 W Fairmount Ave Ste 1B, Phoenix, AZ 85017, USA","Phoenix, AZ"
I and I Landscaping,landscaping company,https://www.iandilandscaping.com/,(480) 717-8343,"1801 E Oak St, Phoenix, AZ 85006, USA","Phoenix, AZ"
Ersland Touch Landscape,landscaping company,http://www.erslandtouch.com/,(602) 273-1633,"30 S 41st St, Phoenix, AZ 85034, USA","Phoenix, AZ"
JJAD landscaping,landscaping company,,(480) 553-3021,"2225 W Fairmount Ave, Phoenix, AZ 85015, USA","Phoenix, AZ"
P. J. Hussey Construction,general contractor,https://www.pjh-construction.com/,(623) 934-2424,"3855 W Glendale Ave #110, Phoenix, AZ 85051, USA","Phoenix, AZ"
General Contractor Arizona LLC,general contractor,https://generalcontractorarizona.com/,(480) 781-6276,"227 S Smith Rd #103, Tempe, AZ 85288, USA","Phoenix, AZ"
Infinity General Contractors Phoenix,general contractor,https://infinitygeneralcontractorsaz.com/phoenix/?utm_source=Google&utm_medium=GMB&utm_id=phoenix,(602) 960-7311,"4331 N 12th St #102, Phoenix, AZ 85014, USA","Phoenix, AZ"
Noble General Contracting,general contractor,http://www.noblegeneralcontractingaz.com/,(602) 919-9555,"4001 E Broadway Rd Unit B-11, Phoenix, AZ 85040, USA","Phoenix, AZ"
Princeton Construction,general contractor,https://www.princetonaz.com/,(602) 603-1102,"740 N 52nd St, Phoenix, AZ 85008, USA","Phoenix, AZ"
"AZ Neighbor Construction Group, LLC",general contractor,http://www.azneighbor.com/,(602) 675-1388,"11042 N 24th Ave #101, Phoenix, AZ 85029, USA","Phoenix, AZ"
Crosspoint Contracting LLC,general contractor,http://crosspointcontracting.com/,(602) 805-5057,"11735 W Patrick Ln, Sun City, AZ 85373, USA","Phoenix, AZ"
"D&J Construction Services, LLC",general contractor,https://www.dandjconstructionservices.com/,(602) 308-9333,"515 E Grant St Ste 150, Phoenix, AZ 85004, USA","Phoenix, AZ"
AZ Construction & Renovation LLC,general contractor,https://azconstruct.com/,(602) 888-8800,"7107 E Thomas Rd #101, Scottsdale, AZ 85251, USA","Phoenix, AZ"
Blaze General Contractor,general contractor,https://www.blazegeneralcontractor.com/locations/general-contractor-phoenix,(602) 610-0385,"5814 S 25th St, Phoenix, AZ 85040, USA","Phoenix, AZ"
Aria Builders LLC - General Contractor,general contractor,https://aria.builders/,(623) 232-8990,"1516 E Van Buren St, Phoenix, AZ 85006, USA","Phoenix, AZ"
"Mariano & Co., LLC",general contractor,https://www.marianoco.com/,(480) 287-4096,"7125 E Southern Ave #103, Mesa, AZ 85209, USA","Phoenix, AZ"
Infinity Builders - Phoenix Remodeling & Construction,general contractor,https://infinitybuildersaz.com/?utm_source=gmb&utm_medium=organic&utm_campaign=gmb-website&utm_content=phoenix-branch,(602) 888-0898,"2930 E Camelback Rd, Phoenix, AZ 85016, USA","Phoenix, AZ"
Wespac Construction | Phoenix,general contractor,http://www.wespacaz.com/,(602) 956-1323,"9440 N 26th St #100, Phoenix, AZ 85028, USA","Phoenix, AZ"
Elite Contracting Group,general contractor,https://ecgroupaz.com/,(602) 842-4944,"13026 N Cave Creek Rd #102, Phoenix, AZ 85022, USA","Phoenix, AZ"
Miko LLC,general contractor,http://mikollc.com/,(602) 888-2826,"711 E Carefree Hwy #207, Phoenix, AZ 85085, USA","Phoenix, AZ"
1C39 Construction LLC - Concrete Contractor,general contractor,http://www.1c39construction.com/,(602) 583-4274,"3802 N 53rd Ave, Phoenix, AZ 85032, USA","Phoenix, AZ"
WDS Commercial Contractor,general contractor,http://wdscom.com/,(602) 319-5282,"5021 N 20th St #32704, Phoenix, AZ 85016, USA","Phoenix, AZ"
Bethom Contracting LLC,general contractor,http://bethomaz.com/,(623) 238-1008,"21640 N 19th Ave Suite C9, Phoenix, AZ 85027, USA","Phoenix, AZ"
Low Mountain Construction,general contractor,http://lowmountain.com/,(602) 265-2201,"4105 N 20th St #205, Phoenix, AZ 85016, USA","Phoenix, AZ"
Fox Construction Phoenix,general contractor,https://www.foxconstructionaz.com/locations/phoenix/,(602) 962-3407,"2550 W Union Hills Dr Ste 350-1869, Phoenix, AZ 85027, USA","Phoenix, AZ"
API General Contractors,general contractor,https://www.api-gc.com/,(623) 847-5602,"875 E Salter Dr, Phoenix, AZ 85024, USA","Phoenix, AZ"
Ganem Construction LLC,general contractor,http://ganemcompanies.com/,(623) 587-4430,"900 E Lone Cactus Dr, Phoenix, AZ 85024, USA","Phoenix, AZ"
Empire General Contracting LLC,general contractor,https://empiregeneralc.com/,(480) 281-8603,"1216 S 111th Dr #1076, Cashion, AZ 85329, USA","Phoenix, AZ"
Jen The Builder,general contractor,http://www.jenthebuilder.com/,(602) 300-5315,"Moon Valley Center, 428 E Thunderbird Rd, Phoenix, AZ 85022, USA","Phoenix, AZ"
StressLess Remodeling Arizona,general contractor,https://www.stresslessremodels.com/?utm_source=google&utm_medium=organic&utm_campaign=gbp_az,(623) 432-7508,"23910 N 19th Ave Ste 48, Phoenix, AZ 85085, USA","Phoenix, AZ"
"Markham Contracting Co., Inc",general contractor,http://www.markhamcontracting.com/,(623) 869-9100,"22820 N 19th Ave, Phoenix, AZ 85027, USA","Phoenix, AZ"
"Acuity Builders & Construction, Inc.",general contractor,https://acuitybuilders.com/,(480) 430-9978,"2321 W Royal Palm Rd Ste I, Phoenix, AZ 85021, USA","Phoenix, AZ"
Gomez Construction Group,general contractor,https://gomezbuilt.com/,(602) 612-2822,"1016 W Adams St, Phoenix, AZ 85007, USA","Phoenix, AZ"
Strong Tower Construction,general contractor,https://www.strongtoweraz.com/,(602) 405-9586,"7015 N 27th Ave, Phoenix, AZ 85051, USA","Phoenix, AZ"
Arizona Construction & Restoration,general contractor,http://www.azdisaster.com/,(602) 257-8444,"2423 S 17th St, Phoenix, AZ 85034, USA","Phoenix, AZ"
Knipp Contracting,general contractor,http://knippcontracting.com/,(623) 561-0803,"22601 N 19th Ave, Phoenix, AZ 85027, USA","Phoenix, AZ"
Arizona Contractor License Center,general contractor,http://www.azclc.com/,(602) 712-1515,"1010 E Jefferson St, Phoenix, AZ 85034, USA","Phoenix, AZ"
Dream House Construction & Renovation,general contractor,https://www.dreamhouseconstruct.com/,(480) 817-9177,"2 N Central Ave Suite 1800, Phoenix, AZ 85004, USA","Phoenix, AZ"
Chanen Construction,general contractor,http://www.chanen.com/,(602) 266-3600,"3352 E Camelback Rd, Phoenix, AZ 85018, USA","Phoenix, AZ"
Summit Restoration and Construction,general contractor,https://summitrestorationaz.com/,(602) 595-5977,"4831 S 35th Pl Suite 1, Phoenix, AZ 85040, USA","Phoenix, AZ"
"Valcon General, LLC",general contractor,https://valcongeneral.com/,(602) 518-5624,"18631 N 19th Ave #158441, Phoenix, AZ 85027, USA","Phoenix, AZ"
"Sharp Construction, LLC",general contractor,http://www.sharpconstruction.com/,(480) 825-4444,"410 N 44th St Suite 290, Phoenix, AZ 85008, USA","Phoenix, AZ"
"Valley Of The Sun General Construction, LLC",general contractor,http://www.valleyofthesungc.com/,(602) 612-3700,"939 S 48th St #207, Tempe, AZ 85281, USA","Phoenix, AZ"
Arizona Desert Contracting,general contractor,https://arizonadesertcontracting.com/?utm_source=omg-gbp&utm_medium=webclick,(602) 320-6721,"1811 E Apache Blvd, Tempe, AZ 85281, USA","Phoenix, AZ"
Construction Zone,general contractor,http://www.czphx.com/,(602) 230-0383,"1729 E Osborn Rd, Phoenix, AZ 85016, USA","Phoenix, AZ"
Robert N Ewing General Contractor,general contractor,http://ewingconstruction.com/,(602) 264-3469,"4135 N 12th St, Phoenix, AZ 85014, USA","Phoenix, AZ"
Wilson Brothers,general contractor,https://wilsonplumbinghvac.online/phoenix,(520) 523-2800,"155 E Washington St, Phoenix, AZ 85004, USA","Phoenix, AZ"
Commercial Remodeling,general contractor,https://phoenixremodel.net/contact.html,(602) 975-2870,"11811 N Tatum Blvd, Phoenix, AZ 85028, USA","Phoenix, AZ"
"B&F Contracting, Inc.",general contractor,https://bfcontracting.com/,(623) 582-1170,"11011 N 23rd Ave, Phoenix, AZ 85029, USA","Phoenix, AZ"
3-G Construction Co Inc,general contractor,https://www.3-gconstruction.com/,(602) 569-0900,"1820 E Deer Valley Dr, Phoenix, AZ 85024, USA","Phoenix, AZ"
Associated General Contractors - Arizona Chapter,general contractor,https://www.azagc.org/?utm_source=local&utm_medium=organic&utm_campaign=gbp,(602) 252-3926,"1825 W Adams St, Phoenix, AZ 85007, USA","Phoenix, AZ"
"King Contracting, LLC",general contractor,https://kingcontractingco.com/,(602) 661-8338,"1625 W Latham St, Phoenix, AZ 85007, USA","Phoenix, AZ"
Auros Home Remodel,general contractor,https://auroshomeremodel.com/,(888) 216-5279,"2125 S 7th St Ste 100, Phoenix, AZ 85034, USA","Phoenix, AZ"
Vizcom Contracting | Roofing & Restoration,general contractor,https://vizcomcontracting.com/,(602) 584-0072,"3106 W Thomas Rd Ste 1101, Phoenix, AZ 85017, USA","Phoenix, AZ"
ITC Manufacturing,manufacturing company,http://www.itcmfg.com/,(800) 567-6592,"110 S 41st Ave, Phoenix, AZ 85009, USA","Phoenix, AZ"
Elbex Manufacturing Co,manufacturing company,,(602) 253-7363,"1101 W Lincoln St, Phoenix, AZ 85007, USA","Phoenix, AZ"
Lynch Brothers Manufacturing Co,manufacturing company,http://www.lynchbros.com/,(602) 267-7575,"4045 W Washington St, Phoenix, AZ 85009, USA","Phoenix, AZ"
"Pierpont Manufacturing, LLC",manufacturing company,http://www.pierpontmfg.com/,(602) 233-1335,"2206 N 23rd Ave, Phoenix, AZ 85009, USA","Phoenix, AZ"
Bespoke Manufacturing Company,manufacturing company,http://bmc.fashion/,(602) 838-1344,"3100 E Broadway Rd Ste 200, Phoenix, AZ 85040, USA","Phoenix, AZ"
Lux Precision Manufacturing,manufacturing company,https://www.luxprecisionmfg.com/,(602) 633-5662,"5115 N 27th Ave Bldg 66, Phoenix, AZ 85017, USA","Phoenix, AZ"
Phoenix Manufacturing Inc,manufacturing company,https://phoenixmanufacturing.com/,(602) 437-1034,"3655 E Roeser Rd, Phoenix, AZ 85040, USA","Phoenix, AZ"
"Latham Industries, LLC",manufacturing company,http://www.lathamindustries.com/,(602) 529-6108,"2265 W Desert Cove Ave Ste 3, Phoenix, AZ 85029, USA","Phoenix, AZ"
Specialty Formulations & Manufacturing,manufacturing company,http://specialtyformulation.com/,(602) 278-9911,"2255 W Desert Cove Ave Ste C, Phoenix, AZ 85029, USA","Phoenix, AZ"
Modern Industries,manufacturing company,https://modinds.com/,(602) 267-7248,"4755 E Beautiful Ln, Phoenix, AZ 85044, USA","Phoenix, AZ"
Mar-Bro Manufacturing Inc,manufacturing company,http://mar-bro.com/,(602) 278-8197,"1020 S 54th Ave, Phoenix, AZ 85043, USA","Phoenix, AZ"
"Precision Science, Inc.",manufacturing company,http://www.precisionscience.com/,(623) 492-9190,"1517 W Knudsen Dr, Phoenix, AZ 85027, USA","Phoenix, AZ"
HWL Manufacturing,manufacturing company,http://hwlmanufacturing.com/,(888) 200-3124,"23910 N 19th Ave Ste 36, Phoenix, AZ 85085, USA","Phoenix, AZ"
TSMC Arizona Corporation,manufacturing company,http://tsmc.com/,(602) 567-1688,"5088 W Innovation Circle, Phoenix, AZ 85083, USA","Phoenix, AZ"
Arizona Foods Group Inc.,manufacturing company,http://arizonafoodsgroup.com/,(602) 232-2570,"2517 E Chambers St, Phoenix, AZ 85040, USA","Phoenix, AZ"
Con-Tech Manufacturing Inc,manufacturing company,https://ctmmixers.com/,(602) 456-1714,"2200 W Fillmore St, Phoenix, AZ 85009, USA","Phoenix, AZ"
Ware Manufacturing Inc.,manufacturing company,http://www.warepet.com/,(602) 257-8803,"1901 W Fillmore St C, Phoenix, AZ 85009, USA","Phoenix, AZ"
Admiral Engineering & Manufacturing Co,manufacturing company,http://www.admiraleng.com/,(623) 869-9257,"21609 N 14th Ave, Phoenix, AZ 85027, USA","Phoenix, AZ"
K-2 Manufacturing,manufacturing company,http://k-2mfg.com/,(602) 455-9575,"1700 N 22nd Ave, Phoenix, AZ 85009, USA","Phoenix, AZ"
Arizona Custom Blends Manufacturing,manufacturing company,http://acbmfg.com/,(480) 719-5550,"2130 S Industrial Park Ave, Tempe, AZ 85282, USA","Phoenix, AZ"
F&B MFG LLC,manufacturing company,http://www.fbmfg.com/,(602) 272-3900,"4245 N 40th Ave, Phoenix, AZ 85019, USA","Phoenix, AZ"
Oak Canyon Manufacturing Inc.,manufacturing company,,(602) 269-1250 ext. 315,"3021 N 29th Dr, Phoenix, AZ 85017, USA","Phoenix, AZ"
Infinisys Manufacturing,manufacturing company,http://www.infinisys-mfg.com/,(602) 276-2276,"4814 S 33rd St, Phoenix, AZ 85040, USA","Phoenix, AZ"
Nivel Parts & Manufacturing Co,manufacturing company,https://www.nivelparts.com/,(602) 233-2386,"2300 51st Ave #120, Phoenix, AZ 85043, USA","Phoenix, AZ"
Bergmann Group,manufacturing company,http://www.2mfg.com/,(602) 437-4940,"3730 E Southern Ave, Phoenix, AZ 85040, USA","Phoenix, AZ"
Vitron Manufacturing,manufacturing company,http://theatlasgroup.biz/,(602) 548-9661,"23365 N 23rd Ave Bldg A, Suite 100, Phoenix, AZ 85027, USA","Phoenix, AZ"
Sumitomo Chemical Advanced Technologies DBA Sumika Electronic Materials,manufacturing company,https://sumichem-at.com/,(602) 659-2500,"3832 E Watkins St, Phoenix, AZ 85034, USA","Phoenix, AZ"
CMR Manufacturing Inc,manufacturing company,http://cmrmfg.com/,(602) 273-0943,"2405 E Jackson St, Phoenix, AZ 85034, USA","Phoenix, AZ"
Pivot Manufacturing,manufacturing company,https://pivotmfg.com/contact/,(602) 306-2923,"2602 E Magnolia St, Phoenix, AZ 85034, USA","Phoenix, AZ"
ASM,manufacturing company,http://www.asm.com/,(602) 470-2600,"3440 E University Dr, Phoenix, AZ 85034, USA","Phoenix, AZ"
American Manufacturing,manufacturing company,https://www.americanmfg.net/,(480) 892-0969,"3200 N San Marcos Pl, Chandler, AZ 85225, USA","Phoenix, AZ"
Berridge Manufacturing Distribution Center,manufacturing company,https://www.berridge.com/service-areas/phoenix-az-metal-building-manufacturers/?utm_source=google&utm_medium=organic&utm_campaign=gbp,(602) 385-1237,"5717 W Washington St, Phoenix, AZ 85043, USA","Phoenix, AZ"
Central Plastic & Rubber Co. Inc.,manufacturing company,http://www.centralplastic.com/,(602) 268-6368,"3320 W Vernon Ave, Phoenix, AZ 85009, USA","Phoenix, AZ"
Zummit Plastics,manufacturing company,,(602) 383-3839,"236 N 48th Ave, Phoenix, AZ 85043, USA","Phoenix, AZ"
Scenic Industries LLC,manufacturing company,,(602) 795-5308,"4224 W Clarendon Ave, Phoenix, AZ 85019, USA","Phoenix, AZ"
Venus Manufacturing Co,manufacturing company,https://www.venusmanufacturing.com/,(480) 894-0444,"707 E Curry Rd, Tempe, AZ 85288, USA","Phoenix, AZ"
"FM Industries, Inc.",manufacturing company,http://www.fmindustries.com/,(602) 333-7500,"2635 E Magnolia St, Phoenix, AZ 85034, USA","Phoenix, AZ"
General Metals Manufacturing & Supply Co,manufacturing company,https://www.winsupplyinc.com/Location/Phoenix-AZ/85017/HVAC,(602) 264-4815,"2727 W Weldon Ave, Phoenix, AZ 85017, USA","Phoenix, AZ"
"Usher Precision Manufacturing, Arizona Inc.",manufacturing company,https://www.usherprecisionaz.com/,(623) 587-8444,"22836 N 19th Ave, Phoenix, AZ 85027, USA","Phoenix, AZ"
"UMS Manufacturing Services, LLC",manufacturing company,https://usa-manufacturing-services.com/,(480) 249-5959,"7707 E Acoma Dr #114, Scottsdale, AZ 85260, USA","Phoenix, AZ"
East Penn Manufacturing Co Inc,manufacturing company,,(623) 337-9956,"5656 W Roosevelt St #105, Phoenix, AZ 85043, USA","Phoenix, AZ"
Phillips Manufacturing West,manufacturing company,,(800) 822-5055,"111 East Maricopa Fwy, Suite #1B, Phoenix, AZ 85004, USA","Phoenix, AZ"
Request Manufacturing,manufacturing company,http://www.requestaz.com/,(602) 447-0449,"901 N 17th Ave, Phoenix, AZ 85007, USA","Phoenix, AZ"
Alpha Manufacturing Solutions,manufacturing company,http://alphamanufacturingsolutions.com/,(602) 281-6760,"3432 W Wilshire Dr Ste 8, Phoenix, AZ 85009, USA","Phoenix, AZ"
Modern Industries,manufacturing company,http://modinds.com/,(602) 267-7248,"3001 Air Ln, Phoenix, AZ 85034, USA","Phoenix, AZ"
Dial Manufacturing Inc,manufacturing company,http://www.dialmfg.com/,(602) 278-1100,"430 N 47th Ave, Phoenix, AZ 85043, USA","Phoenix, AZ"
State Technology & Manufacturing,manufacturing company,,(602) 275-0990,"3658 E Chipman Rd, Phoenix, AZ 85040, USA","Phoenix, AZ"
Coplin Manufacturing,manufacturing company,http://www.coplinmfg.com/,(623) 907-4407,"7505 W Washington St, Tolleson, AZ 85353, USA","Phoenix, AZ"
BELROD MFG,manufacturing company,https://www.instagram.com/belrodmfg/,(602) 283-6611,"1146 E Buckeye Rd, Phoenix, AZ 85034, USA","Phoenix, AZ"
ATD Precision Manufacturing,manufacturing company,http://atdpmfg.com/,(602) 276-2439,"3807 S 7th St, Phoenix, AZ 85040, USA","Phoenix, AZ"
Advanced Manufacturing and Fabrication,manufacturing company,https://www.amf-az.com/,(602) 688-7693,"204 S 69th Ave, Phoenix, AZ 85043, USA","Phoenix, AZ"
Plastifab Inc,manufacturing company,http://www.plastifab.net/,(602) 437-1214,"3801 E Anne St, Phoenix, AZ 85040, USA","Phoenix, AZ"
PBF Manufacturing,manufacturing company,https://www.pbfmfg.com/,(602) 254-5973,"1209 W Jefferson St, Phoenix, AZ 85007, USA","Phoenix, AZ"
Metal Form Manufacturing LLC,manufacturing company,https://www.mfmca.com/,(602) 233-1211,"5960 W Washington St, Phoenix, AZ 85043, USA","Phoenix, AZ"
M & M Industries,manufacturing company,https://www.ultimatepail.com/,(602) 233-8758,"4739 W Jefferson St, Phoenix, AZ 85043, USA","Phoenix, AZ"
Trade-Wind Manufacturing,manufacturing company,http://www.t-wusa.com/,(602) 900-8500,"800 W Grant St, Phoenix, AZ 85007, USA","Phoenix, AZ"
"Magnum Companies, Inc.",manufacturing company,https://www.magnumcompanies.net/?utm_source=google&utm_medium=organic&utm_campaign=gbp,(602) 272-3600,"2439 S 49th Ave, Phoenix, AZ 85043, USA","Phoenix, AZ"
UTC Aerospace Systems,manufacturing company,,(602) 462-2600,"1007 E University Dr, Phoenix, AZ 85034, USA","Phoenix, AZ"
Sun Chemical Corporation,manufacturing company,http://www.sunchemical.com/,(602) 269-6470,"3422 W Weldon Ave, Phoenix, AZ 85017, USA","Phoenix, AZ"
KLK Inc.,manufacturing company,http://klkinc.com/,(602) 267-1331,"510 E University Dr, Phoenix, AZ 85004, USA","Phoenix, AZ"
FYZICAL Therapy & Balance Centers Phoenix/Desert Ridge,physical therapy clinic,https://fyzical.com/phoenix,(602) 404-8012,"5410 E High St #107, Phoenix, AZ 85054, USA","Phoenix, AZ"
Banner Physical Therapy - University Medical Center Phoenix,physical therapy clinic,http://www.banner-pt.com/contact/find-a-location/az/phoenix/university-medical-center-phoenix,(480) 210-6556,"755 E McDowell Rd First Floor, Phoenix, AZ 85006, USA","Phoenix, AZ"
Spooner Phoenix,physical therapy clinic,https://www.spoonerpt.com/locations/arizona/phoenix/,(602) 285-0949,"5040 N 15th Ave Suite 401, Phoenix, AZ 85015, USA","Phoenix, AZ"
T.O.P.S. Physical Therapy,physical therapy clinic,http://topsphysicaltherapy.com/,(602) 826-0037,"5353 N 16th St Unit 120, Phoenix, AZ 85016, USA","Phoenix, AZ"
ATI Physical Therapy - Phoenix,physical therapy clinic,https://locations.atipt.com/arizona/phoenix/6036-n-19th-ave/,(602) 795-8441,"6036 N 19th Ave Ste 303, Phoenix, AZ 85015, USA","Phoenix, AZ"
Foothills Physical Therapy & Sports Medicine,physical therapy clinic,https://foothillsrehab.com/location/central-phoenix-uptown/,(602) 975-2999,"100 E Camelback Rd Ste 120, Phoenix, AZ 85012, USA","Phoenix, AZ"
Downtown Physical Therapy,physical therapy clinic,http://www.downtown-pt.com/,(602) 833-6677,"27 W Madison St #102, Phoenix, AZ 85003, USA","Phoenix, AZ"
The CORE Institute - North Phoenix Physical Therapy,physical therapy clinic,https://thecoreinstitute.com/,(623) 537-5661,"18444 N 25th Ave #220, Phoenix, AZ 85023, USA","Phoenix, AZ"
Orthopedic Sports Therapy,physical therapy clinic,https://orthopedicsportstherapy.com/,(602) 997-7844,"6245 N 24th St #105, Phoenix, AZ 85016, USA","Phoenix, AZ"
Foothills Physical Therapy & Sports Medicine,physical therapy clinic,https://foothillsrehab.com/location/downtown-phoenix/,(602) 264-0443,"375 E Virginia Ave # B, Phoenix, AZ 85004, USA","Phoenix, AZ"
Precision Physical Therapy and Sports Medicine,physical therapy clinic,https://www.precisionptandmed.com/,(602) 497-2109,"301 E Bethany Home Rd Ste A125, Phoenix, AZ 85012, USA","Phoenix, AZ"
ATI Physical Therapy - Phoenix,physical therapy clinic,https://locations.atipt.com/arizona/phoenix/2005-w-happy-valley-rd/,(602) 795-8441,"2005 W Happy Valley Rd Ste 170, Phoenix, AZ 85027, USA","Phoenix, AZ"
Foothills Physical Therapy & Sports Medicine,physical therapy clinic,https://foothillsrehab.com/location/north-central-phoenix/,(602) 241-3145,"539 E Glendale Ave Suite 105, Phoenix, AZ 85020, USA","Phoenix, AZ"
"360 Physical Therapy - Phoenix, 24th Street",physical therapy clinic,https://www.360physicaltherapy.com/locations/343/phoenix-24th-street/phoenix/location-details?utm_source=google&utm_medium=local&utm_campaign=GMB,(602) 903-4383,"3700 N 24th St Ste 230, Phoenix, AZ 85016, USA","Phoenix, AZ"
Empower Physical Therapy: Downtown Phoenix,physical therapy clinic,http://www.empowerpt.com/,(602) 253-6623,"1331 N 7th St #100, Phoenix, AZ 85006, USA","Phoenix, AZ"
Tri Physical Therapy,physical therapy clinic,https://tri-physicaltherapy.com/?utm_source=google&utm_medium=localsearch&utm_campaign=gmb,(602) 956-1233,"2910 E Camelback Rd #110, Phoenix, AZ 85016, USA","Phoenix, AZ"
Banner Physical Therapy - Phoenix - Highland,physical therapy clinic,http://www.banner-pt.com/contact/find-a-location/az/phoenix/phoenix-highland,(602) 512-8550,"2222 E Highland Ave #310, Phoenix, AZ 85016, USA","Phoenix, AZ"
Foothills Physical Therapy & Sports Medicine,physical therapy clinic,https://foothillsrehab.com/location/biltmore/,(602) 595-6180,"2141 E Camelback Rd #100, Phoenix, AZ 85016, USA","Phoenix, AZ"
Athletico Physical Therapy - Phoenix (Arcadia-Biltmore),physical therapy clinic,https://www.athletico.com/locations/phoenix-arcadia-biltmore/?utm_source=google-arcadiabiltmore&utm_medium=web&utm_campaign=google-listings,(602) 789-3880,"4375 E Indian School Rd, Phoenix, AZ 85018, USA","Phoenix, AZ"
Trailhead Physical Therapy and Sports Medicine,physical therapy clinic,http://www.trailheadptaz.com/,(480) 454-4698,"1838 W Parkside Ln Ste 110, Phoenix, AZ 85027, USA","Phoenix, AZ"
FYZICAL Therapy & Balance Centers - Paradise Valley Village,physical therapy clinic,https://www.fyzical.com/paradise-valley-village-az,(602) 715-2237,"3602 E Greenway Rd Unit 106, Phoenix, AZ 85032, USA","Phoenix, AZ"
ROC Physical Therapy,physical therapy clinic,https://www.rocpt.com/,(480) 272-7797,"337 E Coronado Rd #201, Phoenix, AZ 85004, USA","Phoenix, AZ"
South Mountain Physical Therapy,physical therapy clinic,http://southmountainphysicaltherapy.com/,(602) 438-9773,"3230 E Baseline Rd #101, Phoenix, AZ 85042, USA","Phoenix, AZ"
Spooner Sports Institute,physical therapy clinic,https://www.spoonerpt.com/locations/arizona/spooner-sports-institute/,(602) 437-5055,"5750 S 32nd St, Phoenix, AZ 85040, USA","Phoenix, AZ"
Foothills Physical Therapy & Sports Medicine,physical therapy clinic,https://foothillsrehab.com/location/paradise-valley/,(602) 464-6189,"11250 N Tatum Blvd Suite 101, Phoenix, AZ 85028, USA","Phoenix, AZ"
ATI Physical Therapy - Phoenix,physical therapy clinic,https://locations.atipt.com/arizona/phoenix/7000-n-16th-st/,(602) 795-8441,"7000 N 16th St Stes 150 & 152, Phoenix, AZ 85020, USA","Phoenix, AZ"
Valley Performance Physical Therapy,physical therapy clinic,https://www.vpphysicaltherapy.com/,(503) 706-3294,"6311 N 7th St, Phoenix, AZ 85014, USA","Phoenix, AZ"
Foothills Physical Therapy & Sports Medicine,physical therapy clinic,https://foothillsrehab.com/location/arcadia/,(602) 808-8989,"4800 N 44th St, Phoenix, AZ 85018, USA","Phoenix, AZ"
Streamline Performance Physical Therapy,physical therapy clinic,https://ptstreamline.com/,(602) 755-3138,"4225 E Windrose Dr Ste 111, Phoenix, AZ 85032, USA","Phoenix, AZ"
STI Physical Therapy & Rehab | Central Downtown Phoenix,physical therapy clinic,http://www.strengthtrainingrehab.com/,(602) 279-8022,"444 W Osborn Rd #303, Phoenix, AZ 85013, USA","Phoenix, AZ"
Rise Physical Therapy & Performance,physical therapy clinic,https://riserehabpt.com/,(602) 497-4452,"1555 E Orangewood Ave Suite 102a, Phoenix, AZ 85020, USA","Phoenix, AZ"
Touchstone Rehabilitation,physical therapy clinic,https://www.touchstonerehabilitation.com/,(602) 277-1073,"5017 E Washington St Suite #107A, Phoenix, AZ 85034, USA","Phoenix, AZ"
ATI Physical Therapy - Phoenix,physical therapy clinic,https://locations.atipt.com/arizona/phoenix/9250-w-thomas-rd/,(602) 795-8441,"9250 W Thomas Rd Ste 280, Phoenix, AZ 85037, USA","Phoenix, AZ"
Spooner Biltmore,physical therapy clinic,https://www.spoonerpt.com/locations/arizona/biltmore/,(602) 778-0900,"2122 E Highland Ave Ste 200, Phoenix, AZ 85016, USA","Phoenix, AZ"
"Launch Physical Therapy & Sports Performance Center, LLC.",physical therapy clinic,https://www.launchphysicaltherapy.com/,(480) 231-9527,"2944 N 44th St Ste 100, Phoenix, AZ 85018, USA","Phoenix, AZ"
Orthopedic Sports Therapy,physical therapy clinic,https://orthopedicsportstherapy.com/,(480) 597-4241,"4302 E Ray Rd Ste 105, Phoenix, AZ 85044, USA","Phoenix, AZ"
Total Sports Therapy Phoenix/Moon Valley,physical therapy clinic,https://tstazpt.com/locations/physical-therapy-in-moon-valley-arizona/,(602) 843-8486,"245 E Bell Rd Ste 58, Phoenix, AZ 85022, USA","Phoenix, AZ"
Movement Redefined Physical Therapy & Wellness,physical therapy clinic,https://movementredefinedaz.com/,(602) 962-0143,"1219 E Glendale Ave Ste 19, Phoenix, AZ 85020, USA","Phoenix, AZ"
Banner Physical Therapy - Arcadia - The Grove,physical therapy clinic,http://www.banner-pt.com/contact/find-a-location/az/phoenix/arcadia-the-grove,(602) 858-3307,"4200 E Camelback Rd Ste 103, Phoenix, AZ 85018, USA","Phoenix, AZ"
Athletico Physical Therapy - Phoenix (Uptown),physical therapy clinic,https://www.athletico.com/locations/central-phoenix/?utm_source=google-central-phoenix&utm_medium=web&utm_campaign=google-listings,(602) 562-8773,"702 W Camelback Rd Ste 17, Phoenix, AZ 85013, USA","Phoenix, AZ"
Banner Physical Therapy - Phoenix - Camelback Road,physical therapy clinic,http://www.banner-pt.com/contact/find-a-location/az/phoenix/phoenix-camelback-road,(602) 955-8885,"1661 E Camelback Rd Suite 152, Phoenix, AZ 85016, USA","Phoenix, AZ"
Miranda Physical Therapy,physical therapy clinic,,(602) 249-0607,"5815 N Black Cyn Hwy #100, Phoenix, AZ 85015, USA","Phoenix, AZ"
Endurance Rehab - Phoenix,physical therapy clinic,http://www.endurancerehab.com/,(602) 956-4040,"4440 N 36th St, Phoenix, AZ 85018, USA","Phoenix, AZ"
Desert Hand and Physical Therapy,physical therapy clinic,https://deserthandandpt.com/location/arcadia-hand-therapy-physical-therapy/,(602) 955-2302,"3104 E Indian School Rd #200A, Phoenix, AZ 85016, USA","Phoenix, AZ"
Spooner Desert Ridge,physical therapy clinic,https://www.spoonerpt.com/locations/arizona/desert-ridge/,(480) 502-5510,"20830 N Tatum Blvd Suite 170, Phoenix, AZ 85050, USA","Phoenix, AZ"
Banner Physical Therapy - Phoenix - Moon Valley,physical therapy clinic,http://www.banner-pt.com/contact/find-a-location/az/phoenix/phoenix-moon-valley,(602) 548-5445,"14001 N 7th St A-102, Phoenix, AZ 85022, USA","Phoenix, AZ"
Limitless Physical Therapy,physical therapy clinic,http://limitlessptaz.com/,(503) 750-2499,"505 E Camelback Rd, Phoenix, AZ 85012, USA","Phoenix, AZ"
Athletico Physical Therapy - North Central Phoenix,physical therapy clinic,https://www.athletico.com/locations/north-central-phoenix/?utm_source=google-northcentralphoenixAZ&utm_medium=web&utm_campaign=google-listings,(602) 767-6690,"320 W Bell Rd #103, Phoenix, AZ 85023, USA","Phoenix, AZ"
Banner Physical Therapy - Phoenix - 42nd Street,physical therapy clinic,http://www.banner-pt.com/contact/find-a-location/az/phoenix/phoenix-42nd-street,(602) 954-7742,"2830 N 42nd St, Phoenix, AZ 85018, USA","Phoenix, AZ"
OrthoArizona – Physical Therapy Arcadia,physical therapy clinic,https://orthoarizona.org/,(602) 922-9222 ext. 1430,"3033 N 44th St #160, Phoenix, AZ 85018, USA","Phoenix, AZ"
HonorHealth Outpatient Therapy - Sonoran Crossing,physical therapy clinic,https://reach-redirect.kyruus.com/v2?data=eyJ1cmwiOiJodHRwczovL3d3dy5ob25vcmhlYWx0aC5jb20vbG9jYXRpb25zL3NwZWNpYWx0eS1jYXJlL2hvbm9yaGVhbHRoLW91dHBhdGllbnQtdGhlcmFweS1zb25vcmFuLWNyb3NzaW5nIiwicHVibGlzaGVyIjoiR29vZ2xlIEJ1c2luZXNzIFByb2ZpbGUiLCJ1dG1Tb3VyY2UiOiJnb29nbGVfYnVzaW5lc3NfcHJvZmlsZSIsImN0YVR5cGUiOiJ3ZWJzaXRlIiwiY3VzdG9tZXJDb2RlIjoiaG9ub3JoZWFsdGgiLCJtYXJrZXRhYmxlTG9jYXRpb25JZCI6IkxPQzAwMDAxODg2ODAifQ==,(480) 882-4934,"33423 N 32nd Ave Ste 2200, Phoenix, AZ 85085, USA","Phoenix, AZ"
Forward Performance Sports Physical Therapy,physical therapy clinic,https://www.fpspt.com/,(602) 390-2712,"5635 E Thomas Rd, Phoenix, AZ 85018, USA","Phoenix, AZ"
Phoenix Children's Sports Physical Therapy,physical therapy clinic,http://phoenixchildrensprod.prod.acquia-sites.com/node/7841,(602) 933-7778,"765 N 114th Ave Ste 101, Avondale, AZ 85323, USA","Phoenix, AZ"
Orthopedic Sports Therapy,physical therapy clinic,https://www.orthopedicsportstherapy.com/,(480) 921-9000,"2525 S Rural Rd Ste 5-S, Tempe, AZ 85282, USA","Phoenix, AZ"
Phoenix Children's Sports Physical Therapy,physical therapy clinic,http://phoenixchildrensprod.prod.acquia-sites.com/node/7816,(602) 933-7778,"4215 E Bell Rd #100, Phoenix, AZ 85032, USA","Phoenix, AZ"
Arrow Physical Therapy,physical therapy clinic,http://www.arrowphysicaltherapy.net/,(602) 834-8341,"2627 N 3rd St Ste 203, Room 8, Phoenix, AZ 85004, USA","Phoenix, AZ"
SWAN Rehab - A Rehab Without Walls Clinic,physical therapy clinic,https://www.rehabwithoutwalls.com/locations/swan-rehab/,(602) 393-0520,"1190 E Missouri Ave #100, Phoenix, AZ 85014, USA","Phoenix, AZ"
Spooner North Phoenix,physical therapy clinic,https://www.spoonerpt.com/locations/arizona/north-phoenix/,(480) 502-5361,"15255 N 40th St Ste 123, Phoenix, AZ 85032, USA","Phoenix, AZ"
Forte Physical Therapy,physical therapy clinic,https://www.choosefortept.com/,(480) 408-4822,"4836 E McDowell Rd #101, Phoenix, AZ 85008, USA","Phoenix, AZ"
athELITE Performance Therapy,physical therapy clinic,https://www.athelitetherapy.com/,(480) 787-0031,"926 E Jackson St ste 600, Phoenix, AZ 85034, USA","Phoenix, AZ"
