priority,name,vertical,city,state,metro,googleRating,googleReviewCount,phone,website,rovenProfileUrl,claimUrl
1,"Milestone Electric, A/C, & Plumbing",Home Services,Dallas,TX,Dallas–Fort Worth,4.9,19322,(214) 717-6708,https://callmilestone.com/dallas/plumbing/,https://rovenhr.com/business/dfw/milestone-electric-a-c-plumbing-chijac,"https://rovenhr.com/contact.html?claim=Milestone%20Electric,%20A/C,%20&%20Plumbing&metro=Dallas–Fort%20Worth"
2,"Snyder Air Conditioning, Plumbing & Electric",Home Services,Jacksonville,FL,Jacksonville,4.9,13514,(904) 274-4454,https://snyderac.com/north-florida/jacksonville/?utm_source=google-gbp&utm_medium=organic&utm_campaign=*182*snyder-air-jacksonville,https://rovenhr.com/business/jacksonville/snyder-air-conditioning-plumbing-electric-chijzx,"https://rovenhr.com/contact.html?claim=Snyder%20Air%20Conditioning,%20Plumbing%20&%20Electric&metro=Jacksonville"
3,"Baker Brothers Plumbing, Air & Electric",Home Services,Mesquite,TX,Dallas–Fort Worth,4.8,24517,(214) 324-8811,https://bakerbrothersplumbing.com/?utm_campaign=gmb_bk-msq_home_everyone_gmb-mesquite&utm_medium=gmb&utm_source=google,https://rovenhr.com/business/dfw/baker-brothers-plumbing-air-electric-chijq6,"https://rovenhr.com/contact.html?claim=Baker%20Brothers%20Plumbing,%20Air%20&%20Electric&metro=Dallas–Fort%20Worth"
4,Champion Home Services,Home Services,Bulverde,TX,San Antonio,4.9,10328,(210) 503-1515,https://www.championac.com/service-areas/bulverde-tx/?utm_source=google-gbp&utm_medium=organic&utm_campaign=*63*champion-comfort-san-antonio,https://rovenhr.com/business/san_antonio/champion-home-services-chijjx,https://rovenhr.com/contact.html?claim=Champion%20Home%20Services&metro=San%20Antonio
5,Buehler Air Conditioning & Plumbing,Home Services,Jacksonville Beach,FL,Jacksonville,5,5523,(904) 605-0332,https://buehlerair.com/?utm_source=google&utm_medium=organic&utm_campaign=GMBListing-Jacksonville-Beach-FL,https://rovenhr.com/business/jacksonville/buehler-air-conditioning-plumbing-chijy7,https://rovenhr.com/contact.html?claim=Buehler%20Air%20Conditioning%20&%20Plumbing&metro=Jacksonville
6,"Day & Night Air Conditioning, Heating, & Plumbing",Home Services,Phoenix,AZ,Phoenix,4.9,9709,(602) 584-7758,https://www.dayandnightair.com/?utm_source=gmb&utm_medium=local&utm_campaign=phoenix-az,https://rovenhr.com/business/phoenix/day-night-air-conditioning-heating-plumbing-chijma,"https://rovenhr.com/contact.html?claim=Day%20&%20Night%20Air%20Conditioning,%20Heating,%20&%20Plumbing&metro=Phoenix"
7,"Radiant Plumbing, Air Conditioning, & Electrical",Home Services,Austin,TX,Austin,4.8,17445,(512) 690-4935,https://radiantplumbing.com/austin/?utm_source=google&utm_medium=businesslisting&utm_campaign=atx-brand_gmb_1023&utm_content=atx-brand,https://rovenhr.com/business/austin/radiant-plumbing-air-conditioning-electrical-chijga,"https://rovenhr.com/contact.html?claim=Radiant%20Plumbing,%20Air%20Conditioning,%20&%20Electrical&metro=Austin"
8,Jon Wayne Service Company,Home Services,San Antonio,TX,San Antonio,4.8,16996,(830) 217-3095,https://jonwayne.com/service-area/san-antonio/?utm_source=google-gbp&utm_medium=organic&utm_campaign=*432*jon-wayne-san-antonio,https://rovenhr.com/business/san_antonio/jon-wayne-service-company-chijoy,https://rovenhr.com/contact.html?claim=Jon%20Wayne%20Service%20Company&metro=San%20Antonio
9,"Donovan Air, Electric & Plumbing",Home Services,Jacksonville Beach,FL,Jacksonville,4.9,7942,(904) 241-3785,https://www.donovanac.com/?utm_campaign=Google+My+Business&utm_source=GMB&utm_medium=organic&utm_content=Website,https://rovenhr.com/business/jacksonville/donovan-air-electric-plumbing-chij_4,"https://rovenhr.com/contact.html?claim=Donovan%20Air,%20Electric%20&%20Plumbing&metro=Jacksonville"
10,Parker & Sons,Home Services,Phoenix,AZ,Phoenix,4.7,34522,(602) 424-9619,https://www.parkerandsons.com/?utm_campaign=gmb_pk-phx_home_cus-all_googlebusinessprofile&utm_medium=gmb&utm_source=google,https://rovenhr.com/business/phoenix/parker-sons-chijh9,https://rovenhr.com/contact.html?claim=Parker%20&%20Sons&metro=Phoenix
11,Hobaica Services,Home Services,Phoenix,AZ,Phoenix,4.9,7123,(602) 633-9555,https://www.hobaica.com/?utm_source=gbp&utm_medium=organic&utm_campaign=Google%20My%20Business,https://rovenhr.com/business/phoenix/hobaica-services-chijo9,https://rovenhr.com/contact.html?claim=Hobaica%20Services&metro=Phoenix
12,Air Tech of Houston AC & Plumbing,Home Services,Houston,TX,Houston,4.9,6386,(832) 680-5546,https://www.airtechofhouston.com/locations/houston-tx/?utm_source=google-gbp&utm_medium=organic&utm_campaign=*19*air-tech-houston,https://rovenhr.com/business/houston/air-tech-of-houston-ac-plumbing-chijne,https://rovenhr.com/contact.html?claim=Air%20Tech%20of%20Houston%20AC%20&%20Plumbing&metro=Houston
13,J&W Heating and Air & Plumbing,Home Services,Jacksonville,FL,Jacksonville,4.9,5949,(904) 552-4767,https://www.jandwheatingandair.com/?utm_source=Google&utm_medium=GBP&utm_campaign=Organic_GBP_J&W,https://rovenhr.com/business/jacksonville/j-w-heating-and-air-plumbing-chijpy,https://rovenhr.com/contact.html?claim=J&W%20Heating%20and%20Air%20&%20Plumbing&metro=Jacksonville
14,Goettl Air Conditioning and Plumbing - San Antonio TX,Home Services,San Antonio,TX,San Antonio,4.8,10925,(210) 460-3966,https://www.goettl.com/location/san-antonio-texas/?utm_source=Google&utm_medium=GBP&utm_campaign=Google.Business.Profile,https://rovenhr.com/business/san_antonio/goettl-air-conditioning-and-plumbing-san-antonio-tx-chijv5,https://rovenhr.com/contact.html?claim=Goettl%20Air%20Conditioning%20and%20Plumbing%20-%20San%20Antonio%20TX&metro=San%20Antonio
15,"Village Plumbing, Air & Electric",Home Services,Houston,TX,Houston,4.8,10509,(281) 344-2270,https://villageplumbing.com/?utm_source=google&utm_medium=gmb&utm_campaign=Google%20Business%20Profile,https://rovenhr.com/business/houston/village-plumbing-air-electric-chijic,"https://rovenhr.com/contact.html?claim=Village%20Plumbing,%20Air%20&%20Electric&metro=Houston"
16,Rocklin Heating & Air,Home Services,Rocklin,CA,Sacramento,5,3037,(916) 314-3951,https://www.rocklinair.com/?utm_source=google&utm_medium=gbp,https://rovenhr.com/business/sacramento/rocklin-heating-air-chijzv,https://rovenhr.com/contact.html?claim=Rocklin%20Heating%20&%20Air&metro=Sacramento
17,Hawkins Service Co.,Home Services,Tampa,FL,Tampa,4.9,5274,(813) 303-1465,https://www.hawkinsserviceco.com/?utm_source=google&utm_medium=gbp&se_campaign=GBP-Tampa,https://rovenhr.com/business/tampa/hawkins-service-co-chijos,https://rovenhr.com/contact.html?claim=Hawkins%20Service%20Co.&metro=Tampa
18,"Bonney Plumbing, Sewer, Electrical, Heating & Air",Home Services,Rancho Cordova,CA,Sacramento,4.8,10140,(916) 461-9039,https://www.bonney.com/?utm_source=gbplisting&utm_medium=referral&utm_campaign=gbp,https://rovenhr.com/business/sacramento/bonney-plumbing-sewer-electrical-heating-air-chij2a,"https://rovenhr.com/contact.html?claim=Bonney%20Plumbing,%20Sewer,%20Electrical,%20Heating%20&%20Air&metro=Sacramento"
19,Legacy Plumbing,Home Services,Little Elm,TX,Dallas–Fort Worth,5,2871,(972) 987-0753,https://legacyplumbing.net/,https://rovenhr.com/business/dfw/legacy-plumbing-chijhz,https://rovenhr.com/contact.html?claim=Legacy%20Plumbing&metro=Dallas–Fort%20Worth
20,Butterfly Orthodontics,Dental & Medical,Phoenix,AZ,Phoenix,5,2792,(602) 938-6709,https://www.butterflybraces.com/,https://rovenhr.com/business/phoenix/butterfly-orthodontics-chijyy,https://rovenhr.com/contact.html?claim=Butterfly%20Orthodontics&metro=Phoenix
21,Brody Pennell Heating & Air Conditioning,Home Services,Los Angeles,CA,Los Angeles,4.9,4879,(310) 896-4911,http://brodypennell.com/,https://rovenhr.com/business/la/brody-pennell-heating-air-conditioning-chijz8,https://rovenhr.com/contact.html?claim=Brody%20Pennell%20Heating%20&%20Air%20Conditioning&metro=Los%20Angeles
22,John Moore Services,Home Services,Houston,TX,Houston,4.7,19778,(713) 853-9885,http://www.johnmooreservices.com/,https://rovenhr.com/business/houston/john-moore-services-chijlq,https://rovenhr.com/contact.html?claim=John%20Moore%20Services&metro=Houston
23,Garcia Orthodontics Miami,Dental & Medical,Miami,FL,Miami,4.9,4678,(305) 596-1722,https://orthodontistmiami.com/,https://rovenhr.com/business/miami/garcia-orthodontics-miami-chij5f,https://rovenhr.com/contact.html?claim=Garcia%20Orthodontics%20Miami&metro=Miami
24,"Jazz Heating, Air Conditioning and Plumbing",Home Services,Pleasanton,CA,San Francisco,4.9,4293,(925) 217-7189,https://www.calljazz.com/?utm_source=google-gbp&utm_medium=organic&utm_campaign=*284*jazz-heating-ac-pleasanton,https://rovenhr.com/business/sf/jazz-heating-air-conditioning-and-plumbing-chij_f,"https://rovenhr.com/contact.html?claim=Jazz%20Heating,%20Air%20Conditioning%20and%20Plumbing&metro=San%20Francisco"
25,Parobek Plumbing & Air Conditioning,Home Services,Bastrop,TX,Austin,4.9,4164,(737) 251-8550,https://parobekplumbing.com/?utm_source=google&utm_medium=organic&utm_campaign=gbp_bastrop,https://rovenhr.com/business/austin/parobek-plumbing-air-conditioning-chijpz,https://rovenhr.com/contact.html?claim=Parobek%20Plumbing%20&%20Air%20Conditioning&metro=Austin
26,South Tampa Dentistry,Dental & Medical,Tampa,FL,Tampa,4.9,4123,(813) 835-0090,https://southtampadentistry.com/,https://rovenhr.com/business/tampa/south-tampa-dentistry-chijaw,https://rovenhr.com/contact.html?claim=South%20Tampa%20Dentistry&metro=Tampa
27,Elmer's Home Services,Home Services,San Antonio,TX,San Antonio,4.8,7716,(210) 390-9988,https://elmershomeservices.com/?utm_source=google&utm_medium=organic&utm_campaign=google-business-profile&utm_content=san-antonio,https://rovenhr.com/business/san_antonio/elmer-s-home-services-chij0y,https://rovenhr.com/contact.html?claim=Elmer's%20Home%20Services&metro=San%20Antonio
28,Arts Family Dentistry,Dental & Medical,Dallas,TX,Dallas–Fort Worth,5,2307,(214) 203-1145,http://artsfamilydentistry.com/,https://rovenhr.com/business/dfw/arts-family-dentistry-chijk_,https://rovenhr.com/contact.html?claim=Arts%20Family%20Dentistry&metro=Dallas–Fort%20Worth
29,Strand Brothers Service Experts,Home Services,Austin,TX,Austin,4.8,7539,(512) 598-6625,https://www.serviceexperts.com/austin-tx/?utm_source=gbp&utm_medium=organic&utm_campaign=brand,https://rovenhr.com/business/austin/strand-brothers-service-experts-chijl8,https://rovenhr.com/contact.html?claim=Strand%20Brothers%20Service%20Experts&metro=Austin
30,Rescue Air and Plumbing,Home Services,Dallas,TX,Dallas–Fort Worth,4.9,3982,(972) 532-1226,https://www.rescueairtx.com/,https://rovenhr.com/business/dfw/rescue-air-and-plumbing-chij4x,https://rovenhr.com/contact.html?claim=Rescue%20Air%20and%20Plumbing&metro=Dallas–Fort%20Worth
31,"ASI, The White Glove Guys",Home Services,San Diego,CA,San Diego,4.8,7431,(619) 350-3205,https://www.asiheatingandair.com/?utm_source=google&utm_medium=gmb&utm_campaign=ASI_ORG_EVER_A_GBP_Listing_SanDiego,https://rovenhr.com/business/san_diego/asi-the-white-glove-guys-chijp8,"https://rovenhr.com/contact.html?claim=ASI,%20The%20White%20Glove%20Guys&metro=San%20Diego"
32,Service Experts Jacksonville,Home Services,Jacksonville,FL,Jacksonville,4.9,3797,(904) 560-5878,https://www.serviceexperts.com/jacksonville-fl/?utm_source=gbp&utm_medium=organic&utm_campaign=brand,https://rovenhr.com/business/jacksonville/service-experts-jacksonville-chijj0,https://rovenhr.com/contact.html?claim=Service%20Experts%20Jacksonville&metro=Jacksonville
33,Frank Gay Services,Home Services,Orlando,FL,Orlando,4.7,14901,(407) 490-1361,https://frankgayservices.com/service-area/orlando/?utm_source=google-gbp&utm_medium=organic&utm_campaign=*107*frank-gay-orlando,https://rovenhr.com/business/orlando/frank-gay-services-chijcu,https://rovenhr.com/contact.html?claim=Frank%20Gay%20Services&metro=Orlando
34,"McCullough Heating, Air Conditioning & Plumbing",Home Services,Austin,TX,Austin,4.9,3654,(512) 877-6043,https://coolmenow.com/?utm_source=google&utm_medium=gbp-aus,https://rovenhr.com/business/austin/mccullough-heating-air-conditioning-plumbing-chij12,"https://rovenhr.com/contact.html?claim=McCullough%20Heating,%20Air%20Conditioning%20&%20Plumbing&metro=Austin"
35,Goettl Air Conditioning and Plumbing - Phoenix AZ,Home Services,Phoenix,AZ,Phoenix,4.7,14301,(602) 517-0039,https://www.goettl.com/location/phoenix-arizona/?utm_source=Google&utm_medium=GBP&utm_campaign=Google.Business.Profile,https://rovenhr.com/business/phoenix/goettl-air-conditioning-and-plumbing-phoenix-az-chijm2,https://rovenhr.com/contact.html?claim=Goettl%20Air%20Conditioning%20and%20Plumbing%20-%20Phoenix%20AZ&metro=Phoenix
36,"Lickety Split AC, Plumbing & Electric",Home Services,Jacksonville,FL,Jacksonville,4.9,3633,(904) 712-0764,https://licketysplitfl.com/?utm_source=google&utm_medium=gbp-jacksonville&se_campaign=GBP-Jacksonville,https://rovenhr.com/business/jacksonville/lickety-split-ac-plumbing-electric-chij97,"https://rovenhr.com/contact.html?claim=Lickety%20Split%20AC,%20Plumbing%20&%20Electric&metro=Jacksonville"
37,Midtown Family Dentistry,Dental & Medical,Dallas,TX,Dallas–Fort Worth,4.9,3598,(469) 529-6016,https://www.midtowndentistrydallas.com/,https://rovenhr.com/business/dfw/midtown-family-dentistry-chij68,https://rovenhr.com/contact.html?claim=Midtown%20Family%20Dentistry&metro=Dallas–Fort%20Worth
38,David Gray Plumbing,Home Services,Jacksonville,FL,Jacksonville,4.8,6703,(904) 385-5899,https://www.davidgrayonline.com/plumbing/?utm_source=google&utm_medium=organic&utm_campaign=GMB%20Listing%20JaxPlum,https://rovenhr.com/business/jacksonville/david-gray-plumbing-chij2t,https://rovenhr.com/contact.html?claim=David%20Gray%20Plumbing&metro=Jacksonville
39,American AC Heat Plumbing,Home Services,Hawthorne,CA,Los Angeles,4.9,3485,(310) 494-2552,https://americanairconditioning.com/?utm_source=google&utm_medium=organic&utm_campaign=google-business-profile&utm_content=hawthorne,https://rovenhr.com/business/la/american-ac-heat-plumbing-chijn_,https://rovenhr.com/contact.html?claim=American%20AC%20Heat%20Plumbing&metro=Los%20Angeles
40,"Anderson Plumbing, Heating & Air",Home Services,San Diego,CA,San Diego,4.8,6342,(619) 320-1884,https://www.andersonplumbingheatingandair.com/service-areas/san-diego/?utm_source=google&utm_medium=organic&utm_campaign=GMBListing-San-Diego-California,https://rovenhr.com/business/san_diego/anderson-plumbing-heating-air-chij_e,"https://rovenhr.com/contact.html?claim=Anderson%20Plumbing,%20Heating%20&%20Air&metro=San%20Diego"
41,"Berkeys Plumbing, A/C & Electrical",Home Services,Dallas,TX,Dallas–Fort Worth,4.9,3373,(214) 612-0133,https://www.berkeys.com/?utm_campaign=gmb_be_home_everyone_gmb-dallas&utm_medium=gmb&utm_source=google,https://rovenhr.com/business/dfw/berkeys-plumbing-a-c-electrical-chijv9,"https://rovenhr.com/contact.html?claim=Berkeys%20Plumbing,%20A/C%20&%20Electrical&metro=Dallas–Fort%20Worth"
42,Service Experts Dallas,Home Services,Richardson,TX,Dallas–Fort Worth,4.8,6111,(972) 619-7607,https://www.serviceexperts.com/dallas-tx/?&utm_campaign=listing&utm_medium=organic_search&utm_source=gmb&utm_content=brand,https://rovenhr.com/business/dfw/service-experts-dallas-chij_v,https://rovenhr.com/contact.html?claim=Service%20Experts%20Dallas&metro=Dallas–Fort%20Worth
43,"Abacus Plumbing, Air Conditioning, & Electrical",Home Services,Austin,TX,Austin,4.8,6015,(512) 943-7070,https://www.abacusplumbing.com/?utm_campaign=gmb_ab-atx_home_everyone_gmb-austin&utm_medium=gmb&utm_source=google,https://rovenhr.com/business/austin/abacus-plumbing-air-conditioning-electrical-chiji_,"https://rovenhr.com/contact.html?claim=Abacus%20Plumbing,%20Air%20Conditioning,%20&%20Electrical&metro=Austin"
44,Rainaldi Home Services,Home Services,Orlando,FL,Orlando,4.8,5930,(407) 282-2900,https://rainaldihomeservices.com/?utm_campaign=Google+My+Business&utm_source=GMB&utm_medium=organic&utm_content=Website,https://rovenhr.com/business/orlando/rainaldi-home-services-chijgr,https://rovenhr.com/contact.html?claim=Rainaldi%20Home%20Services&metro=Orlando
45,Air Tech of Humble - Elite Comfort,Home Services,Humble,TX,Houston,4.9,3174,(346) 236-1240,https://www.airtechofhumble.com/locations/humble-tx/?utm_source=google-gbp&utm_medium=organic&utm_campaign=*20*air-tech-humble,https://rovenhr.com/business/houston/air-tech-of-humble-elite-comfort-chijj8,https://rovenhr.com/contact.html?claim=Air%20Tech%20of%20Humble%20-%20Elite%20Comfort&metro=Houston
46,VK Orthodontics,Dental & Medical,San Antonio,TX,San Antonio,5,1849,(210) 496-6262,https://www.vkorthodontics.com/,https://rovenhr.com/business/san_antonio/vk-orthodontics-chijvb,https://rovenhr.com/contact.html?claim=VK%20Orthodontics&metro=San%20Antonio
47,Arizona Orthodontic Centers,Dental & Medical,Phoenix,AZ,Phoenix,5,1831,(623) 877-8500,https://www.azorthodonticcenter.com/,https://rovenhr.com/business/phoenix/arizona-orthodontic-centers-chijcr,https://rovenhr.com/contact.html?claim=Arizona%20Orthodontic%20Centers&metro=Phoenix
48,"Bill Howe Plumbing, Heating & Air, Restoration & Flood Services",Home Services,San Diego,CA,San Diego,4.8,5755,(619) 317-1809,https://www.billhowe.com/?utm_source=google&utm_medium=organic&utm_campaign=GMB_SanDiego,https://rovenhr.com/business/san_diego/bill-howe-plumbing-heating-air-restoration-flood-services-chij7s,"https://rovenhr.com/contact.html?claim=Bill%20Howe%20Plumbing,%20Heating%20&%20Air,%20Restoration%20&%20Flood%20Services&metro=San%20Diego"
49,Discount Plumbing Rooter Services,Home Services,Daly City,CA,San Francisco,4.9,3075,(650) 977-3126,https://discountplumbingrooterinc.com/?utm_source=google-gbp&utm_medium=organic&utm_campaign=*396*discount-plumbing-daly-city,https://rovenhr.com/business/sf/discount-plumbing-rooter-services-chijlx,https://rovenhr.com/contact.html?claim=Discount%20Plumbing%20Rooter%20Services&metro=San%20Francisco
50,"Abacus Plumbing, Air Conditioning, & Electrical",Home Services,Houston,TX,Houston,4.7,11725,(713) 812-7070,https://www.abacusplumbing.net/?utm_campaign=gmb_ab-hou_home_everyone_gmb-houston&utm_medium=gmb&utm_source=google,https://rovenhr.com/business/houston/abacus-plumbing-air-conditioning-electrical-chijy6,"https://rovenhr.com/contact.html?claim=Abacus%20Plumbing,%20Air%20Conditioning,%20&%20Electrical&metro=Houston"
51,American Home Water & Air,Home Services,Phoenix,AZ,Phoenix,4.9,3069,(602) 726-1448,https://americanhomewater.com/,https://rovenhr.com/business/phoenix/american-home-water-air-chijc8,https://rovenhr.com/contact.html?claim=American%20Home%20Water%20&%20Air&metro=Phoenix
52,Waychoff's Air Conditioning,Home Services,Jacksonville,FL,Jacksonville,4.8,5683,(904) 977-2547,https://www.waychoffsac.com/?utm_source=google&utm_medium=gbp&utm_campaign=WAY0100-WEB009-GBP&utm_crid=WAY0100_WEB009_60996848,https://rovenhr.com/business/jacksonville/waychoff-s-air-conditioning-chijbv,https://rovenhr.com/contact.html?claim=Waychoff's%20Air%20Conditioning&metro=Jacksonville
53,United States Home Services,Home Services,Dallas,TX,Dallas–Fort Worth,5,1795,(214) 301-5784,http://www.unitedstateshomeservices.com/,https://rovenhr.com/business/dfw/united-states-home-services-chijvv,https://rovenhr.com/contact.html?claim=United%20States%20Home%20Services&metro=Dallas–Fort%20Worth
54,Proven Plumbing & Air,Home Services,Cedar Park,TX,Austin,4.9,3047,(512) 775-1234,https://www.callproven.com/,https://rovenhr.com/business/austin/proven-plumbing-air-chijmu,https://rovenhr.com/contact.html?claim=Proven%20Plumbing%20&%20Air&metro=Austin
55,Life Smiles Dental Care,Dental & Medical,Phoenix,AZ,Phoenix,5,1783,(602) 786-5484,https://www.lifesmilesdentalcare.com/,https://rovenhr.com/business/phoenix/life-smiles-dental-care-chijyt,https://rovenhr.com/contact.html?claim=Life%20Smiles%20Dental%20Care&metro=Phoenix
56,Air & Plumbing Today: HVAC Department,Home Services,San Antonio,TX,San Antonio,4.9,3027,(210) 622-2344,https://airandplumbingtoday.com/?utm_source=GBP&utm_medium=organic,https://rovenhr.com/business/san_antonio/air-plumbing-today-hvac-department-chijzy,https://rovenhr.com/contact.html?claim=Air%20&%20Plumbing%20Today:%20HVAC%20Department&metro=San%20Antonio
57,"Atticman Heating and Air Conditioning, Insulation",Home Services,Sacramento,CA,Sacramento,4.9,3019,(916) 818-1194,https://atticmanhvac.com/?utm_source=google&utm_medium=organic&utm_campaign=gmb&utm_id=GBP_Sacramento,https://rovenhr.com/business/sacramento/atticman-heating-and-air-conditioning-insulation-chijdx,"https://rovenhr.com/contact.html?claim=Atticman%20Heating%20and%20Air%20Conditioning,%20Insulation&metro=Sacramento"
58,"Bill Dorfman, DDS",Dental & Medical,Los Angeles,CA,Los Angeles,5,1759,(310) 277-5678,https://billdorfmandds.com/?utm_source=GoogleBusinessProfile&utm_medium=Organic&utm_campaign=Website,https://rovenhr.com/business/la/bill-dorfman-dds-chij07,"https://rovenhr.com/contact.html?claim=Bill%20Dorfman,%20DDS&metro=Los%20Angeles"
59,Airtron Heating & Air Conditioning,Home Services,Dallas,TX,Dallas–Fort Worth,4.8,5522,(214) 556-6792,https://airtron.com/dallas/?utm_source=gmb&utm_medium=gmb-organic&utm_campaign=gmb-dallas,https://rovenhr.com/business/dfw/airtron-heating-air-conditioning-chijuq,https://rovenhr.com/contact.html?claim=Airtron%20Heating%20&%20Air%20Conditioning&metro=Dallas–Fort%20Worth
60,All American Plumbing Inc.,Home Services,Poway,CA,San Diego,5,1749,(858) 842-7876,http://plumbing-sandiego.net/,https://rovenhr.com/business/san_diego/all-american-plumbing-inc-chijw3,https://rovenhr.com/contact.html?claim=All%20American%20Plumbing%20Inc.&metro=San%20Diego
61,Avalon Heating and Air +Electrical services,Home Services,Jacksonville,FL,Jacksonville,5,1751,(904) 245-1818,https://coolingjacksonville.com/,https://rovenhr.com/business/jacksonville/avalon-heating-and-air-electrical-services-chijkf,https://rovenhr.com/contact.html?claim=Avalon%20Heating%20and%20Air%20+Electrical%20services&metro=Jacksonville
62,Fox Service Company,Home Services,Austin,TX,Austin,4.8,5464,(512) 488-1120,https://www.foxservice.com/,https://rovenhr.com/business/austin/fox-service-company-chijqq,https://rovenhr.com/contact.html?claim=Fox%20Service%20Company&metro=Austin
63,Illinois Family Dentistry,Dental & Medical,Dallas,TX,Dallas–Fort Worth,5,1702,(469) 809-1919,https://illinoisdentistrydallas.com/,https://rovenhr.com/business/dfw/illinois-family-dentistry-chijrc,https://rovenhr.com/contact.html?claim=Illinois%20Family%20Dentistry&metro=Dallas–Fort%20Worth
64,Miami Dental Group of Kendall,Dental & Medical,Miami,FL,Miami,5,1680,(305) 547-8365,https://miamidentalgroup.com/?utm_source=GMB&utm_medium=organic&utm_campaign=DevOptimization&utm_content=Website,https://rovenhr.com/business/miami/miami-dental-group-of-kendall-chijhr,https://rovenhr.com/contact.html?claim=Miami%20Dental%20Group%20of%20Kendall&metro=Miami
65,Uptown Heating & Air Conditioning,Home Services,Houston,TX,Houston,4.9,2853,(832) 709-0236,https://www.uptownac.com/,https://rovenhr.com/business/houston/uptown-heating-air-conditioning-chijdw,https://rovenhr.com/contact.html?claim=Uptown%20Heating%20&%20Air%20Conditioning&metro=Houston
66,Air Titans,Home Services,Tampa,FL,Tampa,4.9,2827,(813) 355-8352,http://www.airtitans.com/,https://rovenhr.com/business/tampa/air-titans-chijs2,https://rovenhr.com/contact.html?claim=Air%20Titans&metro=Tampa
67,One Hour Air Conditioning & Heating® of Houston,Home Services,Houston,TX,Houston,4.7,10631,(281) 407-9754,https://www.onehourheatandair.com/houston/?utm_source=organic&utm_medium=GBP&utm_campaign=gbp_main,https://rovenhr.com/business/houston/one-hour-air-conditioning-heating-of-houston-chijg6,https://rovenhr.com/contact.html?claim=One%20Hour%20Air%20Conditioning%20&%20Heating®%20of%20Houston&metro=Houston
68,"Cool Today - Cooling, Plumbing, Electrical",Home Services,Altamonte Springs,FL,Orlando,4.8,5197,(407) 693-0479,https://www.cooltoday.com/orlando?utm_source=google&utm_medium=organic&utm_campaign=Google_HVAC_GMB_Orlando&utm_content=Website,https://rovenhr.com/business/orlando/cool-today-cooling-plumbing-electrical-chijk1,"https://rovenhr.com/contact.html?claim=Cool%20Today%20-%20Cooling,%20Plumbing,%20Electrical&metro=Orlando"
69,Service Experts Fort Worth,Home Services,Fort Worth,TX,Dallas–Fort Worth,4.8,5026,(817) 241-5893,https://www.serviceexperts.com/fort-worth-tx/?&utm_campaign=listing&utm_medium=organic_search&utm_source=gmb&utm_content=brand,https://rovenhr.com/business/dfw/service-experts-fort-worth-chijfy,https://rovenhr.com/contact.html?claim=Service%20Experts%20Fort%20Worth&metro=Dallas–Fort%20Worth
70,Fenwick Home Services,Home Services,Jacksonville,FL,Jacksonville,4.8,4888,(904) 602-8824,https://www.fenwickhomeservices.com/?utm_source=google&utm_medium=gbp&utm_campaign=FWK0100-WEB009-GBP&utm_crid=FWK0100_WEB009_113215303,https://rovenhr.com/business/jacksonville/fenwick-home-services-chij-1,https://rovenhr.com/contact.html?claim=Fenwick%20Home%20Services&metro=Jacksonville
71,Prero Orthodontics,Dental & Medical,Beverly Hills,CA,Los Angeles,5,1570,(310) 595-2882,http://www.preroorthodontics.com/,https://rovenhr.com/business/la/prero-orthodontics-chijwc,https://rovenhr.com/contact.html?claim=Prero%20Orthodontics&metro=Los%20Angeles
72,My Smile Miami,Dental & Medical,Miami,FL,Miami,5,1557,(305) 444-0808,https://www.mysmilemiami.com/?utm_source=google&utm_medium=organic&utm_campaign=gbp,https://rovenhr.com/business/miami/my-smile-miami-chijz5,https://rovenhr.com/contact.html?claim=My%20Smile%20Miami&metro=Miami
73,Rosenberg Plumbing & Air,Home Services,San Antonio,TX,San Antonio,4.9,2597,(210) 503-7388,https://rosenberghvac.com/?utm_source=Google&utm_medium=GBP&utm_campaign=Organic_GBP_Rosenberg,https://rovenhr.com/business/san_antonio/rosenberg-plumbing-air-chijqw,https://rovenhr.com/contact.html?claim=Rosenberg%20Plumbing%20&%20Air&metro=San%20Antonio
74,Chambliss Plumbing Company,Home Services,San Antonio,TX,San Antonio,5,1530,(210) 802-2439,https://chamblissplumbing.com/?utm_source=google&utm_medium=listing,https://rovenhr.com/business/san_antonio/chambliss-plumbing-company-chijn0,https://rovenhr.com/contact.html?claim=Chambliss%20Plumbing%20Company&metro=San%20Antonio
75,Wyman Plumbing & Mechanical LLC,Home Services,Phoenix,AZ,Phoenix,5,1524,(623) 255-5178,https://www.wyman-services.com/?utm_source=google&utm_medium=organic&utm_campaign=gbp,https://rovenhr.com/business/phoenix/wyman-plumbing-mechanical-llc-chij46,https://rovenhr.com/contact.html?claim=Wyman%20Plumbing%20&%20Mechanical%20LLC&metro=Phoenix
76,APES HVAC & Plumbing,Home Services,Phoenix,AZ,Phoenix,4.9,2574,(623) 521-1172,https://go4apes.com/,https://rovenhr.com/business/phoenix/apes-hvac-plumbing-chijw1,https://rovenhr.com/contact.html?claim=APES%20HVAC%20&%20Plumbing&metro=Phoenix
77,Smiley Face Braces Orlando,Dental & Medical,Orlando,FL,Orlando,4.9,2539,(407) 723-0060,http://www.smileyfacebraces.com/,https://rovenhr.com/business/orlando/smiley-face-braces-orlando-chijhb,https://rovenhr.com/contact.html?claim=Smiley%20Face%20Braces%20Orlando&metro=Orlando
78,Desert Diamond Air Cooling & Heating,Home Services,Phoenix,AZ,Phoenix,4.9,2505,(623) 246-2377,https://desertdiamondhvac.com/residential/air-conditioning-repair/?utm_source=google&utm_medium=gmb&utm_campaign=phoenix&se_campaign=Google%20My%20Business%20-%20Clicked%20to%20Website,https://rovenhr.com/business/phoenix/desert-diamond-air-cooling-heating-chijq6,https://rovenhr.com/contact.html?claim=Desert%20Diamond%20Air%20Cooling%20&%20Heating&metro=Phoenix
79,AZ Home Services Group AC Repair & Plumbing Services,Home Services,Tempe,AZ,Phoenix,5,1483,(602) 806-7212,https://azhomeservices.group/,https://rovenhr.com/business/phoenix/az-home-services-group-ac-repair-plumbing-services-chijdt,https://rovenhr.com/contact.html?claim=AZ%20Home%20Services%20Group%20AC%20Repair%20&%20Plumbing%20Services&metro=Phoenix
80,Service Experts Houston,Home Services,Houston,TX,Houston,4.8,4475,(713) 722-5000,https://www.serviceexperts.com/houston-tx/?utm_source=gbp&utm_medium=organic&utm_campaign=brand,https://rovenhr.com/business/houston/service-experts-houston-chiji8,https://rovenhr.com/contact.html?claim=Service%20Experts%20Houston&metro=Houston
81,Buehler Air Conditioning & Plumbing,Home Services,Jacksonville,FL,Jacksonville,5,1439,(904) 326-0955,https://buehlerair.com/plumber-in-jacksonville-fl//?utm_source=google&utm_medium=organic&utm_campaign=GMBListing-Jacksonville-FL,https://rovenhr.com/business/jacksonville/buehler-air-conditioning-plumbing-chijay,https://rovenhr.com/contact.html?claim=Buehler%20Air%20Conditioning%20&%20Plumbing&metro=Jacksonville
82,Jaguar Heating & Air,Home Services,Sacramento,CA,Sacramento,4.9,2404,(916) 646-2007,https://www.jaguarheatingandair.com/?utm_source=google&utm_medium=organic&utm_campaign=gbp,https://rovenhr.com/business/sacramento/jaguar-heating-air-chij-s,https://rovenhr.com/contact.html?claim=Jaguar%20Heating%20&%20Air&metro=Sacramento
83,Highlands Family Dentistry,Dental & Medical,Dallas,TX,Dallas–Fort Worth,5,1421,(214) 491-5362,https://www.highlandsdentaldallas.com/?utm_source=GMB&utm_medium=organic&utm_campaign=DevOptimization&utm_content=Website,https://rovenhr.com/business/dfw/highlands-family-dentistry-chijls,https://rovenhr.com/contact.html?claim=Highlands%20Family%20Dentistry&metro=Dallas–Fort%20Worth
84,Texas Quality Plumbing,Home Services,Houston,TX,Houston,4.8,4259,(713) 385-0349,https://www.texasqualityplumbing.com/?utm_source=google&utm_medium=organic&utm_campaign=local+listings,https://rovenhr.com/business/houston/texas-quality-plumbing-chijry,https://rovenhr.com/contact.html?claim=Texas%20Quality%20Plumbing&metro=Houston
85,"Cody & Sons Plumbing, Heating & Air",Home Services,Dallas,TX,Dallas–Fort Worth,4.9,2335,(469) 200-3366,http://www.codyandsons.com/,https://rovenhr.com/business/dfw/cody-sons-plumbing-heating-air-chijc2,"https://rovenhr.com/contact.html?claim=Cody%20&%20Sons%20Plumbing,%20Heating%20&%20Air&metro=Dallas–Fort%20Worth"
86,South Tampa Smiles,Dental & Medical,Tampa,FL,Tampa,4.9,2331,(863) 209-7744,https://www.southtampasmiles.com/?utm_campaign=gmb,https://rovenhr.com/business/tampa/south-tampa-smiles-chijo8,https://rovenhr.com/contact.html?claim=South%20Tampa%20Smiles&metro=Tampa
87,Shafer Services Plus,Home Services,San Antonio,TX,San Antonio,4.9,2317,(210) 227-8358,https://shaferservices.com/?utm_source=gmb&utm_medium=organic,https://rovenhr.com/business/san_antonio/shafer-services-plus-chijyx,https://rovenhr.com/contact.html?claim=Shafer%20Services%20Plus&metro=San%20Antonio
88,"Cool R Us, Inc A/C & Heating",Home Services,Jacksonville,FL,Jacksonville,4.9,2289,(904) 592-0651,https://www.coolrusnfl.com/?utm_source=google&utm_medium=organic&utm_campaign=GBPListing-Jacksonville-FL,https://rovenhr.com/business/jacksonville/cool-r-us-inc-a-c-heating-chijxe,"https://rovenhr.com/contact.html?claim=Cool%20R%20Us,%20Inc%20A/C%20&%20Heating&metro=Jacksonville"
89,Nu Dentistry,Dental & Medical,Houston,TX,Houston,4.9,2236,(346) 566-4100,https://nudentistry.com/,https://rovenhr.com/business/houston/nu-dentistry-chij9_,https://rovenhr.com/contact.html?claim=Nu%20Dentistry&metro=Houston
90,Cristian Valles Photography,Wedding & Events,Miami Beach,FL,Miami,5,1334,(305) 859-1317,https://cristianvallesfilms.com/,https://rovenhr.com/business/miami/cristian-valles-photography-chijdy,https://rovenhr.com/contact.html?claim=Cristian%20Valles%20Photography&metro=Miami
91,Legacy Plumbing,Home Services,Frisco,TX,Dallas–Fort Worth,4.9,2227,(972) 707-2184,https://legacyplumbing.net/frisco-tx-plumber/,https://rovenhr.com/business/dfw/legacy-plumbing-chijtw,https://rovenhr.com/contact.html?claim=Legacy%20Plumbing&metro=Dallas–Fort%20Worth
92,Goettl Air Conditioning and Plumbing - Austin TX,Home Services,Austin,TX,Austin,4.8,3956,(512) 991-2882,https://www.goettl.com/location/austin-texas/?utm_source=Google&utm_medium=GBP&utm_campaign=Google.Business.Profile,https://rovenhr.com/business/austin/goettl-air-conditioning-and-plumbing-austin-tx-chijn8,https://rovenhr.com/contact.html?claim=Goettl%20Air%20Conditioning%20and%20Plumbing%20-%20Austin%20TX&metro=Austin
93,Von's Heating and Air,Home Services,Orange Park,FL,Jacksonville,4.9,2183,(904) 621-2953,https://vonsheatingandair.com/?utm_source=google&utm_medium=gbp,https://rovenhr.com/business/jacksonville/von-s-heating-and-air-chijzx,https://rovenhr.com/contact.html?claim=Von's%20Heating%20and%20Air&metro=Jacksonville
94,Air Specialist Air Conditioning & Plumbing,Home Services,Pearland,TX,Houston,4.8,3914,(713) 469-3443,https://www.airspecialist.com/?utm_source=Google&utm_medium=GBP&utm_campaign=Organic_GBP_Air_Specialist,https://rovenhr.com/business/houston/air-specialist-air-conditioning-plumbing-chijcy,https://rovenhr.com/contact.html?claim=Air%20Specialist%20Air%20Conditioning%20&%20Plumbing&metro=Houston
95,Miami Dental Sedation Spa,Dental & Medical,Miami,FL,Miami,5,1296,(305) 445-4646,https://www.miamidentalsedationspa.com/,https://rovenhr.com/business/miami/miami-dental-sedation-spa-chij8s,https://rovenhr.com/contact.html?claim=Miami%20Dental%20Sedation%20Spa&metro=Miami
96,Sonterra Dental,Dental & Medical,San Antonio,TX,San Antonio,5,1282,(210) 341-3222,https://sonterradentalcare.com/,https://rovenhr.com/business/san_antonio/sonterra-dental-chij3s,https://rovenhr.com/contact.html?claim=Sonterra%20Dental&metro=San%20Antonio
97,Nuovo Artistic Studios Miami,Wedding & Events,Miami,FL,Miami,4.9,2123,(786) 656-0285,https://nuovophotography.com/,https://rovenhr.com/business/miami/nuovo-artistic-studios-miami-chij0a,https://rovenhr.com/contact.html?claim=Nuovo%20Artistic%20Studios%20Miami&metro=Miami
98,Dental Center of Jacksonville,Dental & Medical,Jacksonville,FL,Jacksonville,4.9,2122,(904) 262-9466,https://dentalcenterjacksonville.com/?utm_source=google&utm_medium=organic&utm_campaign=gbp-listing,https://rovenhr.com/business/jacksonville/dental-center-of-jacksonville-chija6,https://rovenhr.com/contact.html?claim=Dental%20Center%20of%20Jacksonville&metro=Jacksonville
99,North Pointe Dental of North Tampa,Dental & Medical,Tampa,FL,Tampa,5,1266,(813) 961-1727,http://www.northpointedental.com/,https://rovenhr.com/business/tampa/north-pointe-dental-of-north-tampa-chijkt,https://rovenhr.com/contact.html?claim=North%20Pointe%20Dental%20of%20North%20Tampa&metro=Tampa
100,"Dr. Arthur A. Kezian, DDS",Dental & Medical,Los Angeles,CA,Los Angeles,5,1261,(323) 467-2777,https://www.drkezian.com/,https://rovenhr.com/business/la/dr-arthur-a-kezian-dds-chijq3,"https://rovenhr.com/contact.html?claim=Dr.%20Arthur%20A.%20Kezian,%20DDS&metro=Los%20Angeles"
101,Bold City Heating & Air,Home Services,Jacksonville,FL,Jacksonville,4.9,2076,(904) 379-1648,https://boldcityac.com/,https://rovenhr.com/business/jacksonville/bold-city-heating-air-chijny,https://rovenhr.com/contact.html?claim=Bold%20City%20Heating%20&%20Air&metro=Jacksonville
102,1st Call Plumbing & AC,Home Services,San Antonio,TX,San Antonio,4.9,2063,(210) 446-0200,https://1stcallplumbingandac.com/,https://rovenhr.com/business/san_antonio/1st-call-plumbing-ac-chijb3,https://rovenhr.com/contact.html?claim=1st%20Call%20Plumbing%20&%20AC&metro=San%20Antonio
103,Miami Dental Group of West Kendall,Dental & Medical,Miami,FL,Miami,5,1236,(305) 894-3741,https://westkendall.miamidentalgroup.com/?utm_source=GMB&utm_medium=organic&utm_campaign=DevOptimization&utm_content=Website,https://rovenhr.com/business/miami/miami-dental-group-of-west-kendall-chije_,https://rovenhr.com/contact.html?claim=Miami%20Dental%20Group%20of%20West%20Kendall&metro=Miami
104,Conway Oaks Dental,Dental & Medical,Orlando,FL,Orlando,4.9,2013,(407) 559-2048,https://conwayoaksdental.com/?src=ocgbp,https://rovenhr.com/business/orlando/conway-oaks-dental-chijyq,https://rovenhr.com/contact.html?claim=Conway%20Oaks%20Dental&metro=Orlando
105,Champion Home Services,Home Services,San Antonio,TX,San Antonio,4.9,1975,(210) 446-0803,https://www.championac.com/service-areas/san-antonio-tx/?utm_source=google-gbp&utm_medium=organic&utm_campaign=*321*champion-comfort-san-antonio,https://rovenhr.com/business/san_antonio/champion-home-services-chijix,https://rovenhr.com/contact.html?claim=Champion%20Home%20Services&metro=San%20Antonio
106,Bodensteiner Service Inc,Home Services,Houston,TX,Houston,5,1188,(713) 868-0050,https://www.bsiairhouston.com/,https://rovenhr.com/business/houston/bodensteiner-service-inc-chijp1,https://rovenhr.com/contact.html?claim=Bodensteiner%20Service%20Inc&metro=Houston
107,"All Star A/C, Plumbing & Electrical",Home Services,Houston,TX,Houston,4.9,1962,(713) 842-9532,https://allstarairtexas.com/,https://rovenhr.com/business/houston/all-star-a-c-plumbing-electrical-chijdf,"https://rovenhr.com/contact.html?claim=All%20Star%20A/C,%20Plumbing%20&%20Electrical&metro=Houston"
108,Mosaic Dental Center,Dental & Medical,Orlando,FL,Orlando,4.9,1940,(407) 982-1912,https://www.mosaicdentalcenter.com/,https://rovenhr.com/business/orlando/mosaic-dental-center-chij65,https://rovenhr.com/contact.html?claim=Mosaic%20Dental%20Center&metro=Orlando
109,Fontana Brothers Heating & Air Conditioning,Home Services,Tampa,FL,Tampa,5,1170,(813) 252-1226,http://www.fontanabrothersair.com/,https://rovenhr.com/business/tampa/fontana-brothers-heating-air-conditioning-chijm6,https://rovenhr.com/contact.html?claim=Fontana%20Brothers%20Heating%20&%20Air%20Conditioning&metro=Tampa
110,Tech Ridge Dental,Dental & Medical,Austin,TX,Austin,5,1170,(512) 821-2394,http://www.techridgedental.com/,https://rovenhr.com/business/austin/tech-ridge-dental-chijg6,https://rovenhr.com/contact.html?claim=Tech%20Ridge%20Dental&metro=Austin
111,Tampa Smile Co. - South Tampa,Dental & Medical,Tampa,FL,Tampa,4.9,1931,(813) 837-2380,https://tampasmileco.com/south-tampa/,https://rovenhr.com/business/tampa/tampa-smile-co-south-tampa-chij71,https://rovenhr.com/contact.html?claim=Tampa%20Smile%20Co.%20-%20South%20Tampa&metro=Tampa
112,Public Service Plumbers,Home Services,Dallas,TX,Dallas–Fort Worth,4.9,1925,(214) 831-1959,https://publicserviceplumbers.com/?utm_source=google-gbp&utm_medium=organic&utm_campaign=*163*public-service-plumbers-dallas,https://rovenhr.com/business/dfw/public-service-plumbers-chij-x,https://rovenhr.com/contact.html?claim=Public%20Service%20Plumbers&metro=Dallas–Fort%20Worth
113,North Dallas Smiles,Dental & Medical,Dallas,TX,Dallas–Fort Worth,5,1162,(972) 233-9399,https://northdallassmiles.com/,https://rovenhr.com/business/dfw/north-dallas-smiles-chijuz,https://rovenhr.com/contact.html?claim=North%20Dallas%20Smiles&metro=Dallas–Fort%20Worth
114,Magic Plumbing Heating & Cooling,Home Services,San Francisco,CA,San Francisco,4.9,1918,(415) 441-2255,https://www.magicplumbing.com/,https://rovenhr.com/business/sf/magic-plumbing-heating-cooling-chija1,https://rovenhr.com/contact.html?claim=Magic%20Plumbing%20Heating%20&%20Cooling&metro=San%20Francisco
115,"Modern Plumbing Industries, Inc.",Home Services,Winter Springs,FL,Orlando,4.9,1913,(407) 327-6000,https://www.modernpi.com/,https://rovenhr.com/business/orlando/modern-plumbing-industries-inc-chijyy,"https://rovenhr.com/contact.html?claim=Modern%20Plumbing%20Industries,%20Inc.&metro=Orlando"
116,"Penguin Air, Plumbing & Electrical",Home Services,Phoenix,AZ,Phoenix,4.7,6600,(480) 581-1976,https://www.penguinair.com/?utm_source=google&utm_medium=organic&utm_campaign=GMBListing-Phoenix-AZ,https://rovenhr.com/business/phoenix/penguin-air-plumbing-electrical-chijot,"https://rovenhr.com/contact.html?claim=Penguin%20Air,%20Plumbing%20&%20Electrical&metro=Phoenix"
117,The Comfort Authority,Home Services,Tampa,FL,Tampa,4.9,1880,(813) 461-4819,https://www.thecomfortauthority.com/?utm_source=google&utm_medium=gbp,https://rovenhr.com/business/tampa/the-comfort-authority-chijsf,https://rovenhr.com/contact.html?claim=The%20Comfort%20Authority&metro=Tampa
118,"Champion Cooling, Heating & Plumbing",Home Services,Austin,TX,Austin,4.8,3339,(512) 595-3473,https://www.championacaustin.com/service-areas/austin/?utm_source=google-gbp&utm_medium=organic&utm_campaign=*60*champion-ac-austin,https://rovenhr.com/business/austin/champion-cooling-heating-plumbing-chijna,"https://rovenhr.com/contact.html?claim=Champion%20Cooling,%20Heating%20&%20Plumbing&metro=Austin"
119,Belle Air,Home Services,Orlando,FL,Orlando,4.9,1861,(407) 543-2050,https://belleairac.com/,https://rovenhr.com/business/orlando/belle-air-chijpz,https://rovenhr.com/contact.html?claim=Belle%20Air&metro=Orlando
120,North Jacksonville Complete Dentistry,Dental & Medical,Jacksonville,FL,Jacksonville,4.9,1859,(904) 751-4958,https://www.northjacksonvillecompletedentistry.com/,https://rovenhr.com/business/jacksonville/north-jacksonville-complete-dentistry-chijgz,https://rovenhr.com/contact.html?claim=North%20Jacksonville%20Complete%20Dentistry&metro=Jacksonville
121,"Stan's Heating, Air, Plumbing & Electrical",Home Services,Austin,TX,Austin,4.7,6507,(512) 200-7614,https://www.stansac.com/?utm_source=GMB&utm_medium=organic&utm_campaign=GMB,https://rovenhr.com/business/austin/stan-s-heating-air-plumbing-electrical-chijat,"https://rovenhr.com/contact.html?claim=Stan's%20Heating,%20Air,%20Plumbing%20&%20Electrical&metro=Austin"
122,Alamo Austin Air Conditioning & Heating,Home Services,Austin,TX,Austin,5,1115,(512) 537-0108,https://www.alamoaustinair.com/?utm_source=google+business+listing&utm_medium=organic&utm_campaign=click+to+website,https://rovenhr.com/business/austin/alamo-austin-air-conditioning-heating-chijgz,https://rovenhr.com/contact.html?claim=Alamo%20Austin%20Air%20Conditioning%20&%20Heating&metro=Austin
123,Mesa Dental,Dental & Medical,San Diego,CA,San Diego,4.9,1815,(858) 877-9540,https://mesadentalsd.com/,https://rovenhr.com/business/san_diego/mesa-dental-chijn1,https://rovenhr.com/contact.html?claim=Mesa%20Dental&metro=San%20Diego
124,"Reeis Air Conditioning, Plumbing & Electrical",Home Services,Phoenix,AZ,Phoenix,4.9,1812,(480) 581-5683,http://reeis.com/,https://rovenhr.com/business/phoenix/reeis-air-conditioning-plumbing-electrical-chijsx,"https://rovenhr.com/contact.html?claim=Reeis%20Air%20Conditioning,%20Plumbing%20&%20Electrical&metro=Phoenix"
125,Anchor Plumbing Services,Home Services,Helotes,TX,San Antonio,4.9,1798,(210) 468-8890,https://anchorplumbingservices.com/?utm_source=google&utm_medium=organic&utm_campaign=gmb-profile-helotes,https://rovenhr.com/business/san_antonio/anchor-plumbing-services-chiji6,https://rovenhr.com/contact.html?claim=Anchor%20Plumbing%20Services&metro=San%20Antonio
126,"Clarke & Rush Mechanical - HVAC, Plumbing & Windows",Home Services,Sacramento,CA,Sacramento,4.9,1799,(916) 609-2656,https://clarke-rush.com/,https://rovenhr.com/business/sacramento/clarke-rush-mechanical-hvac-plumbing-windows-chij__,"https://rovenhr.com/contact.html?claim=Clarke%20&%20Rush%20Mechanical%20-%20HVAC,%20Plumbing%20&%20Windows&metro=Sacramento"
127,"Dutton Plumbing, Cooling, Heating & Electrical",Home Services,Los Angeles,CA,Los Angeles,4.8,3177,(747) 567-3219,https://www.duttonplumbing.com/?utm_source=google-gbp&utm_medium=organic&utm_campaign=*31*dutton-sylmar,https://rovenhr.com/business/la/dutton-plumbing-cooling-heating-electrical-chijoy,"https://rovenhr.com/contact.html?claim=Dutton%20Plumbing,%20Cooling,%20Heating%20&%20Electrical&metro=Los%20Angeles"
128,"SK2 Dental - Ngo Stanley DDS, PA",Dental & Medical,Dallas,TX,Dallas–Fort Worth,5,1079,(469) 330-9968,https://www.sk2dental.com/?utm_source=google.com&utm_medium=business+profile,https://rovenhr.com/business/dfw/sk2-dental-ngo-stanley-dds-pa-chijfr,"https://rovenhr.com/contact.html?claim=SK2%20Dental%20-%20Ngo%20Stanley%20DDS,%20PA&metro=Dallas–Fort%20Worth"
129,Rolando's H.V.A.C.,Home Services,Tampa,FL,Tampa,4.9,1751,(813) 373-6804,https://www.rolandoshvac.com/tampa/?utm_campaign=gmb&utm_medium=organic&utm_source=google,https://rovenhr.com/business/tampa/rolando-s-h-v-a-c-chijpc,https://rovenhr.com/contact.html?claim=Rolando's%20H.V.A.C.&metro=Tampa
130,United Plumbing Heating Air & Electric,Home Services,San Diego,CA,San Diego,4.9,1728,(858) 215-6765,https://localunitedservices.com/?utm_source=local&utm_medium=organic&utm_campaign=gmb,https://rovenhr.com/business/san_diego/united-plumbing-heating-air-electric-chijxw,https://rovenhr.com/contact.html?claim=United%20Plumbing%20Heating%20Air%20&%20Electric&metro=San%20Diego
131,The Aussie Plumber,Home Services,Phoenix,AZ,Phoenix,5,1049,(602) 820-5551,https://www.theaussieplumber.com/,https://rovenhr.com/business/phoenix/the-aussie-plumber-chijow,https://rovenhr.com/contact.html?claim=The%20Aussie%20Plumber&metro=Phoenix
132,Koyfman Dental,Dental & Medical,Orlando,FL,Orlando,4.9,1721,(407) 993-2590,http://koyfmandental.com/?y_source=1_ODYwOTAzMy03MTUtbG9jYXRpb24ud2Vic2l0ZQ%3D%3D,https://rovenhr.com/business/orlando/koyfman-dental-chijn9,https://rovenhr.com/contact.html?claim=Koyfman%20Dental&metro=Orlando
133,Heise's Plumbing,Home Services,San Francisco,CA,San Francisco,4.9,1700,(415) 333-0704,https://www.heisesplumbing.com/,https://rovenhr.com/business/sf/heise-s-plumbing-chijrr,https://rovenhr.com/contact.html?claim=Heise's%20Plumbing&metro=San%20Francisco
134,Happy Smiles,Dental & Medical,Los Angeles,CA,Los Angeles,4.9,1697,(323) 529-0002,https://happysmilesla.com/en/,https://rovenhr.com/business/la/happy-smiles-chijg9,https://rovenhr.com/contact.html?claim=Happy%20Smiles&metro=Los%20Angeles
135,Advanced Dental Associates,Dental & Medical,San Antonio,TX,San Antonio,4.9,1676,(726) 233-2698,https://www.advanceddentalsa.com/?utm_source=gbp&utm_medium=local&utm_campaign=website_button,https://rovenhr.com/business/san_antonio/advanced-dental-associates-chijnu,https://rovenhr.com/contact.html?claim=Advanced%20Dental%20Associates&metro=San%20Antonio
136,"JW Plumbing, Heating and Air",Home Services,Los Angeles,CA,Los Angeles,4.8,2955,(213) 379-5931,https://jwheatingandair.com/?utm_source=GBP&utm_medium=organic&utm_campaign=JWA_ORG_EVER_A_GBP_Listing,https://rovenhr.com/business/la/jw-plumbing-heating-and-air-chijk-,"https://rovenhr.com/contact.html?claim=JW%20Plumbing,%20Heating%20and%20Air&metro=Los%20Angeles"
137,Mission Air Conditioning & Plumbing,Home Services,Houston,TX,Houston,4.8,2949,(281) 985-5133,https://www.missionac.com/locations/houston-tx/?utm_source=google&utm_medium=organic&utm_campaign=gbp,https://rovenhr.com/business/houston/mission-air-conditioning-plumbing-chijoz,https://rovenhr.com/contact.html?claim=Mission%20Air%20Conditioning%20&%20Plumbing&metro=Houston
138,Alfonso Dental Miami,Dental & Medical,Miami,FL,Miami,5,1010,(305) 642-4142,https://alfonsodental305.com/,https://rovenhr.com/business/miami/alfonso-dental-miami-chijoz,https://rovenhr.com/contact.html?claim=Alfonso%20Dental%20Miami&metro=Miami
139,Torres Orthodontics: Tampa,Dental & Medical,Tampa,FL,Tampa,5,1005,(813) 920-7720,http://torresortho.com/,https://rovenhr.com/business/tampa/torres-orthodontics-tampa-chijts,https://rovenhr.com/contact.html?claim=Torres%20Orthodontics:%20Tampa&metro=Tampa
140,"Any Hour Services - Electric, Plumbing, Heating & Air",Home Services,Phoenix,AZ,Phoenix,4.9,1639,(602) 609-7184,https://anyhourservices.com/arizona/,https://rovenhr.com/business/phoenix/any-hour-services-electric-plumbing-heating-air-chijv4,"https://rovenhr.com/contact.html?claim=Any%20Hour%20Services%20-%20Electric,%20Plumbing,%20Heating%20&%20Air&metro=Phoenix"
141,Reliance Heating & Air Conditioning,Home Services,Phoenix,AZ,Phoenix,5,993,(602) 607-2150,https://www.relianceac.com/?utm_source=Google&utm_medium=Google+Business+Profile&utm_campaign=GBP,https://rovenhr.com/business/phoenix/reliance-heating-air-conditioning-chijt7,https://rovenhr.com/contact.html?claim=Reliance%20Heating%20&%20Air%20Conditioning&metro=Phoenix
142,"Astar Air Conditioning, Plumbing & Electric",Home Services,Dallas,TX,Dallas–Fort Worth,4.8,2860,(972) 278-7111,https://astardfw.com/,https://rovenhr.com/business/dfw/astar-air-conditioning-plumbing-electric-chijrw,"https://rovenhr.com/contact.html?claim=Astar%20Air%20Conditioning,%20Plumbing%20&%20Electric&metro=Dallas–Fort%20Worth"
143,George Brazil Air Conditioning & Heating,Home Services,Phoenix,AZ,Phoenix,4.7,5526,(602) 649-1374,https://georgebrazilhvac.com/?utm_source=google&utm_medium=gbp,https://rovenhr.com/business/phoenix/george-brazil-air-conditioning-heating-chijfv,https://rovenhr.com/contact.html?claim=George%20Brazil%20Air%20Conditioning%20&%20Heating&metro=Phoenix
144,"Guthrie & Sons Heating, Air and Solar",Home Services,San Diego,CA,San Diego,4.9,1611,(619) 257-2204,https://www.guthrieandsons.com/?utm_source=google&utm_medium=organic&utm_campaign=GMBListing-San-Diego-CA,https://rovenhr.com/business/san_diego/guthrie-sons-heating-air-and-solar-chijqt,"https://rovenhr.com/contact.html?claim=Guthrie%20&%20Sons%20Heating,%20Air%20and%20Solar&metro=San%20Diego"
145,Cosmetic Dentistry of San Antonio,Dental & Medical,San Antonio,TX,San Antonio,5,983,(210) 493-9944,https://www.cosmeticdentistryofsa.com/,https://rovenhr.com/business/san_antonio/cosmetic-dentistry-of-san-antonio-chijbz,https://rovenhr.com/contact.html?claim=Cosmetic%20Dentistry%20of%20San%20Antonio&metro=San%20Antonio
146,Miami Center for Cosmetic & Implant Dentistry,Dental & Medical,Miami,FL,Miami,4.9,1588,(305) 831-4275,https://www.miamicosmeticdentalcare.com/,https://rovenhr.com/business/miami/miami-center-for-cosmetic-implant-dentistry-chij3_,https://rovenhr.com/contact.html?claim=Miami%20Center%20for%20Cosmetic%20&%20Implant%20Dentistry&metro=Miami
147,SALT Plumbing Air & Electric,Home Services,Austin,TX,Austin,4.9,1587,(737) 355-5063,https://callsalt.com/?utm_source=GBP&utm_medium=organic&utm_campaign=austin,https://rovenhr.com/business/austin/salt-plumbing-air-electric-chijwz,https://rovenhr.com/contact.html?claim=SALT%20Plumbing%20Air%20&%20Electric&metro=Austin
148,Walk In Wedding Chapel,Wedding & Events,Jacksonville,FL,Jacksonville,4.9,1582,(904) 309-0606,http://getmarriedjax.com/,https://rovenhr.com/business/jacksonville/walk-in-wedding-chapel-chija2,https://rovenhr.com/contact.html?claim=Walk%20In%20Wedding%20Chapel&metro=Jacksonville
149,AC Designs Heating and Air Conditioning,Home Services,Jacksonville,FL,Jacksonville,4.8,2786,(904) 984-7908,https://www.acdesignsinc.net/?utm_source=gbp&utm_medium=organic&utm_campaign=link-to-website&utm_content=web-cta&utm_term=jacksonville-fl,https://rovenhr.com/business/jacksonville/ac-designs-heating-and-air-conditioning-chiji1,https://rovenhr.com/contact.html?claim=AC%20Designs%20Heating%20and%20Air%20Conditioning&metro=Jacksonville
150,Jacksonville Emergency & Family Dental Care,Dental & Medical,Jacksonville,FL,Jacksonville,4.9,1580,(904) 395-2800,https://www.jaxemergencydental.com/?utm_campaign=gmb,https://rovenhr.com/business/jacksonville/jacksonville-emergency-family-dental-care-chijut,https://rovenhr.com/contact.html?claim=Jacksonville%20Emergency%20&%20Family%20Dental%20Care&metro=Jacksonville
151,"Xtreme Air Services - HVAC, Plumbing, & Electrical",Home Services,Sunnyvale,TX,Dallas–Fort Worth,4.8,2781,(972) 288-2263,https://xtremeairservices.com/?utm_source=Google&utm_medium=Organic&utm_campaign=GBP,https://rovenhr.com/business/dfw/xtreme-air-services-hvac-plumbing-electrical-chijs0,"https://rovenhr.com/contact.html?claim=Xtreme%20Air%20Services%20-%20HVAC,%20Plumbing,%20&%20Electrical&metro=Dallas–Fort%20Worth"
152,Momentum AC & Electric,Home Services,Tampa,FL,Tampa,4.9,1569,(813) 548-6501,https://www.momentumacpro.com/,https://rovenhr.com/business/tampa/momentum-ac-electric-chijb4,https://rovenhr.com/contact.html?claim=Momentum%20AC%20&%20Electric&metro=Tampa
153,"Enchanted Fairies of Tampa, FL",Wedding & Events,Tampa,FL,Tampa,4.9,1564,(214) 438-0074,https://enchanted-fairies.com/,https://rovenhr.com/business/tampa/enchanted-fairies-of-tampa-fl-chijtw,"https://rovenhr.com/contact.html?claim=Enchanted%20Fairies%20of%20Tampa,%20FL&metro=Tampa"
154,A-1 Total Service Plumbing,Home Services,Los Angeles,CA,Los Angeles,4.9,1551,(323) 643-2844,https://a-1totalserviceplumbing.com/,https://rovenhr.com/business/la/a-1-total-service-plumbing-chijma,https://rovenhr.com/contact.html?claim=A-1%20Total%20Service%20Plumbing&metro=Los%20Angeles
155,Lake Highlands Dental,Dental & Medical,Dallas,TX,Dallas–Fort Worth,5,944,(214) 613-1279,https://www.lakehighlandsdental.com/,https://rovenhr.com/business/dfw/lake-highlands-dental-chij1s,https://rovenhr.com/contact.html?claim=Lake%20Highlands%20Dental&metro=Dallas–Fort%20Worth
156,Beluga Air,Home Services,San Antonio,TX,San Antonio,4.9,1537,(210) 201-5569,http://www.mybelugaair.com/?utm_source=google&utm_medium=organic&utm_campaign=gbp,https://rovenhr.com/business/san_antonio/beluga-air-chijow,https://rovenhr.com/contact.html?claim=Beluga%20Air&metro=San%20Antonio
157,Supreme Air Austin | Air Duct Cleaning | Dryer Vent Cleaning,Home Services,Austin,TX,Austin,5,943,(512) 277-9782,https://supremeairaustin.com/,https://rovenhr.com/business/austin/supreme-air-austin-air-duct-cleaning-dryer-vent-cleaning-chijnd,https://rovenhr.com/contact.html?claim=Supreme%20Air%20Austin%20|%20Air%20Duct%20Cleaning%20|%20Dryer%20Vent%20Cleaning&metro=Austin
158,EaDo Family Dental,Dental & Medical,Houston,TX,Houston,5,941,(346) 449-4647,https://www.eadofamilydental.com/?utm_source=google&utm_medium=organic&utm_campaign=gbp-listing,https://rovenhr.com/business/houston/eado-family-dental-chijie,https://rovenhr.com/contact.html?claim=EaDo%20Family%20Dental&metro=Houston
159,Elite Rooter Plumbers,Home Services,San Diego,CA,San Diego,4.8,2689,(619) 626-1272,https://www.eliterooter.com/location/san-diego/?utm_source=google&utm_medium=organic&utm_campaign=gmb,https://rovenhr.com/business/san_diego/elite-rooter-plumbers-chije1,https://rovenhr.com/contact.html?claim=Elite%20Rooter%20Plumbers&metro=San%20Diego
160,EVERYDAYPLUMBER.com,Home Services,Tampa,FL,Tampa,4.9,1527,(813) 872-0200,https://everydayplumber.com/,https://rovenhr.com/business/tampa/everydayplumber-com-chij3x,https://rovenhr.com/contact.html?claim=EVERYDAYPLUMBER.com&metro=Tampa
161,North Dallas Dental Group,Dental & Medical,Dallas,TX,Dallas–Fort Worth,5,936,(972) 407-1333,https://www.northdallasdentalgroup.com/,https://rovenhr.com/business/dfw/north-dallas-dental-group-chijna,https://rovenhr.com/contact.html?claim=North%20Dallas%20Dental%20Group&metro=Dallas–Fort%20Worth
162,Biltmore Commons Dental Care,Dental & Medical,Phoenix,AZ,Phoenix,4.9,1521,(602) 249-2227,https://www.biltmorecommonsdental.com/?utm_source=google&utm_medium=organic&utm_campaign=gmb,https://rovenhr.com/business/phoenix/biltmore-commons-dental-care-chij6v,https://rovenhr.com/contact.html?claim=Biltmore%20Commons%20Dental%20Care&metro=Phoenix
163,Jacksonville Complete Dentistry,Dental & Medical,Jacksonville,FL,Jacksonville,4.9,1521,(904) 606-6735,https://jacksonvillecompletedentistry.com/?utm_campaign=gmb,https://rovenhr.com/business/jacksonville/jacksonville-complete-dentistry-chijpd,https://rovenhr.com/contact.html?claim=Jacksonville%20Complete%20Dentistry&metro=Jacksonville
164,And Services,Home Services,Tampa,FL,Tampa,4.6,11042,(813) 445-4818,https://www.andservices.com/,https://rovenhr.com/business/tampa/and-services-chijy0,https://rovenhr.com/contact.html?claim=And%20Services&metro=Tampa
165,Sapphire Smiles - Dr. Antoun | Leading Cosmetic Dentist in Houston,Dental & Medical,Houston,TX,Houston,5,917,(832) 409-0400,https://www.sapphiresmilesdentistry.com/?utm_source=google&utm_medium=organic&utm_campaign=gbp,https://rovenhr.com/business/houston/sapphire-smiles-dr-antoun-leading-cosmetic-dentist-in-housto-chij5-,https://rovenhr.com/contact.html?claim=Sapphire%20Smiles%20-%20Dr.%20Antoun%20|%20Leading%20Cosmetic%20Dentist%20in%20Houston&metro=Houston
166,"Acree Plumbing, Air & Electric",Home Services,Tampa,FL,Tampa,4.6,10954,(813) 324-1661,https://trustacree.com/?utm_source=google&utm_medium=organic&utm_campaign=GMBListing-Tampa-FL,https://rovenhr.com/business/tampa/acree-plumbing-air-electric-chijmf,"https://rovenhr.com/contact.html?claim=Acree%20Plumbing,%20Air%20&%20Electric&metro=Tampa"
167,Ideal Air Conditioning and Insulation,Home Services,Phoenix,AZ,Phoenix,4.9,1494,(480) 573-7604,https://www.idealairaz.com/?utm_campaign=gmb&utm_medium=organic&utm_source=gmb,https://rovenhr.com/business/phoenix/ideal-air-conditioning-and-insulation-chijvv,https://rovenhr.com/contact.html?claim=Ideal%20Air%20Conditioning%20and%20Insulation&metro=Phoenix
168,Apollo Air Heating & Cooling,Home Services,San Antonio,TX,San Antonio,5,911,(210) 939-9284,https://apolloairtx.com/?utm_source=google&utm_medium=organic&utm_campaign=gbp-listing,https://rovenhr.com/business/san_antonio/apollo-air-heating-cooling-chij-r,https://rovenhr.com/contact.html?claim=Apollo%20Air%20Heating%20&%20Cooling&metro=San%20Antonio
169,Miami Dental Group of Doral,Dental & Medical,Doral,FL,Miami,4.9,1483,(786) 254-6111,https://doral.miamidentalgroup.com/?utm_source=GMB&utm_medium=organic&utm_campaign=DevOptimization&utm_content=Website,https://rovenhr.com/business/miami/miami-dental-group-of-doral-chijuv,https://rovenhr.com/contact.html?claim=Miami%20Dental%20Group%20of%20Doral&metro=Miami
170,Alvarez Plumbing & Air Conditioning,Home Services,Tampa,FL,Tampa,4.8,2598,(813) 213-0533,https://www.alvarezplumbing.com/,https://rovenhr.com/business/tampa/alvarez-plumbing-air-conditioning-chijf6,https://rovenhr.com/contact.html?claim=Alvarez%20Plumbing%20&%20Air%20Conditioning&metro=Tampa
171,Bob Jenson,Home Services,San Diego,CA,San Diego,4.9,1477,(619) 440-5634,https://bobjenson.com/?utm_source=gmb&utm_medium=organic,https://rovenhr.com/business/san_diego/bob-jenson-chijpt,https://rovenhr.com/contact.html?claim=Bob%20Jenson&metro=San%20Diego
172,Walden Dental,Dental & Medical,Austin,TX,Austin,4.9,1478,(512) 337-8560,https://www.waldendentaltx.com/,https://rovenhr.com/business/austin/walden-dental-chijtw,https://rovenhr.com/contact.html?claim=Walden%20Dental&metro=Austin
173,Austin Dental Company,Dental & Medical,Austin,TX,Austin,5,906,(512) 710-4783,https://www.austindentalco.com/,https://rovenhr.com/business/austin/austin-dental-company-chijh6,https://rovenhr.com/contact.html?claim=Austin%20Dental%20Company&metro=Austin
174,"Aramendia Plumbing, Heating and Air",Home Services,San Antonio,TX,San Antonio,4.7,4965,(210) 405-8172,https://www.serviceexperts.com/san-antonio-tx/?utm_source=gbp&utm_medium=organic&utm_campaign=brand,https://rovenhr.com/business/san_antonio/aramendia-plumbing-heating-and-air-chijg_,"https://rovenhr.com/contact.html?claim=Aramendia%20Plumbing,%20Heating%20and%20Air&metro=San%20Antonio"
175,Beyond Wow Plumbing & Drains,Home Services,Austin,TX,Austin,4.8,2533,(512) 601-6173,https://beyondwow.com/?utm_campaign=gmb&utm_medium=gbp-austin&utm_source=google,https://rovenhr.com/business/austin/beyond-wow-plumbing-drains-chijpx,https://rovenhr.com/contact.html?claim=Beyond%20Wow%20Plumbing%20&%20Drains&metro=Austin
176,"Del-Air Heating, Air Conditioning, Plumbing and Electrical",Home Services,Orlando,FL,Orlando,4.7,4823,(407) 329-5102,https://www.delair.com/orlando-south/,https://rovenhr.com/business/orlando/del-air-heating-air-conditioning-plumbing-and-electrical-chij0z,"https://rovenhr.com/contact.html?claim=Del-Air%20Heating,%20Air%20Conditioning,%20Plumbing%20and%20Electrical&metro=Orlando"
177,The Coolest LLC,Home Services,Austin,TX,Austin,5,884,(512) 468-6140,http://www.thecoolestservice.com/,https://rovenhr.com/business/austin/the-coolest-llc-chijyz,https://rovenhr.com/contact.html?claim=The%20Coolest%20LLC&metro=Austin
178,Metro Flow Plumbing - Dallas Emergency Plumbers,Home Services,Dallas,TX,Dallas–Fort Worth,4.9,1411,(214) 328-7371,https://metroflowplumbing.com/,https://rovenhr.com/business/dfw/metro-flow-plumbing-dallas-emergency-plumbers-chijg9,https://rovenhr.com/contact.html?claim=Metro%20Flow%20Plumbing%20-%20Dallas%20Emergency%20Plumbers&metro=Dallas–Fort%20Worth
179,Jackson Dental,Dental & Medical,Tampa,FL,Tampa,4.9,1409,(813) 686-5748,https://jacksondentaltampa.com/,https://rovenhr.com/business/tampa/jackson-dental-chijdr,https://rovenhr.com/contact.html?claim=Jackson%20Dental&metro=Tampa
180,One Way Air,Home Services,Tampa,FL,Tampa,5,868,(813) 308-0331,https://onewayairfl.com/tampa?utm_source=Google&utm_medium=GMB&utm_campaign=GMB-Tampa,https://rovenhr.com/business/tampa/one-way-air-chijq_,https://rovenhr.com/contact.html?claim=One%20Way%20Air&metro=Tampa
181,San Antonio Orthodontics - Potranco Rd,Dental & Medical,San Antonio,TX,San Antonio,5,866,(210) 543-8000,https://sanantonioortho.com/,https://rovenhr.com/business/san_antonio/san-antonio-orthodontics-potranco-rd-chijit,https://rovenhr.com/contact.html?claim=San%20Antonio%20Orthodontics%20-%20Potranco%20Rd&metro=San%20Antonio
182,Texas AirZone LLC,Home Services,Dallas,TX,Dallas–Fort Worth,5,864,(214) 851-3886,https://www.texasairzone.com/?utm_source=Google&utm_medium=GBP&utm_campaign=Organic_GBP_TAZ,https://rovenhr.com/business/dfw/texas-airzone-llc-chijef,https://rovenhr.com/contact.html?claim=Texas%20AirZone%20LLC&metro=Dallas–Fort%20Worth
183,"Robins Plumbing, Inc",Home Services,Phoenix,AZ,Phoenix,4.9,1394,(623) 486-4657,https://www.robinsplumbing.com/,https://rovenhr.com/business/phoenix/robins-plumbing-inc-chijqu,"https://rovenhr.com/contact.html?claim=Robins%20Plumbing,%20Inc&metro=Phoenix"
184,Houk Air Conditioning DFW,Home Services,Grand Prairie,TX,Dallas–Fort Worth,4.8,2416,(817) 775-3295,https://houkac.com/service-areas/dallas-fort-worth/?utm_source=gbp&utm_medium=organic,https://rovenhr.com/business/dfw/houk-air-conditioning-dfw-chijoz,https://rovenhr.com/contact.html?claim=Houk%20Air%20Conditioning%20DFW&metro=Dallas–Fort%20Worth
185,Natomas Crossing Dental Care,Dental & Medical,Sacramento,CA,Sacramento,4.8,2400,(916) 928-9999,http://www.natomassmiles.com/?utm_source=GBP&utm_medium=organic,https://rovenhr.com/business/sacramento/natomas-crossing-dental-care-chijsr,https://rovenhr.com/contact.html?claim=Natomas%20Crossing%20Dental%20Care&metro=Sacramento
186,Ortega Boulevard Dental,Dental & Medical,Jacksonville,FL,Jacksonville,4.9,1366,(904) 865-2032,https://ortegablvddental.com/,https://rovenhr.com/business/jacksonville/ortega-boulevard-dental-chijhy,https://rovenhr.com/contact.html?claim=Ortega%20Boulevard%20Dental&metro=Jacksonville
187,The Dentists At Houston Westchase,Dental & Medical,Houston,TX,Houston,4.9,1365,(832) 830-8226,https://www.houstonwestchasedentists.com/,https://rovenhr.com/business/houston/the-dentists-at-houston-westchase-chijx2,https://rovenhr.com/contact.html?claim=The%20Dentists%20At%20Houston%20Westchase&metro=Houston
188,Lake Nona Dental Group,Dental & Medical,Orlando,FL,Orlando,4.9,1355,(407) 833-6412,https://www.lakenonadentalgroup.com/,https://rovenhr.com/business/orlando/lake-nona-dental-group-chijow,https://rovenhr.com/contact.html?claim=Lake%20Nona%20Dental%20Group&metro=Orlando
189,North Valley Mechanical HVAC & Plumbing,Home Services,Phoenix,AZ,Phoenix,4.9,1352,(602) 975-4247,https://northvalleymechanical.com/,https://rovenhr.com/business/phoenix/north-valley-mechanical-hvac-plumbing-chijdz,https://rovenhr.com/contact.html?claim=North%20Valley%20Mechanical%20HVAC%20&%20Plumbing&metro=Phoenix
190,One Hour Air Conditioning & Heating,Home Services,Tampa,FL,Tampa,4.7,4502,(813) 291-0655,https://tampaonehour.com/?utm_source=GBP&utm_medium=organic&utm_campaign=tampagbp,https://rovenhr.com/business/tampa/one-hour-air-conditioning-heating-chijh8,https://rovenhr.com/contact.html?claim=One%20Hour%20Air%20Conditioning%20&%20Heating&metro=Tampa
191,California Dental Group Los Angeles,Dental & Medical,Los Angeles,CA,Los Angeles,4.9,1337,(323) 204-3120,https://www.cadentalgroup.com/contact/los-angeles/,https://rovenhr.com/business/la/california-dental-group-los-angeles-chijgf,https://rovenhr.com/contact.html?claim=California%20Dental%20Group%20Los%20Angeles&metro=Los%20Angeles
192,Blue Sky Dental Group,Dental & Medical,Jacksonville,FL,Jacksonville,4.9,1323,(904) 326-3460,https://blueskydentalgroup.com/,https://rovenhr.com/business/jacksonville/blue-sky-dental-group-chijgr,https://rovenhr.com/contact.html?claim=Blue%20Sky%20Dental%20Group&metro=Jacksonville
193,Winter Park Dentistry,Dental & Medical,Winter Park,FL,Orlando,4.9,1321,(407) 634-2639,https://winterparkfldentistry.com/?src=ocgbp,https://rovenhr.com/business/orlando/winter-park-dentistry-chijw_,https://rovenhr.com/contact.html?claim=Winter%20Park%20Dentistry&metro=Orlando
194,Mandarin Dental Care,Dental & Medical,Jacksonville,FL,Jacksonville,4.9,1321,(904) 944-5909,https://mandarindentalcare.com/?src=%20ocgbp,https://rovenhr.com/business/jacksonville/mandarin-dental-care-chijt6,https://rovenhr.com/contact.html?claim=Mandarin%20Dental%20Care&metro=Jacksonville
195,myDental at Norwood Park,Dental & Medical,Austin,TX,Austin,4.9,1314,(512) 815-3520,https://www.mydental.com/locations/norwood-park/?utm_source=google&utm_medium=organic&utm_campaign=gbp,https://rovenhr.com/business/austin/mydental-at-norwood-park-chijs1,https://rovenhr.com/contact.html?claim=myDental%20at%20Norwood%20Park&metro=Austin
196,Scott Photography,Wedding & Events,San Antonio,TX,San Antonio,5,810,(210) 281-1085,http://www.scottphotographycompany.com/,https://rovenhr.com/business/san_antonio/scott-photography-chij8w,https://rovenhr.com/contact.html?claim=Scott%20Photography&metro=San%20Antonio
197,Dental Defenders of Houston,Dental & Medical,Houston,TX,Houston,4.9,1308,(713) 999-6777,https://www.dentaldefendershouston.com/,https://rovenhr.com/business/houston/dental-defenders-of-houston-chiju5,https://rovenhr.com/contact.html?claim=Dental%20Defenders%20of%20Houston&metro=Houston
198,"Whitleys Heating and Air, LLC",Home Services,Jacksonville,FL,Jacksonville,5,810,(904) 626-6675,https://www.whitleysair.com/,https://rovenhr.com/business/jacksonville/whitleys-heating-and-air-llc-chijhw,"https://rovenhr.com/contact.html?claim=Whitleys%20Heating%20and%20Air,%20LLC&metro=Jacksonville"
199,A-Plus Air Conditioning & Home Solutions,Home Services,Austin,TX,Austin,4.9,1309,(512) 361-5050,https://www.aplusac.com/,https://rovenhr.com/business/austin/a-plus-air-conditioning-home-solutions-chijvx,https://rovenhr.com/contact.html?claim=A-Plus%20Air%20Conditioning%20&%20Home%20Solutions&metro=Austin
200,Lush Dental Studio,Dental & Medical,Sacramento,CA,Sacramento,4.9,1304,(916) 619-7172,http://www.lushdentalstudio.com/?utm_source=google&utm_medium=organic&utm_campaign=gbp,https://rovenhr.com/business/sacramento/lush-dental-studio-chijnq,https://rovenhr.com/contact.html?claim=Lush%20Dental%20Studio&metro=Sacramento
201,Our Place Air & Home Repair,Home Services,Orlando,FL,Orlando,4.8,2263,(407) 219-9750,https://www.callourplace.com/,https://rovenhr.com/business/orlando/our-place-air-home-repair-chijkd,https://rovenhr.com/contact.html?claim=Our%20Place%20Air%20&%20Home%20Repair&metro=Orlando
202,Willman Air,Home Services,Jacksonville,FL,Jacksonville,5,807,(904) 568-7371,https://willmanair.com/?utm_source=google&utm_medium=organic&utm_campaign=GBPListing-Jacksonville-FL,https://rovenhr.com/business/jacksonville/willman-air-chiju4,https://rovenhr.com/contact.html?claim=Willman%20Air&metro=Jacksonville
203,Heating And Air Experts,Home Services,San Francisco,CA,San Francisco,5,804,(510) 518-8470,https://heatingandairexpertsllc.com/,https://rovenhr.com/business/sf/heating-and-air-experts-chijs5,https://rovenhr.com/contact.html?claim=Heating%20And%20Air%20Experts&metro=San%20Francisco
204,Nick's Plumbing & Air Conditioning,Home Services,Houston,TX,Houston,4.7,4292,(713) 868-9907,https://www.nicksplumbing.com/,https://rovenhr.com/business/houston/nick-s-plumbing-air-conditioning-chijc4,https://rovenhr.com/contact.html?claim=Nick's%20Plumbing%20&%20Air%20Conditioning&metro=Houston
205,Elite AC,Home Services,Jacksonville,FL,Jacksonville,4.8,2247,(904) 420-0075,https://eliteacllc.com/,https://rovenhr.com/business/jacksonville/elite-ac-chij68,https://rovenhr.com/contact.html?claim=Elite%20AC&metro=Jacksonville
206,"Perfect Star Heating, Cooling, & Electrical",Home Services,Concord,CA,San Francisco,4.9,1291,(925) 550-0505,https://www.perfectstarhvac.com/,https://rovenhr.com/business/sf/perfect-star-heating-cooling-electrical-chijiw,"https://rovenhr.com/contact.html?claim=Perfect%20Star%20Heating,%20Cooling,%20&%20Electrical&metro=San%20Francisco"
207,iSmile Dentistry,Dental & Medical,Tampa,FL,Tampa,4.9,1282,(813) 988-9276,https://www.ismiletampa.com/,https://rovenhr.com/business/tampa/ismile-dentistry-chij2s,https://rovenhr.com/contact.html?claim=iSmile%20Dentistry&metro=Tampa
208,Radiant Plumbing & Air Conditioning - San Antonio,Home Services,San Antonio,TX,San Antonio,4.8,2222,(210) 934-3761,https://radiantplumbing.com/san-antonio/?utm_source=google&utm_medium=businesslisting&utm_campaign=stx-brand_gmb_1023&utm_content=stx-brand,https://rovenhr.com/business/san_antonio/radiant-plumbing-air-conditioning-san-antonio-chij61,https://rovenhr.com/contact.html?claim=Radiant%20Plumbing%20&%20Air%20Conditioning%20-%20San%20Antonio&metro=San%20Antonio
209,My LA Braces - Be Confident and Smile Freely,Dental & Medical,Montebello,CA,Los Angeles,4.9,1274,(323) 726-8300,https://mylabraces.com/,https://rovenhr.com/business/la/my-la-braces-be-confident-and-smile-freely-chijh4,https://rovenhr.com/contact.html?claim=My%20LA%20Braces%20-%20Be%20Confident%20and%20Smile%20Freely&metro=Los%20Angeles
210,8118 Dental Professionals,Dental & Medical,Austin,TX,Austin,5,790,(512) 452-8262,https://www.8118dental.com/?utm_source=austin-tx-listing&utm_medium=gmb&utm_campaign=seo&utm_content=website-link,https://rovenhr.com/business/austin/8118-dental-professionals-chijkw,https://rovenhr.com/contact.html?claim=8118%20Dental%20Professionals&metro=Austin
211,Olin Plumbing Inc.,Home Services,Tampa,FL,Tampa,4.9,1272,(813) 443-5820,https://www.plumberstampa.com/,https://rovenhr.com/business/tampa/olin-plumbing-inc-chijvc,https://rovenhr.com/contact.html?claim=Olin%20Plumbing%20Inc.&metro=Tampa
212,Dentiq Dentistry Houston,Dental & Medical,Houston,TX,Houston,4.9,1269,(713) 589-6564,https://www.dentiq.dental/,https://rovenhr.com/business/houston/dentiq-dentistry-houston-chij_r,https://rovenhr.com/contact.html?claim=Dentiq%20Dentistry%20Houston&metro=Houston
213,Miami Bay Oral Health,Dental & Medical,Miami,FL,Miami,4.8,2200,(305) 457-6294,https://miamibayoralhealth.com/,https://rovenhr.com/business/miami/miami-bay-oral-health-chijva,https://rovenhr.com/contact.html?claim=Miami%20Bay%20Oral%20Health&metro=Miami
214,"1st Choice Plumbing, Air & Insulation",Home Services,Phoenix,AZ,Phoenix,4.9,1266,(623) 292-3697,https://1stchoicemechanicalaz.com/air-conditioning-phoenix-az/?utm_source=google&utm_medium=organic&utm_campaign=gbp,https://rovenhr.com/business/phoenix/1st-choice-plumbing-air-insulation-chijta,"https://rovenhr.com/contact.html?claim=1st%20Choice%20Plumbing,%20Air%20&%20Insulation&metro=Phoenix"
215,ASAP Dental Care,Dental & Medical,Jacksonville,FL,Jacksonville,4.7,4158,(904) 777-4622,https://www.asapdentalcare.com/,https://rovenhr.com/business/jacksonville/asap-dental-care-chij56,https://rovenhr.com/contact.html?claim=ASAP%20Dental%20Care&metro=Jacksonville
216,"Mechanical One of Orlando - Air Conditioning, Plumbing and Electrical",Home Services,Orlando,FL,Orlando,4.9,1258,(407) 537-2795,https://mechanicalone.com/locations/orlando-fl/?utm_campaign=gmb,https://rovenhr.com/business/orlando/mechanical-one-of-orlando-air-conditioning-plumbing-and-elec-chijm-,"https://rovenhr.com/contact.html?claim=Mechanical%20One%20of%20Orlando%20-%20Air%20Conditioning,%20Plumbing%20and%20Electrical&metro=Orlando"
217,Air Conditioning of Arizona,Home Services,Scottsdale,AZ,Phoenix,5,781,(480) 250-3882,https://www.acofaz.net/,https://rovenhr.com/business/phoenix/air-conditioning-of-arizona-chijp8,https://rovenhr.com/contact.html?claim=Air%20Conditioning%20of%20Arizona&metro=Phoenix
218,Cowboys Air Conditioning & Heating,Home Services,San Antonio,TX,San Antonio,4.7,4119,(210) 405-8925,https://www.cowboysac.com/,https://rovenhr.com/business/san_antonio/cowboys-air-conditioning-heating-chijxw,https://rovenhr.com/contact.html?claim=Cowboys%20Air%20Conditioning%20&%20Heating&metro=San%20Antonio
219,"Big City Plumbing, LLC",Home Services,San Antonio,TX,San Antonio,4.9,1250,(210) 499-1010,https://bigcityplumbingsa.com/,https://rovenhr.com/business/san_antonio/big-city-plumbing-llc-chije-,"https://rovenhr.com/contact.html?claim=Big%20City%20Plumbing,%20LLC&metro=San%20Antonio"
220,Royal Air Houston,Home Services,Houston,TX,Houston,4.6,8622,(832) 334-5959,https://www.royalairhouston.com/,https://rovenhr.com/business/houston/royal-air-houston-chijjc,https://rovenhr.com/contact.html?claim=Royal%20Air%20Houston&metro=Houston
221,Imagine Orthodontic Studio Tampa FL,Dental & Medical,Temple Terrace,FL,Tampa,4.9,1236,(813) 212-1313,https://imagineorthostudio.com/,https://rovenhr.com/business/tampa/imagine-orthodontic-studio-tampa-fl-chijct,https://rovenhr.com/contact.html?claim=Imagine%20Orthodontic%20Studio%20Tampa%20FL&metro=Tampa
222,Ideal Conditions Heating & Air Conditioning,Home Services,Jacksonville,FL,Jacksonville,4.9,1231,(904) 379-8762,https://idealconditionsjax.com/?utm_source=google&utm_medium=organic&utm_campaign=GMBListing-Jacksonville-FL,https://rovenhr.com/business/jacksonville/ideal-conditions-heating-air-conditioning-chijww,https://rovenhr.com/contact.html?claim=Ideal%20Conditions%20Heating%20&%20Air%20Conditioning&metro=Jacksonville
223,Tampa Bay Smile Makers,Dental & Medical,Tampa,FL,Tampa,5,764,(813) 837-3476,https://tampabaysmilemaker.com/?utm_source=local&utm_medium=organic&utm_campaign=GMB,https://rovenhr.com/business/tampa/tampa-bay-smile-makers-chij_x,https://rovenhr.com/contact.html?claim=Tampa%20Bay%20Smile%20Makers&metro=Tampa
224,Hammond Heating & Air Conditioning,Home Services,Jacksonville,FL,Jacksonville,4.9,1226,(904) 893-3341,https://www.hammondair.com/jacksonville-fl/,https://rovenhr.com/business/jacksonville/hammond-heating-air-conditioning-chijkq,https://rovenhr.com/contact.html?claim=Hammond%20Heating%20&%20Air%20Conditioning&metro=Jacksonville
225,ABC Air Conditioning & Heating Specialist,Home Services,Orlando,FL,Orlando,4.9,1222,(407) 783-8081,https://abcairandheat.com/,https://rovenhr.com/business/orlando/abc-air-conditioning-heating-specialist-chijjw,https://rovenhr.com/contact.html?claim=ABC%20Air%20Conditioning%20&%20Heating%20Specialist&metro=Orlando
226,Miami Designer Smiles,Dental & Medical,Miami,FL,Miami,5,757,(305) 930-6924,http://www.miamidesignersmiles.com/?utm_campaign=gmb,https://rovenhr.com/business/miami/miami-designer-smiles-chijqc,https://rovenhr.com/contact.html?claim=Miami%20Designer%20Smiles&metro=Miami
227,Inspire Dental of San Antonio,Dental & Medical,San Antonio,TX,San Antonio,4.9,1209,(210) 972-0768,https://inspiredentalsa.com/#,https://rovenhr.com/business/san_antonio/inspire-dental-of-san-antonio-chijof,https://rovenhr.com/contact.html?claim=Inspire%20Dental%20of%20San%20Antonio&metro=San%20Antonio
228,Air Star Now,Home Services,Houston,TX,Houston,5,749,(713) 597-4457,https://www.airstarnow.com/,https://rovenhr.com/business/houston/air-star-now-chijh7,https://rovenhr.com/contact.html?claim=Air%20Star%20Now&metro=Houston
229,Rooter-Man Plumbing Austin TX,Home Services,Austin,TX,Austin,4.9,1204,(512) 720-7092,http://rooterman.com/austin/,https://rovenhr.com/business/austin/rooter-man-plumbing-austin-tx-chijbw,https://rovenhr.com/contact.html?claim=Rooter-Man%20Plumbing%20Austin%20TX&metro=Austin
230,Orange County Smiles,Dental & Medical,Orlando,FL,Orlando,5,749,(407) 273-6620,https://www.ocsmilesdentist.com/,https://rovenhr.com/business/orlando/orange-county-smiles-chijjd,https://rovenhr.com/contact.html?claim=Orange%20County%20Smiles&metro=Orlando
231,Del-Air Heating & Air Conditioning,Home Services,Jacksonville,FL,Jacksonville,4.7,3925,(904) 278-0339,https://www.delair.com/jacksonville/?utm_source=google&utm_medium=organic&utm_campaign=gbp,https://rovenhr.com/business/jacksonville/del-air-heating-air-conditioning-chijkr,https://rovenhr.com/contact.html?claim=Del-Air%20Heating%20&%20Air%20Conditioning&metro=Jacksonville
232,"Super Heat, Air, And Plumbing",Home Services,Tampa,FL,Tampa,4.7,3917,(813) 302-1618,http://superheatandair.com/,https://rovenhr.com/business/tampa/super-heat-air-and-plumbing-chijvu,"https://rovenhr.com/contact.html?claim=Super%20Heat,%20Air,%20And%20Plumbing&metro=Tampa"
233,One Hour Air Conditioning & Heating of Dallas,Home Services,Carrollton,TX,Dallas–Fort Worth,4.9,1193,(682) 327-0948,https://www.onehourairdallas.com/?utm_source=organic&utm_medium=gbp,https://rovenhr.com/business/dfw/one-hour-air-conditioning-heating-of-dallas-chijjc,https://rovenhr.com/contact.html?claim=One%20Hour%20Air%20Conditioning%20&%20Heating%20of%20Dallas&metro=Dallas–Fort%20Worth
234,Galaxia Dental,Dental & Medical,Dallas,TX,Dallas–Fort Worth,4.9,1193,(469) 399-7773,http://www.galaxiadentaldallas.com/,https://rovenhr.com/business/dfw/galaxia-dental-chijtb,https://rovenhr.com/contact.html?claim=Galaxia%20Dental&metro=Dallas–Fort%20Worth
235,"Team Enoch: Electric, Plumbing, Air, Roofing",Home Services,Addison,TX,Dallas–Fort Worth,4.9,1189,(469) 960-3171,https://teamenoch.com/?utm_source=dallasgmb&utm_medium=Organic,https://rovenhr.com/business/dfw/team-enoch-electric-plumbing-air-roofing-chijzs,"https://rovenhr.com/contact.html?claim=Team%20Enoch:%20Electric,%20Plumbing,%20Air,%20Roofing&metro=Dallas–Fort%20Worth"
236,"Cabrillo Plumbing, Heating & Air",Home Services,San Francisco,CA,San Francisco,4.9,1182,(415) 360-0560,https://discovercabrillo.com/?utm_source=gmb&utm_medium=organic,https://rovenhr.com/business/sf/cabrillo-plumbing-heating-air-chijly,"https://rovenhr.com/contact.html?claim=Cabrillo%20Plumbing,%20Heating%20&%20Air&metro=San%20Francisco"
237,The Houston Dentists,Dental & Medical,Bellaire,TX,Houston,5,737,(346) 202-3432,https://www.drfrazar.com/?utm_source=google&utm_medium=organic&utm_campaign=gbp-listing,https://rovenhr.com/business/houston/the-houston-dentists-chijq5,https://rovenhr.com/contact.html?claim=The%20Houston%20Dentists&metro=Houston
238,Jacksonville Emergency and Family Dental Care - University,Dental & Medical,Jacksonville,FL,Jacksonville,4.9,1177,(904) 615-9939,https://www.jaxemergencydental.com/?utm_campaign=gmb,https://rovenhr.com/business/jacksonville/jacksonville-emergency-and-family-dental-care-university-chij6b,https://rovenhr.com/contact.html?claim=Jacksonville%20Emergency%20and%20Family%20Dental%20Care%20-%20University&metro=Jacksonville
239,Zimmermann Air Conditioning & Heating,Home Services,San Antonio,TX,San Antonio,4.9,1173,(210) 340-8283,https://www.zimmermannservices.com/,https://rovenhr.com/business/san_antonio/zimmermann-air-conditioning-heating-chijcy,https://rovenhr.com/contact.html?claim=Zimmermann%20Air%20Conditioning%20&%20Heating&metro=San%20Antonio
240,Elegantly Dental of Sand Lake,Dental & Medical,Orlando,FL,Orlando,5,731,(407) 851-0784,https://www.elegantlydental.com/sand-lake-orlando/,https://rovenhr.com/business/orlando/elegantly-dental-of-sand-lake-chijjq,https://rovenhr.com/contact.html?claim=Elegantly%20Dental%20of%20Sand%20Lake&metro=Orlando
241,Limelight San Antonio,Wedding & Events,San Antonio,TX,San Antonio,5,726,(210) 842-6620,http://limelightsanantonio.com/,https://rovenhr.com/business/san_antonio/limelight-san-antonio-chijbz,https://rovenhr.com/contact.html?claim=Limelight%20San%20Antonio&metro=San%20Antonio
242,38th Street Dental,Dental & Medical,Austin,TX,Austin,5,724,(737) 260-5523,https://www.myaustindds.com/,https://rovenhr.com/business/austin/38th-street-dental-chije5,https://rovenhr.com/contact.html?claim=38th%20Street%20Dental&metro=Austin
243,QUALITY MEDIA Photography & Videography,Wedding & Events,Boca Raton,FL,Miami,5,719,(734) 604-2846,http://qualitymediafl.com/,https://rovenhr.com/business/miami/quality-media-photography-videography-chiju-,https://rovenhr.com/contact.html?claim=QUALITY%20MEDIA%20Photography%20&%20Videography&metro=Miami
244,"Specialty Smiles Orthodontists, Miami Lakes Braces & Invisalign",Dental & Medical,Miami Lakes,FL,Miami,5,716,(305) 822-6784,https://specialtysmiles.com/?utm_source=google&utm_medium=organic&utm_campaign=gbpmiamilakes,https://rovenhr.com/business/miami/specialty-smiles-orthodontists-miami-lakes-braces-invisalign-chijha,"https://rovenhr.com/contact.html?claim=Specialty%20Smiles%20Orthodontists,%20Miami%20Lakes%20Braces%20&%20Invisalign&metro=Miami"
245,"Benjamin Franklin Plumbing of Phoenix, AZ",Home Services,Phoenix,AZ,Phoenix,4.8,1969,(480) 223-9348,https://www.benfranklinplumbingaz.com/?utm_source=organic&utm_medium=gbp_listing,https://rovenhr.com/business/phoenix/benjamin-franklin-plumbing-of-phoenix-az-chijn5,"https://rovenhr.com/contact.html?claim=Benjamin%20Franklin%20Plumbing%20of%20Phoenix,%20AZ&metro=Phoenix"
246,Aqua Dental,Dental & Medical,San Antonio,TX,San Antonio,4.9,1142,(210) 824-7900,http://aquadentalsa.com/,https://rovenhr.com/business/san_antonio/aqua-dental-chijtx,https://rovenhr.com/contact.html?claim=Aqua%20Dental&metro=San%20Antonio
247,Thigpen Heating and Cooling,Home Services,Jacksonville,FL,Jacksonville,4.9,1139,(904) 448-1962,https://www.thigpenhvac.com/?y_source=1_MTgwMjQ2NDgtNzE1LWxvY2F0aW9uLndlYnNpdGU%3D,https://rovenhr.com/business/jacksonville/thigpen-heating-and-cooling-chijcd,https://rovenhr.com/contact.html?claim=Thigpen%20Heating%20and%20Cooling&metro=Jacksonville
248,"Maloney Plumbing & Drain Services in Phoenix, AZ",Home Services,Phoenix,AZ,Phoenix,4.9,1140,(602) 671-3617,https://www.maloneyplumbing.com/?utm_source=gmb&utm_medium=organic,https://rovenhr.com/business/phoenix/maloney-plumbing-drain-services-in-phoenix-az-chijm9,"https://rovenhr.com/contact.html?claim=Maloney%20Plumbing%20&%20Drain%20Services%20in%20Phoenix,%20AZ&metro=Phoenix"
249,South Placer Heating & Air,Home Services,Sacramento,CA,Sacramento,4.7,3672,(916) 246-2089,https://www.placerheatingandair.com/,https://rovenhr.com/business/sacramento/south-placer-heating-air-chijq9,https://rovenhr.com/contact.html?claim=South%20Placer%20Heating%20&%20Air&metro=Sacramento
250,Brilliant Smiles Dentistry,Dental & Medical,Scottsdale,AZ,Phoenix,5,708,(480) 613-3476,https://www.brilliantsmilesdentistry.com/,https://rovenhr.com/business/phoenix/brilliant-smiles-dentistry-chij47,https://rovenhr.com/contact.html?claim=Brilliant%20Smiles%20Dentistry&metro=Phoenix
251,"Flow Masters Plumbing, Drain and Water Heater",Home Services,Daly City,CA,San Francisco,5,707,(415) 237-1112,https://flowmastersplumbing.com/?utm_source=organic&utm_medium=gbp_listing,https://rovenhr.com/business/sf/flow-masters-plumbing-drain-and-water-heater-chijw6,"https://rovenhr.com/contact.html?claim=Flow%20Masters%20Plumbing,%20Drain%20and%20Water%20Heater&metro=San%20Francisco"
252,URBN Dental Implants & Invisalign | Uptown,Dental & Medical,Houston,TX,Houston,4.9,1131,(713) 322-8442,https://urbndental.com/texas/houston-dental-services/river-oaks/?utm_campaign=local-listings&utm_term=uptown,https://rovenhr.com/business/houston/urbn-dental-implants-invisalign-uptown-chijrb,https://rovenhr.com/contact.html?claim=URBN%20Dental%20Implants%20&%20Invisalign%20|%20Uptown&metro=Houston
253,"Ace Plumbing & Rooter, Inc.",Home Services,San Francisco,CA,San Francisco,4.9,1111,(415) 824-6444,https://www.aceplumbingandrooter.com/,https://rovenhr.com/business/sf/ace-plumbing-rooter-inc-chijjs,"https://rovenhr.com/contact.html?claim=Ace%20Plumbing%20&%20Rooter,%20Inc.&metro=San%20Francisco"
254,Rodriguez Orthodontics,Dental & Medical,Hialeah,FL,Miami,4.9,1105,(305) 825-8888,http://www.rodriguezorthodontics.com/,https://rovenhr.com/business/miami/rodriguez-orthodontics-chij-t,https://rovenhr.com/contact.html?claim=Rodriguez%20Orthodontics&metro=Miami
255,Zero Heating Ac & Refrigeration,Home Services,San Antonio,TX,San Antonio,5,691,(210) 900-0824,http://zerohvacandrefrigeration.com/,https://rovenhr.com/business/san_antonio/zero-heating-ac-refrigeration-chijpv,https://rovenhr.com/contact.html?claim=Zero%20Heating%20Ac%20&%20Refrigeration&metro=San%20Antonio
256,Distinctive Dentistry by Mullens & Nguyen,Dental & Medical,Jacksonville,FL,Jacksonville,5,691,(904) 585-2336,https://distinctivedentistryjax.com/?utm_source=google&utm_medium=organic&utm_campaign=gmb,https://rovenhr.com/business/jacksonville/distinctive-dentistry-by-mullens-nguyen-chijw_,https://rovenhr.com/contact.html?claim=Distinctive%20Dentistry%20by%20Mullens%20&%20Nguyen&metro=Jacksonville
257,South Park Family Dental,Dental & Medical,San Antonio,TX,San Antonio,4.8,1858,(210) 927-1400,https://safamilydentalcare.com/?utm_source=Maps&utm_medium=GBM,https://rovenhr.com/business/san_antonio/south-park-family-dental-chijev,https://rovenhr.com/contact.html?claim=South%20Park%20Family%20Dental&metro=San%20Antonio
258,Same Day Air Repair,Home Services,Phoenix,AZ,Phoenix,4.8,1859,(602) 571-1728,https://samedayairrepair.com/,https://rovenhr.com/business/phoenix/same-day-air-repair-chijt7,https://rovenhr.com/contact.html?claim=Same%20Day%20Air%20Repair&metro=Phoenix
259,Mr. Plumber Plumbing Co.,Home Services,San Antonio,TX,San Antonio,4.8,1849,(210) 684-7010,https://www.mrplumbersa.com/plumbing-services/?utm_source=google-gbp&utm_medium=organic&utm_campaign=*149*mr-plumber-san-antonio,https://rovenhr.com/business/san_antonio/mr-plumber-plumbing-co-chij0z,https://rovenhr.com/contact.html?claim=Mr.%20Plumber%20Plumbing%20Co.&metro=San%20Antonio
260,Tampa Dental,Dental & Medical,Tampa,FL,Tampa,4.9,1080,(813) 888-9004,https://www.tampadental.com/,https://rovenhr.com/business/tampa/tampa-dental-chij_w,https://rovenhr.com/contact.html?claim=Tampa%20Dental&metro=Tampa
261,Nuovo Artistic Studios Dallas,Wedding & Events,Dallas,TX,Dallas–Fort Worth,4.8,1845,(469) 484-4858,http://nuovophotography.com/,https://rovenhr.com/business/dfw/nuovo-artistic-studios-dallas-chija2,https://rovenhr.com/contact.html?claim=Nuovo%20Artistic%20Studios%20Dallas&metro=Dallas–Fort%20Worth
262,EZ Comfort Air Conditioning & Heating,Home Services,Humble,TX,Houston,4.9,1077,(832) 225-3738,https://www.ezcomfortac.com/,https://rovenhr.com/business/houston/ez-comfort-air-conditioning-heating-chiju2,https://rovenhr.com/contact.html?claim=EZ%20Comfort%20Air%20Conditioning%20&%20Heating&metro=Houston
263,PlumbSmart,Home Services,San Antonio,TX,San Antonio,4.9,1075,(210) 810-0810,https://plumbsmart-tx.com/,https://rovenhr.com/business/san_antonio/plumbsmart-chijh0,https://rovenhr.com/contact.html?claim=PlumbSmart&metro=San%20Antonio
264,Emergency Dental of Sacramento,Dental & Medical,Sacramento,CA,Sacramento,4.9,1068,(916) 619-5011,https://emergencydentalofsacramento.com/,https://rovenhr.com/business/sacramento/emergency-dental-of-sacramento-chijdx,https://rovenhr.com/contact.html?claim=Emergency%20Dental%20of%20Sacramento&metro=Sacramento
265,San Antonio Dentist - Crownridge Dental,Dental & Medical,San Antonio,TX,San Antonio,4.9,1069,(210) 981-6018,https://www.crownridgedental.com/,https://rovenhr.com/business/san_antonio/san-antonio-dentist-crownridge-dental-chijxb,https://rovenhr.com/contact.html?claim=San%20Antonio%20Dentist%20-%20Crownridge%20Dental&metro=San%20Antonio
266,D2O Dental,Dental & Medical,Sacramento,CA,Sacramento,5,671,(916) 442-7000,https://d2odental.com/,https://rovenhr.com/business/sacramento/d2o-dental-chijjv,https://rovenhr.com/contact.html?claim=D2O%20Dental&metro=Sacramento
267,Benjamin Franklin Plumbing,Home Services,Orlando,FL,Orlando,4.8,1828,(689) 210-8055,https://orlandobenjaminfranklin.com/?utm_source=GBP&utm_medium=organic&utm_campaign=orlandogbp,https://rovenhr.com/business/orlando/benjamin-franklin-plumbing-chijme,https://rovenhr.com/contact.html?claim=Benjamin%20Franklin%20Plumbing&metro=Orlando
268,ABC Home & Commercial - Plumbing Services Department,Home Services,Austin,TX,Austin,4.9,1061,(512) 220-7667,https://www.abchomeandcommercial.com/austin/plumbing?utm_source=gmb&utm_medium=organic&utm_campaign=aus-plumber,https://rovenhr.com/business/austin/abc-home-commercial-plumbing-services-department-chijcr,https://rovenhr.com/contact.html?claim=ABC%20Home%20&%20Commercial%20-%20Plumbing%20Services%20Department&metro=Austin
269,Conway Smiles and Dental Implants,Dental & Medical,Orlando,FL,Orlando,5,667,(321) 319-5111,https://www.conwaysmilesorlando.com/?utm_source=organic&utm_medium=gbp&utm_id=local,https://rovenhr.com/business/orlando/conway-smiles-and-dental-implants-chijf8,https://rovenhr.com/contact.html?claim=Conway%20Smiles%20and%20Dental%20Implants&metro=Orlando
270,Nona Smiles,Dental & Medical,Orlando,FL,Orlando,4.9,1060,(407) 808-6662,http://www.nonasmiles.com/,https://rovenhr.com/business/orlando/nona-smiles-chijw-,https://rovenhr.com/contact.html?claim=Nona%20Smiles&metro=Orlando
271,"Same Day Heating, Cooling, Plumbing",Home Services,San Diego,CA,San Diego,4.8,1802,(619) 486-3325,https://samedaysd.com/,https://rovenhr.com/business/san_diego/same-day-heating-cooling-plumbing-chijv4,"https://rovenhr.com/contact.html?claim=Same%20Day%20Heating,%20Cooling,%20Plumbing&metro=San%20Diego"
272,Forest Family Dentistry,Dental & Medical,Austin,TX,Austin,4.9,1055,(512) 334-9894,http://forestfamily.com/,https://rovenhr.com/business/austin/forest-family-dentistry-chijq_,https://rovenhr.com/contact.html?claim=Forest%20Family%20Dentistry&metro=Austin
273,"Moss Heating, Cooling & Plumbing",Home Services,Dallas,TX,Dallas–Fort Worth,4.9,1051,(972) 733-6802,https://www.askmoss.com/?utm_source=google&utm_medium=gbp-dallas&se_campaign=Ferocious-GBP,https://rovenhr.com/business/dfw/moss-heating-cooling-plumbing-chijyw,"https://rovenhr.com/contact.html?claim=Moss%20Heating,%20Cooling%20&%20Plumbing&metro=Dallas–Fort%20Worth"
274,Austin Orthodontic Arts,Dental & Medical,Austin,TX,Austin,5,657,(512) 458-4103,https://www.austinorthodonticarts.com/?utm_source=google.com&utm_medium=business+profile&utm_campaign=,https://rovenhr.com/business/austin/austin-orthodontic-arts-chijrd,https://rovenhr.com/contact.html?claim=Austin%20Orthodontic%20Arts&metro=Austin
275,The Gallery Studios,Wedding & Events,Tampa,FL,Tampa,5,657,(813) 254-9575,http://thegallerystudios.com/,https://rovenhr.com/business/tampa/the-gallery-studios-chijwe,https://rovenhr.com/contact.html?claim=The%20Gallery%20Studios&metro=Tampa
276,Everything Teeth Miami,Dental & Medical,Miami,FL,Miami,5,657,(305) 777-7774,https://www.everythingteethmiami.com/,https://rovenhr.com/business/miami/everything-teeth-miami-chijy1,https://rovenhr.com/contact.html?claim=Everything%20Teeth%20Miami&metro=Miami
277,Austin City Dental,Dental & Medical,Austin,TX,Austin,5,655,(512) 451-8256,http://www.austincitydental.com/,https://rovenhr.com/business/austin/austin-city-dental-chijby,https://rovenhr.com/contact.html?claim=Austin%20City%20Dental&metro=Austin
278,Tampa Bay Air Conditioning,Home Services,Land O' Lakes,FL,Tampa,5,653,(813) 797-5364,https://www.tampabayac.net/?utm_source=google&utm_medium=organic&utm_campaign=GBPListing-Land-O-Lakes-FL,https://rovenhr.com/business/tampa/tampa-bay-air-conditioning-chijdu,https://rovenhr.com/contact.html?claim=Tampa%20Bay%20Air%20Conditioning&metro=Tampa
279,Southland Heating & Air Conditioning,Home Services,Thousand Oaks,CA,Los Angeles,4.8,1769,(805) 342-2777,http://southlandac.com/,https://rovenhr.com/business/la/southland-heating-air-conditioning-chij4z,https://rovenhr.com/contact.html?claim=Southland%20Heating%20&%20Air%20Conditioning&metro=Los%20Angeles
280,"Spegal Plumbing, LLC.",Home Services,Apopka,FL,Orlando,4.9,1035,(321) 256-1234,http://www.spegalplumbing.com/,https://rovenhr.com/business/orlando/spegal-plumbing-llc-chij8b,"https://rovenhr.com/contact.html?claim=Spegal%20Plumbing,%20LLC.&metro=Orlando"
281,"Del-Air Heating, Air Conditioning and Plumbing",Home Services,Tampa,FL,Tampa,4.8,1756,(813) 515-0098,https://www.delair.com/tampa/?utm_source=google&utm_medium=organic&utm_campaign=GMBListing-Tampa,https://rovenhr.com/business/tampa/del-air-heating-air-conditioning-and-plumbing-chijw-,"https://rovenhr.com/contact.html?claim=Del-Air%20Heating,%20Air%20Conditioning%20and%20Plumbing&metro=Tampa"
282,Nova Dental,Dental & Medical,Tampa,FL,Tampa,4.9,1027,(813) 510-3156,https://www.novadentaltampa.com/,https://rovenhr.com/business/tampa/nova-dental-chijj6,https://rovenhr.com/contact.html?claim=Nova%20Dental&metro=Tampa
283,Family Dentistry of San Antonio,Dental & Medical,Leon Valley,TX,San Antonio,5,644,(210) 684-6822,https://familydentistrysa.com/,https://rovenhr.com/business/san_antonio/family-dentistry-of-san-antonio-chijtb,https://rovenhr.com/contact.html?claim=Family%20Dentistry%20of%20San%20Antonio&metro=San%20Antonio
284,Dental Defenders,Dental & Medical,San Antonio,TX,San Antonio,4.9,1023,(210) 922-2000,https://www.dentaldefenderssa.com/,https://rovenhr.com/business/san_antonio/dental-defenders-chijyr,https://rovenhr.com/contact.html?claim=Dental%20Defenders&metro=San%20Antonio
285,Island Breeze Air Conditioning & Heating LLC,Home Services,Phoenix,AZ,Phoenix,5,644,(623) 692-6013,https://islandbreeze-ac.com/,https://rovenhr.com/business/phoenix/island-breeze-air-conditioning-heating-llc-chijiu,https://rovenhr.com/contact.html?claim=Island%20Breeze%20Air%20Conditioning%20&%20Heating%20LLC&metro=Phoenix
286,Texas Dental Center,Dental & Medical,Houston,TX,Houston,4.9,1019,(832) 831-9101,https://texasdentalcenter.com/?utm_source=GMB&utm_medium=Organic&utm_campaign=LocalBusiness,https://rovenhr.com/business/houston/texas-dental-center-chij04,https://rovenhr.com/contact.html?claim=Texas%20Dental%20Center&metro=Houston
287,Evenflow Home & Commercial Services,Home Services,San Antonio,TX,San Antonio,4.9,1015,(210) 985-4955,https://www.evenflowhomeservices.com/?utm_source=gbp&utm_medium=organic&utm_campaign=webite&utm_content=web-cta&utm_term=san-antonio-tx,https://rovenhr.com/business/san_antonio/evenflow-home-commercial-services-chij8v,https://rovenhr.com/contact.html?claim=Evenflow%20Home%20&%20Commercial%20Services&metro=San%20Antonio
288,Jack Rabbit,Home Services,Orlando,FL,Orlando,4.8,1727,(689) 225-3048,https://calljackrabbit.com/service-area/orlando/,https://rovenhr.com/business/orlando/jack-rabbit-chij__,https://rovenhr.com/contact.html?claim=Jack%20Rabbit&metro=Orlando
289,Armstrong Plumbing Inc,Home Services,Sacramento,CA,Sacramento,4.8,1729,(916) 461-8744,https://www.armstrongplumbing.net/?utm_source=gbp,https://rovenhr.com/business/sacramento/armstrong-plumbing-inc-chijbf,https://rovenhr.com/contact.html?claim=Armstrong%20Plumbing%20Inc&metro=Sacramento
290,Tomlinson Dental,Dental & Medical,Tampa,FL,Tampa,4.9,1011,(813) 209-0338,https://www.tomlinsondentalcare.com/,https://rovenhr.com/business/tampa/tomlinson-dental-chijq_,https://rovenhr.com/contact.html?claim=Tomlinson%20Dental&metro=Tampa
291,Antoine Dental Center,Dental & Medical,Houston,TX,Houston,4.7,3200,(713) 691-8880,https://www.antoinedentalcenter.com/,https://rovenhr.com/business/houston/antoine-dental-center-chijgz,https://rovenhr.com/contact.html?claim=Antoine%20Dental%20Center&metro=Houston
292,Luna Dental,Dental & Medical,San Antonio,TX,San Antonio,4.9,1009,(210) 433-0444,https://www.lunadentalsanantonio.com/,https://rovenhr.com/business/san_antonio/luna-dental-chijsb,https://rovenhr.com/contact.html?claim=Luna%20Dental&metro=San%20Antonio
293,Folsom Street Dental,Dental & Medical,San Francisco,CA,San Francisco,4.9,1007,(415) 552-7874,http://folsomstreetdental.com/,https://rovenhr.com/business/sf/folsom-street-dental-chij5y,https://rovenhr.com/contact.html?claim=Folsom%20Street%20Dental&metro=San%20Francisco
294,Nu Dentistry Garden Oaks,Dental & Medical,Houston,TX,Houston,4.9,1006,(832) 662-3846,https://nudentistrygardenoaks.com/,https://rovenhr.com/business/houston/nu-dentistry-garden-oaks-chijz0,https://rovenhr.com/contact.html?claim=Nu%20Dentistry%20Garden%20Oaks&metro=Houston
295,Z Dentist San Antonio,Dental & Medical,San Antonio,TX,San Antonio,4.9,1002,(210) 802-9999,https://www.z-dentist.com/,https://rovenhr.com/business/san_antonio/z-dentist-san-antonio-chijlc,https://rovenhr.com/contact.html?claim=Z%20Dentist%20San%20Antonio&metro=San%20Antonio
296,Lake Lucerne Cosmetic and Implant Dentistry,Dental & Medical,Orlando,FL,Orlando,5,629,(407) 972-1788,https://www.lakelucernedentistry.com/?utm_campaign=gmb&utm_medium=local&utm_source=google,https://rovenhr.com/business/orlando/lake-lucerne-cosmetic-and-implant-dentistry-chijrc,https://rovenhr.com/contact.html?claim=Lake%20Lucerne%20Cosmetic%20and%20Implant%20Dentistry&metro=Orlando
297,One Hour Heating & Air Conditioning,Home Services,San Diego,CA,San Diego,4.9,990,(619) 736-2038,https://onehoursd.com/,https://rovenhr.com/business/san_diego/one-hour-heating-air-conditioning-chij4w,https://rovenhr.com/contact.html?claim=One%20Hour%20Heating%20&%20Air%20Conditioning&metro=San%20Diego
298,North Dallas Family Dental,Dental & Medical,Dallas,TX,Dallas–Fort Worth,5,622,(972) 386-6200,http://www.northdallasfamilydental.com/,https://rovenhr.com/business/dfw/north-dallas-family-dental-chij_q,https://rovenhr.com/contact.html?claim=North%20Dallas%20Family%20Dental&metro=Dallas–Fort%20Worth
299,ABC Home & Commercial - HVAC Services Department,Home Services,Austin,TX,Austin,4.9,985,(512) 220-7668,https://www.abchomeandcommercial.com/austin/hvac-repair?utm_source=gmb&utm_medium=organic&utm_campaign=aus-hvac,https://rovenhr.com/business/austin/abc-home-commercial-hvac-services-department-chiji1,https://rovenhr.com/contact.html?claim=ABC%20Home%20&%20Commercial%20-%20HVAC%20Services%20Department&metro=Austin
300,Flash Dental,Dental & Medical,Houston,TX,Houston,5,620,(281) 407-9989,http://www.flashdental.net/,https://rovenhr.com/business/houston/flash-dental-chij8a,https://rovenhr.com/contact.html?claim=Flash%20Dental&metro=Houston
301,Tampa Dentistry,Dental & Medical,Tampa,FL,Tampa,4.9,981,(813) 333-0633,https://mytampadentistry.com/,https://rovenhr.com/business/tampa/tampa-dentistry-chij75,https://rovenhr.com/contact.html?claim=Tampa%20Dentistry&metro=Tampa
302,Amaya Dental,Dental & Medical,Miami,FL,Miami,4.9,978,(305) 264-2711,https://www.amayadental.com/?utm_source=google&utm_medium=organic&utm_campaign=gbp-listing,https://rovenhr.com/business/miami/amaya-dental-chijky,https://rovenhr.com/contact.html?claim=Amaya%20Dental&metro=Miami
303,Alamo City Dental,Dental & Medical,San Antonio,TX,San Antonio,4.9,970,(210) 523-2323,http://www.alamodentalonline.com/,https://rovenhr.com/business/san_antonio/alamo-city-dental-chijlq,https://rovenhr.com/contact.html?claim=Alamo%20City%20Dental&metro=San%20Antonio
304,Villas Channel,Wedding & Events,Miami,FL,Miami,4.9,968,(786) 370-2990,https://www.villaschannel.com/,https://rovenhr.com/business/miami/villas-channel-chij-w,https://rovenhr.com/contact.html?claim=Villas%20Channel&metro=Miami
305,Black Mountain Plumbing,Home Services,San Diego,CA,San Diego,4.8,1638,(858) 536-4161,https://blackmountainplumbing.com/?utm_source=google_profile&utm_campaign=localo&utm_medium=mainlink,https://rovenhr.com/business/san_diego/black-mountain-plumbing-chij3d,https://rovenhr.com/contact.html?claim=Black%20Mountain%20Plumbing&metro=San%20Diego
306,Dr. Heather Brown Orthodontics,Dental & Medical,Houston,TX,Houston,4.9,964,(713) 665-4455,http://www.drheatherbrown.com/,https://rovenhr.com/business/houston/dr-heather-brown-orthodontics-chijz_,https://rovenhr.com/contact.html?claim=Dr.%20Heather%20Brown%20Orthodontics&metro=Houston
307,IMAGENES RIVERA,Wedding & Events,Miami,FL,Miami,5,606,(786) 353-2890,http://www.imagenesrivera.com/,https://rovenhr.com/business/miami/imagenes-rivera-chijdq,https://rovenhr.com/contact.html?claim=IMAGENES%20RIVERA&metro=Miami
308,Pierson & Saunders Orthodontics | North Loop,Dental & Medical,San Antonio,TX,San Antonio,5,606,(210) 695-1116,https://www.sanantoniotxortho.com/,https://rovenhr.com/business/san_antonio/pierson-saunders-orthodontics-north-loop-chijq2,https://rovenhr.com/contact.html?claim=Pierson%20&%20Saunders%20Orthodontics%20|%20North%20Loop&metro=San%20Antonio
309,Singing Hills Dentistry San Diego,Dental & Medical,San Diego,CA,San Diego,5,605,(858) 272-5588,https://www.sandiegodentistnearme.com/?utm_source=google&utm_medium=google_business_profile&utm_campaign=website_click,https://rovenhr.com/business/san_diego/singing-hills-dentistry-san-diego-chij5x,https://rovenhr.com/contact.html?claim=Singing%20Hills%20Dentistry%20San%20Diego&metro=San%20Diego
310,"Del-Air Heating, Air Conditioning, Plumbing and Electrical",Home Services,Sanford,FL,Orlando,4.6,6189,(321) 416-1090,https://www.delair.com/orlando-north,https://rovenhr.com/business/orlando/del-air-heating-air-conditioning-plumbing-and-electrical-chijdr,"https://rovenhr.com/contact.html?claim=Del-Air%20Heating,%20Air%20Conditioning,%20Plumbing%20and%20Electrical&metro=Orlando"
311,United Dental Care,Dental & Medical,Culver City,CA,Los Angeles,4.9,935,(310) 390-6000,http://culvercitydentist.com/,https://rovenhr.com/business/la/united-dental-care-chij11,https://rovenhr.com/contact.html?claim=United%20Dental%20Care&metro=Los%20Angeles
312,Legacy Dental SA,Dental & Medical,San Antonio,TX,San Antonio,4.9,936,(210) 767-3562,https://www.legacydentalsa.com/?utm_source=google.com&utm_medium=business+profile&utm_campaign=,https://rovenhr.com/business/san_antonio/legacy-dental-sa-chij69,https://rovenhr.com/contact.html?claim=Legacy%20Dental%20SA&metro=San%20Antonio
313,Ascend Plumbing,Home Services,San Diego,CA,San Diego,5,591,(858) 800-1141,https://ascendplumbing.com/,https://rovenhr.com/business/san_diego/ascend-plumbing-chijfb,https://rovenhr.com/contact.html?claim=Ascend%20Plumbing&metro=San%20Diego
314,Reliant Plumbing,Home Services,Austin,TX,Austin,4.7,2919,(512) 222-6029,https://reliantplumbing.com/?utm_source=google&utm_medium=website&utm_campaign=hqgbp&utm_id=beecave-GBP,https://rovenhr.com/business/austin/reliant-plumbing-chijh1,https://rovenhr.com/contact.html?claim=Reliant%20Plumbing&metro=Austin
315,AIRTEAM Heating & Cooling,Home Services,Houston,TX,Houston,4.8,1573,(713) 936-5346,http://www.airteamltd.com/,https://rovenhr.com/business/houston/airteam-heating-cooling-chij1-,https://rovenhr.com/contact.html?claim=AIRTEAM%20Heating%20&%20Cooling&metro=Houston
316,Expert Home Service,Home Services,Tampa,FL,Tampa,4.9,924,(813) 632-8889,https://experthomeservice.com/service-areas/hillsborough-county-fl/?utm_source=google&utm_medium=organic&utm_id=gbptampa,https://rovenhr.com/business/tampa/expert-home-service-chijvd,https://rovenhr.com/contact.html?claim=Expert%20Home%20Service&metro=Tampa
317,Thousand Oaks Dental,Dental & Medical,San Antonio,TX,San Antonio,4.9,922,(210) 499-0975,https://www.yoursanantoniodentists.com/,https://rovenhr.com/business/san_antonio/thousand-oaks-dental-chijwa,https://rovenhr.com/contact.html?claim=Thousand%20Oaks%20Dental&metro=San%20Antonio
318,Tampa Dentist - Terrace Smiles Dentistry,Dental & Medical,Tampa,FL,Tampa,4.8,1557,(813) 977-7000,https://www.terracesmiles.com/,https://rovenhr.com/business/tampa/tampa-dentist-terrace-smiles-dentistry-chij4f,https://rovenhr.com/contact.html?claim=Tampa%20Dentist%20-%20Terrace%20Smiles%20Dentistry&metro=Tampa
319,URBN Dental Implants & Invisalign | Midtown,Dental & Medical,Houston,TX,Houston,4.9,920,(346) 815-9997,https://urbndental.com/texas/houston-dental-services/midtown/?utm_campaign=local-listings&utm_term=midtown,https://rovenhr.com/business/houston/urbn-dental-implants-invisalign-midtown-chijaw,https://rovenhr.com/contact.html?claim=URBN%20Dental%20Implants%20&%20Invisalign%20|%20Midtown&metro=Houston
320,Perry Plumbing & Pipelining,Home Services,El Cajon,CA,San Diego,4.9,920,(619) 472-2112,https://perryplumbing.com/,https://rovenhr.com/business/san_diego/perry-plumbing-pipelining-chijoq,https://rovenhr.com/contact.html?claim=Perry%20Plumbing%20&%20Pipelining&metro=San%20Diego
321,Gem orthodontics LA,Dental & Medical,Los Angeles,CA,Los Angeles,5,582,(213) 768-9208,https://gemorthodontics.com/,https://rovenhr.com/business/la/gem-orthodontics-la-chij2z,https://rovenhr.com/contact.html?claim=Gem%20orthodontics%20LA&metro=Los%20Angeles
322,Airmaxx,Home Services,El Cajon,CA,San Diego,4.9,917,(619) 655-3010,https://airmaxx.com/?utm_campaign=gmb,https://rovenhr.com/business/san_diego/airmaxx-chij5w,https://rovenhr.com/contact.html?claim=Airmaxx&metro=San%20Diego
323,Mountainside Air Conditioning Repair,Home Services,Phoenix,AZ,Phoenix,5,581,(480) 914-3425,https://mountainsideair.com/ac-repair-phoenix-az/?utm_campaign=gmb,https://rovenhr.com/business/phoenix/mountainside-air-conditioning-repair-chij8-,https://rovenhr.com/contact.html?claim=Mountainside%20Air%20Conditioning%20Repair&metro=Phoenix
324,ACS Home Services- Tampa Air Conditioning Repair,Home Services,Tampa,FL,Tampa,4.7,2853,(813) 703-1042,https://www.acshomeservices.com/tampa-air-conditioning-plumbing-electrical/,https://rovenhr.com/business/tampa/acs-home-services-tampa-air-conditioning-repair-chijpb,https://rovenhr.com/contact.html?claim=ACS%20Home%20Services-%20Tampa%20Air%20Conditioning%20Repair&metro=Tampa
325,Plumbit Plumbing Services,Home Services,San Antonio,TX,San Antonio,5,580,(210) 984-0058,http://plumbitplumbingservices.com/,https://rovenhr.com/business/san_antonio/plumbit-plumbing-services-chijny,https://rovenhr.com/contact.html?claim=Plumbit%20Plumbing%20Services&metro=San%20Antonio
326,Brookstone Dental Care - Phoenix,Dental & Medical,Phoenix,AZ,Phoenix,5,580,(602) 992-1639,https://brookstoneaz.com/?utm_source=GMB&utm_medium=Organic&utm_campaign=GMBListing,https://rovenhr.com/business/phoenix/brookstone-dental-care-phoenix-chijt_,https://rovenhr.com/contact.html?claim=Brookstone%20Dental%20Care%20-%20Phoenix&metro=Phoenix
327,The Tooth Inc,Dental & Medical,Austin,TX,Austin,5,579,(512) 593-1874,https://www.toothinctx.com/,https://rovenhr.com/business/austin/the-tooth-inc-chijdf,https://rovenhr.com/contact.html?claim=The%20Tooth%20Inc&metro=Austin
328,Lakewood Dental Group,Dental & Medical,Dallas,TX,Dallas–Fort Worth,5,579,(214) 827-1885,https://www.lwdentist.com/,https://rovenhr.com/business/dfw/lakewood-dental-group-chijge,https://rovenhr.com/contact.html?claim=Lakewood%20Dental%20Group&metro=Dallas–Fort%20Worth
329,Downtown Dental Jax,Dental & Medical,Jacksonville,FL,Jacksonville,4.8,1542,(904) 734-6837,http://downtowndentaljax.com/?utm_source=gbp&utm_medium=organic&utm_campaign=yext_listing,https://rovenhr.com/business/jacksonville/downtown-dental-jax-chijjw,https://rovenhr.com/contact.html?claim=Downtown%20Dental%20Jax&metro=Jacksonville
330,Turtle Creek Dental Associates,Dental & Medical,Dallas,TX,Dallas–Fort Worth,4.9,913,(214) 740-4953,https://www.turtlecreekdental.com/,https://rovenhr.com/business/dfw/turtle-creek-dental-associates-chijr1,https://rovenhr.com/contact.html?claim=Turtle%20Creek%20Dental%20Associates&metro=Dallas–Fort%20Worth
331,Dentistry On Swann,Dental & Medical,Tampa,FL,Tampa,4.9,911,(813) 879-6370,http://www.dentistryonswann.com/,https://rovenhr.com/business/tampa/dentistry-on-swann-chij5a,https://rovenhr.com/contact.html?claim=Dentistry%20On%20Swann&metro=Tampa
332,San Diego Smile Pros,Dental & Medical,San Diego,CA,San Diego,5,578,(619) 291-5266,http://www.sandiegosmilepros.com/,https://rovenhr.com/business/san_diego/san-diego-smile-pros-chijl3,https://rovenhr.com/contact.html?claim=San%20Diego%20Smile%20Pros&metro=San%20Diego
333,Relax and Smile Dental Care,Dental & Medical,Miami,FL,Miami,4.9,909,(786) 983-4812,https://www.relaxandsmile.com/?utm_source=GMB&utm_medium=organic&utm_campaign=DevOptimization&utm_content=Website,https://rovenhr.com/business/miami/relax-and-smile-dental-care-chij8w,https://rovenhr.com/contact.html?claim=Relax%20and%20Smile%20Dental%20Care&metro=Miami
334,Harden Family Dentistry,Dental & Medical,Orlando,FL,Orlando,5,577,(407) 826-5205,http://www.hardenfamilydental.com/,https://rovenhr.com/business/orlando/harden-family-dentistry-chijof,https://rovenhr.com/contact.html?claim=Harden%20Family%20Dentistry&metro=Orlando
335,Union Dental Center,Dental & Medical,Los Angeles,CA,Los Angeles,4.9,909,(213) 463-2744,http://www.uniondentalcenter.co/?utm_campaign=gmb,https://rovenhr.com/business/la/union-dental-center-chijww,https://rovenhr.com/contact.html?claim=Union%20Dental%20Center&metro=Los%20Angeles
336,Simon's Plumbing,Home Services,Phoenix,AZ,Phoenix,5,576,(602) 739-4117,https://simonsplumbingaz.com/,https://rovenhr.com/business/phoenix/simon-s-plumbing-chij6e,https://rovenhr.com/contact.html?claim=Simon's%20Plumbing&metro=Phoenix
337,SOS 24/7 Plumbing Corp | Plomero | Plomeros,Home Services,Miami,FL,Miami,5,576,(786) 487-2540,https://www.sos247plumbingcorp.com/,https://rovenhr.com/business/miami/sos-24-7-plumbing-corp-plomero-plomeros-chij81,https://rovenhr.com/contact.html?claim=SOS%2024/7%20Plumbing%20Corp%20|%20Plomero%20|%20Plomeros&metro=Miami
338,Larchmont Dental Associates,Dental & Medical,Los Angeles,CA,Los Angeles,5,576,(323) 465-2127,http://www.larchmontdentists.com/,https://rovenhr.com/business/la/larchmont-dental-associates-chijsy,https://rovenhr.com/contact.html?claim=Larchmont%20Dental%20Associates&metro=Los%20Angeles
339,Spoor's Heating & Air Conditioning,Home Services,Auburn,CA,Sacramento,4.9,908,(530) 823-1843,http://spoorsheatingandac.com/,https://rovenhr.com/business/sacramento/spoor-s-heating-air-conditioning-chijzw,https://rovenhr.com/contact.html?claim=Spoor's%20Heating%20&%20Air%20Conditioning&metro=Sacramento
340,Reliable Ducts Heating & Cooling,Home Services,Jacksonville,FL,Jacksonville,4.9,901,(904) 551-7132,https://reliableductsac.com/,https://rovenhr.com/business/jacksonville/reliable-ducts-heating-cooling-chiji_,https://rovenhr.com/contact.html?claim=Reliable%20Ducts%20Heating%20&%20Cooling&metro=Jacksonville
341,Riverside Dental,Dental & Medical,Jacksonville,FL,Jacksonville,4.9,900,(904) 355-5531,https://www.riverside-dental.com/,https://rovenhr.com/business/jacksonville/riverside-dental-chijj5,https://rovenhr.com/contact.html?claim=Riverside%20Dental&metro=Jacksonville
342,Skillman Family Dentistry of Dallas,Dental & Medical,Dallas,TX,Dallas–Fort Worth,4.9,899,(469) 998-9822,https://www.skillmanfamilydentistry.com/,https://rovenhr.com/business/dfw/skillman-family-dentistry-of-dallas-chijy7,https://rovenhr.com/contact.html?claim=Skillman%20Family%20Dentistry%20of%20Dallas&metro=Dallas–Fort%20Worth
343,Elite Dental Wellness,Dental & Medical,Houston,TX,Houston,4.9,891,(713) 789-8680,https://www.elitedentalwellness.com/?utm_source=organic&utm_medium=gbp&utm_id=local,https://rovenhr.com/business/houston/elite-dental-wellness-chiji-,https://rovenhr.com/contact.html?claim=Elite%20Dental%20Wellness&metro=Houston
344,Stone Oak Orthodontics: San Antonio Location,Dental & Medical,San Antonio,TX,San Antonio,4.9,891,(210) 402-3322,https://stoneoakorthodontics.com/,https://rovenhr.com/business/san_antonio/stone-oak-orthodontics-san-antonio-location-chijqy,https://rovenhr.com/contact.html?claim=Stone%20Oak%20Orthodontics:%20San%20Antonio%20Location&metro=San%20Antonio
345,bluefrog Plumbing and Drain of North Dallas,Home Services,Frisco,TX,Dallas–Fort Worth,4.9,890,(469) 375-4580,https://www.bluefrogplumbingnorthdallas.com/,https://rovenhr.com/business/dfw/bluefrog-plumbing-and-drain-of-north-dallas-chijgy,https://rovenhr.com/contact.html?claim=bluefrog%20Plumbing%20and%20Drain%20of%20North%20Dallas&metro=Dallas–Fort%20Worth
346,Rey's Air Solution Inc,Home Services,West Sacramento,CA,Sacramento,4.9,889,(916) 616-1456,https://reysair.com/,https://rovenhr.com/business/sacramento/rey-s-air-solution-inc-chij77,https://rovenhr.com/contact.html?claim=Rey's%20Air%20Solution%20Inc&metro=Sacramento
347,myDental at Tech Ridge,Dental & Medical,Austin,TX,Austin,4.8,1496,(512) 815-2524,https://www.mydental.com/locations/tech-ridge/?utm_source=google&utm_medium=organic&utm_campaign=gbp,https://rovenhr.com/business/austin/mydental-at-tech-ridge-chijof,https://rovenhr.com/contact.html?claim=myDental%20at%20Tech%20Ridge&metro=Austin
348,Sakowitz Smiles Orthodontics Lake Nona (Orlando),Dental & Medical,Orlando,FL,Orlando,5,562,(407) 627-1187,https://orlandoorthodontics.com/location/orthodontist-lake-nona-fl/,https://rovenhr.com/business/orlando/sakowitz-smiles-orthodontics-lake-nona-orlando-chijaq,https://rovenhr.com/contact.html?claim=Sakowitz%20Smiles%20Orthodontics%20Lake%20Nona%20(Orlando)&metro=Orlando
349,"Weninger Dentistry, PLLC",Dental & Medical,Tampa,FL,Tampa,5,559,(813) 872-7057,https://weningerdentistry.com/?utm_source=Local%20GMB&utm_medium=local%20organic,https://rovenhr.com/business/tampa/weninger-dentistry-pllc-chijdv,"https://rovenhr.com/contact.html?claim=Weninger%20Dentistry,%20PLLC&metro=Tampa"
350,Benjamin Franklin Plumbing,Home Services,Tampa,FL,Tampa,4.7,2724,(813) 278-7159,https://tampabenjaminfranklin.com/?utm_source=GBP&utm_medium=organic&utm_campaign=tampagbp,https://rovenhr.com/business/tampa/benjamin-franklin-plumbing-chijh8,https://rovenhr.com/contact.html?claim=Benjamin%20Franklin%20Plumbing&metro=Tampa
351,Strategic Air Services,Home Services,Austin,TX,Austin,5,558,(512) 253-4773,https://strategicairservices.com/?utm_source=google&utm_medium=organic&utm_campaign=local,https://rovenhr.com/business/austin/strategic-air-services-chijcc,https://rovenhr.com/contact.html?claim=Strategic%20Air%20Services&metro=Austin
352,Solace Dental of Tampa,Dental & Medical,Tampa,FL,Tampa,4.9,876,(813) 264-6911,https://solacedentaloftampa.com/?utm_source=google&utm_medium=gbp&utm_campaign=google_business,https://rovenhr.com/business/tampa/solace-dental-of-tampa-chijcy,https://rovenhr.com/contact.html?claim=Solace%20Dental%20of%20Tampa&metro=Tampa
353,Smile 4 Texas Dental Center - Spring Branch Dentist,Dental & Medical,Houston,TX,Houston,4.9,874,(713) 360-7963,https://www.smile4texas.com/,https://rovenhr.com/business/houston/smile-4-texas-dental-center-spring-branch-dentist-chij2q,https://rovenhr.com/contact.html?claim=Smile%204%20Texas%20Dental%20Center%20-%20Spring%20Branch%20Dentist&metro=Houston
354,San Diego Dental Studio,Dental & Medical,San Diego,CA,San Diego,5,556,(858) 457-4100,http://www.sandiegodentalstudio.com/,https://rovenhr.com/business/san_diego/san-diego-dental-studio-chijlf,https://rovenhr.com/contact.html?claim=San%20Diego%20Dental%20Studio&metro=San%20Diego
355,ATX Family Dental,Dental & Medical,Austin,TX,Austin,4.9,874,(512) 717-3147,https://www.atxfamilydental.com/,https://rovenhr.com/business/austin/atx-family-dental-chijb5,https://rovenhr.com/contact.html?claim=ATX%20Family%20Dental&metro=Austin
356,Emergency Dentist of Austin,Dental & Medical,Austin,TX,Austin,4.8,1469,(512) 961-6200,https://emergencydentistofaustin.com/?utm_source=google&utm_medium=organic&utm_campaign=gbp-listing,https://rovenhr.com/business/austin/emergency-dentist-of-austin-chijpx,https://rovenhr.com/contact.html?claim=Emergency%20Dentist%20of%20Austin&metro=Austin
357,Big Mountain Heating & Air Conditioning,Home Services,Sacramento,CA,Sacramento,4.8,1467,(916) 301-4315,https://www.bigmountainair.com/?utm_source=googlebusinessprofile&utm_medium=organic&utm_campaign=sacramentogbp,https://rovenhr.com/business/sacramento/big-mountain-heating-air-conditioning-chijf2,https://rovenhr.com/contact.html?claim=Big%20Mountain%20Heating%20&%20Air%20Conditioning&metro=Sacramento
358,CG Dentist Orlando,Dental & Medical,Orlando,FL,Orlando,4.9,868,(407) 988-2357,https://www.cgdentistorlando.com/?utm_source=GMB_Listing&utm_medium=organic&utm_campaign=Website_URL,https://rovenhr.com/business/orlando/cg-dentist-orlando-chijm9,https://rovenhr.com/contact.html?claim=CG%20Dentist%20Orlando&metro=Orlando
359,"Miami Orthodontic Specialists, Dr. Carmen Garcia-Paul",Dental & Medical,Miami,FL,Miami,5,551,(305) 407-9000,https://miamibraces.com/,https://rovenhr.com/business/miami/miami-orthodontic-specialists-dr-carmen-garcia-paul-chiji6,"https://rovenhr.com/contact.html?claim=Miami%20Orthodontic%20Specialists,%20Dr.%20Carmen%20Garcia-Paul&metro=Miami"
360,Dallas Laser Dentistry,Dental & Medical,Dallas,TX,Dallas–Fort Worth,4.9,865,(214) 256-4858,http://www.dallascosmeticdentist.us/?utm_campaign=gmb,https://rovenhr.com/business/dfw/dallas-laser-dentistry-chijs7,https://rovenhr.com/contact.html?claim=Dallas%20Laser%20Dentistry&metro=Dallas–Fort%20Worth
361,Union Hills Family Dental Care & Orthodontics,Dental & Medical,Phoenix,AZ,Phoenix,4.9,866,(623) 582-6789,https://www.unionhillsdental.com/,https://rovenhr.com/business/phoenix/union-hills-family-dental-care-orthodontics-chijt3,https://rovenhr.com/contact.html?claim=Union%20Hills%20Family%20Dental%20Care%20&%20Orthodontics&metro=Phoenix
362,Sonrisa Dental - San Antonio,Dental & Medical,San Antonio,TX,San Antonio,4.9,861,(210) 590-4100,https://yoursonrisa.com/?utm_source=google_organic&utm_medium=gmb_website&utm_campaign=gmb_website_link,https://rovenhr.com/business/san_antonio/sonrisa-dental-san-antonio-chijxu,https://rovenhr.com/contact.html?claim=Sonrisa%20Dental%20-%20San%20Antonio&metro=San%20Antonio
363,"Weather Engineers, Inc.",Home Services,Jacksonville,FL,Jacksonville,4.9,860,(904) 593-3721,https://weatherengineers.com/?utm_source=google&utm_medium=organic&utm_campaign=gbp,https://rovenhr.com/business/jacksonville/weather-engineers-inc-chijh3,"https://rovenhr.com/contact.html?claim=Weather%20Engineers,%20Inc.&metro=Jacksonville"
364,Open Wide Dental,Dental & Medical,Phoenix,AZ,Phoenix,4.9,859,(602) 806-9999,https://openwidedentalaz.com/?utm_source=GMBListing&utm_medium=Organic,https://rovenhr.com/business/phoenix/open-wide-dental-chij1d,https://rovenhr.com/contact.html?claim=Open%20Wide%20Dental&metro=Phoenix
365,bluefrog Plumbing and Drain of West Houston,Home Services,Houston,TX,Houston,4.9,858,(832) 905-8640,https://www.bluefrogplumbingwesthouston.com/?utm_source=google&utm_medium=organic&utm_campaign=gbp,https://rovenhr.com/business/houston/bluefrog-plumbing-and-drain-of-west-houston-chijhc,https://rovenhr.com/contact.html?claim=bluefrog%20Plumbing%20and%20Drain%20of%20West%20Houston&metro=Houston
366,Parkway Modern Dentistry,Dental & Medical,Houston,TX,Houston,4.9,856,(832) 220-5780,https://parkwaymoderndental.com/,https://rovenhr.com/business/houston/parkway-modern-dentistry-chijb-,https://rovenhr.com/contact.html?claim=Parkway%20Modern%20Dentistry&metro=Houston
367,Blue Dot Air Conditioning & Heating,Home Services,San Antonio,TX,San Antonio,5,545,(210) 364-8200,https://www.bluedotac.com/,https://rovenhr.com/business/san_antonio/blue-dot-air-conditioning-heating-chijee,https://rovenhr.com/contact.html?claim=Blue%20Dot%20Air%20Conditioning%20&%20Heating&metro=San%20Antonio
368,"George Salet Plumbing, Inc.",Home Services,Brisbane,CA,San Francisco,5,542,(415) 234-0733,https://www.plumbingpro.com/?utm_source=gmb&utm_medium=organic,https://rovenhr.com/business/sf/george-salet-plumbing-inc-chijks,"https://rovenhr.com/contact.html?claim=George%20Salet%20Plumbing,%20Inc.&metro=San%20Francisco"
369,The Dental Space,Dental & Medical,San Antonio,TX,San Antonio,4.9,849,(210) 890-8000,https://www.dentalspacesa.com/,https://rovenhr.com/business/san_antonio/the-dental-space-chijry,https://rovenhr.com/contact.html?claim=The%20Dental%20Space&metro=San%20Antonio
370,Luv Braces,Dental & Medical,Austin,TX,Austin,4.9,844,(512) 351-8362,https://www.luvbraces.com/,https://rovenhr.com/business/austin/luv-braces-chijey,https://rovenhr.com/contact.html?claim=Luv%20Braces&metro=Austin
371,"MillionAire Heating, Air, and Plumbing",Home Services,Hurst,TX,Dallas–Fort Worth,4.9,845,(817) 203-3494,http://www.millionairecooling.com/,https://rovenhr.com/business/dfw/millionaire-heating-air-and-plumbing-chijlc,"https://rovenhr.com/contact.html?claim=MillionAire%20Heating,%20Air,%20and%20Plumbing&metro=Dallas–Fort%20Worth"
372,Santhoff Plumbing,Home Services,Missouri City,TX,Houston,4.9,842,(713) 665-4997,https://www.santhoffplumbingco.com/,https://rovenhr.com/business/houston/santhoff-plumbing-chijs5,https://rovenhr.com/contact.html?claim=Santhoff%20Plumbing&metro=Houston
373,Air Central,Home Services,Austin,TX,Austin,5,535,(512) 601-4451,https://www.aircentralusa.com/,https://rovenhr.com/business/austin/air-central-chijmf,https://rovenhr.com/contact.html?claim=Air%20Central&metro=Austin
374,Service Genius Air Conditioning and Heating,Home Services,Los Angeles,CA,Los Angeles,5,534,(818) 213-2830,https://servicegenius.com/los-angeles/,https://rovenhr.com/business/la/service-genius-air-conditioning-and-heating-chijj0,https://rovenhr.com/contact.html?claim=Service%20Genius%20Air%20Conditioning%20and%20Heating&metro=Los%20Angeles
375,Hillcrest Dental,Dental & Medical,Orlando,FL,Orlando,4.9,837,(407) 898-2371,https://www.dentistincollegepark.com/,https://rovenhr.com/business/orlando/hillcrest-dental-chijyw,https://rovenhr.com/contact.html?claim=Hillcrest%20Dental&metro=Orlando
376,Champion AC,Home Services,San Antonio,TX,San Antonio,4.9,838,(210) 972-8796,https://www.championac.com/air-conditioning/?utm_source=google-gbp&utm_medium=organic&utm_campaign=*258*champion-ac-san-antonio,https://rovenhr.com/business/san_antonio/champion-ac-chijqu,https://rovenhr.com/contact.html?claim=Champion%20AC&metro=San%20Antonio
377,Core Plumbing,Home Services,San Diego,CA,San Diego,4.8,1403,(858) 295-7746,https://coreplumbingsd.com/?utm_campaign=gmb,https://rovenhr.com/business/san_diego/core-plumbing-chij6r,https://rovenhr.com/contact.html?claim=Core%20Plumbing&metro=San%20Diego
378,Orthodontics of South Miami,Dental & Medical,Miami,FL,Miami,5,532,(305) 598-8970,https://southmiamiorthodontics.com/,https://rovenhr.com/business/miami/orthodontics-of-south-miami-chijrz,https://rovenhr.com/contact.html?claim=Orthodontics%20of%20South%20Miami&metro=Miami
379,Smile L.A. Downtown Modern Dentistry,Dental & Medical,Los Angeles,CA,Los Angeles,4.9,833,(213) 570-8775,https://smilela.com/,https://rovenhr.com/business/la/smile-l-a-downtown-modern-dentistry-chijlx,https://rovenhr.com/contact.html?claim=Smile%20L.A.%20Downtown%20Modern%20Dentistry&metro=Los%20Angeles
380,Austin Lifetime Dental,Dental & Medical,Austin,TX,Austin,4.9,832,(512) 835-1924,https://www.lifetimedental.com/?utm_source=GMB&utm_medium=organic&utm_campaign=DevOptimization&utm_content=Website,https://rovenhr.com/business/austin/austin-lifetime-dental-chij9e,https://rovenhr.com/contact.html?claim=Austin%20Lifetime%20Dental&metro=Austin
381,Playa Family Dentistry,Dental & Medical,Tampa,FL,Tampa,4.9,831,(813) 722-1050,https://www.playafamilydentistry.com/,https://rovenhr.com/business/tampa/playa-family-dentistry-chijvx,https://rovenhr.com/contact.html?claim=Playa%20Family%20Dentistry&metro=Tampa
382,EZ Breezy Heating & Air,Home Services,San Diego,CA,San Diego,5,529,(858) 215-2995,https://www.ezbreezyac.com/,https://rovenhr.com/business/san_diego/ez-breezy-heating-air-chijyz,https://rovenhr.com/contact.html?claim=EZ%20Breezy%20Heating%20&%20Air&metro=San%20Diego
383,MINT dentistry | South Houston,Dental & Medical,Houston,TX,Houston,4.8,1387,(281) 248-8800,https://mintdentistry.com/dentist/houston/south-houston,https://rovenhr.com/business/houston/mint-dentistry-south-houston-chijf3,https://rovenhr.com/contact.html?claim=MINT%20dentistry%20|%20South%20Houston&metro=Houston
384,ServiceOne Air Conditioning & Plumbing,Home Services,Orlando,FL,Orlando,4.9,826,(407) 499-8333,https://www.serviceoneac.com/,https://rovenhr.com/business/orlando/serviceone-air-conditioning-plumbing-chijzu,https://rovenhr.com/contact.html?claim=ServiceOne%20Air%20Conditioning%20&%20Plumbing&metro=Orlando
385,Austin Air Conditioning,Home Services,Pflugerville,TX,Austin,4.8,1383,(737) 234-5574,http://austinairconditioning.com/?utm_source=gmb&utm_medium=organic,https://rovenhr.com/business/austin/austin-air-conditioning-chijaq,https://rovenhr.com/contact.html?claim=Austin%20Air%20Conditioning&metro=Austin
386,Carmen Salazar Photography,Wedding & Events,Sacramento,CA,Sacramento,5,526,(916) 414-9440,https://carmensalazar.com/,https://rovenhr.com/business/sacramento/carmen-salazar-photography-chijus,https://rovenhr.com/contact.html?claim=Carmen%20Salazar%20Photography&metro=Sacramento
387,Deer Valley Plumbing & Air Conditioning - Phoenix,Home Services,Phoenix,AZ,Phoenix,4.8,1383,(623) 250-2680,https://www.deervalleyplumbing.com/,https://rovenhr.com/business/phoenix/deer-valley-plumbing-air-conditioning-phoenix-chijy_,https://rovenhr.com/contact.html?claim=Deer%20Valley%20Plumbing%20&%20Air%20Conditioning%20-%20Phoenix&metro=Phoenix
388,Mills Air Inc,Home Services,Orlando,FL,Orlando,4.7,2517,(407) 277-1159,https://millsair.com/,https://rovenhr.com/business/orlando/mills-air-inc-chiji2,https://rovenhr.com/contact.html?claim=Mills%20Air%20Inc&metro=Orlando
389,Ortega Orthodontics,Dental & Medical,Jacksonville,FL,Jacksonville,5,523,(904) 388-4600,https://www.ortegaortho.com/,https://rovenhr.com/business/jacksonville/ortega-orthodontics-chijy3,https://rovenhr.com/contact.html?claim=Ortega%20Orthodontics&metro=Jacksonville
390,"Edwards, Cavendish & Jones Jacksonville Dentistry",Dental & Medical,Jacksonville,FL,Jacksonville,5,523,(904) 353-3303,https://ecjdentistry.com/,https://rovenhr.com/business/jacksonville/edwards-cavendish-jones-jacksonville-dentistry-chijn-,"https://rovenhr.com/contact.html?claim=Edwards,%20Cavendish%20&%20Jones%20Jacksonville%20Dentistry&metro=Jacksonville"
391,Rooter Hero Plumbing & Air of Sacramento,Home Services,Sacramento,CA,Sacramento,4.7,2493,(916) 259-5034,https://rooterhero.com/plumber-sacramento-ca-plumbing-repair-services,https://rovenhr.com/business/sacramento/rooter-hero-plumbing-air-of-sacramento-chijo5,https://rovenhr.com/contact.html?claim=Rooter%20Hero%20Plumbing%20&%20Air%20of%20Sacramento&metro=Sacramento
392,OakHeights Dental,Dental & Medical,Dallas,TX,Dallas–Fort Worth,4.9,813,(214) 949-8954,http://affordabledallasdentist.com/,https://rovenhr.com/business/dfw/oakheights-dental-chijis,https://rovenhr.com/contact.html?claim=OakHeights%20Dental&metro=Dallas–Fort%20Worth
393,Sunrise Dental Center,Dental & Medical,Houston,TX,Houston,4.9,812,(713) 869-9973,https://www.sunrisedentalsmile.com/,https://rovenhr.com/business/houston/sunrise-dental-center-chijgy,https://rovenhr.com/contact.html?claim=Sunrise%20Dental%20Center&metro=Houston
394,"Sunrise Orthodontics, Dr. Matthew Sanders, DDS, MS",Dental & Medical,Rancho Cordova,CA,Sacramento,4.9,809,(916) 635-5717,https://sunriseorthodontics.com/location/rancho-cordova/,https://rovenhr.com/business/sacramento/sunrise-orthodontics-dr-matthew-sanders-dds-ms-chijez,"https://rovenhr.com/contact.html?claim=Sunrise%20Orthodontics,%20Dr.%20Matthew%20Sanders,%20DDS,%20MS&metro=Sacramento"
395,7 to 7 Dental & Orthodontics,Dental & Medical,San Antonio,TX,San Antonio,4.7,2474,(210) 495-2000,https://www.7to7dental.com/northwest-san-antonio-helotes-dentist,https://rovenhr.com/business/san_antonio/7-to-7-dental-orthodontics-chijnz,https://rovenhr.com/contact.html?claim=7%20to%207%20Dental%20&%20Orthodontics&metro=San%20Antonio
396,Ingleside Dental SF,Dental & Medical,San Francisco,CA,San Francisco,4.9,807,(415) 333-4232,http://www.inglesidedentalsf.com/,https://rovenhr.com/business/sf/ingleside-dental-sf-chijh8,https://rovenhr.com/contact.html?claim=Ingleside%20Dental%20SF&metro=San%20Francisco
397,Power Plumbing Services,Home Services,Humble,TX,Houston,4.8,1347,(281) 207-5133,https://www.powerplumbingtx.com/?utm_source=google&utm_medium=organic&utm_campaign=gmb-profile-humble,https://rovenhr.com/business/houston/power-plumbing-services-chijfx,https://rovenhr.com/contact.html?claim=Power%20Plumbing%20Services&metro=Houston
398,Texas Family Orthodontics,Dental & Medical,San Antonio,TX,San Antonio,5,514,(210) 256-9767,https://texasfamilyorthodontics.com/,https://rovenhr.com/business/san_antonio/texas-family-orthodontics-chijwf,https://rovenhr.com/contact.html?claim=Texas%20Family%20Orthodontics&metro=San%20Antonio
399,Emerald Plumbing,Home Services,Orlando,FL,Orlando,4.8,1344,(407) 898-3538,https://www.emeraldplumbing.net/,https://rovenhr.com/business/orlando/emerald-plumbing-chijry,https://rovenhr.com/contact.html?claim=Emerald%20Plumbing&metro=Orlando
400,Park Central Dental,Dental & Medical,Dallas,TX,Dallas–Fort Worth,5,511,(469) 577-0339,https://www.parkcentraldentaltx.com/?utm_source=Google&utm_medium=Organic&utm_campaign=GBP-listing,https://rovenhr.com/business/dfw/park-central-dental-chij7t,https://rovenhr.com/contact.html?claim=Park%20Central%20Dental&metro=Dallas–Fort%20Worth
401,Deerwood Dental Group,Dental & Medical,Jacksonville,FL,Jacksonville,5,508,(904) 737-7436,http://www.deerwooddentalgroup.com/,https://rovenhr.com/business/jacksonville/deerwood-dental-group-chijhs,https://rovenhr.com/contact.html?claim=Deerwood%20Dental%20Group&metro=Jacksonville
402,AZ Perfect Comfort Heating & Cooling,Home Services,Phoenix,AZ,Phoenix,4.9,793,(602) 551-6223,https://azperfectcomfort.com/?utm_source=gbp&utm_medium=organic,https://rovenhr.com/business/phoenix/az-perfect-comfort-heating-cooling-chijov,https://rovenhr.com/contact.html?claim=AZ%20Perfect%20Comfort%20Heating%20&%20Cooling&metro=Phoenix
403,"Westwood Orthodontics- Lisa Gao, DDS, MS",Dental & Medical,Los Angeles,CA,Los Angeles,5,507,(310) 208-6333,http://westwoodlaorthodontics.com/,https://rovenhr.com/business/la/westwood-orthodontics-lisa-gao-dds-ms-chijf9,"https://rovenhr.com/contact.html?claim=Westwood%20Orthodontics-%20Lisa%20Gao,%20DDS,%20MS&metro=Los%20Angeles"
404,Advanced Dental Care of Mandarin,Dental & Medical,Jacksonville,FL,Jacksonville,4.9,789,(904) 592-9823,https://www.adc-fl.com/dentist-office/jacksonville-fl-32257?utm_source=Google&utm_medium=KnowledgePanel&utm_campaign=Website,https://rovenhr.com/business/jacksonville/advanced-dental-care-of-mandarin-chijby,https://rovenhr.com/contact.html?claim=Advanced%20Dental%20Care%20of%20Mandarin&metro=Jacksonville
405,All About Beautiful Smiles,Dental & Medical,Orlando,FL,Orlando,4.8,1320,(407) 290-9588,https://allaboutbeautifulsmiles.com/,https://rovenhr.com/business/orlando/all-about-beautiful-smiles-chijoz,https://rovenhr.com/contact.html?claim=All%20About%20Beautiful%20Smiles&metro=Orlando
406,Wilderness Oak Family Dentistry,Dental & Medical,San Antonio,TX,San Antonio,4.9,786,(210) 298-0800,https://www.wildernessoakdentistry.com/,https://rovenhr.com/business/san_antonio/wilderness-oak-family-dentistry-chijx5,https://rovenhr.com/contact.html?claim=Wilderness%20Oak%20Family%20Dentistry&metro=San%20Antonio
407,NuLife Dental: Cosmetic Dentist Orlando,Dental & Medical,Orlando,FL,Orlando,4.9,781,(407) 614-6161,https://mynulifedental.com/?utm_source=google&utm_medium=organic&utm_campaign=gbp,https://rovenhr.com/business/orlando/nulife-dental-cosmetic-dentist-orlando-chijtz,https://rovenhr.com/contact.html?claim=NuLife%20Dental:%20Cosmetic%20Dentist%20Orlando&metro=Orlando
408,"Tampa Dental Wellness of Westchase | Restorative, Cosmetic, Dental Implants & General Dentist Tampa",Dental & Medical,Tampa,FL,Tampa,4.9,779,(813) 855-2273,https://dentistwestchase.com/?utm_source=gmb&utm_medium=organic,https://rovenhr.com/business/tampa/tampa-dental-wellness-of-westchase-restorative-cosmetic-dent-chijvv,"https://rovenhr.com/contact.html?claim=Tampa%20Dental%20Wellness%20of%20Westchase%20|%20Restorative,%20Cosmetic,%20Dental%20Implants%20&%20General%20Dentist%20Tampa&metro=Tampa"
409,Harbour Dental Care - Atlantic Blvd,Dental & Medical,Jacksonville,FL,Jacksonville,4.8,1295,(904) 220-7800,https://harbourdental.care/jacksonville,https://rovenhr.com/business/jacksonville/harbour-dental-care-atlantic-blvd-chijbc,https://rovenhr.com/contact.html?claim=Harbour%20Dental%20Care%20-%20Atlantic%20Blvd&metro=Jacksonville
410,Houston Dental Oasis: Dr. Amelia Wang,Dental & Medical,Houston,TX,Houston,5,497,(713) 331-3177,https://houstondentaloasis.com/?utm_source=google&utm_medium=organic&utm_campaign=gbp,https://rovenhr.com/business/houston/houston-dental-oasis-dr-amelia-wang-chijxa,https://rovenhr.com/contact.html?claim=Houston%20Dental%20Oasis:%20Dr.%20Amelia%20Wang&metro=Houston
411,Betros Plumbing Contractors,Home Services,Jacksonville,FL,Jacksonville,4.9,770,(904) 683-1968,https://betrosplumbing.com/,https://rovenhr.com/business/jacksonville/betros-plumbing-contractors-chijaq,https://rovenhr.com/contact.html?claim=Betros%20Plumbing%20Contractors&metro=Jacksonville
412,Air Care & Canyon Lake Air Conditioning,Home Services,San Antonio,TX,San Antonio,4.9,768,(210) 495-3555,https://www.aircare-sa.com/?utm_source=google&utm_medium=organic&utm_campaign=GBPListing-San-Antonio-TX,https://rovenhr.com/business/san_antonio/air-care-canyon-lake-air-conditioning-chijt4,https://rovenhr.com/contact.html?claim=Air%20Care%20&%20Canyon%20Lake%20Air%20Conditioning&metro=San%20Antonio
413,Sunny Bliss Plumbing & Air,Home Services,Miami Beach,FL,Miami,4.9,766,(305) 440-0621,https://sunnybliss.com/,https://rovenhr.com/business/miami/sunny-bliss-plumbing-air-chija6,https://rovenhr.com/contact.html?claim=Sunny%20Bliss%20Plumbing%20&%20Air&metro=Miami
414,Roto-Rooter Plumbing & Water Cleanup,Home Services,Miami,FL,Miami,4.7,2308,(305) 661-7838,https://www.rotorooter.com/miami/?utm_source=Google&utm_medium=organic&utm_campaign=gmb&utm_content=website,https://rovenhr.com/business/miami/roto-rooter-plumbing-water-cleanup-chijvv,https://rovenhr.com/contact.html?claim=Roto-Rooter%20Plumbing%20&%20Water%20Cleanup&metro=Miami
415,Rooter Hero Plumbing & Air of Los Angeles,Home Services,Gardena,CA,Los Angeles,4.8,1269,(310) 773-0660,https://rooterhero.com/plumber-los-angeles-ca-plumbing-repair-service,https://rovenhr.com/business/la/rooter-hero-plumbing-air-of-los-angeles-chijfs,https://rovenhr.com/contact.html?claim=Rooter%20Hero%20Plumbing%20&%20Air%20of%20Los%20Angeles&metro=Los%20Angeles
416,Itani Dental San Francisco: Dentistry to Your Door®,Dental & Medical,San Francisco,CA,San Francisco,5,489,(415) 685-0011,https://itanidental.com/,https://rovenhr.com/business/sf/itani-dental-san-francisco-dentistry-to-your-door-chijqr,https://rovenhr.com/contact.html?claim=Itani%20Dental%20San%20Francisco:%20Dentistry%20to%20Your%20Door®&metro=San%20Francisco
417,Austin Emergency Dental,Dental & Medical,Austin,TX,Austin,4.9,760,(737) 747-4646,https://emergencydentalaustin.com/,https://rovenhr.com/business/austin/austin-emergency-dental-chijv_,https://rovenhr.com/contact.html?claim=Austin%20Emergency%20Dental&metro=Austin
418,Atlas AC Repair LLC,Home Services,Austin,TX,Austin,5,487,(512) 265-1887,https://atlasacrepair.com/,https://rovenhr.com/business/austin/atlas-ac-repair-llc-chij65,https://rovenhr.com/contact.html?claim=Atlas%20AC%20Repair%20LLC&metro=Austin
419,Dr. Phillips Dentistry,Dental & Medical,Orlando,FL,Orlando,4.8,1265,(407) 934-0804,http://dentaldrphillips.com/?src=ocgbp,https://rovenhr.com/business/orlando/dr-phillips-dentistry-chijjw,https://rovenhr.com/contact.html?claim=Dr.%20Phillips%20Dentistry&metro=Orlando
420,Diamond Plumbing Inc,Home Services,San Antonio,TX,San Antonio,4.9,757,(210) 866-8390,https://dptexas.com/?utm_source=gbp&utm_medium=organic&utm_campaign=top-marketing-agency,https://rovenhr.com/business/san_antonio/diamond-plumbing-inc-chijx4,https://rovenhr.com/contact.html?claim=Diamond%20Plumbing%20Inc&metro=San%20Antonio
421,Fusion Orthodontics | Dallas,Dental & Medical,Dallas,TX,Dallas–Fort Worth,5,486,(972) 666-5363,https://www.fusionorthodontics.com/,https://rovenhr.com/business/dfw/fusion-orthodontics-dallas-chijl5,https://rovenhr.com/contact.html?claim=Fusion%20Orthodontics%20|%20Dallas&metro=Dallas–Fort%20Worth
422,East Sac Dental,Dental & Medical,Sacramento,CA,Sacramento,4.9,756,(916) 452-7874,https://www.eastsacdentalcare.com/?y_source=1_MjAxMjkzOTc1NC03MTUtbG9jYXRpb24ud2Vic2l0ZQ%3D%3D,https://rovenhr.com/business/sacramento/east-sac-dental-chijdb,https://rovenhr.com/contact.html?claim=East%20Sac%20Dental&metro=Sacramento
423,National Service Pros,Home Services,Miami,FL,Miami,4.9,752,(305) 780-6138,http://www.nationalservicepros.com/,https://rovenhr.com/business/miami/national-service-pros-chijlu,https://rovenhr.com/contact.html?claim=National%20Service%20Pros&metro=Miami
424,New Heights Dental & Braces,Dental & Medical,San Antonio,TX,San Antonio,4.8,1253,(210) 828-5300,https://newheightsdental.com/,https://rovenhr.com/business/san_antonio/new-heights-dental-braces-chijms,https://rovenhr.com/contact.html?claim=New%20Heights%20Dental%20&%20Braces&metro=San%20Antonio
425,Miami Best Dental,Dental & Medical,South Miami,FL,Miami,5,482,(305) 667-2334,https://miamibestdental.com/,https://rovenhr.com/business/miami/miami-best-dental-chije5,https://rovenhr.com/contact.html?claim=Miami%20Best%20Dental&metro=Miami
426,Discount Plumbing San Francisco,Home Services,San Francisco,CA,San Francisco,5,481,(415) 223-1661,https://plumbinginsf.com/?utm_source=google-gbp&utm_medium=organic&utm_campaign=*395*discount-plumbing-san-francisco,https://rovenhr.com/business/sf/discount-plumbing-san-francisco-chijn3,https://rovenhr.com/contact.html?claim=Discount%20Plumbing%20San%20Francisco&metro=San%20Francisco
427,BellaSmiles Orthodontics,Dental & Medical,Orlando,FL,Orlando,5,481,(407) 680-3197,https://bellasmilesortho.com/,https://rovenhr.com/business/orlando/bellasmiles-orthodontics-chij_6,https://rovenhr.com/contact.html?claim=BellaSmiles%20Orthodontics&metro=Orlando
428,Fiesta Orthodontics- West San Antonio,Dental & Medical,San Antonio,TX,San Antonio,5,481,(210) 693-0444,https://fiestaorthodontics.com/orthodontist-west-san-antonio-tx/,https://rovenhr.com/business/san_antonio/fiesta-orthodontics-west-san-antonio-chijzq,https://rovenhr.com/contact.html?claim=Fiesta%20Orthodontics-%20West%20San%20Antonio&metro=San%20Antonio
429,Tampa Palms Dentistry,Dental & Medical,Tampa,FL,Tampa,4.8,1245,(813) 333-1922,https://tampapalmsdentistry.com/,https://rovenhr.com/business/tampa/tampa-palms-dentistry-chijcy,https://rovenhr.com/contact.html?claim=Tampa%20Palms%20Dentistry&metro=Tampa
430,Sun Orthodontist Braces & Invisalign Miami,Dental & Medical,Miami,FL,Miami,5,479,(786) 765-1766,https://sunorthodontist.com/?utm_source=google&utm_medium=organic&utm_campaign=gbp_miami,https://rovenhr.com/business/miami/sun-orthodontist-braces-invisalign-miami-chijv2,https://rovenhr.com/contact.html?claim=Sun%20Orthodontist%20Braces%20&%20Invisalign%20Miami&metro=Miami
431,Dallas Dental Group,Dental & Medical,Dallas,TX,Dallas–Fort Worth,4.9,745,(972) 581-9311,https://www.dallasdental.com/,https://rovenhr.com/business/dfw/dallas-dental-group-chijzr,https://rovenhr.com/contact.html?claim=Dallas%20Dental%20Group&metro=Dallas–Fort%20Worth
432,Stonebrook Dental,Dental & Medical,Sacramento,CA,Sacramento,4.9,744,(916) 970-7494,https://www.stonebrookdental.com/?utm_source=google&utm_medium=organic&utm_campaign=gbp-listing,https://rovenhr.com/business/sacramento/stonebrook-dental-chij7c,https://rovenhr.com/contact.html?claim=Stonebrook%20Dental&metro=Sacramento
433,SmileStyle Dental Studio,Dental & Medical,San Diego,CA,San Diego,5,478,(619) 285-0950,https://www.smilestylestudio.com/?utm_source=google&utm_medium=organic&utm_campaign=gbp-listing,https://rovenhr.com/business/san_diego/smilestyle-dental-studio-chijrv,https://rovenhr.com/contact.html?claim=SmileStyle%20Dental%20Studio&metro=San%20Diego
434,"County Wide Service Co.- AC, Heating and Plumbing",Home Services,San Antonio,TX,San Antonio,4.9,743,(210) 884-4822,https://www.countywideservice.com/?utm_campaign=gmb&utm_medium=organic&utm_source=gmb,https://rovenhr.com/business/san_antonio/county-wide-service-co-ac-heating-and-plumbing-chijie,"https://rovenhr.com/contact.html?claim=County%20Wide%20Service%20Co.-%20AC,%20Heating%20and%20Plumbing&metro=San%20Antonio"
435,Benefit Air Conditioning,Home Services,Phoenix,AZ,Phoenix,4.9,743,(602) 840-9229,http://www.benefitair.com/,https://rovenhr.com/business/phoenix/benefit-air-conditioning-chijt6,https://rovenhr.com/contact.html?claim=Benefit%20Air%20Conditioning&metro=Phoenix
436,Caldeco Air Conditioning & Heating,Home Services,Tampa,FL,Tampa,4.8,1235,(813) 254-2211,http://www.caldeco.com/,https://rovenhr.com/business/tampa/caldeco-air-conditioning-heating-chije0,https://rovenhr.com/contact.html?claim=Caldeco%20Air%20Conditioning%20&%20Heating&metro=Tampa
437,Dentists in Brickell - HQ Dontics Dental Centre,Dental & Medical,Miami,FL,Miami,4.9,742,(229) 508-0551,https://www.hqdontics.com/,https://rovenhr.com/business/miami/dentists-in-brickell-hq-dontics-dental-centre-chij0x,https://rovenhr.com/contact.html?claim=Dentists%20in%20Brickell%20-%20HQ%20Dontics%20Dental%20Centre&metro=Miami
438,Advanced Plumbing & Drain,Home Services,San Francisco,CA,San Francisco,4.9,742,(415) 917-1088,https://advancedplumbingsf.com/?utm_source=organic&utm_medium=gbp_listing,https://rovenhr.com/business/sf/advanced-plumbing-drain-chiju1,https://rovenhr.com/contact.html?claim=Advanced%20Plumbing%20&%20Drain&metro=San%20Francisco
439,Shamrock Plumbing and Drain Cleaning Inc.,Home Services,Orlando,FL,Orlando,4.8,1228,(407) 603-8977,https://www.shamrockplumbingfl.com/,https://rovenhr.com/business/orlando/shamrock-plumbing-and-drain-cleaning-inc-chijt0,https://rovenhr.com/contact.html?claim=Shamrock%20Plumbing%20and%20Drain%20Cleaning%20Inc.&metro=Orlando
440,My Care Dental,Dental & Medical,Austin,TX,Austin,4.9,732,(512) 590-6634,https://www.mycaredentals.com/?utm_source=GMB&utm_medium=organic&utm_campaign=DevOptimization&utm_content=Website,https://rovenhr.com/business/austin/my-care-dental-chijjz,https://rovenhr.com/contact.html?claim=My%20Care%20Dental&metro=Austin
441,"O & M Plumbing Services, Inc.",Home Services,Pflugerville,TX,Austin,4.9,731,(512) 466-2125,https://www.oandmplumbing.com/,https://rovenhr.com/business/austin/o-m-plumbing-services-inc-chijdv,"https://rovenhr.com/contact.html?claim=O%20&%20M%20Plumbing%20Services,%20Inc.&metro=Austin"
442,"o5 Plumbing, LLC",Home Services,San Antonio,TX,San Antonio,5,470,(830) 445-3309,https://o5plumbing.com/,https://rovenhr.com/business/san_antonio/o5-plumbing-llc-chijeu,"https://rovenhr.com/contact.html?claim=o5%20Plumbing,%20LLC&metro=San%20Antonio"
443,Miami Photographer PhotoVideoCreate,Wedding & Events,Miami,FL,Miami,5,470,(516) 721-5385,https://miami-photographers.com/,https://rovenhr.com/business/miami/miami-photographer-photovideocreate-chijyx,https://rovenhr.com/contact.html?claim=Miami%20Photographer%20PhotoVideoCreate&metro=Miami
444,Dentists at Memorial Park,Dental & Medical,Houston,TX,Houston,4.9,731,(713) 861-8323,https://www.dentistsatmemorialpark.com/,https://rovenhr.com/business/houston/dentists-at-memorial-park-chijhs,https://rovenhr.com/contact.html?claim=Dentists%20at%20Memorial%20Park&metro=Houston
445,Elite Air Conditioning and Plumbing,Home Services,Austin,TX,Austin,4.9,727,(512) 637-4237,https://eliteaustinac.com/?utm_source=gmb&utm_medium=local&utm_campaign=website,https://rovenhr.com/business/austin/elite-air-conditioning-and-plumbing-chijv9,https://rovenhr.com/contact.html?claim=Elite%20Air%20Conditioning%20and%20Plumbing&metro=Austin
446,CABS Heating & Air Conditioning,Home Services,West Sacramento,CA,Sacramento,4.9,727,(916) 915-3917,https://cabshvac.com/?utm_source=google&utm_medium=organic&utm_campaign=GMBListing-West-Sacramento-CA,https://rovenhr.com/business/sacramento/cabs-heating-air-conditioning-chijxv,https://rovenhr.com/contact.html?claim=CABS%20Heating%20&%20Air%20Conditioning&metro=Sacramento
447,"Harlen Johnson HVAC, Plumbing & Electrical",Home Services,Dallas,TX,Dallas–Fort Worth,4.8,1206,(972) 241-7771,https://hjac.com/?utm_campaign=gmb,https://rovenhr.com/business/dfw/harlen-johnson-hvac-plumbing-electrical-chij-_,"https://rovenhr.com/contact.html?claim=Harlen%20Johnson%20HVAC,%20Plumbing%20&%20Electrical&metro=Dallas–Fort%20Worth"
448,Barton Oaks Dental Group,Dental & Medical,Austin,TX,Austin,4.9,725,(512) 327-6947,https://www.bartonoaksdentalgroup.com/,https://rovenhr.com/business/austin/barton-oaks-dental-group-chijob,https://rovenhr.com/contact.html?claim=Barton%20Oaks%20Dental%20Group&metro=Austin
449,Dentist Tree Of The Heights,Dental & Medical,Houston,TX,Houston,4.9,721,(281) 849-8858,http://www.dentisttreeheights.com/,https://rovenhr.com/business/houston/dentist-tree-of-the-heights-chijsu,https://rovenhr.com/contact.html?claim=Dentist%20Tree%20Of%20The%20Heights&metro=Houston
450,Guardian Heating and Air,Home Services,Jacksonville,FL,Jacksonville,5,463,(904) 776-4225,http://www.getcooljax.com/,https://rovenhr.com/business/jacksonville/guardian-heating-and-air-chijct,https://rovenhr.com/contact.html?claim=Guardian%20Heating%20and%20Air&metro=Jacksonville
451,Fairway Heating & Cooling LLC,Home Services,Tampa,FL,Tampa,4.8,1189,(813) 443-9439,https://fairwayheatingcooling.com/?utm_source=google&utm_medium=gbp&utm_campaign=local-listing_primary,https://rovenhr.com/business/tampa/fairway-heating-cooling-llc-chije4,https://rovenhr.com/contact.html?claim=Fairway%20Heating%20&%20Cooling%20LLC&metro=Tampa
452,Local Dental,Dental & Medical,San Antonio,TX,San Antonio,5,461,(210) 686-1486,https://localdentalsa.com/,https://rovenhr.com/business/san_antonio/local-dental-chijmt,https://rovenhr.com/contact.html?claim=Local%20Dental&metro=San%20Antonio
453,The Smile Mission - South Orlando,Dental & Medical,Orlando,FL,Orlando,4.9,714,(407) 801-0082,https://thesmilemission.com/south-orlando/,https://rovenhr.com/business/orlando/the-smile-mission-south-orlando-chijf2,https://rovenhr.com/contact.html?claim=The%20Smile%20Mission%20-%20South%20Orlando&metro=Orlando
454,904 Dental Care,Dental & Medical,Jacksonville,FL,Jacksonville,4.9,714,(904) 425-1212,https://www.904dentalcare.com/,https://rovenhr.com/business/jacksonville/904-dental-care-chijyq,https://rovenhr.com/contact.html?claim=904%20Dental%20Care&metro=Jacksonville
455,Wow Dental,Dental & Medical,Dallas,TX,Dallas–Fort Worth,4.9,710,(972) 709-4867,https://www.mywowdental.com/,https://rovenhr.com/business/dfw/wow-dental-chij67,https://rovenhr.com/contact.html?claim=Wow%20Dental&metro=Dallas–Fort%20Worth
456,Todorthodontics Smile Studio,Dental & Medical,San Francisco,CA,San Francisco,5,458,(415) 399-9200,http://www.todorthodontics.com/,https://rovenhr.com/business/sf/todorthodontics-smile-studio-chijeb,https://rovenhr.com/contact.html?claim=Todorthodontics%20Smile%20Studio&metro=San%20Francisco
457,North Austin Dentistry,Dental & Medical,Austin,TX,Austin,4.9,707,(512) 489-9933,https://northaustindentist.com/,https://rovenhr.com/business/austin/north-austin-dentistry-chijuf,https://rovenhr.com/contact.html?claim=North%20Austin%20Dentistry&metro=Austin
458,Florida Clean Air Plus,Home Services,North Miami Beach,FL,Miami,4.9,706,(800) 695-1815,https://floridacleanairplus.com/,https://rovenhr.com/business/miami/florida-clean-air-plus-chij89,https://rovenhr.com/contact.html?claim=Florida%20Clean%20Air%20Plus&metro=Miami
459,Got Memories - By Appointment,Wedding & Events,Phoenix,AZ,Phoenix,5,455,(602) 438-4381,http://www.gotmemories.com/,https://rovenhr.com/business/phoenix/got-memories-by-appointment-chij0a,https://rovenhr.com/contact.html?claim=Got%20Memories%20-%20By%20Appointment&metro=Phoenix
460,Emergency AC Corp,Home Services,Miami,FL,Miami,4.8,1163,(833) 514-1414,https://www.emergencyaccorp.com/?utm_source=googlebusinessprofile&utm_medium=organic&utm_campaign=miamigbp,https://rovenhr.com/business/miami/emergency-ac-corp-chijf-,https://rovenhr.com/contact.html?claim=Emergency%20AC%20Corp&metro=Miami
461,PhD Dental,Dental & Medical,Los Angeles,CA,Los Angeles,4.8,1163,(323) 269-5437,https://www.phddental.com/?utm_source=organic&utm_medium=local&utm_campaign=gmbla,https://rovenhr.com/business/la/phd-dental-chijrb,https://rovenhr.com/contact.html?claim=PhD%20Dental&metro=Los%20Angeles
462,Air 24/7,Home Services,Tampa,FL,Tampa,4.9,702,(813) 491-8516,https://air247.com/,https://rovenhr.com/business/tampa/air-24-7-chijvv,https://rovenhr.com/contact.html?claim=Air%2024/7&metro=Tampa
463,MARINA GRINS DENTAL,Dental & Medical,San Francisco,CA,San Francisco,4.9,700,(415) 921-4132,http://marinagrinsdental.com/,https://rovenhr.com/business/sf/marina-grins-dental-chijov,https://rovenhr.com/contact.html?claim=MARINA%20GRINS%20DENTAL&metro=San%20Francisco
464,"Texan Dental, P.A.",Dental & Medical,Houston,TX,Houston,4.9,699,(713) 218-0500,https://www.texandental.com/?utm_source=GMB&utm_medium=organic&utm_campaign=DevOptimization&utm_content=Website,https://rovenhr.com/business/houston/texan-dental-p-a-chijg3,"https://rovenhr.com/contact.html?claim=Texan%20Dental,%20P.A.&metro=Houston"
465,Mira Mesa Dental & Implants,Dental & Medical,San Diego,CA,San Diego,5,450,(858) 566-5050,http://www.miramesadental.com/,https://rovenhr.com/business/san_diego/mira-mesa-dental-implants-chij1q,https://rovenhr.com/contact.html?claim=Mira%20Mesa%20Dental%20&%20Implants&metro=San%20Diego
466,Integrity Air Conditioning & Heating L.L.C,Home Services,Phoenix,AZ,Phoenix,4.9,696,(602) 971-0567,https://integrity-hvac.com/?utm_source=google&utm_medium=organic&utm_campaign=gbp-profile,https://rovenhr.com/business/phoenix/integrity-air-conditioning-heating-l-l-c-chij1w,https://rovenhr.com/contact.html?claim=Integrity%20Air%20Conditioning%20&%20Heating%20L.L.C&metro=Phoenix
467,Rio Vista Family Dentistry,Dental & Medical,San Diego,CA,San Diego,4.9,696,(619) 344-8294,https://www.riovistafamilydentistry.com/?utm_source=google&utm_medium=organic&utm_campaign=gbp-listing,https://rovenhr.com/business/san_diego/rio-vista-family-dentistry-chij79,https://rovenhr.com/contact.html?claim=Rio%20Vista%20Family%20Dentistry&metro=San%20Diego
468,Munoz Photography,Wedding & Events,Wilton Manors,FL,Miami,4.9,696,(954) 564-7150,http://www.munozphotography.com/,https://rovenhr.com/business/miami/munoz-photography-chijhb,https://rovenhr.com/contact.html?claim=Munoz%20Photography&metro=Miami
469,Noble Heating & Air,Home Services,Jacksonville,FL,Jacksonville,5,449,(904) 413-8020,http://nobleheatingairservices.com/,https://rovenhr.com/business/jacksonville/noble-heating-air-chiji7,https://rovenhr.com/contact.html?claim=Noble%20Heating%20&%20Air&metro=Jacksonville
470,Always Affordable Plumbing & HVAC,Home Services,Sacramento,CA,Sacramento,4.8,1145,(916) 970-0188,https://alwaysaffordableplumbing.com/?utm_source=google&utm_medium=organic&utm_campaign=gbp,https://rovenhr.com/business/sacramento/always-affordable-plumbing-hvac-chij80,https://rovenhr.com/contact.html?claim=Always%20Affordable%20Plumbing%20&%20HVAC&metro=Sacramento
471,Air Rescue,Home Services,Tampa,FL,Tampa,4.7,2058,(813) 358-3431,https://airrescueflorida.com/service-areas/tampa-ac-repair/?utm_source=google&utm_medium=organic&utm_campaign=gbp_listing&utm_content=website_button,https://rovenhr.com/business/tampa/air-rescue-chijww,https://rovenhr.com/contact.html?claim=Air%20Rescue&metro=Tampa
472,"Exodus Plumbing, Inc",Home Services,San Diego,CA,San Diego,4.9,691,(858) 354-8185,https://www.exodusplumbing.com/,https://rovenhr.com/business/san_diego/exodus-plumbing-inc-chijyd,"https://rovenhr.com/contact.html?claim=Exodus%20Plumbing,%20Inc&metro=San%20Diego"
473,PKA Photo & Video,Wedding & Events,San Diego,CA,San Diego,5,446,(619) 948-2826,http://www.pkaphoto.com/,https://rovenhr.com/business/san_diego/pka-photo-video-chij21,https://rovenhr.com/contact.html?claim=PKA%20Photo%20&%20Video&metro=San%20Diego
474,Elara Orthodontics - Houston Heights,Dental & Medical,Houston,TX,Houston,5,445,(832) 621-0855,https://elaraorthodontics.com/orthodontist-houston-tx/,https://rovenhr.com/business/houston/elara-orthodontics-houston-heights-chij2d,https://rovenhr.com/contact.html?claim=Elara%20Orthodontics%20-%20Houston%20Heights&metro=Houston
475,3H AC of Tampa,Home Services,Tampa,FL,Tampa,4.9,689,(813) 979-4208,https://3hac.com/,https://rovenhr.com/business/tampa/3h-ac-of-tampa-chijj4,https://rovenhr.com/contact.html?claim=3H%20AC%20of%20Tampa&metro=Tampa
476,San Antonio Plumbing,Home Services,Helotes,TX,San Antonio,4.8,1130,(210) 520-3333,https://www.sanantonioplumbing.co/,https://rovenhr.com/business/san_antonio/san-antonio-plumbing-chiji8,https://rovenhr.com/contact.html?claim=San%20Antonio%20Plumbing&metro=San%20Antonio
477,Pro-Tech Air Conditioning & Plumbing Service,Home Services,Orlando,FL,Orlando,4.8,1132,(877) 416-4727,https://www.protechac.com/?utm_source=google&utm_medium=organic&utm_campaign=GMB-LakeNona,https://rovenhr.com/business/orlando/pro-tech-air-conditioning-plumbing-service-chijy8,https://rovenhr.com/contact.html?claim=Pro-Tech%20Air%20Conditioning%20&%20Plumbing%20Service&metro=Orlando
478,Caven Dental Group,Dental & Medical,Jacksonville,FL,Jacksonville,4.9,683,(904) 467-7797,https://www.cavendental.com/,https://rovenhr.com/business/jacksonville/caven-dental-group-chije6,https://rovenhr.com/contact.html?claim=Caven%20Dental%20Group&metro=Jacksonville
479,"Trusted Heating and Cooling, LLC",Home Services,Austin,TX,Austin,4.9,682,(512) 881-7484,https://trustedacaustin.com/?utm_source=gmb&utm_medium=organic&utm_campaign=gmb,https://rovenhr.com/business/austin/trusted-heating-and-cooling-llc-chijh8,"https://rovenhr.com/contact.html?claim=Trusted%20Heating%20and%20Cooling,%20LLC&metro=Austin"
480,McComb Orthodontics Culver City,Dental & Medical,Culver City,CA,Los Angeles,5,440,(310) 299-8894,https://mccomborthodontics.com/culver-city/,https://rovenhr.com/business/la/mccomb-orthodontics-culver-city-chijh-,https://rovenhr.com/contact.html?claim=McComb%20Orthodontics%20Culver%20City&metro=Los%20Angeles
481,Advanced Dental Care of AZ,Dental & Medical,Phoenix,AZ,Phoenix,5,440,(602) 504-6400,https://www.advanceddentalcareofaz.com/,https://rovenhr.com/business/phoenix/advanced-dental-care-of-az-chijyq,https://rovenhr.com/contact.html?claim=Advanced%20Dental%20Care%20of%20AZ&metro=Phoenix
482,"Service Champions Plumbing, Heating & AC",Home Services,Los Angeles,CA,Los Angeles,4.9,680,(323) 284-1599,https://servicechampions.com/?utm_source=GBP&utm_medium=organic&utm_campaign=SCA_ORG_EVER_A_GBP_Listing_SCLA,https://rovenhr.com/business/la/service-champions-plumbing-heating-ac-chijf6,"https://rovenhr.com/contact.html?claim=Service%20Champions%20Plumbing,%20Heating%20&%20AC&metro=Los%20Angeles"
483,Sky Dental Smiles,Dental & Medical,Miami,FL,Miami,4.9,679,(305) 342-2020,https://skydentalmiami.com/,https://rovenhr.com/business/miami/sky-dental-smiles-chijlf,https://rovenhr.com/contact.html?claim=Sky%20Dental%20Smiles&metro=Miami
484,"Premier Plumbing, LLC",Home Services,Jacksonville,FL,Jacksonville,5,438,(904) 780-6994,https://wearepremierplumbing.com/,https://rovenhr.com/business/jacksonville/premier-plumbing-llc-chijv2,"https://rovenhr.com/contact.html?claim=Premier%20Plumbing,%20LLC&metro=Jacksonville"
485,John’s Plumbing,Home Services,Miramar,FL,Miami,4.8,1111,(954) 994-1167,https://johnsplumbing.com/?utm_source=google-gbp&utm_medium=organic&utm_campaign=*639*johns-plumbing-miramar,https://rovenhr.com/business/miami/john-s-plumbing-chijhr,https://rovenhr.com/contact.html?claim=John’s%20Plumbing&metro=Miami
486,The Peak Dental (formerly Squaw Peak Dental),Dental & Medical,Phoenix,AZ,Phoenix,5,435,(602) 997-6440,https://www.thepeakdental.com/?utm_campaign=gmb,https://rovenhr.com/business/phoenix/the-peak-dental-formerly-squaw-peak-dental-chijqv,https://rovenhr.com/contact.html?claim=The%20Peak%20Dental%20(formerly%20Squaw%20Peak%20Dental)&metro=Phoenix
487,Hers & His Plumbing Services,Home Services,Orlando,FL,Orlando,4.7,1991,(407) 863-2760,https://hersandhisplumbing.com/?utm_source=organic&utm_medium=gbp_orlando,https://rovenhr.com/business/orlando/hers-his-plumbing-services-chijhc,https://rovenhr.com/contact.html?claim=Hers%20&%20His%20Plumbing%20Services&metro=Orlando
488,"Dial One Johnson Plumbing, Cooling & Heating",Home Services,Dallas,TX,Dallas–Fort Worth,4.9,670,(469) 723-6067,https://dial1plumbing.com/dallas/,https://rovenhr.com/business/dfw/dial-one-johnson-plumbing-cooling-heating-chijn2,"https://rovenhr.com/contact.html?claim=Dial%20One%20Johnson%20Plumbing,%20Cooling%20&%20Heating&metro=Dallas–Fort%20Worth"
489,LA Heating & Air Conditioning,Home Services,Los Angeles,CA,Los Angeles,4.9,667,(818) 660-1062,https://www.laheatingairconditioning.com/,https://rovenhr.com/business/la/la-heating-air-conditioning-chijfx,https://rovenhr.com/contact.html?claim=LA%20Heating%20&%20Air%20Conditioning&metro=Los%20Angeles
490,George Plumbing Co.,Home Services,San Antonio,TX,San Antonio,4.9,666,(210) 740-0748,https://www.yell4george.com/,https://rovenhr.com/business/san_antonio/george-plumbing-co-chijou,https://rovenhr.com/contact.html?claim=George%20Plumbing%20Co.&metro=San%20Antonio
491,Bells & Whistles Photography + Videography,Wedding & Events,Miami,FL,Tampa,5,430,(305) 965-4559,https://bellswhistlesphoto.com/,https://rovenhr.com/business/tampa/bells-whistles-photography-videography-chijxa,https://rovenhr.com/contact.html?claim=Bells%20&%20Whistles%20Photography%20+%20Videography&metro=Tampa
492,Choice Austin Dental,Dental & Medical,Austin,TX,Austin,5,428,(512) 345-5552,http://www.austindental.com/,https://rovenhr.com/business/austin/choice-austin-dental-chijja,https://rovenhr.com/contact.html?claim=Choice%20Austin%20Dental&metro=Austin
493,Carini Home Services,Home Services,San Diego,CA,San Diego,4.8,1087,(619) 332-5176,https://www.carinihome.com/?utm_campaign=gmb&utm_medium=organic&utm_source=gmb,https://rovenhr.com/business/san_diego/carini-home-services-chijr4,https://rovenhr.com/contact.html?claim=Carini%20Home%20Services&metro=San%20Diego
494,Daylight Dental South Austin,Dental & Medical,Austin,TX,Austin,4.8,1087,(512) 548-8584,https://www.daylightdental.com/,https://rovenhr.com/business/austin/daylight-dental-south-austin-chijl0,https://rovenhr.com/contact.html?claim=Daylight%20Dental%20South%20Austin&metro=Austin
495,Oliver Family Orthodontics,Dental & Medical,San Antonio,TX,San Antonio,5,427,(210) 969-9909,http://www.bracessa.com/?utm_source=google.com&utm_medium=business+profile&utm_campaign=,https://rovenhr.com/business/san_antonio/oliver-family-orthodontics-chijnq,https://rovenhr.com/contact.html?claim=Oliver%20Family%20Orthodontics&metro=San%20Antonio
496,Abdoney Orthodontics - Tampa,Dental & Medical,Tampa,FL,Tampa,4.9,659,(813) 250-0313,https://abdoneyortho.com/,https://rovenhr.com/business/tampa/abdoney-orthodontics-tampa-chijxw,https://rovenhr.com/contact.html?claim=Abdoney%20Orthodontics%20-%20Tampa&metro=Tampa
497,South Florida Dental Arts,Dental & Medical,Miami,FL,Miami,4.9,657,(305) 230-4041,https://www.southfloridadentalarts.com/?utm_source=GMB&utm_medium=organic&utm_campaign=DevOptimization&utm_content=Website,https://rovenhr.com/business/miami/south-florida-dental-arts-chijec,https://rovenhr.com/contact.html?claim=South%20Florida%20Dental%20Arts&metro=Miami
498,Fine Dentistry of Downtown Orlando,Dental & Medical,Orlando,FL,Orlando,4.8,1083,(407) 898-1621,https://www.finedentistryorlando.com/?link=gmb,https://rovenhr.com/business/orlando/fine-dentistry-of-downtown-orlando-chijuz,https://rovenhr.com/contact.html?claim=Fine%20Dentistry%20of%20Downtown%20Orlando&metro=Orlando
499,Friar's Plumbing Heating and AC Repair,Home Services,San Diego,CA,San Diego,4.9,656,(619) 317-1730,https://www.friarsair.com/ac-repair-san-diego-ca/?utm_source=gbp,https://rovenhr.com/business/san_diego/friar-s-plumbing-heating-and-ac-repair-chijpw,https://rovenhr.com/contact.html?claim=Friar's%20Plumbing%20Heating%20and%20AC%20Repair&metro=San%20Diego
500,Artisan Dentistry,Dental & Medical,Sacramento,CA,Sacramento,5,422,(916) 452-2002,https://artisandentistry.com/,https://rovenhr.com/business/sacramento/artisan-dentistry-chijq_,https://rovenhr.com/contact.html?claim=Artisan%20Dentistry&metro=Sacramento
501,Greenway Plumbing Services,Home Services,Orlando,FL,Orlando,4.9,650,(407) 234-0003,http://www.greenwayplumber.com/,https://rovenhr.com/business/orlando/greenway-plumbing-services-chijmt,https://rovenhr.com/contact.html?claim=Greenway%20Plumbing%20Services&metro=Orlando
502,General and Cosmetic Dentistry of Tampa - Randall Diez and Michael Diez,Dental & Medical,Tampa,FL,Tampa,4.9,650,(813) 960-5869,https://www.tampacosmeticdentist.com/,https://rovenhr.com/business/tampa/general-and-cosmetic-dentistry-of-tampa-randall-diez-and-mic-chijxw,https://rovenhr.com/contact.html?claim=General%20and%20Cosmetic%20Dentistry%20of%20Tampa%20-%20Randall%20Diez%20and%20Michael%20Diez&metro=Tampa
503,Mia Orthodontics,Dental & Medical,Houston,TX,Houston,5,421,(281) 661-2789,https://miaorthodontics.com/location/orthodontist-in-houston-tx/,https://rovenhr.com/business/houston/mia-orthodontics-chije6,https://rovenhr.com/contact.html?claim=Mia%20Orthodontics&metro=Houston
504,Workman Plumbing,Home Services,Dallas,TX,Dallas–Fort Worth,5,421,(817) 818-7813,https://www.workman-plumbing.com/,https://rovenhr.com/business/dfw/workman-plumbing-chijjc,https://rovenhr.com/contact.html?claim=Workman%20Plumbing&metro=Dallas–Fort%20Worth
505,Orthodontics LA™,Dental & Medical,Los Angeles,CA,Los Angeles,5,420,(818) 708-4909,https://orthodonticsla.com/,https://rovenhr.com/business/la/orthodontics-la-chijq6,https://rovenhr.com/contact.html?claim=Orthodontics%20LA™&metro=Los%20Angeles
506,Skyline Dental Studio,Dental & Medical,Dallas,TX,Dallas–Fort Worth,5,419,(214) 969-7455,https://www.skylinedentaldtx.com/,https://rovenhr.com/business/dfw/skyline-dental-studio-chija-,https://rovenhr.com/contact.html?claim=Skyline%20Dental%20Studio&metro=Dallas–Fort%20Worth
507,Wedgeworth Plumbing,Home Services,Houston,TX,Houston,4.9,645,(832) 867-5309,http://www.wedgeworthplumbing.com/,https://rovenhr.com/business/houston/wedgeworth-plumbing-chij86,https://rovenhr.com/contact.html?claim=Wedgeworth%20Plumbing&metro=Houston
508,Elevate Dental ®,Dental & Medical,San Antonio,TX,San Antonio,5,418,(210) 686-1888,https://elevatedentalsa.com/,https://rovenhr.com/business/san_antonio/elevate-dental-chijsz,https://rovenhr.com/contact.html?claim=Elevate%20Dental%20®&metro=San%20Antonio
509,Texas Smiles dental center,Dental & Medical,San Antonio,TX,San Antonio,4.9,644,(210) 432-0909,http://www.texassmilesusa.com/,https://rovenhr.com/business/san_antonio/texas-smiles-dental-center-chijvz,https://rovenhr.com/contact.html?claim=Texas%20Smiles%20dental%20center&metro=San%20Antonio
510,NorthPort Heating and Air Conditioning,Home Services,Jacksonville,FL,Jacksonville,4.9,643,(904) 438-4822,http://www.jacksonvilleacservice.com/,https://rovenhr.com/business/jacksonville/northport-heating-and-air-conditioning-chijxf,https://rovenhr.com/contact.html?claim=NorthPort%20Heating%20and%20Air%20Conditioning&metro=Jacksonville
511,Memorial Park Dental Spa,Dental & Medical,Houston,TX,Houston,4.8,1056,(713) 864-3800,https://www.memorialparkdental.com/,https://rovenhr.com/business/houston/memorial-park-dental-spa-chijh_,https://rovenhr.com/contact.html?claim=Memorial%20Park%20Dental%20Spa&metro=Houston
512,South Austin Dental Associates,Dental & Medical,Austin,TX,Austin,4.9,641,(512) 444-1133,https://southaustindentalassociates.com/?utm_source=GBP&utm_medium=organic&utm_campaign=offsiteSEO,https://rovenhr.com/business/austin/south-austin-dental-associates-chijr2,https://rovenhr.com/contact.html?claim=South%20Austin%20Dental%20Associates&metro=Austin
513,Dental Hut,Dental & Medical,San Antonio,TX,San Antonio,4.9,641,(210) 688-3600,https://www.dentalhutsa.com/,https://rovenhr.com/business/san_antonio/dental-hut-chijxz,https://rovenhr.com/contact.html?claim=Dental%20Hut&metro=San%20Antonio
514,Easy Dental Dallas,Dental & Medical,Dallas,TX,Dallas–Fort Worth,5,416,(972) 634-7787,https://easydentaldallas.com/?utm_source=google&utm_medium=gmb,https://rovenhr.com/business/dfw/easy-dental-dallas-chijq6,https://rovenhr.com/contact.html?claim=Easy%20Dental%20Dallas&metro=Dallas–Fort%20Worth
515,Vernon Family Dental,Dental & Medical,Los Angeles,CA,Los Angeles,4.9,639,(323) 234-4889,http://smilefixer.net/,https://rovenhr.com/business/la/vernon-family-dental-chij58,https://rovenhr.com/contact.html?claim=Vernon%20Family%20Dental&metro=Los%20Angeles
516,Bay Premier Dentistry - Tampa,Dental & Medical,Tampa,FL,Tampa,4.9,638,(813) 692-6965,https://baypremierdentistry.com/?utm_source=GoogleOrganic&utm_medium=GMBwebsite&utm_campaign=GMBWebsiteLink,https://rovenhr.com/business/tampa/bay-premier-dentistry-tampa-chijhu,https://rovenhr.com/contact.html?claim=Bay%20Premier%20Dentistry%20-%20Tampa&metro=Tampa
517,Sand Lake Dental,Dental & Medical,Orlando,FL,Orlando,4.9,637,(407) 355-0608,https://www.sandlakedental.com/,https://rovenhr.com/business/orlando/sand-lake-dental-chijt-,https://rovenhr.com/contact.html?claim=Sand%20Lake%20Dental&metro=Orlando
518,Lyfesmiles Orthodontics,Dental & Medical,San Francisco,CA,San Francisco,5,414,(415) 752-9477,https://www.lyfesmilesortho.com/,https://rovenhr.com/business/sf/lyfesmiles-orthodontics-chijo_,https://rovenhr.com/contact.html?claim=Lyfesmiles%20Orthodontics&metro=San%20Francisco
519,Texas Dental,Dental & Medical,San Antonio,TX,San Antonio,4.9,636,(210) 661-4211,https://www.texas-dental.com/,https://rovenhr.com/business/san_antonio/texas-dental-chijyz,https://rovenhr.com/contact.html?claim=Texas%20Dental&metro=San%20Antonio
520,Hot 2 Cold Air Conditioning,Home Services,Tampa,FL,Tampa,4.9,745,,https://hot2coldairconditioning.com/air-conditioning-repair-services-tampa/,https://rovenhr.com/business/tampa/hot-2-cold-air-conditioning-chij49,https://rovenhr.com/contact.html?claim=Hot%202%20Cold%20Air%20Conditioning&metro=Tampa
521,Dental Health Services,Dental & Medical,Tampa,FL,Tampa,4.9,629,(813) 286-7353,http://www.dhswestshore.com/,https://rovenhr.com/business/tampa/dental-health-services-chije5,https://rovenhr.com/contact.html?claim=Dental%20Health%20Services&metro=Tampa
522,A+ Family Dentistry,Dental & Medical,San Diego,CA,San Diego,4.8,1033,(619) 485-4330,https://aplusfamilydentistry.com/locations-2/san-diego/?utm_source=gmb&utm_medium=organic=GMB,https://rovenhr.com/business/san_diego/a-family-dentistry-chijgq,https://rovenhr.com/contact.html?claim=A+%20Family%20Dentistry&metro=San%20Diego
523,Turner Plumbing Co,Home Services,Jacksonville,FL,Jacksonville,4.8,1034,(904) 396-7044,http://www.turnerplumbingco.com/,https://rovenhr.com/business/jacksonville/turner-plumbing-co-chijqb,https://rovenhr.com/contact.html?claim=Turner%20Plumbing%20Co&metro=Jacksonville
524,Sky Clean Air,Home Services,San Diego,CA,San Diego,4.9,627,(858) 943-4839,https://skycleanair.com/?utm_campaign=gmb,https://rovenhr.com/business/san_diego/sky-clean-air-chij67,https://rovenhr.com/contact.html?claim=Sky%20Clean%20Air&metro=San%20Diego
525,Sandalwood Dental Care,Dental & Medical,Jacksonville,FL,Jacksonville,4.8,1029,(904) 593-3490,http://sandalwooddentalcarefl.com/?utm_source=gbp&utm_medium=organic&utm_campaign=yext_listing,https://rovenhr.com/business/jacksonville/sandalwood-dental-care-chij6_,https://rovenhr.com/contact.html?claim=Sandalwood%20Dental%20Care&metro=Jacksonville
526,Austin Dental Works,Dental & Medical,Austin,TX,Austin,4.9,627,(512) 877-9822,https://www.austindentalworks.com/,https://rovenhr.com/business/austin/austin-dental-works-chijzu,https://rovenhr.com/contact.html?claim=Austin%20Dental%20Works&metro=Austin
527,Farina Orthodontic Specialists - South Tampa,Dental & Medical,Tampa,FL,Tampa,4.9,627,(813) 972-2929,https://farinasmiles.com/,https://rovenhr.com/business/tampa/farina-orthodontic-specialists-south-tampa-chijaf,https://rovenhr.com/contact.html?claim=Farina%20Orthodontic%20Specialists%20-%20South%20Tampa&metro=Tampa
528,Bay Park Dental Group,Dental & Medical,San Diego,CA,San Diego,4.9,626,(619) 276-0963,http://www.bayparkdental.com/,https://rovenhr.com/business/san_diego/bay-park-dental-group-chijqc,https://rovenhr.com/contact.html?claim=Bay%20Park%20Dental%20Group&metro=San%20Diego
529,Cool Zone Air Conditioning & Heating,Home Services,Phoenix,AZ,Phoenix,4.9,624,(623) 250-0012,https://www.coolzoneair.com/?utm_source=google&utm_medium=organic&utm_campaign=GMBListing-phoenix-az,https://rovenhr.com/business/phoenix/cool-zone-air-conditioning-heating-chijv8,https://rovenhr.com/contact.html?claim=Cool%20Zone%20Air%20Conditioning%20&%20Heating&metro=Phoenix
530,Royal Dentistry Studio,Dental & Medical,Miami,FL,Miami,5,406,(305) 649-6112,http://www.royaldentistrystudio.com/,https://rovenhr.com/business/miami/royal-dentistry-studio-chijpz,https://rovenhr.com/contact.html?claim=Royal%20Dentistry%20Studio&metro=Miami
531,Premier Orthodontics of Central Phoenix,Dental & Medical,Phoenix,AZ,Phoenix,4.9,621,(480) 361-4600,https://yourazbraces.com/,https://rovenhr.com/business/phoenix/premier-orthodontics-of-central-phoenix-chijl-,https://rovenhr.com/contact.html?claim=Premier%20Orthodontics%20of%20Central%20Phoenix&metro=Phoenix
532,Sac Dentist,Dental & Medical,Sacramento,CA,Sacramento,5,402,(916) 999-7830,https://www.sacdentist.com/,https://rovenhr.com/business/sacramento/sac-dentist-chijts,https://rovenhr.com/contact.html?claim=Sac%20Dentist&metro=Sacramento
533,4 Seasons Air Conditioning and Heating,Home Services,Orlando,FL,Orlando,4.8,1006,(407) 305-2950,https://www.4acnow.com/,https://rovenhr.com/business/orlando/4-seasons-air-conditioning-and-heating-chijb-,https://rovenhr.com/contact.html?claim=4%20Seasons%20Air%20Conditioning%20and%20Heating&metro=Orlando
534,Dental Excellence of Greenhaven,Dental & Medical,Sacramento,CA,Sacramento,4.9,613,(916) 293-0504,https://www.sacramentosleepdentist.com/?utm_source=GMB&utm_medium=organic&utm_campaign=DevOptimization&utm_content=Website,https://rovenhr.com/business/sacramento/dental-excellence-of-greenhaven-chij2w,https://rovenhr.com/contact.html?claim=Dental%20Excellence%20of%20Greenhaven&metro=Sacramento
535,Emergency Dental of Jacksonville,Dental & Medical,Jacksonville,FL,Jacksonville,4.9,611,(904) 977-6411,https://emergencydentalofjacksonville.com/,https://rovenhr.com/business/jacksonville/emergency-dental-of-jacksonville-chijq3,https://rovenhr.com/contact.html?claim=Emergency%20Dental%20of%20Jacksonville&metro=Jacksonville
536,J Street Dental Group,Dental & Medical,Sacramento,CA,Sacramento,4.9,609,(916) 443-5677,https://jstreetdentalgroup.com/,https://rovenhr.com/business/sacramento/j-street-dental-group-chijdx,https://rovenhr.com/contact.html?claim=J%20Street%20Dental%20Group&metro=Sacramento
537,"All American AC & Heating, LLC.",Home Services,Houston,TX,Houston,4.8,998,(281) 968-4505,https://allamericanacandheat.com/,https://rovenhr.com/business/houston/all-american-ac-heating-llc-chijw4,"https://rovenhr.com/contact.html?claim=All%20American%20AC%20&%20Heating,%20LLC.&metro=Houston"
538,The Chill Brothers,Home Services,Spring,TX,Houston,4.7,1767,(844) 512-4455,https://thechillbrothers.com/hvac-services-in-spring-tx/,https://rovenhr.com/business/houston/the-chill-brothers-chijex,https://rovenhr.com/contact.html?claim=The%20Chill%20Brothers&metro=Houston
539,Meyerland Orthodontics,Dental & Medical,Houston,TX,Houston,5,395,(832) 418-7854,https://meyerlandorthodontics.com/,https://rovenhr.com/business/houston/meyerland-orthodontics-chijlz,https://rovenhr.com/contact.html?claim=Meyerland%20Orthodontics&metro=Houston
540,Minted Dental,Dental & Medical,Phoenix,AZ,Phoenix,4.9,607,(480) 400-1794,https://www.minteddental.com/,https://rovenhr.com/business/phoenix/minted-dental-chijyt,https://rovenhr.com/contact.html?claim=Minted%20Dental&metro=Phoenix
541,The Clean Plumbers - Tampa,Home Services,Tampa,FL,Tampa,4.8,990,(813) 776-6191,http://www.thecleanplumbers.com/?utm_source=gbp&utm_medium=organic,https://rovenhr.com/business/tampa/the-clean-plumbers-tampa-chijst,https://rovenhr.com/contact.html?claim=The%20Clean%20Plumbers%20-%20Tampa&metro=Tampa
542,Aircons Heat & Better Air Inc,Home Services,Garland,TX,Dallas–Fort Worth,4.9,603,(469) 931-2048,https://airconsdallas.com/,https://rovenhr.com/business/dfw/aircons-heat-better-air-inc-chijnz,https://rovenhr.com/contact.html?claim=Aircons%20Heat%20&%20Better%20Air%20Inc&metro=Dallas–Fort%20Worth
543,OoLi Orthodontics,Dental & Medical,Phoenix,AZ,Phoenix,5,391,(602) 249-1937,https://ooliortho.com/,https://rovenhr.com/business/phoenix/ooli-orthodontics-chijfx,https://rovenhr.com/contact.html?claim=OoLi%20Orthodontics&metro=Phoenix
544,Comfort Zone of North Florida Inc.,Home Services,Jacksonville,FL,Jacksonville,4.8,982,(904) 659-8701,https://comfortzoneofnf.com/,https://rovenhr.com/business/jacksonville/comfort-zone-of-north-florida-inc-chijlb,https://rovenhr.com/contact.html?claim=Comfort%20Zone%20of%20North%20Florida%20Inc.&metro=Jacksonville
545,High Point Dentistry,Dental & Medical,Austin,TX,Austin,4.9,599,(512) 473-8444,https://highpointsmilestx.com/dentist-in-east-austin/,https://rovenhr.com/business/austin/high-point-dentistry-chijvv,https://rovenhr.com/contact.html?claim=High%20Point%20Dentistry&metro=Austin
546,Fast Response Plumbing & Rooter,Home Services,San Francisco,CA,San Francisco,4.9,599,(415) 596-6115,https://fastresponseplumbingsf.com/,https://rovenhr.com/business/sf/fast-response-plumbing-rooter-chijbw,https://rovenhr.com/contact.html?claim=Fast%20Response%20Plumbing%20&%20Rooter&metro=San%20Francisco
547,El Plomero Latino,Home Services,Orlando,FL,Orlando,4.8,972,(407) 362-7654,http://www.elplomerolatino.com/,https://rovenhr.com/business/orlando/el-plomero-latino-chijjr,https://rovenhr.com/contact.html?claim=El%20Plomero%20Latino&metro=Orlando
548,Thrive Dental Care,Dental & Medical,Jacksonville,FL,Jacksonville,5,388,(904) 878-2340,http://www.thrivedentaljax.com/,https://rovenhr.com/business/jacksonville/thrive-dental-care-chijs0,https://rovenhr.com/contact.html?claim=Thrive%20Dental%20Care&metro=Jacksonville
549,Lancaster Family Dentistry,Dental & Medical,Dallas,TX,Dallas–Fort Worth,4.8,971,(469) 620-7445,https://lancasterfamilydds.com/,https://rovenhr.com/business/dfw/lancaster-family-dentistry-chijo5,https://rovenhr.com/contact.html?claim=Lancaster%20Family%20Dentistry&metro=Dallas–Fort%20Worth
550,Highland Park Dental,Dental & Medical,Dallas,TX,Dallas–Fort Worth,4.9,592,(214) 521-3730,https://www.hpdentist.com/,https://rovenhr.com/business/dfw/highland-park-dental-chijvy,https://rovenhr.com/contact.html?claim=Highland%20Park%20Dental&metro=Dallas–Fort%20Worth
551,Choice Plumbing Orlando,Home Services,Orlando,FL,Orlando,4.7,1712,(407) 422-7443,https://choiceplumbingorlando.com/,https://rovenhr.com/business/orlando/choice-plumbing-orlando-chijlu,https://rovenhr.com/contact.html?claim=Choice%20Plumbing%20Orlando&metro=Orlando
552,LaLa Photography Sacramento,Wedding & Events,Folsom,CA,Sacramento,4.9,589,(916) 280-5013,https://www.lalaphotographysacramento.com/,https://rovenhr.com/business/sacramento/lala-photography-sacramento-chij4d,https://rovenhr.com/contact.html?claim=LaLa%20Photography%20Sacramento&metro=Sacramento
553,Dentists of Vista,Dental & Medical,Orlando,FL,Orlando,4.9,588,(689) 266-0882,https://www.dentistsofvista.com/?sc_cid=GBP%3AO%3AGP%3A1156%3AOrganic_Search%3AGeneral%3Ana&_vsrefdom=organic_gbp&y_source=1_MTA2NTIwMzkxNS03MTUtbG9jYXRpb24ud2Vic2l0ZQ%3D%3D,https://rovenhr.com/business/orlando/dentists-of-vista-chij18,https://rovenhr.com/contact.html?claim=Dentists%20of%20Vista&metro=Orlando
554,Baron DaParre Photo Studio & Modeling,Wedding & Events,Miami,FL,Miami,5,384,(305) 262-5255,http://www.baron1.com/,https://rovenhr.com/business/miami/baron-daparre-photo-studio-modeling-chijx4,https://rovenhr.com/contact.html?claim=Baron%20DaParre%20Photo%20Studio%20&%20Modeling&metro=Miami
555,Premier PROS Plumbing & HVAC,Home Services,San Antonio,TX,San Antonio,4.9,585,(210) 322-8232,https://premierpros.us/?utm_campaign=gmb,https://rovenhr.com/business/san_antonio/premier-pros-plumbing-hvac-chijq6,https://rovenhr.com/contact.html?claim=Premier%20PROS%20Plumbing%20&%20HVAC&metro=San%20Antonio
556,OakTree Dental,Dental & Medical,Jacksonville,FL,Jacksonville,4.9,582,(904) 590-2281,http://oaktreedentaljax.com/?src=ocgbp,https://rovenhr.com/business/jacksonville/oaktree-dental-chijaf,https://rovenhr.com/contact.html?claim=OakTree%20Dental&metro=Jacksonville
557,American Plumbing Co | Plumber in San Diego,Home Services,San Diego,CA,San Diego,5,380,(619) 723-1114,https://plumbersandiegoonline.com/,https://rovenhr.com/business/san_diego/american-plumbing-co-plumber-in-san-diego-chij_3,https://rovenhr.com/contact.html?claim=American%20Plumbing%20Co%20|%20Plumber%20in%20San%20Diego&metro=San%20Diego
558,Mr. Rooter Plumbing of Farmers Branch,Home Services,Farmers Branch,TX,Dallas–Fort Worth,4.7,1680,(972) 254-5600,https://www.mrrooterdallas.com/plumber-farmers-branch-tx-plumbing-repair-service,https://rovenhr.com/business/dfw/mr-rooter-plumbing-of-farmers-branch-chijdy,https://rovenhr.com/contact.html?claim=Mr.%20Rooter%20Plumbing%20of%20Farmers%20Branch&metro=Dallas–Fort%20Worth
559,West Brickell Dental,Dental & Medical,Miami,FL,Miami,5,379,(305) 324-6312,https://www.mydentalcentermiami.com/,https://rovenhr.com/business/miami/west-brickell-dental-chijn3,https://rovenhr.com/contact.html?claim=West%20Brickell%20Dental&metro=Miami
560,Oasis Plumbing,Home Services,North Miami,FL,Miami,4.9,578,(305) 834-4321,https://calloasis.com/?utm_campaign=gmb,https://rovenhr.com/business/miami/oasis-plumbing-chijd-,https://rovenhr.com/contact.html?claim=Oasis%20Plumbing&metro=Miami
561,Ross Avenue Family Dental of Dallas,Dental & Medical,Dallas,TX,Dallas–Fort Worth,4.9,578,(469) 210-7223,https://www.rossavefamilydental.com/,https://rovenhr.com/business/dfw/ross-avenue-family-dental-of-dallas-chijqy,https://rovenhr.com/contact.html?claim=Ross%20Avenue%20Family%20Dental%20of%20Dallas&metro=Dallas–Fort%20Worth
562,RCI Air Conditioning Company,Home Services,Miami,FL,Miami,4.9,578,(305) 396-3728,https://www.rci-air.com/,https://rovenhr.com/business/miami/rci-air-conditioning-company-chijhr,https://rovenhr.com/contact.html?claim=RCI%20Air%20Conditioning%20Company&metro=Miami
563,New Image Dentistry,Dental & Medical,San Antonio,TX,San Antonio,4.9,576,(210) 804-1558,https://new-image-dentistry.com/,https://rovenhr.com/business/san_antonio/new-image-dentistry-chijla,https://rovenhr.com/contact.html?claim=New%20Image%20Dentistry&metro=San%20Antonio
564,Miyasaki Dental,Dental & Medical,Sacramento,CA,Sacramento,5,376,(916) 426-7743,https://www.miyasakidental.com/,https://rovenhr.com/business/sacramento/miyasaki-dental-chija0,https://rovenhr.com/contact.html?claim=Miyasaki%20Dental&metro=Sacramento
565,Precision Heating & Air,Home Services,Austin,TX,Austin,4.7,1656,(512) 379-6385,https://www.precisionheatac.com/,https://rovenhr.com/business/austin/precision-heating-air-chij53,https://rovenhr.com/contact.html?claim=Precision%20Heating%20&%20Air&metro=Austin
566,Fifth Avenue Dental Arts,Dental & Medical,San Diego,CA,San Diego,4.8,935,(619) 233-3338,https://mydentistsandiego.com/?UTM_source=GMB_listing&UTM_medium=organic,https://rovenhr.com/business/san_diego/fifth-avenue-dental-arts-chijd7,https://rovenhr.com/contact.html?claim=Fifth%20Avenue%20Dental%20Arts&metro=San%20Diego
567,"Tampa Dental Wellness of Carrollwood | Restorative, Cosmetic, Dental Implants & General Dentist Tampa",Dental & Medical,Tampa,FL,Tampa,4.9,573,(813) 265-2273,https://dentistcarrollwood.com/?utm_source=gmb&utm_medium=organic,https://rovenhr.com/business/tampa/tampa-dental-wellness-of-carrollwood-restorative-cosmetic-de-chijl_,"https://rovenhr.com/contact.html?claim=Tampa%20Dental%20Wellness%20of%20Carrollwood%20|%20Restorative,%20Cosmetic,%20Dental%20Implants%20&%20General%20Dentist%20Tampa&metro=Tampa"
568,Signature Dental Studio,Dental & Medical,San Diego,CA,San Diego,4.9,573,(619) 295-1512,https://signaturedentalstudiosd.com/,https://rovenhr.com/business/san_diego/signature-dental-studio-chijzq,https://rovenhr.com/contact.html?claim=Signature%20Dental%20Studio&metro=San%20Diego
569,Pepcal Heating & Air Conditioning,Home Services,San Antonio,TX,San Antonio,4.9,571,(210) 429-9565,https://www.pepcalac.com/,https://rovenhr.com/business/san_antonio/pepcal-heating-air-conditioning-chijor,https://rovenhr.com/contact.html?claim=Pepcal%20Heating%20&%20Air%20Conditioning&metro=San%20Antonio
570,Pure Plumbing,Home Services,Richardson,TX,Dallas–Fort Worth,4.8,931,(469) 525-0000,https://www.pureplumbingdfw.com/,https://rovenhr.com/business/dfw/pure-plumbing-chijdz,https://rovenhr.com/contact.html?claim=Pure%20Plumbing&metro=Dallas–Fort%20Worth
571,Air Masters of Tampa Bay,Home Services,Tampa,FL,Tampa,4.7,1647,(877) 503-0588,https://airmasters.net/,https://rovenhr.com/business/tampa/air-masters-of-tampa-bay-chijrd,https://rovenhr.com/contact.html?claim=Air%20Masters%20of%20Tampa%20Bay&metro=Tampa
572,AK Dental of Austin,Dental & Medical,Austin,TX,Austin,5,373,(512) 653-3008,https://www.akdentalatx.com/?utm_source=google&utm_medium=gmb,https://rovenhr.com/business/austin/ak-dental-of-austin-chijmv,https://rovenhr.com/contact.html?claim=AK%20Dental%20of%20Austin&metro=Austin
573,"Murphy Orthodontics - Chris Murphy, DDS",Dental & Medical,Phoenix,AZ,Phoenix,5,372,(602) 482-0022,https://www.murphyorthodontics.com/,https://rovenhr.com/business/phoenix/murphy-orthodontics-chris-murphy-dds-chijcr,"https://rovenhr.com/contact.html?claim=Murphy%20Orthodontics%20-%20Chris%20Murphy,%20DDS&metro=Phoenix"
574,Today's Dentistry of Jacksonville,Dental & Medical,Jacksonville,FL,Jacksonville,4.8,928,(904) 867-8161,http://todaysdentistryjax.com/?utm_source=gbp&utm_medium=organic&utm_campaign=yext_listing,https://rovenhr.com/business/jacksonville/today-s-dentistry-of-jacksonville-chijw1,https://rovenhr.com/contact.html?claim=Today's%20Dentistry%20of%20Jacksonville&metro=Jacksonville
575,Bayshore Plumbers,Home Services,Redwood City,CA,San Francisco,4.8,1105,,https://www.bayshoreplumbers.com/,https://rovenhr.com/business/sf/bayshore-plumbers-chij61,https://rovenhr.com/contact.html?claim=Bayshore%20Plumbers&metro=San%20Francisco
576,Studio Smiles,Dental & Medical,Los Angeles,CA,Los Angeles,4.8,924,(323) 634-9333,http://studiosmilesla.com/,https://rovenhr.com/business/la/studio-smiles-chijaq,https://rovenhr.com/contact.html?claim=Studio%20Smiles&metro=Los%20Angeles
577,Popat Orthodontics & Madison Pediatric Dentistry,Dental & Medical,Phoenix,AZ,Phoenix,5,371,(602) 265-0303,https://popatorthodontics.com/?utm_source=google&utm_medium=organic&utm_campaign=gpb,https://rovenhr.com/business/phoenix/popat-orthodontics-madison-pediatric-dentistry-chijp0,https://rovenhr.com/contact.html?claim=Popat%20Orthodontics%20&%20Madison%20Pediatric%20Dentistry&metro=Phoenix
578,Military City Air Conditioning and Heating,Home Services,San Antonio,TX,San Antonio,5,371,(210) 900-4232,https://military-city.surroundwebdesign.com/,https://rovenhr.com/business/san_antonio/military-city-air-conditioning-and-heating-chijsu,https://rovenhr.com/contact.html?claim=Military%20City%20Air%20Conditioning%20and%20Heating&metro=San%20Antonio
579,Markham Orthodontics,Dental & Medical,Sacramento,CA,Sacramento,4.9,567,(916) 924-8970,https://www.markhamorthodontics.com/,https://rovenhr.com/business/sacramento/markham-orthodontics-chijsy,https://rovenhr.com/contact.html?claim=Markham%20Orthodontics&metro=Sacramento
580,Tiger Home Services,Home Services,San Antonio,TX,San Antonio,4.8,923,(210) 679-1806,https://www.tiger-services.com/?utm_source=Google&utm_medium=GBP&utm_campaign=Organic_GBP_Tiger&se_campaign=Organic_GBP_Tiger,https://rovenhr.com/business/san_antonio/tiger-home-services-chijb3,https://rovenhr.com/contact.html?claim=Tiger%20Home%20Services&metro=San%20Antonio
581,Agoka Dental,Dental & Medical,Tampa,FL,Tampa,4.9,566,(813) 879-9000,http://www.agokadental.com/,https://rovenhr.com/business/tampa/agoka-dental-chijhs,https://rovenhr.com/contact.html?claim=Agoka%20Dental&metro=Tampa
582,Phoenix Family Dentistry,Dental & Medical,Phoenix,AZ,Phoenix,4.9,565,(602) 547-9007,https://www.phoenixfamilydentistry.com/,https://rovenhr.com/business/phoenix/phoenix-family-dentistry-chij7e,https://rovenhr.com/contact.html?claim=Phoenix%20Family%20Dentistry&metro=Phoenix
583,Springs Plumbing,Home Services,Phoenix,AZ,Phoenix,5,369,(480) 265-6936,https://www.springsplumbingaz.com/plumber-phoenix-az,https://rovenhr.com/business/phoenix/springs-plumbing-chijnw,https://rovenhr.com/contact.html?claim=Springs%20Plumbing&metro=Phoenix
584,"Jennings Orthodontics - Orthodontist in Houston, TX",Dental & Medical,Houston,TX,Houston,5,368,(281) 497-7920,http://www.drjenningsortho.com/,https://rovenhr.com/business/houston/jennings-orthodontics-orthodontist-in-houston-tx-chij-w,"https://rovenhr.com/contact.html?claim=Jennings%20Orthodontics%20-%20Orthodontist%20in%20Houston,%20TX&metro=Houston"
585,Nantz Orthodontics,Dental & Medical,Austin,TX,Austin,5,368,(512) 445-3355,http://nantzorthodontics.com/,https://rovenhr.com/business/austin/nantz-orthodontics-chijsx,https://rovenhr.com/contact.html?claim=Nantz%20Orthodontics&metro=Austin
586,Brighton Dental,Dental & Medical,San Diego,CA,San Diego,4.9,561,(619) 831-8559,http://www.brightondentalsd.com/,https://rovenhr.com/business/san_diego/brighton-dental-chij18,https://rovenhr.com/contact.html?claim=Brighton%20Dental&metro=San%20Diego
587,New Tampa Family & Emergency Dental,Dental & Medical,Wesley Chapel,FL,Tampa,4.9,557,(863) 591-8118,https://www.newtampafamilydental.com/?utm_campaign=gmb,https://rovenhr.com/business/tampa/new-tampa-family-emergency-dental-chij47,https://rovenhr.com/contact.html?claim=New%20Tampa%20Family%20&%20Emergency%20Dental&metro=Tampa
588,Dental Home Family Dentistry Phoenix,Dental & Medical,Phoenix,AZ,Phoenix,4.9,556,(602) 863-3000,https://www.dentalhomeaz.com/,https://rovenhr.com/business/phoenix/dental-home-family-dentistry-phoenix-chij5a,https://rovenhr.com/contact.html?claim=Dental%20Home%20Family%20Dentistry%20Phoenix&metro=Phoenix
589,Cooper Plumbing | Houston Plumber,Home Services,Houston,TX,Houston,4.9,556,(832) 441-9683,https://www.cooperplumbinghouston.com/?utm_source=google&utm_medium=organic&utm_campaign=gmb-listing,https://rovenhr.com/business/houston/cooper-plumbing-houston-plumber-chija_,https://rovenhr.com/contact.html?claim=Cooper%20Plumbing%20|%20Houston%20Plumber&metro=Houston
590,"Home Therapist Cooling, Heating, and Plumbing",Home Services,Tampa,FL,Tampa,4.8,904,(813) 343-2212,https://callhometherapist.com/,https://rovenhr.com/business/tampa/home-therapist-cooling-heating-and-plumbing-chijk6,"https://rovenhr.com/contact.html?claim=Home%20Therapist%20Cooling,%20Heating,%20and%20Plumbing&metro=Tampa"
591,Young Dental SF Group,Dental & Medical,San Francisco,CA,San Francisco,4.8,904,(415) 392-8611,https://youngdentalsf.com/?utm_source=GBPYDEprompt,https://rovenhr.com/business/sf/young-dental-sf-group-chijcc,https://rovenhr.com/contact.html?claim=Young%20Dental%20SF%20Group&metro=San%20Francisco
592,Downtown Phoenix Dental,Dental & Medical,Phoenix,AZ,Phoenix,4.9,555,(602) 626-7952,https://www.downtownphoenixdental.com/?utm_source=google&utm_medium=google_business_profile&utm_campaign=website_click,https://rovenhr.com/business/phoenix/downtown-phoenix-dental-chijod,https://rovenhr.com/contact.html?claim=Downtown%20Phoenix%20Dental&metro=Phoenix
593,Grable Plumbing & Air,Home Services,Tampa,FL,Tampa,4.8,902,(813) 680-4806,https://grableplumbing.com/?utm_source=google&utm_campaign=gmb,https://rovenhr.com/business/tampa/grable-plumbing-air-chijn3,https://rovenhr.com/contact.html?claim=Grable%20Plumbing%20&%20Air&metro=Tampa
594,"Comfort Pros Air & Heat, LLC",Home Services,Orlando,FL,Orlando,5,362,(407) 242-7733,https://www.comfortprosairandheat.com/,https://rovenhr.com/business/orlando/comfort-pros-air-heat-llc-chijis,"https://rovenhr.com/contact.html?claim=Comfort%20Pros%20Air%20&%20Heat,%20LLC&metro=Orlando"
595,Reliant Plumbing - Austin,Home Services,Austin,TX,Austin,4.7,1583,(512) 675-4220,https://reliantplumbing.com/plumbing-projects-austin/?utm_source=google&utm_medium=website&utm_campaign=sagbp&utm_id=southaustin-GBP,https://rovenhr.com/business/austin/reliant-plumbing-austin-chijo3,https://rovenhr.com/contact.html?claim=Reliant%20Plumbing%20-%20Austin&metro=Austin
596,Florida Air Flow Heating & Air,Home Services,Jacksonville,FL,Jacksonville,5,361,(904) 982-9731,https://floridaairflow.com/,https://rovenhr.com/business/jacksonville/florida-air-flow-heating-air-chijca,https://rovenhr.com/contact.html?claim=Florida%20Air%20Flow%20Heating%20&%20Air&metro=Jacksonville
597,White Rock Orthodontics,Dental & Medical,Dallas,TX,Dallas–Fort Worth,4.9,546,(214) 613-2122,https://whiterockorthodontics.com/,https://rovenhr.com/business/dfw/white-rock-orthodontics-chijy3,https://rovenhr.com/contact.html?claim=White%20Rock%20Orthodontics&metro=Dallas–Fort%20Worth
598,Boudoir By Olin,Wedding & Events,Sacramento,CA,Sacramento,4.9,545,(844) 844-4094,http://www.boudoirbyolin.com/,https://rovenhr.com/business/sacramento/boudoir-by-olin-chijod,https://rovenhr.com/contact.html?claim=Boudoir%20By%20Olin&metro=Sacramento
599,Mondragon Mechanical LLC,Home Services,Dallas,TX,Dallas–Fort Worth,4.9,545,(972) 214-7002,https://mondragonac.com/,https://rovenhr.com/business/dfw/mondragon-mechanical-llc-chijs3,https://rovenhr.com/contact.html?claim=Mondragon%20Mechanical%20LLC&metro=Dallas–Fort%20Worth
600,Austin Advanced Dentistry,Dental & Medical,Austin,TX,Austin,4.8,882,(512) 331-6677,http://austinadvanceddentistry.com/,https://rovenhr.com/business/austin/austin-advanced-dentistry-chijo3,https://rovenhr.com/contact.html?claim=Austin%20Advanced%20Dentistry&metro=Austin
601,ASC Heating & Air Conditioning,Home Services,San Antonio,TX,San Antonio,4.9,542,(210) 761-5033,https://allseasonsac-sa.com/,https://rovenhr.com/business/san_antonio/asc-heating-air-conditioning-chijpz,https://rovenhr.com/contact.html?claim=ASC%20Heating%20&%20Air%20Conditioning&metro=San%20Antonio
602,Bryan Place Dental | Dentistry & Orthodontics,Dental & Medical,Dallas,TX,Dallas–Fort Worth,4.9,542,(214) 823-1181,https://1dentalgrouptx.com/locations/bryan-dental-clinic-dallas/,https://rovenhr.com/business/dfw/bryan-place-dental-dentistry-orthodontics-chijnd,https://rovenhr.com/contact.html?claim=Bryan%20Place%20Dental%20|%20Dentistry%20&%20Orthodontics&metro=Dallas–Fort%20Worth
603,Bayou City Smiles,Dental & Medical,Houston,TX,Houston,5,355,(281) 220-8316,https://www.bayoucitysmiles.com/locations/montrose/,https://rovenhr.com/business/houston/bayou-city-smiles-chijcc,https://rovenhr.com/contact.html?claim=Bayou%20City%20Smiles&metro=Houston
604,West U Orthodontics,Dental & Medical,Houston,TX,Houston,5,353,(713) 481-4885,http://www.westuortho.com/,https://rovenhr.com/business/houston/west-u-orthodontics-chijtz,https://rovenhr.com/contact.html?claim=West%20U%20Orthodontics&metro=Houston
605,Miamidentist4u by Javier Andrade DDS,Dental & Medical,Miami,FL,Miami,4.9,536,(305) 220-1866,http://www.miamidentist4u.com/,https://rovenhr.com/business/miami/miamidentist4u-by-javier-andrade-dds-chijo4,https://rovenhr.com/contact.html?claim=Miamidentist4u%20by%20Javier%20Andrade%20DDS&metro=Miami
606,Wilks Air Conditioning & Heating,Home Services,San Antonio,TX,San Antonio,4.9,536,(210) 534-9911,https://wilksair.com/?utm_source=google&utm_medium=organic&utm_campaign=GMBListing-SanAntonio-TX,https://rovenhr.com/business/san_antonio/wilks-air-conditioning-heating-chijx5,https://rovenhr.com/contact.html?claim=Wilks%20Air%20Conditioning%20&%20Heating&metro=San%20Antonio
607,Tyto Media,Wedding & Events,Orlando,FL,Orlando,4.9,535,(407) 377-7766,https://www.tyto.media/,https://rovenhr.com/business/orlando/tyto-media-chijy2,https://rovenhr.com/contact.html?claim=Tyto%20Media&metro=Orlando
608,Saturn Photography,Wedding & Events,Austin,TX,Austin,5,351,(512) 638-4912,https://www.saturnphotography.com/,https://rovenhr.com/business/austin/saturn-photography-chij1t,https://rovenhr.com/contact.html?claim=Saturn%20Photography&metro=Austin
609,Superior Plumbing & Pipe Lining,Home Services,Jacksonville,FL,Jacksonville,4.9,533,(904) 238-8001,http://superiorplumbingjax.com/,https://rovenhr.com/business/jacksonville/superior-plumbing-pipe-lining-chij7u,https://rovenhr.com/contact.html?claim=Superior%20Plumbing%20&%20Pipe%20Lining&metro=Jacksonville
610,On Pointe Dentistry,Dental & Medical,Phoenix,AZ,Phoenix,4.8,865,(602) 737-1497,https://opdaz.com/?utm_source=GMBListing&utm_medium=Organic,https://rovenhr.com/business/phoenix/on-pointe-dentistry-chija4,https://rovenhr.com/contact.html?claim=On%20Pointe%20Dentistry&metro=Phoenix
611,Greater Houston Orthodontics,Dental & Medical,Houston,TX,Houston,4.9,533,(713) 662-0621,https://greaterhoustonorthodontist.com/,https://rovenhr.com/business/houston/greater-houston-orthodontics-chije8,https://rovenhr.com/contact.html?claim=Greater%20Houston%20Orthodontics&metro=Houston
612,Gabe's Priority AC Service,Home Services,San Antonio,TX,San Antonio,5,350,(210) 430-9300,http://gabespriorityac.com/,https://rovenhr.com/business/san_antonio/gabe-s-priority-ac-service-chij-u,https://rovenhr.com/contact.html?claim=Gabe's%20Priority%20AC%20Service&metro=San%20Antonio
613,House Pro Air Conditioning,Home Services,Houston,TX,Houston,4.7,1519,(281) 941-6471,https://www.houseproac.com/?utm_source=GBP&utm_medium=organic,https://rovenhr.com/business/houston/house-pro-air-conditioning-chijie,https://rovenhr.com/contact.html?claim=House%20Pro%20Air%20Conditioning&metro=Houston
614,Image Orthodontics - Pacific Heights,Dental & Medical,San Francisco,CA,San Francisco,4.9,531,(415) 286-5384,https://imageorthodontics.com/locations/san-francisco-pacific-heights-orthodontist/?utm_source=google&utm_medium=organic&utm_campaign=gbp-pacific-website-clicks,https://rovenhr.com/business/sf/image-orthodontics-pacific-heights-chij7b,https://rovenhr.com/contact.html?claim=Image%20Orthodontics%20-%20Pacific%20Heights&metro=San%20Francisco
615,Alamo Springs Dental,Dental & Medical,San Antonio,TX,San Antonio,4.9,530,(210) 463-9339,https://www.alamospringsdental.com/,https://rovenhr.com/business/san_antonio/alamo-springs-dental-chijj6,https://rovenhr.com/contact.html?claim=Alamo%20Springs%20Dental&metro=San%20Antonio
616,New Tampa Smiles,Dental & Medical,Tampa,FL,Tampa,5,348,(813) 463-8039,https://newtampasmile.com/?utm_source=GMBListing&utm_medium=Organic,https://rovenhr.com/business/tampa/new-tampa-smiles-chijac,https://rovenhr.com/contact.html?claim=New%20Tampa%20Smiles&metro=Tampa
617,Lucent Dentistry,Dental & Medical,Austin,TX,Austin,4.9,528,(512) 458-5600,http://www.lucentdentistryaustin.com/,https://rovenhr.com/business/austin/lucent-dentistry-chijoy,https://rovenhr.com/contact.html?claim=Lucent%20Dentistry&metro=Austin
618,Fresh Dental Tampa,Dental & Medical,Tampa,FL,Tampa,5,347,(813) 308-9504,http://www.freshdentalfl.com/,https://rovenhr.com/business/tampa/fresh-dental-tampa-chijac,https://rovenhr.com/contact.html?claim=Fresh%20Dental%20Tampa&metro=Tampa
619,Breeze Dental,Dental & Medical,Austin,TX,Austin,4.8,855,(512) 745-8825,https://www.breezeoralcare.com/,https://rovenhr.com/business/austin/breeze-dental-chijrt,https://rovenhr.com/contact.html?claim=Breeze%20Dental&metro=Austin
620,Ivonne Photo,Wedding & Events,Miami,FL,Miami,5,345,(305) 343-2306,http://www.ivonnephoto.com/,https://rovenhr.com/business/miami/ivonne-photo-chiju7,https://rovenhr.com/contact.html?claim=Ivonne%20Photo&metro=Miami
621,Yeti Cooling & Heating,Home Services,San Antonio,TX,San Antonio,4.9,524,(210) 270-9990,https://www.yeticomfort.com/,https://rovenhr.com/business/san_antonio/yeti-cooling-heating-chijt4,https://rovenhr.com/contact.html?claim=Yeti%20Cooling%20&%20Heating&metro=San%20Antonio
622,Merritt Orthodontics,Dental & Medical,San Antonio,TX,San Antonio,5,344,(210) 344-9715,https://www.sabraces.com/,https://rovenhr.com/business/san_antonio/merritt-orthodontics-chijma,https://rovenhr.com/contact.html?claim=Merritt%20Orthodontics&metro=San%20Antonio
623,Ultra Smile Miami,Dental & Medical,Miami,FL,Miami,4.8,847,(305) 372-1020,http://ultrasmilemiami.com/,https://rovenhr.com/business/miami/ultra-smile-miami-chijzf,https://rovenhr.com/contact.html?claim=Ultra%20Smile%20Miami&metro=Miami
624,Appliance & Air Care Experts,Home Services,Dallas,TX,Dallas–Fort Worth,4.9,522,(972) 771-5987,https://www.applianceandaircare.com/?utm_source=google&utm_medium=organic&utm_campaign=gbp,https://rovenhr.com/business/dfw/appliance-air-care-experts-chijvy,https://rovenhr.com/contact.html?claim=Appliance%20&%20Air%20Care%20Experts&metro=Dallas–Fort%20Worth
625,The Lee Thompson Co,Home Services,Houston,TX,Houston,4.9,521,(713) 869-9895,https://www.leethompsonac.com/,https://rovenhr.com/business/houston/the-lee-thompson-co-chijnz,https://rovenhr.com/contact.html?claim=The%20Lee%20Thompson%20Co&metro=Houston
626,Precise Air Systems Inc.,Home Services,Los Angeles,CA,Los Angeles,4.9,519,(818) 240-1737,https://www.preciseairsystems.com/?utm_source=google&utm_medium=organic&utm_campaign=gbp,https://rovenhr.com/business/la/precise-air-systems-inc-chijfs,https://rovenhr.com/contact.html?claim=Precise%20Air%20Systems%20Inc.&metro=Los%20Angeles
627,Bayfront Dental - Dr. Taylor Light,Dental & Medical,Miami,FL,Miami,4.9,517,(305) 530-1866,https://www.bayfrontdental.com/,https://rovenhr.com/business/miami/bayfront-dental-dr-taylor-light-chijxf,https://rovenhr.com/contact.html?claim=Bayfront%20Dental%20-%20Dr.%20Taylor%20Light&metro=Miami
628,JAX Dental Studio,Dental & Medical,Jacksonville,FL,Jacksonville,4.9,517,(904) 643-2442,https://www.jaxdentalstudio.com/?utm_campaign=gmb,https://rovenhr.com/business/jacksonville/jax-dental-studio-chijl-,https://rovenhr.com/contact.html?claim=JAX%20Dental%20Studio&metro=Jacksonville
629,Fundamental Dental - Dallas,Dental & Medical,Dallas,TX,Dallas–Fort Worth,5,340,(972) 945-2981,https://fundental.com/?utm_source=GMB&utm_medium=seo&utm_campaign=GBP,https://rovenhr.com/business/dfw/fundamental-dental-dallas-chij6v,https://rovenhr.com/contact.html?claim=Fundamental%20Dental%20-%20Dallas&metro=Dallas–Fort%20Worth
630,All About Air Conditioning & Heating LLC,Home Services,San Antonio,TX,San Antonio,5,340,(210) 274-1088,https://allaboutacandheating.com/,https://rovenhr.com/business/san_antonio/all-about-air-conditioning-heating-llc-chijvx,https://rovenhr.com/contact.html?claim=All%20About%20Air%20Conditioning%20&%20Heating%20LLC&metro=San%20Antonio
631,Advance Orthodontics - Dr. John Karotkin,Dental & Medical,Houston,TX,Houston,4.9,516,(713) 783-8888,https://advanceorthodonticshouston.com/?utm_source=gmb&utm_medium=local&utm_campaign=website,https://rovenhr.com/business/houston/advance-orthodontics-dr-john-karotkin-chijdc,https://rovenhr.com/contact.html?claim=Advance%20Orthodontics%20-%20Dr.%20John%20Karotkin&metro=Houston
632,Clear Air Conditioning and Heating,Home Services,Phoenix,AZ,Phoenix,4.9,514,(623) 516-8373,http://clearairaz.com/,https://rovenhr.com/business/phoenix/clear-air-conditioning-and-heating-chijlw,https://rovenhr.com/contact.html?claim=Clear%20Air%20Conditioning%20and%20Heating&metro=Phoenix
633,Holt Orthodontics,Dental & Medical,Sacramento,CA,Sacramento,4.9,514,(916) 481-6424,https://bracesbyholt.com/,https://rovenhr.com/business/sacramento/holt-orthodontics-chijy3,https://rovenhr.com/contact.html?claim=Holt%20Orthodontics&metro=Sacramento
634,My Kelly's AC,Home Services,Houston,TX,Houston,5,338,(281) 909-7002,https://www.mykellysac.com/?utm_source=cumulus&utm_medium=onlinepresence&utm_campaign=gbp,https://rovenhr.com/business/houston/my-kelly-s-ac-chij69,https://rovenhr.com/contact.html?claim=My%20Kelly's%20AC&metro=Houston
635,"Chills On Wheels Heating & Air Contractors, Inc.",Home Services,Jacksonville,FL,Jacksonville,4.9,513,(904) 820-3500,https://chillsonwheels.com/?utm_source=google&utm_medium=organic&utm_campaign=gbpcassat,https://rovenhr.com/business/jacksonville/chills-on-wheels-heating-air-contractors-inc-chijcd,"https://rovenhr.com/contact.html?claim=Chills%20On%20Wheels%20Heating%20&%20Air%20Contractors,%20Inc.&metro=Jacksonville"
636,Downtown Smiles Phoenix Dental Care,Dental & Medical,Phoenix,AZ,Phoenix,5,338,(602) 566-9005,http://downtownsmilesphx.com/,https://rovenhr.com/business/phoenix/downtown-smiles-phoenix-dental-care-chijoy,https://rovenhr.com/contact.html?claim=Downtown%20Smiles%20Phoenix%20Dental%20Care&metro=Phoenix
637,Premium Plumbing,Home Services,Tampa,FL,Tampa,4.9,511,(813) 355-0883,https://mypremiumplumbing.com/,https://rovenhr.com/business/tampa/premium-plumbing-chijq6,https://rovenhr.com/contact.html?claim=Premium%20Plumbing&metro=Tampa
638,Orlando Dental Center,Dental & Medical,Orlando,FL,Orlando,4.8,827,(407) 851-7740,http://www.orlandodentalcenter.com/,https://rovenhr.com/business/orlando/orlando-dental-center-chijsz,https://rovenhr.com/contact.html?claim=Orlando%20Dental%20Center&metro=Orlando
639,Gustavo Fernández Photography,Wedding & Events,Miami,FL,Miami,5,336,(305) 204-1300,http://www.gustavofernandez.com/,https://rovenhr.com/business/miami/gustavo-fern-ndez-photography-chijx5,https://rovenhr.com/contact.html?claim=Gustavo%20Fernández%20Photography&metro=Miami
640,Matt Roberts Photography,Wedding & Events,San Antonio,TX,San Antonio,5,334,(726) 227-1027,https://www.mattrobertsphoto.com/,https://rovenhr.com/business/san_antonio/matt-roberts-photography-chijiw,https://rovenhr.com/contact.html?claim=Matt%20Roberts%20Photography&metro=San%20Antonio
641,Wedibox,Wedding & Events,Sacramento,CA,Sacramento,4.9,506,(530) 479-1188,https://www.wedibox.com/,https://rovenhr.com/business/sacramento/wedibox-chij7z,https://rovenhr.com/contact.html?claim=Wedibox&metro=Sacramento
642,GEI Plumbing Services Houston,Home Services,Houston,TX,Houston,4.8,817,(832) 402-8312,https://www.geiplumbingservices.com/,https://rovenhr.com/business/houston/gei-plumbing-services-houston-chijg4,https://rovenhr.com/contact.html?claim=GEI%20Plumbing%20Services%20Houston&metro=Houston
643,Solo Mio Photo,Wedding & Events,Pembroke Pines,FL,Miami,5,333,(305) 942-0978,http://www.solomiophoto.com/,https://rovenhr.com/business/miami/solo-mio-photo-chijb8,https://rovenhr.com/contact.html?claim=Solo%20Mio%20Photo&metro=Miami
644,1st Home & Commercial Services,Home Services,Austin,TX,Austin,4.8,816,(512) 282-7787,https://www.1sthomeandcommercialservices.com/,https://rovenhr.com/business/austin/1st-home-commercial-services-chijzq,https://rovenhr.com/contact.html?claim=1st%20Home%20&%20Commercial%20Services&metro=Austin
645,Cozy - D Heating & A/C LLC,Home Services,Dallas,TX,Dallas–Fort Worth,4.9,504,(972) 291-8002,http://www.cozydair.com/,https://rovenhr.com/business/dfw/cozy-d-heating-a-c-llc-chijnw,https://rovenhr.com/contact.html?claim=Cozy%20-%20D%20Heating%20&%20A/C%20LLC&metro=Dallas–Fort%20Worth
646,Gables Family Dental,Dental & Medical,Miami,FL,Miami,4.9,503,(305) 504-5553,http://www.gablesfamily.com/,https://rovenhr.com/business/miami/gables-family-dental-chij64,https://rovenhr.com/contact.html?claim=Gables%20Family%20Dental&metro=Miami
647,Bellaire Air Conditioning,Home Services,Houston,TX,Houston,4.9,502,(713) 428-2279,https://www.bellaireair.com/,https://rovenhr.com/business/houston/bellaire-air-conditioning-chijee,https://rovenhr.com/contact.html?claim=Bellaire%20Air%20Conditioning&metro=Houston
648,"Sarah Borchgrevink Photography, LLC",Wedding & Events,Houston,TX,Houston,5,331,(832) 795-3782,https://www.sarahborchgrevinkphotography.com/,https://rovenhr.com/business/houston/sarah-borchgrevink-photography-llc-chijo7,"https://rovenhr.com/contact.html?claim=Sarah%20Borchgrevink%20Photography,%20LLC&metro=Houston"
649,Veterans AC Repair Phoenix,Home Services,Phoenix,AZ,Phoenix,5,330,(602) 830-1499,https://veteransacphx.com/,https://rovenhr.com/business/phoenix/veterans-ac-repair-phoenix-chijm3,https://rovenhr.com/contact.html?claim=Veterans%20AC%20Repair%20Phoenix&metro=Phoenix
650,Universal Dental Spa,Dental & Medical,Orlando,FL,Orlando,4.9,499,(407) 248-0484,https://www.universaldentalspa.com/,https://rovenhr.com/business/orlando/universal-dental-spa-chijfw,https://rovenhr.com/contact.html?claim=Universal%20Dental%20Spa&metro=Orlando
651,"RJ Orthodontics - Orthodontist in Austin, TX",Dental & Medical,Austin,TX,Austin,5,329,(512) 363-5792,https://rjorthodontics.com/,https://rovenhr.com/business/austin/rj-orthodontics-orthodontist-in-austin-tx-chijuq,"https://rovenhr.com/contact.html?claim=RJ%20Orthodontics%20-%20Orthodontist%20in%20Austin,%20TX&metro=Austin"
652,billyGO Air Conditioning & Plumbing - Dallas,Home Services,Dallas,TX,Dallas–Fort Worth,4.7,1399,(214) 267-9944,https://www.billygo.com/service-area/dallas-tx/,https://rovenhr.com/business/dfw/billygo-air-conditioning-plumbing-dallas-chijjb,https://rovenhr.com/contact.html?claim=billyGO%20Air%20Conditioning%20&%20Plumbing%20-%20Dallas&metro=Dallas–Fort%20Worth
653,South Austin Dental,Dental & Medical,Austin,TX,Austin,5,327,(512) 441-8922,https://southaustindental.com/,https://rovenhr.com/business/austin/south-austin-dental-chijc6,https://rovenhr.com/contact.html?claim=South%20Austin%20Dental&metro=Austin
654,Mindfulness Dental,Dental & Medical,Los Angeles,CA,Los Angeles,5,326,(213) 219-7766,https://www.mindfulnessdentalla.com/,https://rovenhr.com/business/la/mindfulness-dental-chijgt,https://rovenhr.com/contact.html?claim=Mindfulness%20Dental&metro=Los%20Angeles
655,Aberle Plumbing LLC,Home Services,Houston,TX,Houston,4.9,494,(281) 458-5911,http://aberleplumbing.com/,https://rovenhr.com/business/houston/aberle-plumbing-llc-chijmy,https://rovenhr.com/contact.html?claim=Aberle%20Plumbing%20LLC&metro=Houston
656,TRU Dentistry Austin,Dental & Medical,Austin,TX,Austin,4.9,493,(737) 201-9488,https://www.trudentistryaustin.com/,https://rovenhr.com/business/austin/tru-dentistry-austin-chijra,https://rovenhr.com/contact.html?claim=TRU%20Dentistry%20Austin&metro=Austin
657,Dentistry of East Sacramento,Dental & Medical,Sacramento,CA,Sacramento,5,324,(916) 299-0499,https://www.dentistryofeastsacramento.com/,https://rovenhr.com/business/sacramento/dentistry-of-east-sacramento-chijh9,https://rovenhr.com/contact.html?claim=Dentistry%20of%20East%20Sacramento&metro=Sacramento
658,Green Dentistry - Dr. Namrata Patel,Dental & Medical,San Francisco,CA,San Francisco,4.8,787,(415) 299-6492,https://sfgreendentist.com/?utm_source=GoogleBusinessProfile&utm_medium=Organic&utm_campaign=Website,https://rovenhr.com/business/sf/green-dentistry-dr-namrata-patel-chijc2,https://rovenhr.com/contact.html?claim=Green%20Dentistry%20-%20Dr.%20Namrata%20Patel&metro=San%20Francisco
659,Complete Dental Care Paradise Valley,Dental & Medical,Phoenix,AZ,Phoenix,4.9,488,(480) 530-0492,https://www.completedentalcareaz.com/,https://rovenhr.com/business/phoenix/complete-dental-care-paradise-valley-chijo0,https://rovenhr.com/contact.html?claim=Complete%20Dental%20Care%20Paradise%20Valley&metro=Phoenix
660,Frankie's Plumbing,Home Services,San Diego,CA,San Diego,5,321,(619) 395-5254,https://www.frankiesplumbing.us/,https://rovenhr.com/business/san_diego/frankie-s-plumbing-chijv4,https://rovenhr.com/contact.html?claim=Frankie's%20Plumbing&metro=San%20Diego
661,Somers Plumbers - Phoenix Plumbing Company,Home Services,Phoenix,AZ,Phoenix,5,321,(480) 568-2596,https://www.somersplumbers.net/,https://rovenhr.com/business/phoenix/somers-plumbers-phoenix-plumbing-company-chijyq,https://rovenhr.com/contact.html?claim=Somers%20Plumbers%20-%20Phoenix%20Plumbing%20Company&metro=Phoenix
662,All Hours Plumber,Home Services,Tampa,FL,Tampa,4.9,485,(813) 774-1199,https://allhoursplumber.com/?utm_source=google&utm_medium=organic&utm_campaign=google_business_profile_tampa_1&utm_content=kennedy_website_button,https://rovenhr.com/business/tampa/all-hours-plumber-chijud,https://rovenhr.com/contact.html?claim=All%20Hours%20Plumber&metro=Tampa
663,Palms Air Conditioning and Heating,Home Services,Jacksonville,FL,Jacksonville,5,320,(904) 209-7783,https://www.palmsair.com/,https://rovenhr.com/business/jacksonville/palms-air-conditioning-and-heating-chijq8,https://rovenhr.com/contact.html?claim=Palms%20Air%20Conditioning%20and%20Heating&metro=Jacksonville
664,All About Smiles Orthodontics Orlando,Dental & Medical,Orlando,FL,Orlando,4.9,484,(407) 305-3385,https://www.allaboutsmilesortho.com/?utm_source=gbp&utm_medium=organic&utm_campaign=gbp-listing&utm_content=OFL_Orlando_Sand,https://rovenhr.com/business/orlando/all-about-smiles-orthodontics-orlando-chijtx,https://rovenhr.com/contact.html?claim=All%20About%20Smiles%20Orthodontics%20Orlando&metro=Orlando
665,Mighty Air Inc,Home Services,Jacksonville,FL,Jacksonville,4.8,778,(904) 549-6571,http://www.mightyairinc.com/,https://rovenhr.com/business/jacksonville/mighty-air-inc-chijqx,https://rovenhr.com/contact.html?claim=Mighty%20Air%20Inc&metro=Jacksonville
666,Arizona Biltmore Dentistry,Dental & Medical,Phoenix,AZ,Phoenix,4.7,1353,(602) 737-3624,https://www.arizonabiltmoredentistry.com/?utm_campaign=gmb,https://rovenhr.com/business/phoenix/arizona-biltmore-dentistry-chij4z,https://rovenhr.com/contact.html?claim=Arizona%20Biltmore%20Dentistry&metro=Phoenix
667,The Trenchless Co.,Home Services,Sacramento,CA,Sacramento,4.8,776,(916) 455-4433,http://www.dontdig.com/,https://rovenhr.com/business/sacramento/the-trenchless-co-chijrc,https://rovenhr.com/contact.html?claim=The%20Trenchless%20Co.&metro=Sacramento
668,"Efficient AC, Electric & Plumbing",Home Services,Austin,TX,Austin,4.8,775,(512) 537-4700,https://efficienttexas.com/?utm_source=google&utm_medium=organic&utm_campaign=website_link,https://rovenhr.com/business/austin/efficient-ac-electric-plumbing-chijve,"https://rovenhr.com/contact.html?claim=Efficient%20AC,%20Electric%20&%20Plumbing&metro=Austin"
669,All Smiles Dental Care,Dental & Medical,Phoenix,AZ,Phoenix,4.9,480,(602) 960-9130,https://allsmilesaz.net/,https://rovenhr.com/business/phoenix/all-smiles-dental-care-chij08,https://rovenhr.com/contact.html?claim=All%20Smiles%20Dental%20Care&metro=Phoenix
670,Bridgeview Dental,Dental & Medical,Austin,TX,Austin,4.9,480,(512) 489-9738,https://www.bridgeviewdental.com/,https://rovenhr.com/business/austin/bridgeview-dental-chijyu,https://rovenhr.com/contact.html?claim=Bridgeview%20Dental&metro=Austin
671,The Dentists at 650 Heights,Dental & Medical,Houston,TX,Houston,4.9,480,(281) 974-4086,https://dentistsat650heights.com/?utm_source=GMBListing&utm_medium=Organic&utm_campaign=GMBListing,https://rovenhr.com/business/houston/the-dentists-at-650-heights-chijce,https://rovenhr.com/contact.html?claim=The%20Dentists%20at%20650%20Heights&metro=Houston
672,Dental Care at Moon Valley,Dental & Medical,Phoenix,AZ,Phoenix,4.9,479,(602) 843-6000,https://www.dentalcareatmoonvalley.com/,https://rovenhr.com/business/phoenix/dental-care-at-moon-valley-chijxb,https://rovenhr.com/contact.html?claim=Dental%20Care%20at%20Moon%20Valley&metro=Phoenix
673,Scottsdale Air Heating & Cooling,Home Services,Phoenix,AZ,Phoenix,4.9,477,(602) 834-2160,https://www.scottsdaleair.com/,https://rovenhr.com/business/phoenix/scottsdale-air-heating-cooling-chijlz,https://rovenhr.com/contact.html?claim=Scottsdale%20Air%20Heating%20&%20Cooling&metro=Phoenix
674,"Harry Hayes Plumbing, Water Heater Repair & Drain Cleaning",Home Services,Jacksonville,FL,Jacksonville,4.8,766,(904) 906-8486,https://harryhayesplumbing.com/?utm_source=google&utm_medium=organic&utm_campaign=gbp_jacksonvillefl,https://rovenhr.com/business/jacksonville/harry-hayes-plumbing-water-heater-repair-drain-cleaning-chijy9,"https://rovenhr.com/contact.html?claim=Harry%20Hayes%20Plumbing,%20Water%20Heater%20Repair%20&%20Drain%20Cleaning&metro=Jacksonville"
675,Heights Dental Tampa,Dental & Medical,Tampa,FL,Tampa,5,315,(813) 578-7887,http://www.heightsdentaltampa.com/,https://rovenhr.com/business/tampa/heights-dental-tampa-chijwy,https://rovenhr.com/contact.html?claim=Heights%20Dental%20Tampa&metro=Tampa
676,Ultra Smile DentaSpa,Dental & Medical,Miami,FL,Miami,4.8,765,(305) 676-5330,https://www.ultrasmilemiami.com/,https://rovenhr.com/business/miami/ultra-smile-dentaspa-chij0c,https://rovenhr.com/contact.html?claim=Ultra%20Smile%20DentaSpa&metro=Miami
677,ABC Home & Commercial Services - HVAC Services Department,Home Services,San Antonio,TX,San Antonio,4.9,475,(210) 637-4623,https://www.abchomeandcommercial.com/sanantonio/hvac-repair/services,https://rovenhr.com/business/san_antonio/abc-home-commercial-services-hvac-services-department-chijct,https://rovenhr.com/contact.html?claim=ABC%20Home%20&%20Commercial%20Services%20-%20HVAC%20Services%20Department&metro=San%20Antonio
678,Jenkins Heating & Air,Home Services,Jacksonville,FL,Jacksonville,4.8,764,(904) 268-9904,http://jenkinsheatingandair.com/,https://rovenhr.com/business/jacksonville/jenkins-heating-air-chijmb,https://rovenhr.com/contact.html?claim=Jenkins%20Heating%20&%20Air&metro=Jacksonville
679,Seminole Heights Family Dentistry,Dental & Medical,Tampa,FL,Tampa,4.9,475,(813) 882-5211,https://www.sh-dentist.com/,https://rovenhr.com/business/tampa/seminole-heights-family-dentistry-chijn8,https://rovenhr.com/contact.html?claim=Seminole%20Heights%20Family%20Dentistry&metro=Tampa
680,A & M Plumbing,Home Services,San Antonio,TX,San Antonio,4.8,762,(210) 449-9588,https://aandmplumbingtx.com/,https://rovenhr.com/business/san_antonio/a-m-plumbing-chijvw,https://rovenhr.com/contact.html?claim=A%20&%20M%20Plumbing&metro=San%20Antonio
681,Miami Sedation & Cosmetic Dentistry,Dental & Medical,Miami,FL,Miami,4.9,473,(305) 912-0186,https://drramonbana.com/?utm_source=GMBlisting&utm_medium=organic&utm_campaign=gmb,https://rovenhr.com/business/miami/miami-sedation-cosmetic-dentistry-chij90,https://rovenhr.com/contact.html?claim=Miami%20Sedation%20&%20Cosmetic%20Dentistry&metro=Miami
682,Flex Dental,Dental & Medical,Tampa,FL,Tampa,4.9,473,(813) 999-1092,https://www.flex-dental.com/,https://rovenhr.com/business/tampa/flex-dental-chijaq,https://rovenhr.com/contact.html?claim=Flex%20Dental&metro=Tampa
683,Downtown Houston Dental,Dental & Medical,Houston,TX,Houston,4.9,472,(713) 229-8100,http://www.downtownhoustondentist.com/,https://rovenhr.com/business/houston/downtown-houston-dental-chij-y,https://rovenhr.com/contact.html?claim=Downtown%20Houston%20Dental&metro=Houston
684,Mission Valley Dental Arts,Dental & Medical,San Diego,CA,San Diego,4.9,472,(619) 348-6448,https://www.missionvalleydentalarts.com/?utm_source=GMB&utm_medium=organic&utm_campaign=DevOptimization&utm_content=Website,https://rovenhr.com/business/san_diego/mission-valley-dental-arts-chijgf,https://rovenhr.com/contact.html?claim=Mission%20Valley%20Dental%20Arts&metro=San%20Diego
685,"Estes Heating and Air-Conditioning, Inc.",Home Services,Jacksonville,FL,Jacksonville,4.9,472,(904) 241-6727,https://www.airbyestes.com/?utm_source=google&utm_medium=organic&utm_campaign=gbp,https://rovenhr.com/business/jacksonville/estes-heating-and-air-conditioning-inc-chijyd,"https://rovenhr.com/contact.html?claim=Estes%20Heating%20and%20Air-Conditioning,%20Inc.&metro=Jacksonville"
686,"Tampa Smiles: John L. Redd II, DMD",Dental & Medical,Tampa,FL,Tampa,4.9,471,(813) 981-7517,https://www.tampasmiles.com/,https://rovenhr.com/business/tampa/tampa-smiles-john-l-redd-ii-dmd-chijpx,"https://rovenhr.com/contact.html?claim=Tampa%20Smiles:%20John%20L.%20Redd%20II,%20DMD&metro=Tampa"
687,"Ferran Air Conditioning, Electrical & Plumbing",Home Services,Orlando,FL,Orlando,4.7,1315,(407) 422-3551,https://ferran-services.com/service-areas/orange-county/orlando-fl/,https://rovenhr.com/business/orlando/ferran-air-conditioning-electrical-plumbing-chij8s,"https://rovenhr.com/contact.html?claim=Ferran%20Air%20Conditioning,%20Electrical%20&%20Plumbing&metro=Orlando"
688,The Art of Dentistry,Dental & Medical,San Diego,CA,San Diego,5,312,(619) 492-4514,https://www.sandiegoartofdentistry.com/?utm_source=GBP&utm_medium=GBP&utm_campaign=GBP_San_Diego&utm_id=GBP_San_Diego,https://rovenhr.com/business/san_diego/the-art-of-dentistry-chijcx,https://rovenhr.com/contact.html?claim=The%20Art%20of%20Dentistry&metro=San%20Diego
689,Normandy Lake Dentistry,Dental & Medical,Jacksonville,FL,Jacksonville,4.7,1312,(904) 293-2520,https://normandylakewooddentistry.com/?utm_source=google&utm_medium=gbp&utm_campaign=google_business,https://rovenhr.com/business/jacksonville/normandy-lake-dentistry-chij_f,https://rovenhr.com/contact.html?claim=Normandy%20Lake%20Dentistry&metro=Jacksonville
690,Nova Dentistry,Dental & Medical,San Antonio,TX,San Antonio,5,311,(210) 503-1604,https://thenovadentistry.com/,https://rovenhr.com/business/san_antonio/nova-dentistry-chij-3,https://rovenhr.com/contact.html?claim=Nova%20Dentistry&metro=San%20Antonio
691,Smile Doctors Orthodontics - Austin Research,Dental & Medical,Austin,TX,Austin,4.9,469,(512) 582-2060,https://smiledoctors.com/locations/austin-research/?utm_source=google_my_business&utm_medium=organic&utm_campaign=seo&utm_content=AUTX,https://rovenhr.com/business/austin/smile-doctors-orthodontics-austin-research-chijfd,https://rovenhr.com/contact.html?claim=Smile%20Doctors%20Orthodontics%20-%20Austin%20Research&metro=Austin
692,Turbo AC Repair Houston,Home Services,Houston,TX,Houston,4.8,754,(281) 519-6577,https://turbohomeservices.com/,https://rovenhr.com/business/houston/turbo-ac-repair-houston-chijfa,https://rovenhr.com/contact.html?claim=Turbo%20AC%20Repair%20Houston&metro=Houston
693,John's Plumbing & Drain Services,Home Services,Los Angeles,CA,Los Angeles,4.9,469,(323) 422-7485,https://johnsplumber.com/,https://rovenhr.com/business/la/john-s-plumbing-drain-services-chijrx,https://rovenhr.com/contact.html?claim=John's%20Plumbing%20&%20Drain%20Services&metro=Los%20Angeles
694,Pacific Plumbing Team,Home Services,Los Angeles,CA,Los Angeles,5,310,(323) 645-2537,https://pacificplumbingteam.com/?utm_source=google&utm_medium=organic&utm_campaign=gmb,https://rovenhr.com/business/la/pacific-plumbing-team-chijc4,https://rovenhr.com/contact.html?claim=Pacific%20Plumbing%20Team&metro=Los%20Angeles
695,Northpark Dental Associates,Dental & Medical,Dallas,TX,Dallas–Fort Worth,5,309,(214) 696-8096,https://www.northparkdental.com/,https://rovenhr.com/business/dfw/northpark-dental-associates-chije9,https://rovenhr.com/contact.html?claim=Northpark%20Dental%20Associates&metro=Dallas–Fort%20Worth
696,Normandy Lake Dentistry,Dental & Medical,Jacksonville,FL,Jacksonville,4.6,2492,(904) 783-1633,https://normandylakewooddentistry.com/locations/normandy-dentistry/?utm_source=google&utm_medium=gbp&utm_campaign=google_business,https://rovenhr.com/business/jacksonville/normandy-lake-dentistry-chijzx,https://rovenhr.com/contact.html?claim=Normandy%20Lake%20Dentistry&metro=Jacksonville
697,Oxana Alex Photography,Wedding & Events,Los Angeles,CA,Los Angeles,5,308,(310) 854-9695,http://www.oxanaalexphotography.com/,https://rovenhr.com/business/la/oxana-alex-photography-chijw5,https://rovenhr.com/contact.html?claim=Oxana%20Alex%20Photography&metro=Los%20Angeles
698,Rapid First Plumbing,Home Services,McClellan Park,CA,Sacramento,4.9,464,(916) 448-2672,https://rapidfirstplumbing.com/?utm_source=google&utm_medium=organic&utm_campaign=gmbwebsite,https://rovenhr.com/business/sacramento/rapid-first-plumbing-chijd4,https://rovenhr.com/contact.html?claim=Rapid%20First%20Plumbing&metro=Sacramento
699,Dental Depot,Dental & Medical,Dallas,TX,Dallas–Fort Worth,4.9,462,(972) 619-9034,https://dentaldepotdfw.com/locations/dallas/?y_source=1_Nzk3MzUwODYtNzE1LWxvY2F0aW9uLndlYnNpdGU%3D,https://rovenhr.com/business/dfw/dental-depot-chijo1,https://rovenhr.com/contact.html?claim=Dental%20Depot&metro=Dallas–Fort%20Worth
700,Glam Boudoir,Wedding & Events,Tampa,FL,Tampa,5,306,(863) 347-9391,https://glamboudoir.com/,https://rovenhr.com/business/tampa/glam-boudoir-chijyv,https://rovenhr.com/contact.html?claim=Glam%20Boudoir&metro=Tampa
701,FLOSS Dental of Dallas,Dental & Medical,Dallas,TX,Dallas–Fort Worth,5,305,(214) 506-2969,https://www.flossdentaldallas.com/,https://rovenhr.com/business/dfw/floss-dental-of-dallas-chijtx,https://rovenhr.com/contact.html?claim=FLOSS%20Dental%20of%20Dallas&metro=Dallas–Fort%20Worth
702,North Tampa Dentistry: Robert Bellegarrigue DMD,Dental & Medical,Tampa,FL,Tampa,4.9,459,(813) 968-5368,https://www.northtampadentistry.com/?utm_source=local&utm_medium=organic&utm_campaign=gbp_home,https://rovenhr.com/business/tampa/north-tampa-dentistry-robert-bellegarrigue-dmd-chij-y,https://rovenhr.com/contact.html?claim=North%20Tampa%20Dentistry:%20Robert%20Bellegarrigue%20DMD&metro=Tampa
703,Smile Dental Clinics,Dental & Medical,Phoenix,AZ,Phoenix,4.7,1275,(623) 257-7475,https://www.smiledentalclinics.com/,https://rovenhr.com/business/phoenix/smile-dental-clinics-chijy6,https://rovenhr.com/contact.html?claim=Smile%20Dental%20Clinics&metro=Phoenix
704,Dopazo Orthodontics,Dental & Medical,Jacksonville,FL,Jacksonville,5,303,(904) 398-6461,https://www.dopazoortho.com/,https://rovenhr.com/business/jacksonville/dopazo-orthodontics-chiji5,https://rovenhr.com/contact.html?claim=Dopazo%20Orthodontics&metro=Jacksonville
705,Ultimate Plumbing Solutions LLC,Home Services,Tampa,FL,Tampa,4.9,456,(813) 296-2010,https://ultimateplumbingsolutions.com/,https://rovenhr.com/business/tampa/ultimate-plumbing-solutions-llc-chijmx,https://rovenhr.com/contact.html?claim=Ultimate%20Plumbing%20Solutions%20LLC&metro=Tampa
706,AC Pros Air Conditioning & Plumbing,Home Services,Austin,TX,Austin,4.9,456,(512) 550-7422,https://www.acproshvac.com/,https://rovenhr.com/business/austin/ac-pros-air-conditioning-plumbing-chijwz,https://rovenhr.com/contact.html?claim=AC%20Pros%20Air%20Conditioning%20&%20Plumbing&metro=Austin
707,Lazzara Orthodontics,Dental & Medical,Jacksonville Beach,FL,Jacksonville,4.9,455,(904) 270-8750,https://beachesbraces.com/?utm_source=google&utm_medium=organic&utm_campaign=gbp-listing,https://rovenhr.com/business/jacksonville/lazzara-orthodontics-chijhc,https://rovenhr.com/contact.html?claim=Lazzara%20Orthodontics&metro=Jacksonville
708,Rio Dental Emergency Dentist San Antonio,Dental & Medical,San Antonio,TX,San Antonio,4.7,1263,(210) 785-8526,https://www.riodentaltx.com/?utm_source=google&utm_medium=gmb,https://rovenhr.com/business/san_antonio/rio-dental-emergency-dentist-san-antonio-chijju,https://rovenhr.com/contact.html?claim=Rio%20Dental%20Emergency%20Dentist%20San%20Antonio&metro=San%20Antonio
709,Beaver Dental Care of Jacksonville,Dental & Medical,Jacksonville,FL,Jacksonville,4.9,454,(904) 396-4746,https://beaverdental.com/?utm_source=google&utm_medium=social&utm_campaign=Beaver+Dental+Care+of+Jacksonville&utm_term=Dentist+Jacksonville,https://rovenhr.com/business/jacksonville/beaver-dental-care-of-jacksonville-chijpv,https://rovenhr.com/contact.html?claim=Beaver%20Dental%20Care%20of%20Jacksonville&metro=Jacksonville
710,Giunta Dentistry Tampa,Dental & Medical,Tampa,FL,Tampa,4.9,452,(813) 875-9367,https://www.giuntadentistry.com/,https://rovenhr.com/business/tampa/giunta-dentistry-tampa-chijyt,https://rovenhr.com/contact.html?claim=Giunta%20Dentistry%20Tampa&metro=Tampa
711,Advanced Dental Associates of Tampa Palms,Dental & Medical,Tampa,FL,Tampa,4.9,452,(813) 972-9077,https://www.dentisttampa.com/,https://rovenhr.com/business/tampa/advanced-dental-associates-of-tampa-palms-chijaf,https://rovenhr.com/contact.html?claim=Advanced%20Dental%20Associates%20of%20Tampa%20Palms&metro=Tampa
712,Toothbar,Dental & Medical,Austin,TX,Austin,4.8,724,(512) 607-4268,https://www.toothbar.com/,https://rovenhr.com/business/austin/toothbar-chijo0,https://rovenhr.com/contact.html?claim=Toothbar&metro=Austin
713,Arizona Orthodontic Studio,Dental & Medical,Phoenix,AZ,Phoenix,4.9,451,(480) 451-3088,http://www.thesmilecreators.com/,https://rovenhr.com/business/phoenix/arizona-orthodontic-studio-chij0q,https://rovenhr.com/contact.html?claim=Arizona%20Orthodontic%20Studio&metro=Phoenix
714,The Club at Bella Collina,Wedding & Events,Montverde,FL,Orlando,4.8,722,(407) 469-4999,http://www.bellacollina.com/,https://rovenhr.com/business/orlando/the-club-at-bella-collina-chijda,https://rovenhr.com/contact.html?claim=The%20Club%20at%20Bella%20Collina&metro=Orlando
715,Paradise Dental Studio,Dental & Medical,Orlando,FL,Orlando,4.8,721,(407) 370-4600,https://www.paradise-dental.com/,https://rovenhr.com/business/orlando/paradise-dental-studio-chijq8,https://rovenhr.com/contact.html?claim=Paradise%20Dental%20Studio&metro=Orlando
716,Lady Bird Dental,Dental & Medical,Austin,TX,Austin,4.9,448,(512) 812-0036,https://ladybirddental.com/,https://rovenhr.com/business/austin/lady-bird-dental-chijha,https://rovenhr.com/contact.html?claim=Lady%20Bird%20Dental&metro=Austin
717,Dunn Orthodontics,Dental & Medical,Phoenix,AZ,Phoenix,4.9,447,(602) 864-0004,https://dunn-orthodontics.com/,https://rovenhr.com/business/phoenix/dunn-orthodontics-chijhf,https://rovenhr.com/contact.html?claim=Dunn%20Orthodontics&metro=Phoenix
718,North Valley Orthodontics,Dental & Medical,Phoenix,AZ,Phoenix,5,296,(480) 419-2222,http://northvalleysmiles.com/,https://rovenhr.com/business/phoenix/north-valley-orthodontics-chij8x,https://rovenhr.com/contact.html?claim=North%20Valley%20Orthodontics&metro=Phoenix
719,Lake Baldwin Dental,Dental & Medical,Orlando,FL,Orlando,4.9,444,(407) 515-8500,http://www.lakebaldwindental.com/,https://rovenhr.com/business/orlando/lake-baldwin-dental-chij7-,https://rovenhr.com/contact.html?claim=Lake%20Baldwin%20Dental&metro=Orlando
720,Weekend Dental Care,Dental & Medical,Phoenix,AZ,Phoenix,4.8,709,(602) 466-3001,https://www.weekend-dentalcare.com/,https://rovenhr.com/business/phoenix/weekend-dental-care-chij_u,https://rovenhr.com/contact.html?claim=Weekend%20Dental%20Care&metro=Phoenix
721,Tamara Knight Photography,Wedding & Events,Oviedo,FL,Orlando,4.9,443,(650) 218-2417,https://www.tamaraknight.com/,https://rovenhr.com/business/orlando/tamara-knight-photography-chijnw,https://rovenhr.com/contact.html?claim=Tamara%20Knight%20Photography&metro=Orlando
722,Next Care Dental Houston,Dental & Medical,Houston,TX,Houston,4.9,443,(713) 952-0522,https://www.nextcaredentalhouston.com/?utm_source=google&utm_medium=gmb,https://rovenhr.com/business/houston/next-care-dental-houston-chijdz,https://rovenhr.com/contact.html?claim=Next%20Care%20Dental%20Houston&metro=Houston
723,4Him Cooling and Heating Co,Home Services,Phoenix,AZ,Phoenix,4.9,443,(623) 294-1512,https://www.4himcooling.com/?utm_campaign=gmb,https://rovenhr.com/business/phoenix/4him-cooling-and-heating-co-chijl9,https://rovenhr.com/contact.html?claim=4Him%20Cooling%20and%20Heating%20Co&metro=Phoenix
724,Ganesha Photo,Wedding & Events,Aventura,FL,Miami,5,294,(954) 418-2583,http://ganeshaphoto.com/,https://rovenhr.com/business/miami/ganesha-photo-chijk9,https://rovenhr.com/contact.html?claim=Ganesha%20Photo&metro=Miami
725,Austin's Greatest Plumbing,Home Services,Austin,TX,Austin,5,294,(512) 377-9919,https://austinsgreatestplumbing.com/,https://rovenhr.com/business/austin/austin-s-greatest-plumbing-chijaz,https://rovenhr.com/contact.html?claim=Austin's%20Greatest%20Plumbing&metro=Austin
726,SG Mechanical Heating & Air,Home Services,Phoenix,AZ,Phoenix,4.9,440,(623) 777-9577,https://www.sgmechanicalair.com/,https://rovenhr.com/business/phoenix/sg-mechanical-heating-air-chijh8,https://rovenhr.com/contact.html?claim=SG%20Mechanical%20Heating%20&%20Air&metro=Phoenix
727,Carmel Valley Dental,Dental & Medical,San Diego,CA,San Diego,4.9,439,(858) 755-3780,https://carmelvalleydental.com/,https://rovenhr.com/business/san_diego/carmel-valley-dental-chijux,https://rovenhr.com/contact.html?claim=Carmel%20Valley%20Dental&metro=San%20Diego
728,Smith & Sons Heating and Air Inc.,Home Services,San Diego,CA,San Diego,5,291,(619) 251-9285,https://smithandsonsheatandair.com/,https://rovenhr.com/business/san_diego/smith-sons-heating-and-air-inc-chijuu,https://rovenhr.com/contact.html?claim=Smith%20&%20Sons%20Heating%20and%20Air%20Inc.&metro=San%20Diego
729,Justin The Plumber LLC,Home Services,Jacksonville,FL,Jacksonville,4.9,436,(904) 524-8188,https://www.justintheplumber.com/,https://rovenhr.com/business/jacksonville/justin-the-plumber-llc-chijq6,https://rovenhr.com/contact.html?claim=Justin%20The%20Plumber%20LLC&metro=Jacksonville
730,Ortho 99 Plus 1,Dental & Medical,Jacksonville,FL,Jacksonville,4.9,436,(904) 619-7140,https://www.ortho99plus1.com/?&utm_source=googlemybusiness&utm_medium=search&utm_campaign=arlington&utm_content=organic,https://rovenhr.com/business/jacksonville/ortho-99-plus-1-chijz9,https://rovenhr.com/contact.html?claim=Ortho%2099%20Plus%201&metro=Jacksonville
731,Preferred Dental Center,Dental & Medical,San Antonio,TX,San Antonio,4.8,696,(210) 822-8500,https://www.preferreddentalcenter.com/?utm_source=maps&utm_medium=organic&utm_campaign=PDM+san+antonio+tx&utm_content=website,https://rovenhr.com/business/san_antonio/preferred-dental-center-chij8y,https://rovenhr.com/contact.html?claim=Preferred%20Dental%20Center&metro=San%20Antonio
732,Anthony Mongiello Photography,Wedding & Events,Los Angeles,CA,Los Angeles,5,290,(818) 679-1099,http://anthonymongiello.com/,https://rovenhr.com/business/la/anthony-mongiello-photography-chijer,https://rovenhr.com/contact.html?claim=Anthony%20Mongiello%20Photography&metro=Los%20Angeles
733,Henderson Family Dental,Dental & Medical,Dallas,TX,Dallas–Fort Worth,4.8,696,(214) 823-2182,https://www.hfdentist.com/?utm_source=gbp&utm_medium=organic&utm_campaign=gbp,https://rovenhr.com/business/dfw/henderson-family-dental-chijqf,https://rovenhr.com/contact.html?claim=Henderson%20Family%20Dental&metro=Dallas–Fort%20Worth
734,Dentistry Of The Oaks,Dental & Medical,Houston,TX,Houston,4.9,435,(832) 906-8738,https://www.dentistryoftheoaks.com/,https://rovenhr.com/business/houston/dentistry-of-the-oaks-chijuc,https://rovenhr.com/contact.html?claim=Dentistry%20Of%20The%20Oaks&metro=Houston
735,"Formula Plumbing South Tampa, FL",Home Services,Tampa,FL,Tampa,4.9,434,(727) 353-1988,https://formulaplumbing.com/?utm_source=google&utm_medium=gbp-south-tampa,https://rovenhr.com/business/tampa/formula-plumbing-south-tampa-fl-chijqa,"https://rovenhr.com/contact.html?claim=Formula%20Plumbing%20South%20Tampa,%20FL&metro=Tampa"
736,Celebrate Dental & Braces - San Antonio San Pedro,Dental & Medical,San Antonio,TX,San Antonio,4.8,692,(210) 686-0674,https://celebratedental.com/location/texas/san-pedro-san-antonio/?utm_source=google&utm_medium=organic&utm_campaign=gbp-san-pedro,https://rovenhr.com/business/san_antonio/celebrate-dental-braces-san-antonio-san-pedro-chijos,https://rovenhr.com/contact.html?claim=Celebrate%20Dental%20&%20Braces%20-%20San%20Antonio%20San%20Pedro&metro=San%20Antonio
737,Kessler Park Dental,Dental & Medical,Dallas,TX,Dallas–Fort Worth,4.9,433,(214) 303-9969,https://www.kesslerparkdental.com/,https://rovenhr.com/business/dfw/kessler-park-dental-chijj2,https://rovenhr.com/contact.html?claim=Kessler%20Park%20Dental&metro=Dallas–Fort%20Worth
738,FLOSS Dental of Houston Midtown,Dental & Medical,Houston,TX,Houston,4.8,689,(713) 900-1919,https://www.flossdentalhouston.com/,https://rovenhr.com/business/houston/floss-dental-of-houston-midtown-chijux,https://rovenhr.com/contact.html?claim=FLOSS%20Dental%20of%20Houston%20Midtown&metro=Houston
739,Mike Mizell Orthodontist,Dental & Medical,Houston,TX,Houston,4.9,432,(713) 781-5548,https://drmizell.com/office-location-hours,https://rovenhr.com/business/houston/mike-mizell-orthodontist-chijvx,https://rovenhr.com/contact.html?claim=Mike%20Mizell%20Orthodontist&metro=Houston
740,Tampa Bay Plumbers LLC,Home Services,Tampa,FL,Tampa,4.7,1189,(727) 223-6400,https://www.tampaplumber.net/?utm_campaign=gmb,https://rovenhr.com/business/tampa/tampa-bay-plumbers-llc-chijm_,https://rovenhr.com/contact.html?claim=Tampa%20Bay%20Plumbers%20LLC&metro=Tampa
741,Northside Services,Home Services,Tampa,FL,Tampa,4.9,431,(813) 975-8815,http://northsideservices.com/?utm_source=google&utm_medium=organic&utm_campaign=gbp,https://rovenhr.com/business/tampa/northside-services-chijo9,https://rovenhr.com/contact.html?claim=Northside%20Services&metro=Tampa
742,Creative Canvas Photo Studio Miami,Wedding & Events,Miami,FL,Miami,5,287,(786) 869-6010,https://ccstudiosmiami.com/,https://rovenhr.com/business/miami/creative-canvas-photo-studio-miami-chiji9,https://rovenhr.com/contact.html?claim=Creative%20Canvas%20Photo%20Studio%20Miami&metro=Miami
743,Dental Care of San Antonio,Dental & Medical,San Antonio,TX,San Antonio,5,287,(210) 868-6037,https://www.dentalcareofsa.com/,https://rovenhr.com/business/san_antonio/dental-care-of-san-antonio-chijjy,https://rovenhr.com/contact.html?claim=Dental%20Care%20of%20San%20Antonio&metro=San%20Antonio
744,Anchor Plumbing Company,Home Services,Dallas,TX,Dallas–Fort Worth,5,286,(214) 380-1579,https://anchorplumbingcompany.com/?utm_source=google&utm_medium=gbp-website-button&utm_campaign=website,https://rovenhr.com/business/dfw/anchor-plumbing-company-chiju5,https://rovenhr.com/contact.html?claim=Anchor%20Plumbing%20Company&metro=Dallas–Fort%20Worth
745,"Hancock Park Dental, Payam Barzivand D.D.S. - Dentist in Los Angeles",Dental & Medical,Los Angeles,CA,Los Angeles,5,285,(323) 466-8607,http://hancockparkdentist.com/,https://rovenhr.com/business/la/hancock-park-dental-payam-barzivand-d-d-s-dentist-in-los-ang-chijns,"https://rovenhr.com/contact.html?claim=Hancock%20Park%20Dental,%20Payam%20Barzivand%20D.D.S.%20-%20Dentist%20in%20Los%20Angeles&metro=Los%20Angeles"
746,GO Orthodontics Tampa,Dental & Medical,Tampa,FL,Tampa,4.9,428,(813) 887-5555,https://goorthotampa.com/,https://rovenhr.com/business/tampa/go-orthodontics-tampa-chij_1,https://rovenhr.com/contact.html?claim=GO%20Orthodontics%20Tampa&metro=Tampa
747,75 Degree AC- Houston,Home Services,Houston,TX,Houston,5,285,(713) 598-2737,https://75degreeac.com/?utm_source=google-gbp&utm_medium=organic&utm_campaign=75degreeac-houston,https://rovenhr.com/business/houston/75-degree-ac-houston-chij__,https://rovenhr.com/contact.html?claim=75%20Degree%20AC-%20Houston&metro=Houston
748,Orthodontics Only,Dental & Medical,Miami,FL,Miami,4.9,427,(305) 598-3384,https://www.miamiorthodontist.com/,https://rovenhr.com/business/miami/orthodontics-only-chijj7,https://rovenhr.com/contact.html?claim=Orthodontics%20Only&metro=Miami
749,"Around the Clock Heating and Air Conditioning, Inc.",Home Services,Los Angeles,CA,Los Angeles,4.8,680,(747) 248-6115,https://aroundclock.com/?utm_source=organic&utm_medium=gbp&utm_campaign=google,https://rovenhr.com/business/la/around-the-clock-heating-and-air-conditioning-inc-chij1t,"https://rovenhr.com/contact.html?claim=Around%20the%20Clock%20Heating%20and%20Air%20Conditioning,%20Inc.&metro=Los%20Angeles"
750,Your Downtown Dentistry,Dental & Medical,Orlando,FL,Orlando,4.9,425,(407) 502-0202,http://yourdowntowndentistry.com/,https://rovenhr.com/business/orlando/your-downtown-dentistry-chijqz,https://rovenhr.com/contact.html?claim=Your%20Downtown%20Dentistry&metro=Orlando
751,Ultra Dental - North Phoenix,Dental & Medical,Phoenix,AZ,Phoenix,4.9,425,(602) 613-8004,https://ultradental.com/,https://rovenhr.com/business/phoenix/ultra-dental-north-phoenix-chijaz,https://rovenhr.com/contact.html?claim=Ultra%20Dental%20-%20North%20Phoenix&metro=Phoenix
752,Lee Vista Dental,Dental & Medical,Orlando,FL,Orlando,4.7,1167,(689) 308-0549,http://leevistadental.com/?utm_source=gbp&utm_medium=organic&utm_campaign=yext_listing,https://rovenhr.com/business/orlando/lee-vista-dental-chijo6,https://rovenhr.com/contact.html?claim=Lee%20Vista%20Dental&metro=Orlando
753,Elite Smiles Dental Center,Dental & Medical,Miami,FL,Miami,5,283,(786) 228-7000,https://elitesmilesdentalcenter.com/,https://rovenhr.com/business/miami/elite-smiles-dental-center-chijle,https://rovenhr.com/contact.html?claim=Elite%20Smiles%20Dental%20Center&metro=Miami
754,FMS Dental & Orthodontics,Dental & Medical,Houston,TX,Houston,4.9,423,(713) 903-7639,https://fmsdental.org/?utm_campaign=gmb&utm_medium=organic&utm_source=gmb,https://rovenhr.com/business/houston/fms-dental-orthodontics-chijgy,https://rovenhr.com/contact.html?claim=FMS%20Dental%20&%20Orthodontics&metro=Houston
755,Golden Gate Dental,Dental & Medical,San Francisco,CA,San Francisco,4.9,422,(415) 367-3444,https://www.goldengatedental.com/,https://rovenhr.com/business/sf/golden-gate-dental-chijwx,https://rovenhr.com/contact.html?claim=Golden%20Gate%20Dental&metro=San%20Francisco
756,Mr. Wilson Heating & Air Conditioning,Home Services,San Antonio,TX,San Antonio,4.9,421,(210) 308-9866,https://www.mrwilsonair.com/?utm_source=google&utm_medium=organic&utm_campaign=gbp,https://rovenhr.com/business/san_antonio/mr-wilson-heating-air-conditioning-chijq8,https://rovenhr.com/contact.html?claim=Mr.%20Wilson%20Heating%20&%20Air%20Conditioning&metro=San%20Antonio
757,Sarah Hedden Photography,Wedding & Events,Jacksonville,FL,Jacksonville,5,281,(904) 504-1759,https://sarahheddenphotography.com/?y_source=1_ODE5ODA3Ni03MTUtbG9jYXRpb24ud2Vic2l0ZQ%3D%3D,https://rovenhr.com/business/jacksonville/sarah-hedden-photography-chijds,https://rovenhr.com/contact.html?claim=Sarah%20Hedden%20Photography&metro=Jacksonville
758,Quinces by PerezCasaStudio,Wedding & Events,Tampa,FL,Tampa,4.9,421,(833) 784-6237,http://www.quincesbyperezcasastudio.com/,https://rovenhr.com/business/tampa/quinces-by-perezcasastudio-chijh_,https://rovenhr.com/contact.html?claim=Quinces%20by%20PerezCasaStudio&metro=Tampa
759,Just-N-Time AC and Heating,Home Services,Houston,TX,Houston,4.9,421,(281) 908-4602,https://www.justintimeaircondition.com/?utm_source=google&utm_medium=business_profile&utm_campaign=website,https://rovenhr.com/business/houston/just-n-time-ac-and-heating-chijwu,https://rovenhr.com/contact.html?claim=Just-N-Time%20AC%20and%20Heating&metro=Houston
760,Yildirim Danisman Photography,Wedding & Events,Orlando,FL,Orlando,5,280,(407) 820-5094,http://yildirimdanisman.com/,https://rovenhr.com/business/orlando/yildirim-danisman-photography-chijo6,https://rovenhr.com/contact.html?claim=Yildirim%20Danisman%20Photography&metro=Orlando
761,Dr. Amy Woo Dental Care,Dental & Medical,Sacramento,CA,Sacramento,5,279,(916) 443-8955,https://www.dramywoo.com/,https://rovenhr.com/business/sacramento/dr-amy-woo-dental-care-chijgq,https://rovenhr.com/contact.html?claim=Dr.%20Amy%20Woo%20Dental%20Care&metro=Sacramento
762,Hall and Sons Plumbing Inc,Home Services,Jacksonville,FL,Jacksonville,4.9,417,(904) 429-9747,https://hallandsonsplbg.com/?utm_source=google&utm_medium=organic&utm_campaign=gbp_jacksonville,https://rovenhr.com/business/jacksonville/hall-and-sons-plumbing-inc-chija-,https://rovenhr.com/contact.html?claim=Hall%20and%20Sons%20Plumbing%20Inc&metro=Jacksonville
763,Lakewood Family Dental Care - Dallas,Dental & Medical,Dallas,TX,Dallas–Fort Worth,4.9,416,(214) 447-3302,https://www.lakewoodfamilydental.com/?utm_source=GMB&utm_medium=seo&utm_campaign=GBP,https://rovenhr.com/business/dfw/lakewood-family-dental-care-dallas-chijs7,https://rovenhr.com/contact.html?claim=Lakewood%20Family%20Dental%20Care%20-%20Dallas&metro=Dallas–Fort%20Worth
764,CitiDent,Dental & Medical,San Francisco,CA,San Francisco,4.9,415,(415) 391-4466,https://www.citidentonline.com/,https://rovenhr.com/business/sf/citident-chijly,https://rovenhr.com/contact.html?claim=CitiDent&metro=San%20Francisco
765,Marsh Orthodontics - William F Marsh DDS,Dental & Medical,Tampa,FL,Tampa,5,277,(813) 238-3384,https://www.marshsmiles.com/,https://rovenhr.com/business/tampa/marsh-orthodontics-william-f-marsh-dds-chij0c,https://rovenhr.com/contact.html?claim=Marsh%20Orthodontics%20-%20William%20F%20Marsh%20DDS&metro=Tampa
766,Comfort Star Ac Repair,Home Services,Houston,TX,Houston,4.9,414,(713) 999-1900,https://www.comfortstaracrepairhouston.com/,https://rovenhr.com/business/houston/comfort-star-ac-repair-chij33,https://rovenhr.com/contact.html?claim=Comfort%20Star%20Ac%20Repair&metro=Houston
767,Garden Oaks Dental,Dental & Medical,Houston,TX,Houston,4.9,414,(713) 880-4300,https://www.gardenoaksdental.com/?utm_source=gmb_auth,https://rovenhr.com/business/houston/garden-oaks-dental-chijr9,https://rovenhr.com/contact.html?claim=Garden%20Oaks%20Dental&metro=Houston
768,Gold Eagle Services,Home Services,Austin,TX,Austin,4.9,414,(512) 489-4653,https://goldeagleservices.com/?utm_source=google&utm_medium=organic&utm_campaign=gbp,https://rovenhr.com/business/austin/gold-eagle-services-chijxu,https://rovenhr.com/contact.html?claim=Gold%20Eagle%20Services&metro=Austin
769,South Texas Orthodontics - Stone Oak,Dental & Medical,San Antonio,TX,San Antonio,5,276,(210) 951-2067,https://www.southtexasorthodontics.com/dentist-office/san-antonio-tx-78259,https://rovenhr.com/business/san_antonio/south-texas-orthodontics-stone-oak-chij4t,https://rovenhr.com/contact.html?claim=South%20Texas%20Orthodontics%20-%20Stone%20Oak&metro=San%20Antonio
770,McComb Orthodontics West Hollywood,Dental & Medical,Los Angeles,CA,Los Angeles,5,276,(310) 299-8894,https://mccomborthodontics.com/west-hollywood/,https://rovenhr.com/business/la/mccomb-orthodontics-west-hollywood-chijqe,https://rovenhr.com/contact.html?claim=McComb%20Orthodontics%20West%20Hollywood&metro=Los%20Angeles
771,Sunshine Dentistry - Tampa FL,Dental & Medical,Tampa,FL,Tampa,4.8,654,(813) 269-9360,https://www.sunshinedentistrytampa.com/?link=gmb,https://rovenhr.com/business/tampa/sunshine-dentistry-tampa-fl-chijjw,https://rovenhr.com/contact.html?claim=Sunshine%20Dentistry%20-%20Tampa%20FL&metro=Tampa
772,Paws Plumbing,Home Services,San Diego,CA,San Diego,4.9,411,(858) 758-3267,https://www.pawsplumbing.com/?utm_campaign=gmb,https://rovenhr.com/business/san_diego/paws-plumbing-chije1,https://rovenhr.com/contact.html?claim=Paws%20Plumbing&metro=San%20Diego
773,Pioneers Heating and Air,Home Services,Pasadena,CA,Los Angeles,5,274,(747) 758-7875,https://pioneersheatingandair.com/,https://rovenhr.com/business/la/pioneers-heating-and-air-chijc_,https://rovenhr.com/contact.html?claim=Pioneers%20Heating%20and%20Air&metro=Los%20Angeles
774,Blue Air Heating and Cooling,Home Services,Orlando,FL,Orlando,5,274,(407) 300-4185,https://www.myblueairac.com/,https://rovenhr.com/business/orlando/blue-air-heating-and-cooling-chijke,https://rovenhr.com/contact.html?claim=Blue%20Air%20Heating%20and%20Cooling&metro=Orlando
775,Dallas Dental Arts,Dental & Medical,Dallas,TX,Dallas–Fort Worth,4.9,409,(214) 999-0110,http://dallasdentalspa.com/,https://rovenhr.com/business/dfw/dallas-dental-arts-chijm5,https://rovenhr.com/contact.html?claim=Dallas%20Dental%20Arts&metro=Dallas–Fort%20Worth
776,Greater Houston Orthodontics: Memorial Location,Dental & Medical,Houston,TX,Houston,4.9,408,(713) 464-7777,https://greaterhoustonorthodontist.com/,https://rovenhr.com/business/houston/greater-houston-orthodontics-memorial-location-chijsx,https://rovenhr.com/contact.html?claim=Greater%20Houston%20Orthodontics:%20Memorial%20Location&metro=Houston
777,Air Authority LLC,Home Services,San Antonio,TX,San Antonio,4.8,647,(210) 809-6493,http://www.airauthorityllc.com/,https://rovenhr.com/business/san_antonio/air-authority-llc-chijcc,https://rovenhr.com/contact.html?claim=Air%20Authority%20LLC&metro=San%20Antonio
778,Washington Square Park Dental,Dental & Medical,San Francisco,CA,San Francisco,4.9,406,(415) 891-9773,http://www.wsparkdental.com/,https://rovenhr.com/business/sf/washington-square-park-dental-chijnq,https://rovenhr.com/contact.html?claim=Washington%20Square%20Park%20Dental&metro=San%20Francisco
779,Austin Orthodontics: Seth R Briggs DDS,Dental & Medical,Austin,TX,Austin,4.9,405,(512) 331-7900,http://www.austinorthodontics.com/,https://rovenhr.com/business/austin/austin-orthodontics-seth-r-briggs-dds-chijqu,https://rovenhr.com/contact.html?claim=Austin%20Orthodontics:%20Seth%20R%20Briggs%20DDS&metro=Austin
780,Joe Cool Air Conditioning and Plumbing,Home Services,Tampa,FL,Tampa,4.8,642,(813) 355-8576,https://www.joecoolhomeservices.com/tampa?utm_source=GBP&utm_medium=organic,https://rovenhr.com/business/tampa/joe-cool-air-conditioning-and-plumbing-chijcz,https://rovenhr.com/contact.html?claim=Joe%20Cool%20Air%20Conditioning%20and%20Plumbing&metro=Tampa
781,All Smiles Dentistry Miami,Dental & Medical,Miami,FL,Miami,4.9,404,(305) 371-6064,https://miamidental.net/,https://rovenhr.com/business/miami/all-smiles-dentistry-miami-chijkd,https://rovenhr.com/contact.html?claim=All%20Smiles%20Dentistry%20Miami&metro=Miami
782,Atlantic Dentistry - Atlantic Beach,Dental & Medical,Jacksonville,FL,Jacksonville,4.7,1098,(904) 647-1800,https://atlanticdentistryjax.com/,https://rovenhr.com/business/jacksonville/atlantic-dentistry-atlantic-beach-chijt1,https://rovenhr.com/contact.html?claim=Atlantic%20Dentistry%20-%20Atlantic%20Beach&metro=Jacksonville
783,Orthodontic Specialists of Florida - Orlando,Dental & Medical,Orlando,FL,Orlando,4.8,639,(407) 275-5500,http://www.fla4braces.com/,https://rovenhr.com/business/orlando/orthodontic-specialists-of-florida-orlando-chijyq,https://rovenhr.com/contact.html?claim=Orthodontic%20Specialists%20of%20Florida%20-%20Orlando&metro=Orlando
784,Krystal Garcia Photography LLC,Wedding & Events,San Antonio,TX,San Antonio,5,269,(210) 724-5984,http://www.krystalgarciaphotography.com/,https://rovenhr.com/business/san_antonio/krystal-garcia-photography-llc-chijaw,https://rovenhr.com/contact.html?claim=Krystal%20Garcia%20Photography%20LLC&metro=San%20Antonio
785,Beacon Family Dentistry,Dental & Medical,Jacksonville,FL,Jacksonville,4.9,401,(904) 641-0944,http://www.beaconfamilydentistry.com/,https://rovenhr.com/business/jacksonville/beacon-family-dentistry-chijqy,https://rovenhr.com/contact.html?claim=Beacon%20Family%20Dentistry&metro=Jacksonville
786,Milestone Family Dental,Dental & Medical,Sacramento,CA,Sacramento,4.9,401,(916) 920-3572,https://www.milestonefamilydental.com/,https://rovenhr.com/business/sacramento/milestone-family-dental-chijas,https://rovenhr.com/contact.html?claim=Milestone%20Family%20Dental&metro=Sacramento
787,"We Care Dental Phoenix, AZ",Dental & Medical,Phoenix,AZ,Phoenix,4.9,400,(602) 755-1671,https://www.wecaredentalaz.com/,https://rovenhr.com/business/phoenix/we-care-dental-phoenix-az-chijux,"https://rovenhr.com/contact.html?claim=We%20Care%20Dental%20Phoenix,%20AZ&metro=Phoenix"
788,Heating & Cooling | Mafer AC,Home Services,Orlando,FL,Orlando,4.9,399,(407) 632-3620,https://mafer-ac.com/,https://rovenhr.com/business/orlando/heating-cooling-mafer-ac-chiji-,https://rovenhr.com/contact.html?claim=Heating%20&%20Cooling%20|%20Mafer%20AC&metro=Orlando
789,Dental Loft,Dental & Medical,Dallas,TX,Dallas–Fort Worth,4.9,398,(214) 890-7909,https://dentalloft.com/,https://rovenhr.com/business/dfw/dental-loft-chijgz,https://rovenhr.com/contact.html?claim=Dental%20Loft&metro=Dallas–Fort%20Worth
790,Smile Dental Studio,Dental & Medical,Phoenix,AZ,Phoenix,4.7,1081,(602) 789-1131,https://ddsarizona.com/smile-dental-studio/?utm_source=google&utm_medium=organic&utm_campaign=gbp_smiledental_website,https://rovenhr.com/business/phoenix/smile-dental-studio-chijix,https://rovenhr.com/contact.html?claim=Smile%20Dental%20Studio&metro=Phoenix
791,Air Texas A/C & Heating,Home Services,San Antonio,TX,San Antonio,4.9,398,(210) 602-7181,https://www.airtxac.com/,https://rovenhr.com/business/san_antonio/air-texas-a-c-heating-chijjb,https://rovenhr.com/contact.html?claim=Air%20Texas%20A/C%20&%20Heating&metro=San%20Antonio
792,Conway Dental Care,Dental & Medical,Orlando,FL,Orlando,4.8,628,(407) 894-2048,http://www.conwaydentalcare.com/,https://rovenhr.com/business/orlando/conway-dental-care-chijzy,https://rovenhr.com/contact.html?claim=Conway%20Dental%20Care&metro=Orlando
793,Plumbing Outfitters,Home Services,Austin,TX,Austin,4.9,395,(512) 309-5406,https://plumbingoutfitters.com/austin/?utm_source=google&utm_medium=organic&utm_campaign=gbp,https://rovenhr.com/business/austin/plumbing-outfitters-chijb8,https://rovenhr.com/contact.html?claim=Plumbing%20Outfitters&metro=Austin
794,LM Photography,Wedding & Events,Longwood,FL,Orlando,5,265,(407) 773-2463,http://www.lmphotos.net/,https://rovenhr.com/business/orlando/lm-photography-chij__,https://rovenhr.com/contact.html?claim=LM%20Photography&metro=Orlando
795,Weddings Unlimited,Wedding & Events,Houston,TX,Houston,4.8,627,(877) 374-2329,https://weddingsunlimited.com/,https://rovenhr.com/business/houston/weddings-unlimited-chijkw,https://rovenhr.com/contact.html?claim=Weddings%20Unlimited&metro=Houston
796,Rancho San Diego Dentists,Dental & Medical,La Mesa,CA,San Diego,4.8,626,(619) 729-2323,https://www.ranchosandiegodentists.com/?sc_cid=GBP%3AO%3AGP%3A424%3AOrganic_Search%3AGeneral%3Ana&_vsrefdom=organic_gbp&y_source=1_MjUyOTM5OC03MTUtbG9jYXRpb24ud2Vic2l0ZQ%3D%3D,https://rovenhr.com/business/san_diego/rancho-san-diego-dentists-chijib,https://rovenhr.com/contact.html?claim=Rancho%20San%20Diego%20Dentists&metro=San%20Diego
797,"Collins Pacific Plumbing, Inc.",Home Services,San Diego,CA,San Diego,4.9,391,(858) 361-4140,http://collinspacific.com/,https://rovenhr.com/business/san_diego/collins-pacific-plumbing-inc-chijt2,"https://rovenhr.com/contact.html?claim=Collins%20Pacific%20Plumbing,%20Inc.&metro=San%20Diego"
798,Lincoln Air,Home Services,Phoenix,AZ,Phoenix,4.9,390,(623) 280-2358,https://lincolnair.com/?utm_source=GBP&utm_medium=organic,https://rovenhr.com/business/phoenix/lincoln-air-chijga,https://rovenhr.com/contact.html?claim=Lincoln%20Air&metro=Phoenix
799,Quality 1 Energy Systems Heating & Air Conditioning,Home Services,Dallas,TX,Dallas–Fort Worth,4.9,390,(214) 856-6489,https://www.q1es.com/,https://rovenhr.com/business/dfw/quality-1-energy-systems-heating-air-conditioning-chijx5,https://rovenhr.com/contact.html?claim=Quality%201%20Energy%20Systems%20Heating%20&%20Air%20Conditioning&metro=Dallas–Fort%20Worth
800,Action Air Conditioning & Heating,Home Services,San Diego,CA,San Diego,4.9,390,(858) 294-1362,https://actionac.net/?utm_source=google&utm_medium=gbp,https://rovenhr.com/business/san_diego/action-air-conditioning-heating-chijxt,https://rovenhr.com/contact.html?claim=Action%20Air%20Conditioning%20&%20Heating&metro=San%20Diego
801,Austin Family Dentist,Dental & Medical,Austin,TX,Austin,4.9,390,(512) 346-5738,http://austinfamilydentist.com/,https://rovenhr.com/business/austin/austin-family-dentist-chijy-,https://rovenhr.com/contact.html?claim=Austin%20Family%20Dentist&metro=Austin
802,Mr. Rooter Plumbing of Jacksonville,Home Services,Jacksonville,FL,Jacksonville,4.8,617,(904) 339-0043,https://www.mrrooter.com/jacksonville/?cid=LSTL_MRR000199&utm_source=gmb&utm_campaign=local&utm_medium=organic,https://rovenhr.com/business/jacksonville/mr-rooter-plumbing-of-jacksonville-chijpu,https://rovenhr.com/contact.html?claim=Mr.%20Rooter%20Plumbing%20of%20Jacksonville&metro=Jacksonville
803,"A Cool Air, Inc.",Home Services,Sacramento,CA,Sacramento,5,260,(916) 879-7288,http://acoolair.com/,https://rovenhr.com/business/sacramento/a-cool-air-inc-chijay,"https://rovenhr.com/contact.html?claim=A%20Cool%20Air,%20Inc.&metro=Sacramento"
804,"Dr. Joseph, DDS",Dental & Medical,San Francisco,CA,San Francisco,5,260,(415) 986-5323,https://www.dentistryofsanfrancisco.com/,https://rovenhr.com/business/sf/dr-joseph-dds-chijtd,"https://rovenhr.com/contact.html?claim=Dr.%20Joseph,%20DDS&metro=San%20Francisco"
805,Tone Films | Dallas Video Production Company,Wedding & Events,Dallas,TX,Dallas–Fort Worth,5,259,(650) 918-9201,https://tonefilms.com/dallas-video-production/,https://rovenhr.com/business/dfw/tone-films-dallas-video-production-company-chij7u,https://rovenhr.com/contact.html?claim=Tone%20Films%20|%20Dallas%20Video%20Production%20Company&metro=Dallas–Fort%20Worth
806,Image Orthodontics - South San Francisco Westborough Blvd,Dental & Medical,South San Francisco,CA,San Francisco,4.8,610,(650) 881-6461,https://imageorthodontics.com/locations/south-san-francisco-orthodontist/?utm_source=google&utm_medium=organic&utm_campaign=gbp-south-website-clicks,https://rovenhr.com/business/sf/image-orthodontics-south-san-francisco-westborough-blvd-chij_z,https://rovenhr.com/contact.html?claim=Image%20Orthodontics%20-%20South%20San%20Francisco%20Westborough%20Blvd&metro=San%20Francisco
807,"JG Water Heaters, Filtration and Plumbing",Home Services,San Diego,CA,San Diego,5,258,(858) 295-1005,https://jgwaterheaters.com/,https://rovenhr.com/business/san_diego/jg-water-heaters-filtration-and-plumbing-chijx8,"https://rovenhr.com/contact.html?claim=JG%20Water%20Heaters,%20Filtration%20and%20Plumbing&metro=San%20Diego"
808,Dentistry of Miami,Dental & Medical,Miami,FL,Miami,5,258,(786) 938-5554,http://dentistryofmiami.com/?utm_source=gbp&utm_medium=organic&utm_campaign=yext_listing,https://rovenhr.com/business/miami/dentistry-of-miami-chijhu,https://rovenhr.com/contact.html?claim=Dentistry%20of%20Miami&metro=Miami
809,"Lee's Air, Plumbing, & Heating",Home Services,Sacramento,CA,Sacramento,4.8,607,(916) 318-9414,http://www.leesair.com/,https://rovenhr.com/business/sacramento/lee-s-air-plumbing-heating-chiji1,"https://rovenhr.com/contact.html?claim=Lee's%20Air,%20Plumbing,%20&%20Heating&metro=Sacramento"
810,Murray Plumbing Co,Home Services,San Antonio,TX,San Antonio,4.9,383,(210) 277-7177,http://www.murrayplumbing.com/,https://rovenhr.com/business/san_antonio/murray-plumbing-co-chijaz,https://rovenhr.com/contact.html?claim=Murray%20Plumbing%20Co&metro=San%20Antonio
811,Affordable Dentures & Implants,Dental & Medical,Phoenix,AZ,Phoenix,4.9,383,(201) 275-1196,https://www.affordabledentures.com/locations/az/north-phoenix?utm_source=GMB&utm_medium=Organic_Listing&utm_campaign=34393,https://rovenhr.com/business/phoenix/affordable-dentures-implants-chijkt,https://rovenhr.com/contact.html?claim=Affordable%20Dentures%20&%20Implants&metro=Phoenix
812,Liberty Station Orthodontics,Dental & Medical,San Diego,CA,San Diego,5,257,(619) 598-0709,http://www.libertystationortho.com/?utm_source=google&utm_medium=organic&utm_campaign=gbp-listing,https://rovenhr.com/business/san_diego/liberty-station-orthodontics-chij50,https://rovenhr.com/contact.html?claim=Liberty%20Station%20Orthodontics&metro=San%20Diego
813,"San Francisco Dental Partners | General, Cosmetic and Implant Dentistry",Dental & Medical,San Francisco,CA,San Francisco,4.9,382,(415) 982-4277,https://sfdentalpartners.com/?utm_source=google&utm_medium=organic&utm_campaign=gbp,https://rovenhr.com/business/sf/san-francisco-dental-partners-general-cosmetic-and-implant-d-chijm5,"https://rovenhr.com/contact.html?claim=San%20Francisco%20Dental%20Partners%20|%20General,%20Cosmetic%20and%20Implant%20Dentistry&metro=San%20Francisco"
814,Valley Vista Dental Center,Dental & Medical,San Diego,CA,San Diego,5,256,(858) 277-4453,https://www.valleyvistadentalcenter.com/?utm_source=google&utm_medium=organic&utm_campaign=gbp-listing,https://rovenhr.com/business/san_diego/valley-vista-dental-center-chij1c,https://rovenhr.com/contact.html?claim=Valley%20Vista%20Dental%20Center&metro=San%20Diego
815,Davoody & Hablinski Orthodontics,Dental & Medical,Houston,TX,Houston,4.9,381,(713) 521-2727,https://dhorthodontics.com/,https://rovenhr.com/business/houston/davoody-hablinski-orthodontics-chijgc,https://rovenhr.com/contact.html?claim=Davoody%20&%20Hablinski%20Orthodontics&metro=Houston
816,Green Home Heating and Air,Home Services,Sacramento,CA,Sacramento,5,256,(916) 234-0599,http://www.ourenergysolution.com/?utm_campaign=gmb&utm_medium=paid_social&utm_source=gbp,https://rovenhr.com/business/sacramento/green-home-heating-and-air-chijyy,https://rovenhr.com/contact.html?claim=Green%20Home%20Heating%20and%20Air&metro=Sacramento
817,Paradise Cove Orlando,Wedding & Events,Orlando,FL,Orlando,4.7,1024,(407) 239-6939,http://www.paradisecoveorlando.com/,https://rovenhr.com/business/orlando/paradise-cove-orlando-chij41,https://rovenhr.com/contact.html?claim=Paradise%20Cove%20Orlando&metro=Orlando
818,Total Air Solutions,Home Services,Tampa,FL,Tampa,4.9,380,(888) 426-1770,https://totalairfl.com/,https://rovenhr.com/business/tampa/total-air-solutions-chijbu,https://rovenhr.com/contact.html?claim=Total%20Air%20Solutions&metro=Tampa
819,Mann Orthodontics,Dental & Medical,Tampa,FL,Tampa,4.8,601,(813) 877-2333,https://mannmadesmiles.com/,https://rovenhr.com/business/tampa/mann-orthodontics-chijie,https://rovenhr.com/contact.html?claim=Mann%20Orthodontics&metro=Tampa
820,Dentistry of East Colonial,Dental & Medical,Orlando,FL,Orlando,4.8,600,(407) 362-7705,http://www.dentistryofeastcolonial.com/,https://rovenhr.com/business/orlando/dentistry-of-east-colonial-chijuw,https://rovenhr.com/contact.html?claim=Dentistry%20of%20East%20Colonial&metro=Orlando
821,MINT dentistry | Uptown,Dental & Medical,Dallas,TX,Dallas–Fort Worth,4.7,1025,(469) 440-7149,https://mintdentistry.com/dentist/dfw/uptown,https://rovenhr.com/business/dfw/mint-dentistry-uptown-chijzz,https://rovenhr.com/contact.html?claim=MINT%20dentistry%20|%20Uptown&metro=Dallas–Fort%20Worth
822,Healing Dental Care,Dental & Medical,Los Angeles,CA,Los Angeles,4.9,379,(213) 738-7077,https://www.healingdentalcarela.com/,https://rovenhr.com/business/la/healing-dental-care-chijqb,https://rovenhr.com/contact.html?claim=Healing%20Dental%20Care&metro=Los%20Angeles
823,Baker-Jones Co. Inc,Home Services,Houston,TX,Houston,5,254,(713) 529-3418,http://baker-jones.com/,https://rovenhr.com/business/houston/baker-jones-co-inc-chijsv,https://rovenhr.com/contact.html?claim=Baker-Jones%20Co.%20Inc&metro=Houston
824,Arizona Orthodontic Studio,Dental & Medical,Phoenix,AZ,Phoenix,5,254,(480) 451-3088,https://thesmilecreators.com/,https://rovenhr.com/business/phoenix/arizona-orthodontic-studio-chijkt,https://rovenhr.com/contact.html?claim=Arizona%20Orthodontic%20Studio&metro=Phoenix
825,Quigley Heating & Air Conditioning of Dallas,Home Services,Farmers Branch,TX,Dallas–Fort Worth,4.8,596,(214) 526-8533,https://quigleyac.com/?utm_source=google+business+listing&utm_medium=organic&utm_campaign=click+to+website,https://rovenhr.com/business/dfw/quigley-heating-air-conditioning-of-dallas-chijrx,https://rovenhr.com/contact.html?claim=Quigley%20Heating%20&%20Air%20Conditioning%20of%20Dallas&metro=Dallas–Fort%20Worth
826,Colony Dental Care,Dental & Medical,San Antonio,TX,San Antonio,4.9,376,(210) 690-5170,http://www.colonydentalcaresa.com/,https://rovenhr.com/business/san_antonio/colony-dental-care-chijbw,https://rovenhr.com/contact.html?claim=Colony%20Dental%20Care&metro=San%20Antonio
827,Coolinary Arts Heating & Cooling,Home Services,Dallas,TX,Dallas–Fort Worth,5,253,(972) 975-2665,https://callcoolinaryarts.com/,https://rovenhr.com/business/dfw/coolinary-arts-heating-cooling-chijvz,https://rovenhr.com/contact.html?claim=Coolinary%20Arts%20Heating%20&%20Cooling&metro=Dallas–Fort%20Worth
828,Red Lilly Plumbing,Home Services,Los Angeles,CA,Los Angeles,4.8,590,(323) 319-4102,https://www.redlillyplumbing.com/,https://rovenhr.com/business/la/red-lilly-plumbing-chijm0,https://rovenhr.com/contact.html?claim=Red%20Lilly%20Plumbing&metro=Los%20Angeles
829,Economy Heating & Air,Home Services,Roseville,CA,Sacramento,4.9,373,(916) 410-8477,https://www.economyheatandair.com/,https://rovenhr.com/business/sacramento/economy-heating-air-chijf0,https://rovenhr.com/contact.html?claim=Economy%20Heating%20&%20Air&metro=Sacramento
830,Vibrant Media Productions,Wedding & Events,Winter Park,FL,Orlando,5,251,(321) 328-7199,https://vibrantmediaproductions.com/,https://rovenhr.com/business/orlando/vibrant-media-productions-chijpy,https://rovenhr.com/contact.html?claim=Vibrant%20Media%20Productions&metro=Orlando
831,Capital Springs Orthodontics,Dental & Medical,Austin,TX,Austin,4.9,373,(512) 447-6453,https://capitalspringsortho.com/south-austin-office/?utm_source=google&utm_medium=gmb,https://rovenhr.com/business/austin/capital-springs-orthodontics-chiju5,https://rovenhr.com/contact.html?claim=Capital%20Springs%20Orthodontics&metro=Austin
832,Matthew Chambers Photography,Wedding & Events,Leander,TX,Austin,5,251,(254) 466-0190,http://www.matthewchambersphotography.com/,https://rovenhr.com/business/austin/matthew-chambers-photography-chijbw,https://rovenhr.com/contact.html?claim=Matthew%20Chambers%20Photography&metro=Austin
833,Royal Lane Dental Center - Best Dentist in Dallas | Clear Aligners and Veneers in Dallas,Dental & Medical,Dallas,TX,Dallas–Fort Worth,4.9,373,(469) 904-2080,https://www.royallanedental.com/,https://rovenhr.com/business/dfw/royal-lane-dental-center-best-dentist-in-dallas-clear-aligne-chijh1,https://rovenhr.com/contact.html?claim=Royal%20Lane%20Dental%20Center%20-%20Best%20Dentist%20in%20Dallas%20|%20Clear%20Aligners%20and%20Veneers%20in%20Dallas&metro=Dallas–Fort%20Worth
834,Serveway Heating and Air Conditioning,Home Services,Dallas,TX,Dallas–Fort Worth,4.9,373,(469) 231-9379,https://www.servewayhvac.com/?utm_source=google&utm_medium=organic&utm_campaign=gbp,https://rovenhr.com/business/dfw/serveway-heating-and-air-conditioning-chijx4,https://rovenhr.com/contact.html?claim=Serveway%20Heating%20and%20Air%20Conditioning&metro=Dallas–Fort%20Worth
835,"John Padilla Plumbing, Sewer and Drains",Home Services,San Diego,CA,San Diego,4.7,1001,(858) 905-7074,https://www.jpplumbers.com/,https://rovenhr.com/business/san_diego/john-padilla-plumbing-sewer-and-drains-chije1,"https://rovenhr.com/contact.html?claim=John%20Padilla%20Plumbing,%20Sewer%20and%20Drains&metro=San%20Diego"
836,Hoover Dental Center,Dental & Medical,Los Angeles,CA,Los Angeles,4.9,372,(213) 725-2898,https://www.hooverdentalcenter.com/,https://rovenhr.com/business/la/hoover-dental-center-chijjy,https://rovenhr.com/contact.html?claim=Hoover%20Dental%20Center&metro=Los%20Angeles
837,Florida Special Care Dentistry,Dental & Medical,Tampa,FL,Tampa,4.9,372,(813) 251-2314,http://flspecialcaredentistry.com/,https://rovenhr.com/business/tampa/florida-special-care-dentistry-chijrw,https://rovenhr.com/contact.html?claim=Florida%20Special%20Care%20Dentistry&metro=Tampa
838,Modern Dentistry,Dental & Medical,San Diego,CA,San Diego,4.9,372,(858) 771-8358,https://www.drmojaver.com/?utm_campaign=gmb,https://rovenhr.com/business/san_diego/modern-dentistry-chijw8,https://rovenhr.com/contact.html?claim=Modern%20Dentistry&metro=San%20Diego
839,Walnut Central Orthodontics,Dental & Medical,Dallas,TX,Dallas–Fort Worth,4.9,371,(214) 692-5688,http://orthodontistdallastx.com/?utm_source=google.com&utm_medium=business+profile&utm_campaign=,https://rovenhr.com/business/dfw/walnut-central-orthodontics-chij04,https://rovenhr.com/contact.html?claim=Walnut%20Central%20Orthodontics&metro=Dallas–Fort%20Worth
840,Southern Love Creative by Nikk Nguyen,Wedding & Events,Austin,TX,Austin,5,249,(469) 237-7137,https://www.southernlovecreative.com/,https://rovenhr.com/business/austin/southern-love-creative-by-nikk-nguyen-chije2,https://rovenhr.com/contact.html?claim=Southern%20Love%20Creative%20by%20Nikk%20Nguyen&metro=Austin
841,Greens Energy HVAC & Fuel,Home Services,Orlando,FL,Orlando,4.7,989,(407) 282-5000,https://greensenergy.com/?utm_source=google&utm_medium=organic&utm_campaign=GMBListing-Orlando-FL,https://rovenhr.com/business/orlando/greens-energy-hvac-fuel-chijky,https://rovenhr.com/contact.html?claim=Greens%20Energy%20HVAC%20&%20Fuel&metro=Orlando
842,Confident Smiles,Dental & Medical,Sacramento,CA,Sacramento,4.9,367,(916) 736-2801,http://www.drdogradds.com/,https://rovenhr.com/business/sacramento/confident-smiles-chij1w,https://rovenhr.com/contact.html?claim=Confident%20Smiles&metro=Sacramento
843,Cabrillo Dental,Dental & Medical,San Diego,CA,San Diego,4.9,367,(858) 277-9300,http://www.cabrillodental.com/,https://rovenhr.com/business/san_diego/cabrillo-dental-chijly,https://rovenhr.com/contact.html?claim=Cabrillo%20Dental&metro=San%20Diego
844,Royal T Visuals Photography,Wedding & Events,Dallas,TX,Dallas–Fort Worth,5,247,(469) 238-1440,https://royaltvisuals.com/,https://rovenhr.com/business/dfw/royal-t-visuals-photography-chijnt,https://rovenhr.com/contact.html?claim=Royal%20T%20Visuals%20Photography&metro=Dallas–Fort%20Worth
845,Austin Primary Dental,Dental & Medical,Austin,TX,Austin,4.9,366,(512) 808-5651,https://austinprimarydental.com/?utm_source=GMB&utm_medium=organic&utm_campaign=DevOptimization&utm_content=Website,https://rovenhr.com/business/austin/austin-primary-dental-chijl9,https://rovenhr.com/contact.html?claim=Austin%20Primary%20Dental&metro=Austin
846,Mont Dental Aesthetics (Formerly Montgomery Street Dental),Dental & Medical,San Francisco,CA,San Francisco,4.8,577,(415) 358-1967,https://www.montgomerystdental.com/?utm_source=Google&utm_medium=Local&utm_campaign&utm_content=GMB,https://rovenhr.com/business/sf/mont-dental-aesthetics-formerly-montgomery-street-dental-chijn4,https://rovenhr.com/contact.html?claim=Mont%20Dental%20Aesthetics%20(Formerly%20Montgomery%20Street%20Dental)&metro=San%20Francisco
847,24/7 Rooter & Plumbing,Home Services,San Francisco,CA,San Francisco,4.7,979,(415) 586-6851,http://www.24-7rooter.com/?utm_source=GBP&utm_medium=organic,https://rovenhr.com/business/sf/24-7-rooter-plumbing-chij32,https://rovenhr.com/contact.html?claim=24/7%20Rooter%20&%20Plumbing&metro=San%20Francisco
848,Ella Bella Photography,Wedding & Events,San Antonio,TX,San Antonio,5,246,(512) 750-8051,http://www.ellabellababy.com/,https://rovenhr.com/business/san_antonio/ella-bella-photography-chij4q,https://rovenhr.com/contact.html?claim=Ella%20Bella%20Photography&metro=San%20Antonio
849,Stable Temp HVAC,Home Services,San Diego,CA,San Diego,4.9,365,(858) 766-5520,http://stabletemphvac.com/,https://rovenhr.com/business/san_diego/stable-temp-hvac-chijrx,https://rovenhr.com/contact.html?claim=Stable%20Temp%20HVAC&metro=San%20Diego
850,Advanced Dental Care of Austin,Dental & Medical,Austin,TX,Austin,4.8,575,(512) 960-3215,https://www.advanceddentalcareofaustin.com/?utm_campaign=gmb,https://rovenhr.com/business/austin/advanced-dental-care-of-austin-chijv6,https://rovenhr.com/contact.html?claim=Advanced%20Dental%20Care%20of%20Austin&metro=Austin
851,Northwoods Dental Spa,Dental & Medical,San Antonio,TX,San Antonio,4.8,572,(210) 495-7800,http://www.northwoods-dental.com/,https://rovenhr.com/business/san_antonio/northwoods-dental-spa-chij5r,https://rovenhr.com/contact.html?claim=Northwoods%20Dental%20Spa&metro=San%20Antonio
852,Marcos Ortega DDS,Dental & Medical,San Diego,CA,San Diego,5,245,(619) 295-4545,https://www.mysandiegosmiles.com/,https://rovenhr.com/business/san_diego/marcos-ortega-dds-chije7,https://rovenhr.com/contact.html?claim=Marcos%20Ortega%20DDS&metro=San%20Diego
853,EZ Dental Clinic Houston,Dental & Medical,Houston,TX,Houston,4.9,363,(281) 498-2929,http://www.ezdentalclinic.com/,https://rovenhr.com/business/houston/ez-dental-clinic-houston-chijc9,https://rovenhr.com/contact.html?claim=EZ%20Dental%20Clinic%20Houston&metro=Houston
854,Pearl Dental,Dental & Medical,Phoenix,AZ,Phoenix,4.9,363,(602) 899-6950,http://pearldentalaz.com/?utm_source=GMBlisting&utm_medium=organic,https://rovenhr.com/business/phoenix/pearl-dental-chijuu,https://rovenhr.com/contact.html?claim=Pearl%20Dental&metro=Phoenix
855,OPDSF Orthodontics,Dental & Medical,San Francisco,CA,San Francisco,4.9,361,(415) 891-1266,https://www.opdsfortho.com/,https://rovenhr.com/business/sf/opdsf-orthodontics-chijw7,https://rovenhr.com/contact.html?claim=OPDSF%20Orthodontics&metro=San%20Francisco
856,Hernandez Plumbing Co.,Home Services,Doral,FL,Miami,4.8,565,(305) 428-3782,https://plumbinginmiamifl.com/,https://rovenhr.com/business/miami/hernandez-plumbing-co-chijaz,https://rovenhr.com/contact.html?claim=Hernandez%20Plumbing%20Co.&metro=Miami
857,Willmus Weddings,Wedding & Events,San Diego,CA,San Diego,5,242,(760) 475-1270,http://www.willmusweddings.com/,https://rovenhr.com/business/san_diego/willmus-weddings-chij21,https://rovenhr.com/contact.html?claim=Willmus%20Weddings&metro=San%20Diego
858,American Energy Home Pros,Home Services,Loomis,CA,Sacramento,4.9,358,(916) 775-7883,https://americanenergyair.com/loomis-hvac-services/,https://rovenhr.com/business/sacramento/american-energy-home-pros-chijse,https://rovenhr.com/contact.html?claim=American%20Energy%20Home%20Pros&metro=Sacramento
859,Arden Oaks Dental Care,Dental & Medical,Sacramento,CA,Sacramento,4.8,562,(916) 485-5539,http://www.ardenoaksdentalcare.com/,https://rovenhr.com/business/sacramento/arden-oaks-dental-care-chijrc,https://rovenhr.com/contact.html?claim=Arden%20Oaks%20Dental%20Care&metro=Sacramento
860,Tatum Dental Care,Dental & Medical,Phoenix,AZ,Phoenix,4.9,357,(602) 482-3100,https://www.tatumdentalcareaz.com/,https://rovenhr.com/business/phoenix/tatum-dental-care-chijly,https://rovenhr.com/contact.html?claim=Tatum%20Dental%20Care&metro=Phoenix
861,Great Expressions Dental Centers - Riverside,Dental & Medical,Jacksonville,FL,Jacksonville,4.7,946,(904) 354-4031,https://www.greatexpressions.com/dental-offices/dentist-in-jacksonville-florida-oak-street/,https://rovenhr.com/business/jacksonville/great-expressions-dental-centers-riverside-chijax,https://rovenhr.com/contact.html?claim=Great%20Expressions%20Dental%20Centers%20-%20Riverside&metro=Jacksonville
862,Austin Area Plumbing,Home Services,Round Rock,TX,Austin,4.9,355,(737) 510-7479,https://austinareaplumbingofroundrock.com/,https://rovenhr.com/business/austin/austin-area-plumbing-chijne,https://rovenhr.com/contact.html?claim=Austin%20Area%20Plumbing&metro=Austin
863,Lifeworks Dental,Dental & Medical,Houston,TX,Houston,4.9,355,(713) 956-5433,https://lifeworksdental.com/,https://rovenhr.com/business/houston/lifeworks-dental-chijq9,https://rovenhr.com/contact.html?claim=Lifeworks%20Dental&metro=Houston
864,Southwest Heating & Air Conditioning,Home Services,Los Angeles,CA,Los Angeles,4.9,354,(310) 867-0703,http://www.southwesthvac.biz/,https://rovenhr.com/business/la/southwest-heating-air-conditioning-chijvd,https://rovenhr.com/contact.html?claim=Southwest%20Heating%20&%20Air%20Conditioning&metro=Los%20Angeles
865,Giannetti & Booms Orthodontic Specialists,Dental & Medical,Sacramento,CA,Sacramento,4.9,354,(916) 452-3584,https://www.sacortho.com/,https://rovenhr.com/business/sacramento/giannetti-booms-orthodontic-specialists-chijx4,https://rovenhr.com/contact.html?claim=Giannetti%20&%20Booms%20Orthodontic%20Specialists&metro=Sacramento
866,Trinity Dental Loft - Dentist Dallas,Dental & Medical,Dallas,TX,Dallas–Fort Worth,4.9,353,(214) 666-4616,https://trinitydentalloft.com/?utm_source=GmbListing&utm_medium=Organic,https://rovenhr.com/business/dfw/trinity-dental-loft-dentist-dallas-chijxz,https://rovenhr.com/contact.html?claim=Trinity%20Dental%20Loft%20-%20Dentist%20Dallas&metro=Dallas–Fort%20Worth
867,Swish Dental South,Dental & Medical,Austin,TX,Austin,4.7,941,(512) 296-2841,https://www.swishsmiles.com/location/south-1st-downtown-austin-swish-dental,https://rovenhr.com/business/austin/swish-dental-south-chijix,https://rovenhr.com/contact.html?claim=Swish%20Dental%20South&metro=Austin
868,Gary Munson Heating & Air Conditioning,Home Services,Orlando,FL,Orlando,4.8,554,(407) 955-9648,https://www.munsonairconditioning.com/?utm_source=gbp&utm_medium=organic,https://rovenhr.com/business/orlando/gary-munson-heating-air-conditioning-chijmr,https://rovenhr.com/contact.html?claim=Gary%20Munson%20Heating%20&%20Air%20Conditioning&metro=Orlando
869,Gohill Orthodontics Miami Beach,Dental & Medical,Miami,FL,Miami,4.9,352,(786) 868-0095,https://gohillorthodontics.com/?utm_source=GMB&utm_medium=organic&utm_campaign=listing&utm_term=brand&utm_content=miami-beach&y_source=1_MzY3NzgzNTEtNzE1LWxvY2F0aW9uLndlYnNpdGU%3D,https://rovenhr.com/business/miami/gohill-orthodontics-miami-beach-chijc3,https://rovenhr.com/contact.html?claim=Gohill%20Orthodontics%20Miami%20Beach&metro=Miami
870,Harris Air,Home Services,West Sacramento,CA,Sacramento,4.9,352,(916) 682-6208,http://www.harris-air.com/,https://rovenhr.com/business/sacramento/harris-air-chijed,https://rovenhr.com/contact.html?claim=Harris%20Air&metro=Sacramento
871,Watson Dental Care,Dental & Medical,Orlando,FL,Orlando,4.8,552,(407) 351-3213,https://dentistorlandoflorida.com/?utm_campaign=gmb,https://rovenhr.com/business/orlando/watson-dental-care-chijtw,https://rovenhr.com/contact.html?claim=Watson%20Dental%20Care&metro=Orlando
872,Downtown Dentistry,Dental & Medical,San Antonio,TX,San Antonio,4.9,351,(210) 222-8260,http://www.sanantoniodowntowndentistry.com/,https://rovenhr.com/business/san_antonio/downtown-dentistry-chijla,https://rovenhr.com/contact.html?claim=Downtown%20Dentistry&metro=San%20Antonio
873,Miami Center For Orthodontics,Dental & Medical,Miami,FL,Miami,4.9,351,(305) 223-0110,https://www.miamibracescenters.com/,https://rovenhr.com/business/miami/miami-center-for-orthodontics-chijq0,https://rovenhr.com/contact.html?claim=Miami%20Center%20For%20Orthodontics&metro=Miami
874,Comfort Pro LLC,Home Services,Tampa,FL,Tampa,4.6,1741,(813) 348-5000,https://comfortprocooling.com/,https://rovenhr.com/business/tampa/comfort-pro-llc-chijx9,https://rovenhr.com/contact.html?claim=Comfort%20Pro%20LLC&metro=Tampa
875,Air Plus Heating & Cooling,Home Services,San Diego,CA,San Diego,4.9,349,(858) 505-8711,https://airplusmechanical.com/,https://rovenhr.com/business/san_diego/air-plus-heating-cooling-chijds,https://rovenhr.com/contact.html?claim=Air%20Plus%20Heating%20&%20Cooling&metro=San%20Diego
876,Promise Heating & Air,Home Services,Phoenix,AZ,Phoenix,5,236,(602) 363-0230,http://promiseheatingandair.com/?utm_campaign=gmb,https://rovenhr.com/business/phoenix/promise-heating-air-chijk8,https://rovenhr.com/contact.html?claim=Promise%20Heating%20&%20Air&metro=Phoenix
877,Above & Beyond Heating And Air,Home Services,Jacksonville,FL,Jacksonville,4.9,349,(904) 551-3490,http://aboveandbeyondhvacfl.com/,https://rovenhr.com/business/jacksonville/above-beyond-heating-and-air-chijxx,https://rovenhr.com/contact.html?claim=Above%20&%20Beyond%20Heating%20And%20Air&metro=Jacksonville
878,The Denture Place,Dental & Medical,Tampa,FL,Tampa,4.9,348,(813) 291-7227,https://www.the-denture-place.com/,https://rovenhr.com/business/tampa/the-denture-place-chijfx,https://rovenhr.com/contact.html?claim=The%20Denture%20Place&metro=Tampa
879,Cool Care Heating and Air Conditioning,Home Services,Houston,TX,Houston,4.9,348,(713) 979-5132,https://www.coolcareac.com/?utm_source=gbp&utm_medium=organic,https://rovenhr.com/business/houston/cool-care-heating-and-air-conditioning-chijvy,https://rovenhr.com/contact.html?claim=Cool%20Care%20Heating%20and%20Air%20Conditioning&metro=Houston
880,Owl Photography Studio,Wedding & Events,Houston,TX,Houston,5,235,(713) 677-4540,http://www.owlphotographystudio.com/,https://rovenhr.com/business/houston/owl-photography-studio-chijd9,https://rovenhr.com/contact.html?claim=Owl%20Photography%20Studio&metro=Houston
881,Olmos Park Family Dentistry,Dental & Medical,San Antonio,TX,San Antonio,4.9,346,(210) 824-2303,https://olmosdental.com/,https://rovenhr.com/business/san_antonio/olmos-park-family-dentistry-chijd9,https://rovenhr.com/contact.html?claim=Olmos%20Park%20Family%20Dentistry&metro=San%20Antonio
882,North Babcock Dental Care - Dentist In San Antonio,Dental & Medical,San Antonio,TX,San Antonio,4.9,346,(210) 691-1200,https://www.northbabcockdentalcare.com/,https://rovenhr.com/business/san_antonio/north-babcock-dental-care-dentist-in-san-antonio-chijty,https://rovenhr.com/contact.html?claim=North%20Babcock%20Dental%20Care%20-%20Dentist%20In%20San%20Antonio&metro=San%20Antonio
883,"Bright Now! Dental & Orthodontics - Orlando, FL (Airport)",Dental & Medical,Orlando,FL,Orlando,4.6,1704,(407) 517-5510,https://www.brightnow.com/dental-office/orlando/27050/?utm_source=generic&utm_medium=profiles&utm_campaign=local_profiles,https://rovenhr.com/business/orlando/bright-now-dental-orthodontics-orlando-fl-airport-chijhb,"https://rovenhr.com/contact.html?claim=Bright%20Now!%20Dental%20&%20Orthodontics%20-%20Orlando,%20FL%20(Airport)&metro=Orlando"
884,A Five Star Heating & Cooling,Home Services,North Highlands,CA,Sacramento,5,233,(916) 716-8942,https://afivestar.com/,https://rovenhr.com/business/sacramento/a-five-star-heating-cooling-chijky,https://rovenhr.com/contact.html?claim=A%20Five%20Star%20Heating%20&%20Cooling&metro=Sacramento
885,Harbour Dental Care - University Blvd,Dental & Medical,Jacksonville,FL,Jacksonville,4.8,540,(904) 733-3763,https://harbourdental.care/university,https://rovenhr.com/business/jacksonville/harbour-dental-care-university-blvd-chijft,https://rovenhr.com/contact.html?claim=Harbour%20Dental%20Care%20-%20University%20Blvd&metro=Jacksonville
886,Halo Plumbing Services,Home Services,Houston,TX,Houston,4.8,540,(346) 642-5698,https://haloplumbingtx.com/?utm_source=google&utm_medium=organic&utm_campaign=google_business_profile,https://rovenhr.com/business/houston/halo-plumbing-services-chijgr,https://rovenhr.com/contact.html?claim=Halo%20Plumbing%20Services&metro=Houston
887,Orlando Orthodontics,Dental & Medical,Orlando,FL,Orlando,4.9,343,(407) 990-3111,http://jnorthodontics.com/,https://rovenhr.com/business/orlando/orlando-orthodontics-chijg9,https://rovenhr.com/contact.html?claim=Orlando%20Orthodontics&metro=Orlando
888,Houston Orthodontics,Dental & Medical,Houston,TX,Houston,5,232,(713) 664-6611,https://houston-orthodontics.com/,https://rovenhr.com/business/houston/houston-orthodontics-chijot,https://rovenhr.com/contact.html?claim=Houston%20Orthodontics&metro=Houston
889,Escott Orthodontics,Dental & Medical,Orlando,FL,Orlando,4.9,342,(407) 898-6711,https://escottortho.com/baldwin-park-location/,https://rovenhr.com/business/orlando/escott-orthodontics-chijcb,https://rovenhr.com/contact.html?claim=Escott%20Orthodontics&metro=Orlando
890,REM Air Conditioning of Tampa,Home Services,Tampa,FL,Tampa,4.8,535,(813) 248-5877,https://www.remairconditioning.com/,https://rovenhr.com/business/tampa/rem-air-conditioning-of-tampa-chij6t,https://rovenhr.com/contact.html?claim=REM%20Air%20Conditioning%20of%20Tampa&metro=Tampa
891,"North Pole Air Conditioning and Heating Services, Inc.",Home Services,Orlando,FL,Orlando,4.9,341,(407) 276-2840,http://northpoleorlando.com/,https://rovenhr.com/business/orlando/north-pole-air-conditioning-and-heating-services-inc-chijkz,"https://rovenhr.com/contact.html?claim=North%20Pole%20Air%20Conditioning%20and%20Heating%20Services,%20Inc.&metro=Orlando"
892,Grace Dental Group,Dental & Medical,San Francisco,CA,San Francisco,4.9,340,(415) 921-8867,https://www.gracedentalgroup.com/?utm_source=gmb_auth,https://rovenhr.com/business/sf/grace-dental-group-chij2z,https://rovenhr.com/contact.html?claim=Grace%20Dental%20Group&metro=San%20Francisco
893,Diente Dental,Dental & Medical,San Francisco,CA,San Francisco,4.9,338,(415) 282-8462,https://www.dientedental.com/,https://rovenhr.com/business/sf/diente-dental-chijy9,https://rovenhr.com/contact.html?claim=Diente%20Dental&metro=San%20Francisco
894,Houston City Dental,Dental & Medical,Houston,TX,Houston,4.9,432,(832) 582-7171,,https://rovenhr.com/business/houston/houston-city-dental-chijxe,https://rovenhr.com/contact.html?claim=Houston%20City%20Dental&metro=Houston
895,"INDEPENDENT AIR CONDITIONING, INC.",Home Services,Tampa,FL,Tampa,4.9,337,(813) 421-2247,http://www.813air.com/,https://rovenhr.com/business/tampa/independent-air-conditioning-inc-chijv_,"https://rovenhr.com/contact.html?claim=INDEPENDENT%20AIR%20CONDITIONING,%20INC.&metro=Tampa"
896,Jacksonville Family Dentistry,Dental & Medical,Jacksonville,FL,Jacksonville,4.9,336,(904) 641-2655,http://www.jaxfamilydentistry.com/,https://rovenhr.com/business/jacksonville/jacksonville-family-dentistry-chij2z,https://rovenhr.com/contact.html?claim=Jacksonville%20Family%20Dentistry&metro=Jacksonville
897,Dental Smiles,Dental & Medical,Austin,TX,Austin,4.9,336,(512) 467-9955,https://mydentalsmiles.com/,https://rovenhr.com/business/austin/dental-smiles-chijtt,https://rovenhr.com/contact.html?claim=Dental%20Smiles&metro=Austin
898,Smile Haus Austin,Dental & Medical,Austin,TX,Austin,4.9,336,(512) 454-5153,https://smilehausdental.com/locations/austin-dentist/,https://rovenhr.com/business/austin/smile-haus-austin-chijyz,https://rovenhr.com/contact.html?claim=Smile%20Haus%20Austin&metro=Austin
899,"Beau Bumpas Photography, LLC",Wedding & Events,Dallas,TX,Dallas–Fort Worth,5,227,(214) 394-1384,https://beaubumpas.com/,https://rovenhr.com/business/dfw/beau-bumpas-photography-llc-chijk1,"https://rovenhr.com/contact.html?claim=Beau%20Bumpas%20Photography,%20LLC&metro=Dallas–Fort%20Worth"
900,Culver City Orthodontics - Dr. Fell & Dr. Borenstein,Dental & Medical,Culver City,CA,Los Angeles,4.9,335,(310) 837-5900,http://www.culverortho.com/,https://rovenhr.com/business/la/culver-city-orthodontics-dr-fell-dr-borenstein-chijty,https://rovenhr.com/contact.html?claim=Culver%20City%20Orthodontics%20-%20Dr.%20Fell%20&%20Dr.%20Borenstein&metro=Los%20Angeles
901,"John E. Russo, DMD Family and Cosmetic Dentistry",Dental & Medical,Orlando,FL,Orlando,4.9,334,(407) 843-2112,https://drjohnrusso.com/?utm_source=google.com&utm_medium=business+profile,https://rovenhr.com/business/orlando/john-e-russo-dmd-family-and-cosmetic-dentistry-chiju-,"https://rovenhr.com/contact.html?claim=John%20E.%20Russo,%20DMD%20Family%20and%20Cosmetic%20Dentistry&metro=Orlando"
902,Chris Conner Photography,Wedding & Events,San Francisco,CA,San Francisco,5,226,(415) 640-3052,https://www.chrisconnerphotography.com/,https://rovenhr.com/business/sf/chris-conner-photography-chijn1,https://rovenhr.com/contact.html?claim=Chris%20Conner%20Photography&metro=San%20Francisco
903,Ducks Plumbing Heating Air,Home Services,Sacramento,CA,Sacramento,5,226,(916) 803-4245,https://www.ducksplumbingca.com/,https://rovenhr.com/business/sacramento/ducks-plumbing-heating-air-chijf4,https://rovenhr.com/contact.html?claim=Ducks%20Plumbing%20Heating%20Air&metro=Sacramento
904,Swish Dental - Domain,Dental & Medical,Austin,TX,Austin,4.6,1629,(512) 617-0110,https://www.swishsmiles.com/location/domain-north-austin-dentist,https://rovenhr.com/business/austin/swish-dental-domain-chijl6,https://rovenhr.com/contact.html?claim=Swish%20Dental%20-%20Domain&metro=Austin
905,LA Dental Town,Dental & Medical,Los Angeles,CA,Los Angeles,4.9,332,(323) 887-0088,https://www.ladentaltown.com/,https://rovenhr.com/business/la/la-dental-town-chijvw,https://rovenhr.com/contact.html?claim=LA%20Dental%20Town&metro=Los%20Angeles
906,"Mother Modern Plumbing, Sewer & Drain",Home Services,Dallas,TX,Dallas–Fort Worth,4.9,330,(469) 206-9515,https://www.callmother.com/locations/dallas,https://rovenhr.com/business/dfw/mother-modern-plumbing-sewer-drain-chij-8,"https://rovenhr.com/contact.html?claim=Mother%20Modern%20Plumbing,%20Sewer%20&%20Drain&metro=Dallas–Fort%20Worth"
907,One Way Air,Home Services,Orlando,FL,Orlando,5,224,(407) 868-0381,https://onewayairfl.com/orlando,https://rovenhr.com/business/orlando/one-way-air-chij69,https://rovenhr.com/contact.html?claim=One%20Way%20Air&metro=Orlando
908,Washington Dental | Los Angeles Dentist,Dental & Medical,Los Angeles,CA,Los Angeles,4.7,868,(213) 765-0004,https://www.washington-dental.com/,https://rovenhr.com/business/la/washington-dental-los-angeles-dentist-chijwc,https://rovenhr.com/contact.html?claim=Washington%20Dental%20|%20Los%20Angeles%20Dentist&metro=Los%20Angeles
909,General and Cosmetic Dentistry of South Tampa,Dental & Medical,Tampa,FL,Tampa,4.9,329,(813) 874-5869,http://www.tampacosmeticdentist.com/,https://rovenhr.com/business/tampa/general-and-cosmetic-dentistry-of-south-tampa-chij0t,https://rovenhr.com/contact.html?claim=General%20and%20Cosmetic%20Dentistry%20of%20South%20Tampa&metro=Tampa
910,My Father's AC & Heating - San Antonio,Home Services,San Antonio,TX,San Antonio,4.9,328,(210) 400-5889,https://myfathersac.com/?utm_source=google&utm_medium=local&utm_campaign=gmb,https://rovenhr.com/business/san_antonio/my-father-s-ac-heating-san-antonio-chij-a,https://rovenhr.com/contact.html?claim=My%20Father's%20AC%20&%20Heating%20-%20San%20Antonio&metro=San%20Antonio
911,Beverly Hills Orthodontics Century City,Dental & Medical,Los Angeles,CA,Los Angeles,4.9,328,(310) 785-0770,https://www.beverlyhillsortho.com/locations/century-city,https://rovenhr.com/business/la/beverly-hills-orthodontics-century-city-chij07,https://rovenhr.com/contact.html?claim=Beverly%20Hills%20Orthodontics%20Century%20City&metro=Los%20Angeles
912,"Affordable Plumbing, Rooter and Water Heaters",Home Services,Phoenix,AZ,Phoenix,4.9,327,(480) 660-8900,https://www.affordableplumbingaz.com/near-me-plumbers-phoenix-az/?utm_source=google&utm_medium=gbp-32,https://rovenhr.com/business/phoenix/affordable-plumbing-rooter-and-water-heaters-chij3_,"https://rovenhr.com/contact.html?claim=Affordable%20Plumbing,%20Rooter%20and%20Water%20Heaters&metro=Phoenix"
913,"Morey Plumbing, Heating, & Cooling, Inc.",Home Services,San Diego,CA,San Diego,5,222,(858) 505-4500,https://www.moreyphc.com/,https://rovenhr.com/business/san_diego/morey-plumbing-heating-cooling-inc-chijzy,"https://rovenhr.com/contact.html?claim=Morey%20Plumbing,%20Heating,%20&%20Cooling,%20Inc.&metro=San%20Diego"
914,Oak Cliff Dental Center,Dental & Medical,Dallas,TX,Dallas–Fort Worth,4.8,509,(214) 948-3364,https://oakcliffdentalcenter.com/?utm_source=google&utm_medium=social&utm_campaign=Oak+Cliff+Dental+Center&utm_term=Dentist+Bishop+Arts,https://rovenhr.com/business/dfw/oak-cliff-dental-center-chijj3,https://rovenhr.com/contact.html?claim=Oak%20Cliff%20Dental%20Center&metro=Dallas–Fort%20Worth
915,Wallace Productions,Wedding & Events,Dallas,TX,Dallas–Fort Worth,5,221,(918) 600-4773,https://www.wallaceproductionsllc.com/,https://rovenhr.com/business/dfw/wallace-productions-chijvq,https://rovenhr.com/contact.html?claim=Wallace%20Productions&metro=Dallas–Fort%20Worth
916,Post Street Dental Group,Dental & Medical,San Francisco,CA,San Francisco,4.9,324,(415) 986-4534,https://poststreetdental.com/?utm_source=GBPEprompt,https://rovenhr.com/business/sf/post-street-dental-group-chija5,https://rovenhr.com/contact.html?claim=Post%20Street%20Dental%20Group&metro=San%20Francisco
917,LC Heating & Air Conditioning,Home Services,Los Angeles,CA,Los Angeles,5,220,(323) 970-3113,https://lahvaclc.com/,https://rovenhr.com/business/la/lc-heating-air-conditioning-chij_f,https://rovenhr.com/contact.html?claim=LC%20Heating%20&%20Air%20Conditioning&metro=Los%20Angeles
918,I Know A Guy AC,Home Services,Tampa,FL,Tampa,5,219,(813) 797-6577,https://iknowaguyac.com/,https://rovenhr.com/business/tampa/i-know-a-guy-ac-chijzx,https://rovenhr.com/contact.html?claim=I%20Know%20A%20Guy%20AC&metro=Tampa
919,Bravo Heating and Air Conditioning LLC,Home Services,San Antonio,TX,San Antonio,4.9,322,(210) 944-4755,https://bravoac.com/?utm_source=google&utm_medium=organic&utm_campaign=gbp,https://rovenhr.com/business/san_antonio/bravo-heating-and-air-conditioning-llc-chij3w,https://rovenhr.com/contact.html?claim=Bravo%20Heating%20and%20Air%20Conditioning%20LLC&metro=San%20Antonio
920,Rancho San Diego Dental,Dental & Medical,El Cajon,CA,San Diego,4.8,503,(619) 670-5571,https://ranchosandiegodental.com/,https://rovenhr.com/business/san_diego/rancho-san-diego-dental-chijvy,https://rovenhr.com/contact.html?claim=Rancho%20San%20Diego%20Dental&metro=San%20Diego
921,Zen Dental Studio - San Francisco,Dental & Medical,San Francisco,CA,San Francisco,4.9,322,(415) 857-0150,https://www.zen.dentist/,https://rovenhr.com/business/sf/zen-dental-studio-san-francisco-chijp_,https://rovenhr.com/contact.html?claim=Zen%20Dental%20Studio%20-%20San%20Francisco&metro=San%20Francisco
922,Parmer Lane Orthodontics,Dental & Medical,Austin,TX,Austin,5,218,(512) 793-9325,https://www.parmerlaneortho.com/,https://rovenhr.com/business/austin/parmer-lane-orthodontics-chijcy,https://rovenhr.com/contact.html?claim=Parmer%20Lane%20Orthodontics&metro=Austin
923,Land Park Dental,Dental & Medical,Sacramento,CA,Sacramento,4.9,321,(916) 421-2200,https://www.landparkdental.com/?utm_source=GMB&utm_medium=organic&utm_campaign=DevOptimization&utm_content=Website,https://rovenhr.com/business/sacramento/land-park-dental-chijp3,https://rovenhr.com/contact.html?claim=Land%20Park%20Dental&metro=Sacramento
924,Gupta Smile Studio - Orthodontics,Dental & Medical,Dallas,TX,Dallas–Fort Worth,5,218,(214) 254-3772,https://guptasmilestudio.com/,https://rovenhr.com/business/dfw/gupta-smile-studio-orthodontics-chijkv,https://rovenhr.com/contact.html?claim=Gupta%20Smile%20Studio%20-%20Orthodontics&metro=Dallas–Fort%20Worth
925,Family Dental Phoenix,Dental & Medical,Phoenix,AZ,Phoenix,4.9,321,(602) 864-1119,https://www.familydentalphx.com/,https://rovenhr.com/business/phoenix/family-dental-phoenix-chijtd,https://rovenhr.com/contact.html?claim=Family%20Dental%20Phoenix&metro=Phoenix
926,Emergency Dental of Phoenix,Dental & Medical,Scottsdale,AZ,Phoenix,4.8,500,(480) 426-8411,https://emergencydentalofphoenix.com/,https://rovenhr.com/business/phoenix/emergency-dental-of-phoenix-chijyq,https://rovenhr.com/contact.html?claim=Emergency%20Dental%20of%20Phoenix&metro=Phoenix
927,L.A. Dental Braces,Dental & Medical,Los Angeles,CA,Los Angeles,4.7,841,(323) 600-5287,https://www.ladentalbraces.us/,https://rovenhr.com/business/la/l-a-dental-braces-chijfa,https://rovenhr.com/contact.html?claim=L.A.%20Dental%20Braces&metro=Los%20Angeles
928,Nuvo Dental,Dental & Medical,Orlando,FL,Orlando,4.9,320,(321) 710-7122,https://thenuvodental.com/,https://rovenhr.com/business/orlando/nuvo-dental-chij55,https://rovenhr.com/contact.html?claim=Nuvo%20Dental&metro=Orlando
929,Amalya Shandelman Photography,Wedding & Events,Houston,TX,Houston,4.9,320,(617) 650-6565,https://www.amalyaphoto.com/,https://rovenhr.com/business/houston/amalya-shandelman-photography-chijbs,https://rovenhr.com/contact.html?claim=Amalya%20Shandelman%20Photography&metro=Houston
930,Knox Village Dentistry,Dental & Medical,Dallas,TX,Dallas–Fort Worth,4.8,499,(214) 265-7771,https://1dentalgrouptx.com/locations/knox-village-dentists-in-dallas/,https://rovenhr.com/business/dfw/knox-village-dentistry-chijzr,https://rovenhr.com/contact.html?claim=Knox%20Village%20Dentistry&metro=Dallas–Fort%20Worth
931,Dental Group Of Beverly Hills,Dental & Medical,Beverly Hills,CA,Los Angeles,4.7,837,(310) 929-6335,https://dentalgroupbh.com/?utm_campaign=gmb&utm_medium=gbp&utm_source=google,https://rovenhr.com/business/la/dental-group-of-beverly-hills-chijsc,https://rovenhr.com/contact.html?claim=Dental%20Group%20Of%20Beverly%20Hills&metro=Los%20Angeles
932,McCullough Heating & Air Conditioning,Home Services,Georgetown,TX,Austin,4.9,319,(512) 886-7205,https://coolmenow.com/georgetown/?utm_source=google&utm_medium=gbp-geo,https://rovenhr.com/business/austin/mccullough-heating-air-conditioning-chijvf,https://rovenhr.com/contact.html?claim=McCullough%20Heating%20&%20Air%20Conditioning&metro=Austin
933,H-Town Plumbers,Home Services,Houston,TX,Houston,4.9,318,(832) 318-0390,https://www.htownplumbers.com/,https://rovenhr.com/business/houston/h-town-plumbers-chijh_,https://rovenhr.com/contact.html?claim=H-Town%20Plumbers&metro=Houston
934,My Dentist San Francisco,Dental & Medical,San Francisco,CA,San Francisco,5,216,(415) 296-1126,https://www.mydentistsanfrancisco.com/,https://rovenhr.com/business/sf/my-dentist-san-francisco-chijjz,https://rovenhr.com/contact.html?claim=My%20Dentist%20San%20Francisco&metro=San%20Francisco
935,Advanced Dental Care of Tampa,Dental & Medical,Tampa,FL,Tampa,4.7,833,(813) 603-5109,https://www.adc-fl.com/dentist-office/tampa-fl-33614?utm_source=Google&utm_medium=KnowledgePanel&utm_campaign=Website,https://rovenhr.com/business/tampa/advanced-dental-care-of-tampa-chijvq,https://rovenhr.com/contact.html?claim=Advanced%20Dental%20Care%20of%20Tampa&metro=Tampa
936,Dental on Central,Dental & Medical,Phoenix,AZ,Phoenix,4.6,1525,(602) 266-1776,https://www.dentaloncentral.com/,https://rovenhr.com/business/phoenix/dental-on-central-chijn6,https://rovenhr.com/contact.html?claim=Dental%20on%20Central&metro=Phoenix
937,Luxury Point Studio,Wedding & Events,Jacksonville,FL,Jacksonville,5,215,(904) 849-2914,http://www.luxurypointstudio.com/,https://rovenhr.com/business/jacksonville/luxury-point-studio-chijad,https://rovenhr.com/contact.html?claim=Luxury%20Point%20Studio&metro=Jacksonville
938,Sergio Garcia Photography,Wedding & Events,Los Angeles,CA,Los Angeles,5,215,(323) 736-2029,https://www.sergiogarciastudios.com/,https://rovenhr.com/business/la/sergio-garcia-photography-chijh6,https://rovenhr.com/contact.html?claim=Sergio%20Garcia%20Photography&metro=Los%20Angeles
939,"Ace Plumbing, Heating & Air Conditioning",Home Services,Sacramento,CA,Sacramento,4.8,493,(916) 455-4548,https://www.aceplumbing.com/,https://rovenhr.com/business/sacramento/ace-plumbing-heating-air-conditioning-chijh_,"https://rovenhr.com/contact.html?claim=Ace%20Plumbing,%20Heating%20&%20Air%20Conditioning&metro=Sacramento"
940,The Portrait Boutique,Wedding & Events,Jacksonville,FL,Jacksonville,5,215,(904) 474-2233,https://www.theportraitboutiquejax.com/,https://rovenhr.com/business/jacksonville/the-portrait-boutique-chijvx,https://rovenhr.com/contact.html?claim=The%20Portrait%20Boutique&metro=Jacksonville
941,3rd Avenue Complete Family Dental,Dental & Medical,San Diego,CA,San Diego,4.8,491,(619) 677-6133,https://3rdavedentistry.com/?utm_source=GMB&utm_medium=organic&utm_campaign=DevOptimization&utm_content=Website,https://rovenhr.com/business/san_diego/3rd-avenue-complete-family-dental-chijvc,https://rovenhr.com/contact.html?claim=3rd%20Avenue%20Complete%20Family%20Dental&metro=San%20Diego
942,I-Orthodontics San Diego formerly Moser Orthodontics,Dental & Medical,San Diego,CA,San Diego,5,214,(858) 756-6878,https://www.iorthosd.com/,https://rovenhr.com/business/san_diego/i-orthodontics-san-diego-formerly-moser-orthodontics-chij2s,https://rovenhr.com/contact.html?claim=I-Orthodontics%20San%20Diego%20formerly%20Moser%20Orthodontics&metro=San%20Diego
943,David Gray,Home Services,Jacksonville,FL,Jacksonville,4.7,823,(904) 491-2503,https://www.davidgrayonline.com/,https://rovenhr.com/business/jacksonville/david-gray-chijhw,https://rovenhr.com/contact.html?claim=David%20Gray&metro=Jacksonville
944,Gulf Coast Air Systems,Home Services,Tampa,FL,Tampa,4.8,490,(813) 689-2082,https://gulfcoastairsystems.com/,https://rovenhr.com/business/tampa/gulf-coast-air-systems-chij0c,https://rovenhr.com/contact.html?claim=Gulf%20Coast%20Air%20Systems&metro=Tampa
945,Houston Crossroads Dental Care,Dental & Medical,Houston,TX,Houston,4.9,314,(713) 695-2555,https://htxdentalcare.com/?utm_source=google&utm_medium=organic&utm_campaign=gbp-listing,https://rovenhr.com/business/houston/houston-crossroads-dental-care-chijm1,https://rovenhr.com/contact.html?claim=Houston%20Crossroads%20Dental%20Care&metro=Houston
946,The Solution Finders AC & Heating,Home Services,Austin,TX,Austin,5,213,(512) 543-2651,https://callsolutionfinders.com/?utm_source=google&utm_medium=organic&utm_campaign=gmb,https://rovenhr.com/business/austin/the-solution-finders-ac-heating-chijjy,https://rovenhr.com/contact.html?claim=The%20Solution%20Finders%20AC%20&%20Heating&metro=Austin
947,"Monkey Wrench Plumbing, Heating, Air & Electric",Home Services,Los Angeles,CA,Los Angeles,4.8,487,(323) 607-0494,http://www.monkeywrenchservices.com/?utm_source=google&utm_medium=organic&utm_campaign=GMBListing-Los-Angeles-CA,https://rovenhr.com/business/la/monkey-wrench-plumbing-heating-air-electric-chijqs,"https://rovenhr.com/contact.html?claim=Monkey%20Wrench%20Plumbing,%20Heating,%20Air%20&%20Electric&metro=Los%20Angeles"
948,Esthetic Dentistry,Dental & Medical,Los Angeles,CA,Los Angeles,4.9,312,(213) 553-4535,http://www.estheticdentistry.net/,https://rovenhr.com/business/la/esthetic-dentistry-chijp2,https://rovenhr.com/contact.html?claim=Esthetic%20Dentistry&metro=Los%20Angeles
949,Almco Plumbing & Drain Services San Diego,Home Services,San Diego,CA,San Diego,4.9,312,(858) 544-6331,https://almcoplumbing.com/gmb/,https://rovenhr.com/business/san_diego/almco-plumbing-drain-services-san-diego-chijt6,https://rovenhr.com/contact.html?claim=Almco%20Plumbing%20&%20Drain%20Services%20San%20Diego&metro=San%20Diego
950,Elk Grove Orthodontics,Dental & Medical,Elk Grove,CA,Sacramento,4.9,312,(916) 685-2164,http://www.elkgroveorthodontics.com/,https://rovenhr.com/business/sacramento/elk-grove-orthodontics-chijqz,https://rovenhr.com/contact.html?claim=Elk%20Grove%20Orthodontics&metro=Sacramento
951,Gables Family Dental,Dental & Medical,Miami,FL,Miami,4.8,486,(305) 529-9295,http://www.gablesfamily.com/,https://rovenhr.com/business/miami/gables-family-dental-chijtx,https://rovenhr.com/contact.html?claim=Gables%20Family%20Dental&metro=Miami
952,Pompy Portraits Studios: Boudoir & Maternity,Wedding & Events,Jacksonville,FL,Jacksonville,5,212,(904) 712-0017,https://pompyportraits.com/,https://rovenhr.com/business/jacksonville/pompy-portraits-studios-boudoir-maternity-chijm8,https://rovenhr.com/contact.html?claim=Pompy%20Portraits%20Studios:%20Boudoir%20&%20Maternity&metro=Jacksonville
953,"Unicorn Productions L.A. Photography & Video 200⭐ | Trusted by governments, celebrities & Fortune 500",Wedding & Events,Los Angeles,CA,Los Angeles,5,212,(424) 335-4192,https://www.unicorn-productions.us/,https://rovenhr.com/business/la/unicorn-productions-l-a-photography-video-200-trusted-by-gov-chijcd,"https://rovenhr.com/contact.html?claim=Unicorn%20Productions%20L.A.%20Photography%20&%20Video%20200⭐%20|%20Trusted%20by%20governments,%20celebrities%20&%20Fortune%20500&metro=Los%20Angeles"
954,Solana Orthodontics,Dental & Medical,San Antonio,TX,San Antonio,5,211,(210) 905-9000,https://www.solanaortho.com/,https://rovenhr.com/business/san_antonio/solana-orthodontics-chijre,https://rovenhr.com/contact.html?claim=Solana%20Orthodontics&metro=San%20Antonio
955,SF Cosmetic Dental Group,Dental & Medical,San Francisco,CA,San Francisco,5,211,(415) 398-2582,http://www.sfcdg.com/,https://rovenhr.com/business/sf/sf-cosmetic-dental-group-chijtd,https://rovenhr.com/contact.html?claim=SF%20Cosmetic%20Dental%20Group&metro=San%20Francisco
956,Comfort-Air Engineering & Primo Plumbing,Home Services,San Antonio,TX,San Antonio,4.8,483,(210) 672-1874,https://www.comfort-air.com/?utm_campaign=gmb&utm_medium=organic&utm_source=google,https://rovenhr.com/business/san_antonio/comfort-air-engineering-primo-plumbing-chijgq,https://rovenhr.com/contact.html?claim=Comfort-Air%20Engineering%20&%20Primo%20Plumbing&metro=San%20Antonio
957,Tampa AC Repair Guys,Home Services,Tampa,FL,Tampa,5,211,(813) 737-0625,http://actampafl.com/,https://rovenhr.com/business/tampa/tampa-ac-repair-guys-chijl5,https://rovenhr.com/contact.html?claim=Tampa%20AC%20Repair%20Guys&metro=Tampa
958,Ideal Dental Millenia,Dental & Medical,Orlando,FL,Orlando,4.8,481,(407) 209-3011,https://www.myidealdental.com/millenia?utm_source=gbp&utm_medium=organic&utm_campaign=website,https://rovenhr.com/business/orlando/ideal-dental-millenia-chijss,https://rovenhr.com/contact.html?claim=Ideal%20Dental%20Millenia&metro=Orlando
959,Bea Cool AC,Home Services,Tampa,FL,Tampa,5,210,(813) 778-3505,https://beacoolac.com/,https://rovenhr.com/business/tampa/bea-cool-ac-chij8b,https://rovenhr.com/contact.html?claim=Bea%20Cool%20AC&metro=Tampa
960,AC Doctors,Home Services,San Antonio,TX,San Antonio,4.9,308,(210) 543-2237,http://www.acdoctorstx.com/,https://rovenhr.com/business/san_antonio/ac-doctors-chijf0,https://rovenhr.com/contact.html?claim=AC%20Doctors&metro=San%20Antonio
961,Doctor Air Hvac Corp,Home Services,Miami,FL,Miami,5,210,(786) 367-3152,http://www.doctorairhvac.com/,https://rovenhr.com/business/miami/doctor-air-hvac-corp-chijgy,https://rovenhr.com/contact.html?claim=Doctor%20Air%20Hvac%20Corp&metro=Miami
962,Atlantis Dental,Dental & Medical,Dallas,TX,Dallas–Fort Worth,4.9,308,(214) 941-9400,https://www.atlantisdentalcare.com/?utm_source=Google&utm_medium=Organic&utm_campaign=GMB,https://rovenhr.com/business/dfw/atlantis-dental-chijnx,https://rovenhr.com/contact.html?claim=Atlantis%20Dental&metro=Dallas–Fort%20Worth
963,TemperaturePro,Home Services,Dallas,TX,Dallas–Fort Worth,5,209,(469) 485-5115,https://temperatureprodallas.com/dallas-gaston-ave/,https://rovenhr.com/business/dfw/temperaturepro-chij9-,https://rovenhr.com/contact.html?claim=TemperaturePro&metro=Dallas–Fort%20Worth
964,Austin Dental Spa,Dental & Medical,Austin,TX,Austin,4.9,306,(512) 452-9296,https://www.austindentalspa.com/,https://rovenhr.com/business/austin/austin-dental-spa-chijoq,https://rovenhr.com/contact.html?claim=Austin%20Dental%20Spa&metro=Austin
965,Point Meadows Dentistry,Dental & Medical,Jacksonville,FL,Jacksonville,4.8,475,(904) 373-6672,http://www.pmdentistry.com/,https://rovenhr.com/business/jacksonville/point-meadows-dentistry-chijfw,https://rovenhr.com/contact.html?claim=Point%20Meadows%20Dentistry&metro=Jacksonville
966,Deese Orthodontics,Dental & Medical,Orlando,FL,Orlando,5,208,(407) 363-4800,http://www.goldiedeeseortho.com/home,https://rovenhr.com/business/orlando/deese-orthodontics-chijq6,https://rovenhr.com/contact.html?claim=Deese%20Orthodontics&metro=Orlando
967,"Brentwood Dental Spa - General, Veneers, Invisalign, Implants & Emergency Dentist",Dental & Medical,Los Angeles,CA,Los Angeles,5,207,(310) 409-4444,https://brentwooddentalspa.com/,https://rovenhr.com/business/la/brentwood-dental-spa-general-veneers-invisalign-implants-eme-chijl4,"https://rovenhr.com/contact.html?claim=Brentwood%20Dental%20Spa%20-%20General,%20Veneers,%20Invisalign,%20Implants%20&%20Emergency%20Dentist&metro=Los%20Angeles"
968,Espire Dental Mission Valley,Dental & Medical,San Diego,CA,San Diego,4.9,303,(619) 768-8933,https://espiredental.com/ca/locations/mission-valley-ca/,https://rovenhr.com/business/san_diego/espire-dental-mission-valley-chijl3,https://rovenhr.com/contact.html?claim=Espire%20Dental%20Mission%20Valley&metro=San%20Diego
969,RTW Photography,Wedding & Events,Orlando,FL,Orlando,5,206,(407) 279-0072,https://ridethewave.co/?utm_source=google&utm_medium=local&utm_campaign=1&utm_content=primary,https://rovenhr.com/business/orlando/rtw-photography-chijvw,https://rovenhr.com/contact.html?claim=RTW%20Photography&metro=Orlando
970,Jax Smiles Dentistry,Dental & Medical,Jacksonville,FL,Jacksonville,4.9,301,(904) 701-3883,http://www.jaxsmilesdentistry.com/,https://rovenhr.com/business/jacksonville/jax-smiles-dentistry-chijez,https://rovenhr.com/contact.html?claim=Jax%20Smiles%20Dentistry&metro=Jacksonville
971,HVAC Express Contracting,Home Services,Austin,TX,Austin,4.9,301,(512) 967-1088,https://hvacexpress.pro/,https://rovenhr.com/business/austin/hvac-express-contracting-chijm4,https://rovenhr.com/contact.html?claim=HVAC%20Express%20Contracting&metro=Austin
972,Houston Dentists at Post Oak,Dental & Medical,Houston,TX,Houston,4.9,301,(713) 255-1029,https://www.houstondentistsatpostoak.com/,https://rovenhr.com/business/houston/houston-dentists-at-post-oak-chijws,https://rovenhr.com/contact.html?claim=Houston%20Dentists%20at%20Post%20Oak&metro=Houston
973,Fourth Haus Photography and Video,Wedding & Events,Tampa,FL,Tampa,5,205,(813) 541-2268,https://christinadix.com/,https://rovenhr.com/business/tampa/fourth-haus-photography-and-video-chij7a,https://rovenhr.com/contact.html?claim=Fourth%20Haus%20Photography%20and%20Video&metro=Tampa
974,Hooper Plumbing & Air Conditioning,Home Services,Dallas,TX,Dallas–Fort Worth,4.8,465,(214) 761-6820,https://www.hooperplumbing.com/,https://rovenhr.com/business/dfw/hooper-plumbing-air-conditioning-chijsf,https://rovenhr.com/contact.html?claim=Hooper%20Plumbing%20&%20Air%20Conditioning&metro=Dallas–Fort%20Worth
975,Soft Touch Dentistry,Dental & Medical,Sacramento,CA,Sacramento,4.9,299,(916) 424-1703,https://sacramentofamilydentist.com/,https://rovenhr.com/business/sacramento/soft-touch-dentistry-chij2w,https://rovenhr.com/contact.html?claim=Soft%20Touch%20Dentistry&metro=Sacramento
976,SF Dental,Dental & Medical,San Francisco,CA,San Francisco,4.9,299,(415) 566-3305,https://www.sfdental.com/,https://rovenhr.com/business/sf/sf-dental-chij4a,https://rovenhr.com/contact.html?claim=SF%20Dental&metro=San%20Francisco
977,Vibrant Mechanical,Home Services,Houston,TX,Houston,5,204,(281) 436-9758,https://vibrantmechanical.com/,https://rovenhr.com/business/houston/vibrant-mechanical-chijg1,https://rovenhr.com/contact.html?claim=Vibrant%20Mechanical&metro=Houston
978,Downtown Air and Heat,Home Services,Orlando,FL,Orlando,4.9,298,(407) 408-7105,https://downtown-air.com/?utm_campaign=gmb,https://rovenhr.com/business/orlando/downtown-air-and-heat-chijhv,https://rovenhr.com/contact.html?claim=Downtown%20Air%20and%20Heat&metro=Orlando
979,All Aloha Plumbing San Diego,Home Services,San Diego,CA,San Diego,4.9,298,(619) 776-3312,https://callallaloha.com/,https://rovenhr.com/business/san_diego/all-aloha-plumbing-san-diego-chijmv,https://rovenhr.com/contact.html?claim=All%20Aloha%20Plumbing%20San%20Diego&metro=San%20Diego
980,One Hour Air Conditioning & Heating,Home Services,Orlando,FL,Orlando,4.8,461,(407) 519-9653,https://orlandoonehour.com/?utm_source=GBP&utm_medium=organic&utm_campaign=orlandogbp,https://rovenhr.com/business/orlando/one-hour-air-conditioning-heating-chijdz,https://rovenhr.com/contact.html?claim=One%20Hour%20Air%20Conditioning%20&%20Heating&metro=Orlando
981,Mission Orthodontics,Dental & Medical,San Antonio,TX,San Antonio,5,203,(210) 822-7797,http://www.missionorthodontics.com/,https://rovenhr.com/business/san_antonio/mission-orthodontics-chijux,https://rovenhr.com/contact.html?claim=Mission%20Orthodontics&metro=San%20Antonio
982,Colonialtown Dental,Dental & Medical,Orlando,FL,Orlando,4.8,461,(407) 422-3811,https://colonialtowndental.com/,https://rovenhr.com/business/orlando/colonialtown-dental-chijxq,https://rovenhr.com/contact.html?claim=Colonialtown%20Dental&metro=Orlando
983,Advanced Dental Associates of South Tampa,Dental & Medical,Tampa,FL,Tampa,4.9,297,(813) 831-8588,https://www.dentistrysouthtampa.com/,https://rovenhr.com/business/tampa/advanced-dental-associates-of-south-tampa-chijev,https://rovenhr.com/contact.html?claim=Advanced%20Dental%20Associates%20of%20South%20Tampa&metro=Tampa
984,Daniel Motta Photography,Wedding & Events,Dallas,TX,Dallas–Fort Worth,5,203,(214) 251-4444,https://www.danielmottaphotography.com/,https://rovenhr.com/business/dfw/daniel-motta-photography-chijew,https://rovenhr.com/contact.html?claim=Daniel%20Motta%20Photography&metro=Dallas–Fort%20Worth
985,Coastline Orthodontics,Dental & Medical,Jacksonville,FL,Jacksonville,4.9,297,(904) 530-3225,https://coastlineorthodontics.com/location/coastline-orthodontics-jacksonville-north/?utm_source=gbp&utm_medium=organic&utm_campaign=gbp-listing&utm_content=OFL_Jacksonville_Dunn,https://rovenhr.com/business/jacksonville/coastline-orthodontics-chijec,https://rovenhr.com/contact.html?claim=Coastline%20Orthodontics&metro=Jacksonville
986,True Value Plumbing Inc.,Home Services,National City,CA,San Diego,4.9,296,(619) 348-5409,http://truevalueplumbingsandiego.com/,https://rovenhr.com/business/san_diego/true-value-plumbing-inc-chijc6,https://rovenhr.com/contact.html?claim=True%20Value%20Plumbing%20Inc.&metro=San%20Diego
987,Super Dentist Miami,Dental & Medical,Miami,FL,Miami,4.9,296,(305) 642-8499,https://superdentistmiami.com/,https://rovenhr.com/business/miami/super-dentist-miami-chijwy,https://rovenhr.com/contact.html?claim=Super%20Dentist%20Miami&metro=Miami
988,Eli Mabli Photography,Wedding & Events,Dallas,TX,Dallas–Fort Worth,5,202,(214) 906-2365,http://www.elimabli.com/,https://rovenhr.com/business/dfw/eli-mabli-photography-chijic,https://rovenhr.com/contact.html?claim=Eli%20Mabli%20Photography&metro=Dallas–Fort%20Worth
989,Perez Orthodontics,Dental & Medical,Tampa,FL,Tampa,4.9,295,(813) 374-2007,http://www.perezorthodontics.com/,https://rovenhr.com/business/tampa/perez-orthodontics-chijhy,https://rovenhr.com/contact.html?claim=Perez%20Orthodontics&metro=Tampa
990,AIR SYSTEMS A/C-HEATING AND REFRIGERATION,Home Services,San Antonio,TX,San Antonio,4.9,295,(210) 738-2665,http://airsystemsac.com/,https://rovenhr.com/business/san_antonio/air-systems-a-c-heating-and-refrigeration-chijm2,https://rovenhr.com/contact.html?claim=AIR%20SYSTEMS%20A/C-HEATING%20AND%20REFRIGERATION&metro=San%20Antonio
991,Arch Plumbing Inc.,Home Services,San Francisco,CA,San Francisco,4.9,295,(415) 325-2547,http://archplumbinginc.com/,https://rovenhr.com/business/sf/arch-plumbing-inc-chijm6,https://rovenhr.com/contact.html?claim=Arch%20Plumbing%20Inc.&metro=San%20Francisco
992,Wired Orthodontics - Austin Lake Creek,Dental & Medical,Austin,TX,Austin,4.9,294,(512) 258-6979,https://wiredorthodontics.com/locations/austin-lake-creek/?utm_source=google_my_business&utm_medium=organic&utm_campaign=seo&utm_content=AULCTX,https://rovenhr.com/business/austin/wired-orthodontics-austin-lake-creek-chijd7,https://rovenhr.com/contact.html?claim=Wired%20Orthodontics%20-%20Austin%20Lake%20Creek&metro=Austin
993,Playa Orthodontics,Dental & Medical,Los Angeles,CA,Los Angeles,4.9,293,(310) 216-0101,https://www.playaorthodontics.com/,https://rovenhr.com/business/la/playa-orthodontics-chijuy,https://rovenhr.com/contact.html?claim=Playa%20Orthodontics&metro=Los%20Angeles
994,Six Star AC & Refrigeration,Home Services,Phoenix,AZ,Phoenix,5,200,(602) 404-3444,https://sixstarac.com/,https://rovenhr.com/business/phoenix/six-star-ac-refrigeration-chijfz,https://rovenhr.com/contact.html?claim=Six%20Star%20AC%20&%20Refrigeration&metro=Phoenix
995,Oviedo Orthodontics,Dental & Medical,San Francisco,CA,San Francisco,5,200,(415) 752-8330,https://oviedorthodontics.com/,https://rovenhr.com/business/sf/oviedo-orthodontics-chijic,https://rovenhr.com/contact.html?claim=Oviedo%20Orthodontics&metro=San%20Francisco
996,Goodnight Orthodontics,Dental & Medical,Tampa,FL,Tampa,5,200,(813) 805-0206,http://goodnightortho.com/,https://rovenhr.com/business/tampa/goodnight-orthodontics-chijbz,https://rovenhr.com/contact.html?claim=Goodnight%20Orthodontics&metro=Tampa
997,Mosaic Media Films - Austin Video Production Company,Wedding & Events,Austin,TX,Austin,5,200,(512) 607-5533,https://mosaicmediafilms.com/,https://rovenhr.com/business/austin/mosaic-media-films-austin-video-production-company-chijdv,https://rovenhr.com/contact.html?claim=Mosaic%20Media%20Films%20-%20Austin%20Video%20Production%20Company&metro=Austin
998,ARS / Rescue Rooter,Home Services,Doral,FL,Miami,4.5,2843,(305) 239-6994,https://www.ars.com/miami?utm_source=google&utm_medium=gbp&utm_campaign=local_seo&utm_content=gbp_website_click,https://rovenhr.com/business/miami/ars-rescue-rooter-chijc4,https://rovenhr.com/contact.html?claim=ARS%20/%20Rescue%20Rooter&metro=Miami
999,Boesch Dental (Invisalign Provider),Dental & Medical,Orlando,FL,Orlando,4.8,453,(407) 857-0950,http://www.yourdentistorlando.com/,https://rovenhr.com/business/orlando/boesch-dental-invisalign-provider-chijpw,https://rovenhr.com/contact.html?claim=Boesch%20Dental%20(Invisalign%20Provider)&metro=Orlando
1000,Birk Family Dentistry,Dental & Medical,Phoenix,AZ,Phoenix,5,199,(480) 565-7473,https://birkfamilydentistry.com/,https://rovenhr.com/business/phoenix/birk-family-dentistry-chij18,https://rovenhr.com/contact.html?claim=Birk%20Family%20Dentistry&metro=Phoenix
1001,Dental Team of Miami,Dental & Medical,Miami,FL,Miami,4.8,451,(305) 680-3939,https://dentalteamfl.com/locations/miami/?utm_campaign=gmb&utm_medium=gmb&utm_source=google,https://rovenhr.com/business/miami/dental-team-of-miami-chijvy,https://rovenhr.com/contact.html?claim=Dental%20Team%20of%20Miami&metro=Miami
1002,Ashley Nicole Affair,Wedding & Events,Austin,TX,Austin,5,199,(512) 275-6690,http://www.ashleynicoleaffair.com/,https://rovenhr.com/business/austin/ashley-nicole-affair-chijiw,https://rovenhr.com/contact.html?claim=Ashley%20Nicole%20Affair&metro=Austin
1003,ET Plumbing,Home Services,Round Rock,TX,Austin,5,198,(512) 826-1828,https://theetplumbing.com/,https://rovenhr.com/business/austin/et-plumbing-chijs_,https://rovenhr.com/contact.html?claim=ET%20Plumbing&metro=Austin
1004,"New Smile Dentistry - San Diego, CA",Dental & Medical,San Diego,CA,San Diego,4.9,289,(858) 438-3665,https://newsmiledentistrysd.com/?utm_source=GoogleOrganic&utm_medium=GMBwebsite&utm_campaign=GMBWebsiteLink,https://rovenhr.com/business/san_diego/new-smile-dentistry-san-diego-ca-chij2e,"https://rovenhr.com/contact.html?claim=New%20Smile%20Dentistry%20-%20San%20Diego,%20CA&metro=San%20Diego"
1005,Serrano Orthodontics,Dental & Medical,Phoenix,AZ,Phoenix,4.9,289,(602) 274-7840,https://serranoorthodontics.com/,https://rovenhr.com/business/phoenix/serrano-orthodontics-chij39,https://rovenhr.com/contact.html?claim=Serrano%20Orthodontics&metro=Phoenix
1006,River Rock Dental Austin - Mueller,Dental & Medical,Austin,TX,Austin,4.7,745,(512) 669-5147,https://riverrockdentalfamily.com/locations/mueller/?utm_source=google.com&utm_medium=business+profile&utm_campaign=,https://rovenhr.com/business/austin/river-rock-dental-austin-mueller-chijy-,https://rovenhr.com/contact.html?claim=River%20Rock%20Dental%20Austin%20-%20Mueller&metro=Austin
1007,"Dan Harris PhotoArt, LLC",Wedding & Events,Jacksonville,FL,Jacksonville,5,197,(904) 398-7668,https://www.danharrisphoto.art/,https://rovenhr.com/business/jacksonville/dan-harris-photoart-llc-chijc4,"https://rovenhr.com/contact.html?claim=Dan%20Harris%20PhotoArt,%20LLC&metro=Jacksonville"
1008,South Texas Smiles,Dental & Medical,San Antonio,TX,San Antonio,4.9,288,(210) 972-5468,http://southtexassmiles.com/?utm_source=gbp&utm_medium=organic&utm_campaign=yext_listing,https://rovenhr.com/business/san_antonio/south-texas-smiles-chijzy,https://rovenhr.com/contact.html?claim=South%20Texas%20Smiles&metro=San%20Antonio
1009,Stone Oak Dental,Dental & Medical,San Antonio,TX,San Antonio,4.9,287,(210) 348-3828,https://www.mystoneoakdental.com/?utm_source=google&utm_medium=google_business_profile&utm_campaign=website_click,https://rovenhr.com/business/san_antonio/stone-oak-dental-chijbv,https://rovenhr.com/contact.html?claim=Stone%20Oak%20Dental&metro=San%20Antonio
1010,BenjaminBL Plumbing,Home Services,Austin,TX,Austin,4.9,287,(512) 265-5642,https://www.benjaminblplumbing.com/?utm_source=google&utm_medium=organic&utm_campaign=gmb-profile-austin,https://rovenhr.com/business/austin/benjaminbl-plumbing-chijqa,https://rovenhr.com/contact.html?claim=BenjaminBL%20Plumbing&metro=Austin
1011,Comfort Dental West Avenue - San Antonio,Dental & Medical,San Antonio,TX,San Antonio,4.7,738,(210) 977-0321,https://comfortdental.com/office/tx-west-avenue/?utm_source=google&utm_medium=organic&utm_campaign=Yext,https://rovenhr.com/business/san_antonio/comfort-dental-west-avenue-san-antonio-chije8,https://rovenhr.com/contact.html?claim=Comfort%20Dental%20West%20Avenue%20-%20San%20Antonio&metro=San%20Antonio
1012,Dental World of Miami,Dental & Medical,Miami,FL,Miami,4.8,443,(305) 505-4100,http://www.dentalworldmiami.com/,https://rovenhr.com/business/miami/dental-world-of-miami-chijwr,https://rovenhr.com/contact.html?claim=Dental%20World%20of%20Miami&metro=Miami
1013,West Dentistry: West Jacqueline DMD,Dental & Medical,Jacksonville,FL,Jacksonville,4.9,286,(904) 387-3333,https://www.westdentistry.com/?utm_source=maps&utm_medium=organic&utm_campaign=PDM+jacksonville+fl&utm_content=website,https://rovenhr.com/business/jacksonville/west-dentistry-west-jacqueline-dmd-chijez,https://rovenhr.com/contact.html?claim=West%20Dentistry:%20West%20Jacqueline%20DMD&metro=Jacksonville
1014,Pure Smiles Orthodontics,Dental & Medical,Austin,TX,Austin,4.9,286,(512) 215-2520,https://puresmilesortho.com/,https://rovenhr.com/business/austin/pure-smiles-orthodontics-chijuz,https://rovenhr.com/contact.html?claim=Pure%20Smiles%20Orthodontics&metro=Austin
1015,SeaCliff Dental,Dental & Medical,San Francisco,CA,San Francisco,4.8,440,(415) 212-5605,https://seacliffdentalsf.com/?utm_campaign=gmb,https://rovenhr.com/business/sf/seacliff-dental-chijh7,https://rovenhr.com/contact.html?claim=SeaCliff%20Dental&metro=San%20Francisco
1016,"Union Square Dental San Francisco, Hakim Sisters Dental Office",Dental & Medical,San Francisco,CA,San Francisco,5,195,(415) 693-9139,https://www.unionsquaredental.com/,https://rovenhr.com/business/sf/union-square-dental-san-francisco-hakim-sisters-dental-offic-chijqr,"https://rovenhr.com/contact.html?claim=Union%20Square%20Dental%20San%20Francisco,%20Hakim%20Sisters%20Dental%20Office&metro=San%20Francisco"
1017,Elite Orthodontics,Dental & Medical,San Diego,CA,San Diego,4.9,284,(858) 277-8080,http://eliteorthodonticsgroup.com/,https://rovenhr.com/business/san_diego/elite-orthodontics-chiju0,https://rovenhr.com/contact.html?claim=Elite%20Orthodontics&metro=San%20Diego
1018,Abaco Air Experts,Home Services,Jacksonville,FL,Jacksonville,4.9,283,(904) 268-3800,https://abacoairexperts.com/,https://rovenhr.com/business/jacksonville/abaco-air-experts-chijiz,https://rovenhr.com/contact.html?claim=Abaco%20Air%20Experts&metro=Jacksonville
1019,Gentle Dental East Bell,Dental & Medical,Phoenix,AZ,Phoenix,4.7,728,(480) 564-4988,https://gentledental.interdent.com/locations/az/phoenix-bell-road/?utm_source=gbp&utm_medium=organic&utm_campaign=gbp-listing&utm_content=GDBELL&y_source=1_MTA5NjAyNjY0My03MTUtbG9jYXRpb24ud2Vic2l0ZQ%3D%3D,https://rovenhr.com/business/phoenix/gentle-dental-east-bell-chijke,https://rovenhr.com/contact.html?claim=Gentle%20Dental%20East%20Bell&metro=Phoenix
1020,"Tribeca Plumbing, Inc.",Home Services,Dallas,TX,Dallas–Fort Worth,4.8,437,(214) 402-5454,https://www.tribecaplumbinginc.com/,https://rovenhr.com/business/dfw/tribeca-plumbing-inc-chijf4,"https://rovenhr.com/contact.html?claim=Tribeca%20Plumbing,%20Inc.&metro=Dallas–Fort%20Worth"
1021,Genteel Plumbers,Home Services,San Francisco,CA,San Francisco,4.8,437,(415) 968-5558,https://genteelplumbers.com/?utm_source=google&utm_medium=organic&utm_campaign=gbp_website,https://rovenhr.com/business/sf/genteel-plumbers-chijfx,https://rovenhr.com/contact.html?claim=Genteel%20Plumbers&metro=San%20Francisco
1022,A/C Mechanical Sol Inc,Home Services,San Diego,CA,San Diego,4.9,282,(866) 226-3909,https://www.acandheating4you.com/,https://rovenhr.com/business/san_diego/a-c-mechanical-sol-inc-chijae,https://rovenhr.com/contact.html?claim=A/C%20Mechanical%20Sol%20Inc&metro=San%20Diego
1023,San Francisco Dental Care,Dental & Medical,San Francisco,CA,San Francisco,4.9,282,(415) 668-0526,https://www.sanfranciscodentalcare.com/,https://rovenhr.com/business/sf/san-francisco-dental-care-chijfy,https://rovenhr.com/contact.html?claim=San%20Francisco%20Dental%20Care&metro=San%20Francisco
1024,Rincon Dental,Dental & Medical,San Francisco,CA,San Francisco,4.9,282,(415) 974-6722,http://www.rincondental.com/?utm_source=google&utm_medium=organic&utm_content=main_button&utm_campaign=gmb,https://rovenhr.com/business/sf/rincon-dental-chijyz,https://rovenhr.com/contact.html?claim=Rincon%20Dental&metro=San%20Francisco
1025,Greenville Ave Dental,Dental & Medical,Dallas,TX,Dallas–Fort Worth,5,193,(972) 483-9783,https://greenvilleavedental.com/,https://rovenhr.com/business/dfw/greenville-ave-dental-chijvx,https://rovenhr.com/contact.html?claim=Greenville%20Ave%20Dental&metro=Dallas–Fort%20Worth
1026,Reliant Plumbing,Home Services,San Antonio,TX,San Antonio,4.7,722,(210) 900-4002,https://reliantplumbing.com/recent-projects-san-antonio-area/?utm_source=google&utm_medium=website&utm_campaign=SAWWgbp&utm_id=sawhirlwind-GBP,https://rovenhr.com/business/san_antonio/reliant-plumbing-chij--,https://rovenhr.com/contact.html?claim=Reliant%20Plumbing&metro=San%20Antonio
1027,Prime Genius Heating and Air,Home Services,Sacramento,CA,Sacramento,4.8,435,(916) 800-4007,https://primegeniusinc.com/,https://rovenhr.com/business/sacramento/prime-genius-heating-and-air-chijlq,https://rovenhr.com/contact.html?claim=Prime%20Genius%20Heating%20and%20Air&metro=Sacramento
1028,San Diego Dental Group,Dental & Medical,San Diego,CA,San Diego,4.9,281,(858) 279-1004,http://www.sddentalgroup.com/,https://rovenhr.com/business/san_diego/san-diego-dental-group-chij5w,https://rovenhr.com/contact.html?claim=San%20Diego%20Dental%20Group&metro=San%20Diego
1029,All Around Plumbing LLC,Home Services,Houston,TX,Houston,4.9,281,(713) 357-0154,https://allaroundplumbingtx.com/,https://rovenhr.com/business/houston/all-around-plumbing-llc-chijka,https://rovenhr.com/contact.html?claim=All%20Around%20Plumbing%20LLC&metro=Houston
1030,Great Expressions Dental Centers - Southside,Dental & Medical,Jacksonville,FL,Jacksonville,4.7,715,(904) 580-8343,https://www.greatexpressions.com/dental-offices/dentist-in-jacksonville-florida-southside-boulevard/,https://rovenhr.com/business/jacksonville/great-expressions-dental-centers-southside-chijbv,https://rovenhr.com/contact.html?claim=Great%20Expressions%20Dental%20Centers%20-%20Southside&metro=Jacksonville
1031,Universal Heating & Air,Home Services,Los Angeles,CA,Los Angeles,4.8,431,(323) 763-5777,https://universalhvaclosangeles.com/,https://rovenhr.com/business/la/universal-heating-air-chijua,https://rovenhr.com/contact.html?claim=Universal%20Heating%20&%20Air&metro=Los%20Angeles
1032,Cypress Grove Estate House,Wedding & Events,Orlando,FL,Orlando,4.8,429,(407) 749-0792,http://rw-brands.com/cypressgrove/,https://rovenhr.com/business/orlando/cypress-grove-estate-house-chijff,https://rovenhr.com/contact.html?claim=Cypress%20Grove%20Estate%20House&metro=Orlando
1033,Natomas Family Dentistry,Dental & Medical,Sacramento,CA,Sacramento,4.9,277,(916) 921-6051,http://www.natomasfamilydentistry.com/,https://rovenhr.com/business/sacramento/natomas-family-dentistry-chijc0,https://rovenhr.com/contact.html?claim=Natomas%20Family%20Dentistry&metro=Sacramento
1034,Photohouse Films,Wedding & Events,Austin,TX,Austin,5,190,(737) 201-1120,http://www.photohousefilms.com/,https://rovenhr.com/business/austin/photohouse-films-chijv_,https://rovenhr.com/contact.html?claim=Photohouse%20Films&metro=Austin
1035,Alvarado Dental Group,Dental & Medical,San Diego,CA,San Diego,4.9,276,(619) 287-0990,http://www.alvaradodentalgroup.com/,https://rovenhr.com/business/san_diego/alvarado-dental-group-chijvb,https://rovenhr.com/contact.html?claim=Alvarado%20Dental%20Group&metro=San%20Diego
1036,Coastline Orthodontics,Dental & Medical,Jacksonville,FL,Jacksonville,4.9,276,(904) 495-7544,https://coastlineorthodontics.com/location/coastline-orthodontics-jacksonville-south/?utm_source=gbp&utm_medium=organic&utm_campaign=gbp-listing&utm_content=OFL_Jacksonville_Gate,https://rovenhr.com/business/jacksonville/coastline-orthodontics-chiji6,https://rovenhr.com/contact.html?claim=Coastline%20Orthodontics&metro=Jacksonville
1037,Bold Bite Orthodontics,Dental & Medical,Jacksonville,FL,Jacksonville,5,189,(904) 595-6869,https://orthodontistjacksonville.com/,https://rovenhr.com/business/jacksonville/bold-bite-orthodontics-chij7x,https://rovenhr.com/contact.html?claim=Bold%20Bite%20Orthodontics&metro=Jacksonville
1038,America's Plumbing Company,Home Services,Sacramento,CA,Sacramento,4.8,425,(916) 866-1368,https://plumbingsacramento.com/,https://rovenhr.com/business/sacramento/america-s-plumbing-company-chij92,https://rovenhr.com/contact.html?claim=America's%20Plumbing%20Company&metro=Sacramento
1039,Baldwin Park Family Dental,Dental & Medical,Orlando,FL,Orlando,4.7,702,(689) 312-9462,http://baldwinparkfamilydental.com/?utm_source=gbp&utm_medium=organic&utm_campaign=yext_listing,https://rovenhr.com/business/orlando/baldwin-park-family-dental-chij_x,https://rovenhr.com/contact.html?claim=Baldwin%20Park%20Family%20Dental&metro=Orlando
1040,Grand Island Mansion,Wedding & Events,Walnut Grove,CA,Sacramento,4.7,701,(916) 775-1705,http://www.grandislandmansion.com/,https://rovenhr.com/business/sacramento/grand-island-mansion-chijo9,https://rovenhr.com/contact.html?claim=Grand%20Island%20Mansion&metro=Sacramento
1041,Dos Kiwis Photography Studio,Wedding & Events,San Antonio,TX,San Antonio,5,188,(210) 735-5555,http://www.doskiwis.com/,https://rovenhr.com/business/san_antonio/dos-kiwis-photography-studio-chij5e,https://rovenhr.com/contact.html?claim=Dos%20Kiwis%20Photography%20Studio&metro=San%20Antonio
1042,Custom Plumbing of Arizona - Phoenix,Home Services,Phoenix,AZ,Phoenix,4.7,698,(602) 866-2665,https://customplumbingaz.com/,https://rovenhr.com/business/phoenix/custom-plumbing-of-arizona-phoenix-chijfr,https://rovenhr.com/contact.html?claim=Custom%20Plumbing%20of%20Arizona%20-%20Phoenix&metro=Phoenix
1043,Llona Plumbing,Home Services,Tampa,FL,Tampa,4.8,421,(813) 477-1870,https://www.llonaplumbing.com/,https://rovenhr.com/business/tampa/llona-plumbing-chijwx,https://rovenhr.com/contact.html?claim=Llona%20Plumbing&metro=Tampa
1044,Nuccio Heating & Air Conditioning Inc,Home Services,Tampa,FL,Tampa,4.7,692,(813) 961-7895,https://www.nuccioac.com/?utm_source=google&utm_medium=organic&utm_campaign=gbp,https://rovenhr.com/business/tampa/nuccio-heating-air-conditioning-inc-chija4,https://rovenhr.com/contact.html?claim=Nuccio%20Heating%20&%20Air%20Conditioning%20Inc&metro=Tampa
1045,Midtown Dental,Dental & Medical,Sacramento,CA,Sacramento,4.9,271,(916) 441-5800,https://www.midtowndentalsacramento.com/,https://rovenhr.com/business/sacramento/midtown-dental-chijct,https://rovenhr.com/contact.html?claim=Midtown%20Dental&metro=Sacramento
1046,Oasis Family Dentistry of Jacksonville,Dental & Medical,Jacksonville,FL,Jacksonville,5,186,(904) 376-7386,http://dentist-jacksonville.com/,https://rovenhr.com/business/jacksonville/oasis-family-dentistry-of-jacksonville-chijyv,https://rovenhr.com/contact.html?claim=Oasis%20Family%20Dentistry%20of%20Jacksonville&metro=Jacksonville
1047,English Air Inc.,Home Services,Orlando,FL,Orlando,4.8,416,(407) 468-7808,https://www.englishairinc.com/,https://rovenhr.com/business/orlando/english-air-inc-chij95,https://rovenhr.com/contact.html?claim=English%20Air%20Inc.&metro=Orlando
1048,The Orthodontic Studio by Dr. Toro - Tampa,Dental & Medical,Tampa,FL,Tampa,4.9,270,(813) 886-0545,https://www.orthostudiobydrtoro.com/,https://rovenhr.com/business/tampa/the-orthodontic-studio-by-dr-toro-tampa-chiji6,https://rovenhr.com/contact.html?claim=The%20Orthodontic%20Studio%20by%20Dr.%20Toro%20-%20Tampa&metro=Tampa
1049,"Lee's Air, Plumbing, & Heating",Home Services,Sacramento,CA,Sacramento,4.8,414,(916) 246-6818,http://www.leesair.com/?utm_source=gmb&utm_medium=listingurl,https://rovenhr.com/business/sacramento/lee-s-air-plumbing-heating-chijry,"https://rovenhr.com/contact.html?claim=Lee's%20Air,%20Plumbing,%20&%20Heating&metro=Sacramento"
1050,Dallas Plumbing & Air Conditioning,Home Services,Dallas,TX,Dallas–Fort Worth,4.6,1234,(469) 489-1061,https://www.dallasplumbing.com/dallas/?utm_source=organic&utm_medium=organic&utm_campaign=dallas&utm_id=gbp,https://rovenhr.com/business/dfw/dallas-plumbing-air-conditioning-chij7u,https://rovenhr.com/contact.html?claim=Dallas%20Plumbing%20&%20Air%20Conditioning&metro=Dallas–Fort%20Worth
1051,Kunik Orthodontics Austin,Dental & Medical,Austin,TX,Austin,5,184,(512) 327-7575,https://www.kunikorthodontics.com/locations/domain/?utm_source=google&utm_medium=organic&utm_campaign=gmb,https://rovenhr.com/business/austin/kunik-orthodontics-austin-chijh8,https://rovenhr.com/contact.html?claim=Kunik%20Orthodontics%20Austin&metro=Austin
1052,McGee Family Dentistry,Dental & Medical,Orlando,FL,Orlando,4.9,267,(407) 843-0295,https://mcgeefamilydentistry.com/,https://rovenhr.com/business/orlando/mcgee-family-dentistry-chij32,https://rovenhr.com/contact.html?claim=McGee%20Family%20Dentistry&metro=Orlando
1053,Marina Tooth Fairy Dental,Dental & Medical,San Francisco,CA,San Francisco,4.8,410,(415) 409-3368,https://marinatoothfairy.com/?utm_source=gbp&utm_medium=organic&utm_campaign=Google+Business+Profile,https://rovenhr.com/business/sf/marina-tooth-fairy-dental-chijtd,https://rovenhr.com/contact.html?claim=Marina%20Tooth%20Fairy%20Dental&metro=San%20Francisco
1054,JR Dental,Dental & Medical,Jacksonville,FL,Jacksonville,4.6,1225,(904) 786-5850,https://jrdentalcare.com/locations/normandy/,https://rovenhr.com/business/jacksonville/jr-dental-chijd4,https://rovenhr.com/contact.html?claim=JR%20Dental&metro=Jacksonville
1055,Photography by Mesh,Wedding & Events,Austin,TX,Austin,5,183,(512) 771-6954,http://photobymesh.com/,https://rovenhr.com/business/austin/photography-by-mesh-chijeb,https://rovenhr.com/contact.html?claim=Photography%20by%20Mesh&metro=Austin
1056,MD Air Conditioning & Heating,Home Services,San Antonio,TX,San Antonio,5,183,(210) 561-2665,https://mdairconditioning.com/?utm_source=google&utm_medium=organic&utm_campaign=GMBListing-San-Antonio-TX,https://rovenhr.com/business/san_antonio/md-air-conditioning-heating-chijuy,https://rovenhr.com/contact.html?claim=MD%20Air%20Conditioning%20&%20Heating&metro=San%20Antonio
1057,Harbor Dental,Dental & Medical,San Diego,CA,San Diego,4.9,265,(619) 604-9321,https://harbor.dental/?utm_source=google&utm_medium=organic&utm_campaign=gbp-listing,https://rovenhr.com/business/san_diego/harbor-dental-chijqx,https://rovenhr.com/contact.html?claim=Harbor%20Dental&metro=San%20Diego
1058,Dallas Center for Oral Health & Wellness,Dental & Medical,Dallas,TX,Dallas–Fort Worth,4.9,265,(972) 301-2740,http://www.yourprettysmile.com/,https://rovenhr.com/business/dfw/dallas-center-for-oral-health-wellness-chijwa,https://rovenhr.com/contact.html?claim=Dallas%20Center%20for%20Oral%20Health%20&%20Wellness&metro=Dallas–Fort%20Worth
1059,Cucalon and Matin Orthodontics: Union Street Location,Dental & Medical,San Francisco,CA,San Francisco,5,182,(415) 563-2348,https://cucalonorthodontics.com/,https://rovenhr.com/business/sf/cucalon-and-matin-orthodontics-union-street-location-chij-6,https://rovenhr.com/contact.html?claim=Cucalon%20and%20Matin%20Orthodontics:%20Union%20Street%20Location&metro=San%20Francisco
1060,R&R Cooling Solutions,Home Services,Gibsonton,FL,Tampa,5,182,(813) 331-9902,https://www.rrcoolingsolutions.com/?utm_source=google&utm_medium=organic&utm_campaign=gbp-profile,https://rovenhr.com/business/tampa/r-r-cooling-solutions-chijv0,https://rovenhr.com/contact.html?claim=R&R%20Cooling%20Solutions&metro=Tampa
1061,East Quarter Dental,Dental & Medical,Dallas,TX,Dallas–Fort Worth,4.8,407,(469) 240-1154,https://www.eastquarterdental.com/?utm_source=gbp&utm_medium=organic&utm_campaign=gbp,https://rovenhr.com/business/dfw/east-quarter-dental-chijhx,https://rovenhr.com/contact.html?claim=East%20Quarter%20Dental&metro=Dallas–Fort%20Worth
1062,Big Day Memories,Wedding & Events,Los Angeles,CA,Los Angeles,5,182,(323) 447-2333,http://www.bigdaymemories.com/,https://rovenhr.com/business/la/big-day-memories-chijud,https://rovenhr.com/contact.html?claim=Big%20Day%20Memories&metro=Los%20Angeles
1063,Dentistry of Highland Village,Dental & Medical,Houston,TX,Houston,4.7,671,(713) 609-1125,https://dentistryofhighlandvillage.com/?utm_source=google&utm_medium=organic&utm_campaign=gmb,https://rovenhr.com/business/houston/dentistry-of-highland-village-chijpc,https://rovenhr.com/contact.html?claim=Dentistry%20of%20Highland%20Village&metro=Houston
1064,A Plus Heating and Air,Home Services,Citrus Heights,CA,Sacramento,4.9,264,(916) 838-3748,https://aplusheatingair.com/,https://rovenhr.com/business/sacramento/a-plus-heating-and-air-chijgz,https://rovenhr.com/contact.html?claim=A%20Plus%20Heating%20and%20Air&metro=Sacramento
1065,Swish Dental - Mueller Family,Dental & Medical,Austin,TX,Austin,4.7,670,(512) 843-7768,https://www.swishsmiles.com/location/mueller-family-central-austin-dental,https://rovenhr.com/business/austin/swish-dental-mueller-family-chijoc,https://rovenhr.com/contact.html?claim=Swish%20Dental%20-%20Mueller%20Family&metro=Austin
1066,Metro Air Conditioning Heating & Services,Home Services,Dallas,TX,Dallas–Fort Worth,4.8,404,(214) 304-7658,https://www.metroacs.com/,https://rovenhr.com/business/dfw/metro-air-conditioning-heating-services-chijw9,https://rovenhr.com/contact.html?claim=Metro%20Air%20Conditioning%20Heating%20&%20Services&metro=Dallas–Fort%20Worth
1067,Astray Photography: San Diego wedding Photographer & San Diego engagement photographer,Wedding & Events,San Diego,CA,San Diego,5,181,(951) 282-5732,https://www.astrayphotography.com/,https://rovenhr.com/business/san_diego/astray-photography-san-diego-wedding-photographer-san-diego--chijed,https://rovenhr.com/contact.html?claim=Astray%20Photography:%20San%20Diego%20wedding%20Photographer%20&%20San%20Diego%20engagement%20photographer&metro=San%20Diego
1068,Jacksonville Modern Orthodontics,Dental & Medical,Jacksonville,FL,Jacksonville,5,181,(904) 712-0060,https://jaxmodernortho.com/,https://rovenhr.com/business/jacksonville/jacksonville-modern-orthodontics-chijpw,https://rovenhr.com/contact.html?claim=Jacksonville%20Modern%20Orthodontics&metro=Jacksonville
1069,Garmen Dental Emergencies and Smiles,Dental & Medical,Miami,FL,Miami,4.9,262,(786) 580-3517,http://www.garmendentalmiami.com/,https://rovenhr.com/business/miami/garmen-dental-emergencies-and-smiles-chijyu,https://rovenhr.com/contact.html?claim=Garmen%20Dental%20Emergencies%20and%20Smiles&metro=Miami
1070,Enchanting Engagements Houston,Wedding & Events,Houston,TX,Houston,5,180,(929) 538-5255,https://enchantingengagements.co/houston-marriage-proposal-packages/,https://rovenhr.com/business/houston/enchanting-engagements-houston-chijh5,https://rovenhr.com/contact.html?claim=Enchanting%20Engagements%20Houston&metro=Houston
1071,Dr. Melanie Orthodontics - San Diego,Dental & Medical,San Diego,CA,San Diego,5,180,(858) 613-3688,https://drmelanieorthodontics.com/,https://rovenhr.com/business/san_diego/dr-melanie-orthodontics-san-diego-chijmw,https://rovenhr.com/contact.html?claim=Dr.%20Melanie%20Orthodontics%20-%20San%20Diego&metro=San%20Diego
1072,All Smiles Dental Center,Dental & Medical,San Antonio,TX,San Antonio,4.7,661,(210) 714-7429,https://www.allsmilesdentalcenter.com/?utm_source=GMB&utm_medium=organic&utm_campaign=DevOptimization&utm_content=Website,https://rovenhr.com/business/san_antonio/all-smiles-dental-center-chijly,https://rovenhr.com/contact.html?claim=All%20Smiles%20Dental%20Center&metro=San%20Antonio
1073,Orsborn Orthodontics,Dental & Medical,Jacksonville,FL,Jacksonville,4.8,400,(904) 745-4555,http://www.orsbornorthodontics.com/,https://rovenhr.com/business/jacksonville/orsborn-orthodontics-chijkq,https://rovenhr.com/contact.html?claim=Orsborn%20Orthodontics&metro=Jacksonville
1074,Huggins Mechanical,Home Services,Jacksonville,FL,Jacksonville,4.9,260,(904) 832-6610,http://hugginsac.com/,https://rovenhr.com/business/jacksonville/huggins-mechanical-chij3z,https://rovenhr.com/contact.html?claim=Huggins%20Mechanical&metro=Jacksonville
1075,Supreme Air Solutions,Home Services,Orlando,FL,Orlando,5,179,(407) 766-2226,https://mysupremeair.com/,https://rovenhr.com/business/orlando/supreme-air-solutions-chijka,https://rovenhr.com/contact.html?claim=Supreme%20Air%20Solutions&metro=Orlando
1076,Balboa Dental Care,Dental & Medical,San Diego,CA,San Diego,5,179,(858) 244-9383,https://www.balboadental.com/locations/san-diego-office,https://rovenhr.com/business/san_diego/balboa-dental-care-chijw6,https://rovenhr.com/contact.html?claim=Balboa%20Dental%20Care&metro=San%20Diego
1077,Radiance Orthodontics - Dr. Jureyda,Dental & Medical,Tampa,FL,Tampa,5,179,(813) 972-1100,http://www.myradiancebraces.com/,https://rovenhr.com/business/tampa/radiance-orthodontics-dr-jureyda-chiju4,https://rovenhr.com/contact.html?claim=Radiance%20Orthodontics%20-%20Dr.%20Jureyda&metro=Tampa
1078,Creative Orthodontic Associates,Dental & Medical,Miami,FL,Miami,4.9,259,(305) 266-7755,http://www.creativeortho.com/,https://rovenhr.com/business/miami/creative-orthodontic-associates-chij18,https://rovenhr.com/contact.html?claim=Creative%20Orthodontic%20Associates&metro=Miami
1079,Ever After Farms Peach Wedding Venue,Wedding & Events,Mims,FL,Orlando,4.9,259,(321) 209-1670,https://www.everafterfarms.com/peach-barn,https://rovenhr.com/business/orlando/ever-after-farms-peach-wedding-venue-chijrd,https://rovenhr.com/contact.html?claim=Ever%20After%20Farms%20Peach%20Wedding%20Venue&metro=Orlando
1080,Bell Road Dental Care of Phoenix,Dental & Medical,Phoenix,AZ,Phoenix,4.8,397,(602) 404-3483,https://www.bellroaddentalcare.com/,https://rovenhr.com/business/phoenix/bell-road-dental-care-of-phoenix-chij0s,https://rovenhr.com/contact.html?claim=Bell%20Road%20Dental%20Care%20of%20Phoenix&metro=Phoenix
1081,Restore Dental,Dental & Medical,Los Angeles,CA,Los Angeles,4.7,653,(310) 858-7373,https://www.restoredentalcenters.com/,https://rovenhr.com/business/la/restore-dental-chijb-,https://rovenhr.com/contact.html?claim=Restore%20Dental&metro=Los%20Angeles
1082,Air Conditioning Done Right,Home Services,Tampa,FL,Tampa,5,177,(813) 810-7345,http://youracdoneright.com/,https://rovenhr.com/business/tampa/air-conditioning-done-right-chij3z,https://rovenhr.com/contact.html?claim=Air%20Conditioning%20Done%20Right&metro=Tampa
1083,Early Bird Plumbing,Home Services,Sacramento,CA,Sacramento,5,177,(916) 538-6949,https://www.earlybirdplumbing.co/,https://rovenhr.com/business/sacramento/early-bird-plumbing-chijd-,https://rovenhr.com/contact.html?claim=Early%20Bird%20Plumbing&metro=Sacramento
1084,Mills Dental Group,Dental & Medical,Orlando,FL,Orlando,5,177,(407) 894-1100,https://www.millsdentalgroup.com/,https://rovenhr.com/business/orlando/mills-dental-group-chijvy,https://rovenhr.com/contact.html?claim=Mills%20Dental%20Group&metro=Orlando
1085,4 Real heating and air,Home Services,Orlando,FL,Orlando,5,177,(321) 805-1180,http://www.4realheatingandair.com/,https://rovenhr.com/business/orlando/4-real-heating-and-air-chijqf,https://rovenhr.com/contact.html?claim=4%20Real%20heating%20and%20air&metro=Orlando
1086,Elevate Smiles Dental,Dental & Medical,Tampa,FL,Tampa,4.9,256,(813) 308-9489,https://elevatesmilesdental.com/?utm_source=organic&utm_medium=gbp&utm_id=local,https://rovenhr.com/business/tampa/elevate-smiles-dental-chijdq,https://rovenhr.com/contact.html?claim=Elevate%20Smiles%20Dental&metro=Tampa
1087,Lakeside Dental Center,Dental & Medical,Jacksonville,FL,Jacksonville,4.7,647,(904) 604-5679,http://lakesidedentalcenter.com/?utm_source=gbp&utm_medium=organic&utm_campaign=yext_listing,https://rovenhr.com/business/jacksonville/lakeside-dental-center-chijiz,https://rovenhr.com/contact.html?claim=Lakeside%20Dental%20Center&metro=Jacksonville
1088,North Tampa Family Dental,Dental & Medical,Tampa,FL,Tampa,4.8,393,(813) 553-7120,https://northtampafamilydental.com/,https://rovenhr.com/business/tampa/north-tampa-family-dental-chijwu,https://rovenhr.com/contact.html?claim=North%20Tampa%20Family%20Dental&metro=Tampa
1089,Pompa Plumbing Group,Home Services,Orlando,FL,Orlando,5,176,(407) 759-4079,https://pompaflorida.com/,https://rovenhr.com/business/orlando/pompa-plumbing-group-chija1,https://rovenhr.com/contact.html?claim=Pompa%20Plumbing%20Group&metro=Orlando
1090,Northeast Florida Heating & Air,Home Services,Jacksonville,FL,Jacksonville,4.8,390,(904) 783-7003,https://www.nefhac.com/,https://rovenhr.com/business/jacksonville/northeast-florida-heating-air-chij80,https://rovenhr.com/contact.html?claim=Northeast%20Florida%20Heating%20&%20Air&metro=Jacksonville
1091,Vision Dental,Dental & Medical,Los Angeles,CA,Los Angeles,4.9,254,(310) 470-6121,https://www.visiondental.com/,https://rovenhr.com/business/la/vision-dental-chijx9,https://rovenhr.com/contact.html?claim=Vision%20Dental&metro=Los%20Angeles
1092,Bright Smiles Miami,Dental & Medical,Miami,FL,Miami,5,175,(305) 428-2878,https://www.brightsmilesmiami.com/?utm_source=gmb&utm_medium=organic,https://rovenhr.com/business/miami/bright-smiles-miami-chijfu,https://rovenhr.com/contact.html?claim=Bright%20Smiles%20Miami&metro=Miami
1093,Felix Air Services,Home Services,San Antonio,TX,San Antonio,4.9,253,(726) 249-5961,https://felixairservices.com/,https://rovenhr.com/business/san_antonio/felix-air-services-chijb9,https://rovenhr.com/contact.html?claim=Felix%20Air%20Services&metro=San%20Antonio
1094,Amiable Dental Care - Jacksonville,Dental & Medical,Jacksonville,FL,Jacksonville,4.9,253,(904) 595-4946,https://www.amiabledentalcare.com/?utm_source=GMB&utm_medium=seo&utm_campaign=GBP,https://rovenhr.com/business/jacksonville/amiable-dental-care-jacksonville-chijd4,https://rovenhr.com/contact.html?claim=Amiable%20Dental%20Care%20-%20Jacksonville&metro=Jacksonville
1095,Blue Wave Dental Care,Dental & Medical,San Diego,CA,San Diego,4.9,253,(619) 224-3391,https://bluewavedentalcare.com/,https://rovenhr.com/business/san_diego/blue-wave-dental-care-chijhx,https://rovenhr.com/contact.html?claim=Blue%20Wave%20Dental%20Care&metro=San%20Diego
1096,Ethan Clark Air Conditioning,Home Services,Houston,TX,Houston,5,174,(713) 236-1119,http://www.ethanclark.com/,https://rovenhr.com/business/houston/ethan-clark-air-conditioning-chij7w,https://rovenhr.com/contact.html?claim=Ethan%20Clark%20Air%20Conditioning&metro=Houston
1097,Rob Greer Photography Houston,Wedding & Events,Houston,TX,Houston,5,174,(713) 510-3392,https://www.robgreer.com/,https://rovenhr.com/business/houston/rob-greer-photography-houston-chijie,https://rovenhr.com/contact.html?claim=Rob%20Greer%20Photography%20Houston&metro=Houston
1098,The Smile Doctor,Dental & Medical,Sacramento,CA,Sacramento,4.8,386,(916) 426-9512,https://dentistinsacramento.com/,https://rovenhr.com/business/sacramento/the-smile-doctor-chijk6,https://rovenhr.com/contact.html?claim=The%20Smile%20Doctor&metro=Sacramento
1099,"Dynamic Heating & Cooling, Inc.",Home Services,Lutz,FL,Tampa,4.9,252,(813) 928-3646,http://dynamichvactampabay.com/,https://rovenhr.com/business/tampa/dynamic-heating-cooling-inc-chijpf,"https://rovenhr.com/contact.html?claim=Dynamic%20Heating%20&%20Cooling,%20Inc.&metro=Tampa"
1100,General Air Conditioning Inc.,Home Services,San Antonio,TX,San Antonio,4.8,385,(210) 684-1907,http://www.keepsacool.com/,https://rovenhr.com/business/san_antonio/general-air-conditioning-inc-chijh4,https://rovenhr.com/contact.html?claim=General%20Air%20Conditioning%20Inc.&metro=San%20Antonio
1101,University Park Dental of Park Cities,Dental & Medical,Dallas,TX,Dallas–Fort Worth,5,173,(214) 369-6216,https://dentistparkcitiestx.com/,https://rovenhr.com/business/dfw/university-park-dental-of-park-cities-chij35,https://rovenhr.com/contact.html?claim=University%20Park%20Dental%20of%20Park%20Cities&metro=Dallas–Fort%20Worth
1102,Local Roots AC and Plumbing LLC,Home Services,Phoenix,AZ,Phoenix,5,173,(602) 560-8989,https://calllocalroots.com/,https://rovenhr.com/business/phoenix/local-roots-ac-and-plumbing-llc-chijb_,https://rovenhr.com/contact.html?claim=Local%20Roots%20AC%20and%20Plumbing%20LLC&metro=Phoenix
1103,Embarcadero Dentistry,Dental & Medical,San Francisco,CA,San Francisco,4.8,384,(415) 398-4400,https://www.embarcaderodentistry.com/,https://rovenhr.com/business/sf/embarcadero-dentistry-chijz7,https://rovenhr.com/contact.html?claim=Embarcadero%20Dentistry&metro=San%20Francisco
1104,Daniel W Torres Photography,Wedding & Events,San Antonio,TX,San Antonio,5,172,(210) 472-2088,http://www.danielwtorres.com/,https://rovenhr.com/business/san_antonio/daniel-w-torres-photography-chij6f,https://rovenhr.com/contact.html?claim=Daniel%20W%20Torres%20Photography&metro=San%20Antonio
1105,Sacramento Wellness Dentistry,Dental & Medical,Sacramento,CA,Sacramento,4.8,381,(916) 304-9546,https://sacramentowellnessdentistry.com/,https://rovenhr.com/business/sacramento/sacramento-wellness-dentistry-chijat,https://rovenhr.com/contact.html?claim=Sacramento%20Wellness%20Dentistry&metro=Sacramento
1106,BLVD Dental Aesthetics,Dental & Medical,Los Angeles,CA,Los Angeles,5,172,(310) 620-8060,https://blvddentalaesthetics.com/,https://rovenhr.com/business/la/blvd-dental-aesthetics-chijo7,https://rovenhr.com/contact.html?claim=BLVD%20Dental%20Aesthetics&metro=Los%20Angeles
1107,Christina Karst Photography,Wedding & Events,Jacksonville,FL,Jacksonville,5,200,,https://www.christinakarst.com/,https://rovenhr.com/business/jacksonville/christina-karst-photography-chij7z,https://rovenhr.com/contact.html?claim=Christina%20Karst%20Photography&metro=Jacksonville
1108,"Ferrara Dental, PLLC",Dental & Medical,Tampa,FL,Tampa,4.8,380,(813) 229-8090,http://www.ferraradentaltampa.com/,https://rovenhr.com/business/tampa/ferrara-dental-pllc-chijp8,"https://rovenhr.com/contact.html?claim=Ferrara%20Dental,%20PLLC&metro=Tampa"
1109,Miami Smile Dental,Dental & Medical,Miami,FL,Miami,4.9,248,(305) 670-5100,https://www.miamismiledental.com/?utm_campaign=gmb,https://rovenhr.com/business/miami/miami-smile-dental-chijru,https://rovenhr.com/contact.html?claim=Miami%20Smile%20Dental&metro=Miami
1110,Redford Smiles,Dental & Medical,Sacramento,CA,Sacramento,4.6,1115,(916) 565-2570,https://www.redfordsmiles.com/?y_source=1_NjIxMTc4MzgtNzE1LWxvY2F0aW9uLndlYnNpdGU=,https://rovenhr.com/business/sacramento/redford-smiles-chijh7,https://rovenhr.com/contact.html?claim=Redford%20Smiles&metro=Sacramento
1111,Evrigenis Orthodontics on Del Paso Road,Dental & Medical,Sacramento,CA,Sacramento,4.9,246,(916) 575-9990,https://evrigenisorthodontics.com/,https://rovenhr.com/business/sacramento/evrigenis-orthodontics-on-del-paso-road-chijsv,https://rovenhr.com/contact.html?claim=Evrigenis%20Orthodontics%20on%20Del%20Paso%20Road&metro=Sacramento
1112,Portraits By Z | San Diego Boudoir & Maternity Photography,Wedding & Events,San Diego,CA,San Diego,5,170,(619) 514-3810,https://www.portraitsbyz.com/,https://rovenhr.com/business/san_diego/portraits-by-z-san-diego-boudoir-maternity-photography-chijjr,https://rovenhr.com/contact.html?claim=Portraits%20By%20Z%20|%20San%20Diego%20Boudoir%20&%20Maternity%20Photography&metro=San%20Diego
1113,Snappr,Wedding & Events,Los Angeles,CA,Los Angeles,4.8,375,(415) 993-8207,https://www.snappr.com/best-photographers/los-angeles?utm_source=google&utm_medium=organic_gmb&utm_campaign=gmb&utm_term=na&utm_content=na,https://rovenhr.com/business/la/snappr-chij94,https://rovenhr.com/contact.html?claim=Snappr&metro=Los%20Angeles
1114,Around The Clock HVAC,Home Services,San Francisco,CA,San Francisco,4.9,245,(866) 919-2869,https://trustatchvac.com/,https://rovenhr.com/business/sf/around-the-clock-hvac-chijey,https://rovenhr.com/contact.html?claim=Around%20The%20Clock%20HVAC&metro=San%20Francisco
1115,Flare Media Group - Tampa Bay Video Production,Wedding & Events,Tampa,FL,Tampa,5,169,(727) 657-8051,https://flaremediagroup.com/,https://rovenhr.com/business/tampa/flare-media-group-tampa-bay-video-production-chij22,https://rovenhr.com/contact.html?claim=Flare%20Media%20Group%20-%20Tampa%20Bay%20Video%20Production&metro=Tampa
1116,Miller Orthodontics,Dental & Medical,Tampa,FL,Tampa,5,169,(813) 427-2237,http://www.northtampabraces.com/,https://rovenhr.com/business/tampa/miller-orthodontics-chijhq,https://rovenhr.com/contact.html?claim=Miller%20Orthodontics&metro=Tampa
1117,Dental Associates of Florida - Tampa,Dental & Medical,Tampa,FL,Tampa,4.7,612,(813) 559-0049,https://smilesincluded.com/dentist-office/tampa-fl-33612?utm_source=Google&utm_medium=KnowledgePanel&utm_campaign=Website,https://rovenhr.com/business/tampa/dental-associates-of-florida-tampa-chijby,https://rovenhr.com/contact.html?claim=Dental%20Associates%20of%20Florida%20-%20Tampa&metro=Tampa
1118,Dentist Near Me Culver City,Dental & Medical,Culver City,CA,Los Angeles,4.9,244,(310) 837-8087,http://dentistnearmeculvercity.com/,https://rovenhr.com/business/la/dentist-near-me-culver-city-chijpd,https://rovenhr.com/contact.html?claim=Dentist%20Near%20Me%20Culver%20City&metro=Los%20Angeles
1119,West Tampa Dental,Dental & Medical,Tampa,FL,Tampa,4.9,244,(813) 877-6574,https://www.westtampadental.com/,https://rovenhr.com/business/tampa/west-tampa-dental-chijra,https://rovenhr.com/contact.html?claim=West%20Tampa%20Dental&metro=Tampa
1120,Perfect Smile Dental of Sacramento,Dental & Medical,Sacramento,CA,Sacramento,4.8,372,(916) 714-3410,https://perfectsmilesacramento.com/,https://rovenhr.com/business/sacramento/perfect-smile-dental-of-sacramento-chijkx,https://rovenhr.com/contact.html?claim=Perfect%20Smile%20Dental%20of%20Sacramento&metro=Sacramento
1121,"Define Orthodontics: Kirat Sodhi MSD | Kids, Teens, Adults",Dental & Medical,Dallas,TX,Dallas–Fort Worth,5,168,(972) 546-3634,https://www.defineorthodontics.com/,https://rovenhr.com/business/dfw/define-orthodontics-kirat-sodhi-msd-kids-teens-adults-chijyd,"https://rovenhr.com/contact.html?claim=Define%20Orthodontics:%20Kirat%20Sodhi%20MSD%20|%20Kids,%20Teens,%20Adults&metro=Dallas–Fort%20Worth"
1122,ARS / Rescue Rooter,Home Services,Austin,TX,Austin,4.4,5156,(254) 434-2444,https://www.ars.com/austin?utm_source=google&utm_medium=gbp&utm_campaign=local_seo&utm_content=gbp_website_click,https://rovenhr.com/business/austin/ars-rescue-rooter-chijgv,https://rovenhr.com/contact.html?claim=ARS%20/%20Rescue%20Rooter&metro=Austin
1123,Tampa Implant & General Dentistry,Dental & Medical,Lutz,FL,Tampa,4.8,370,(813) 819-6409,https://www.implantcentertampa.com/,https://rovenhr.com/business/tampa/tampa-implant-general-dentistry-chijua,https://rovenhr.com/contact.html?claim=Tampa%20Implant%20&%20General%20Dentistry&metro=Tampa
1124,Next HVAC and Appliance repair,Home Services,San Francisco,CA,San Francisco,4.8,369,(628) 303-0533,https://nexthvacrepair.com/?utm_source=gmb&utm_medium=site,https://rovenhr.com/business/sf/next-hvac-and-appliance-repair-chij8y,https://rovenhr.com/contact.html?claim=Next%20HVAC%20and%20Appliance%20repair&metro=San%20Francisco
1125,Service Champions,Home Services,West Sacramento,CA,Sacramento,4.8,369,(916) 975-8466,https://www.servicechampions.net/sacramento?utm_source=gbp&utm_medium=organic&utm_campaign=WS_GBP,https://rovenhr.com/business/sacramento/service-champions-chijh1,https://rovenhr.com/contact.html?claim=Service%20Champions&metro=Sacramento
1126,Comfort Air Conditioning & Heating,Home Services,San Diego,CA,San Diego,5,167,(858) 519-8003,https://www.comfortacandheating.com/?utm_source=google&utm_medium=organic&utm_campaign=gbp,https://rovenhr.com/business/san_diego/comfort-air-conditioning-heating-chijtt,https://rovenhr.com/contact.html?claim=Comfort%20Air%20Conditioning%20&%20Heating&metro=San%20Diego
1127,Exceldent Dentistry,Dental & Medical,Sacramento,CA,Sacramento,4.9,241,(916) 330-0358,http://www.exceldent-dentistry.com/,https://rovenhr.com/business/sacramento/exceldent-dentistry-chij5y,https://rovenhr.com/contact.html?claim=Exceldent%20Dentistry&metro=Sacramento
1128,Limestone Hills Orthodontics,Dental & Medical,Austin,TX,Austin,4.9,241,(512) 720-6399,https://limestonehillsorthodontics.com/,https://rovenhr.com/business/austin/limestone-hills-orthodontics-chijpz,https://rovenhr.com/contact.html?claim=Limestone%20Hills%20Orthodontics&metro=Austin
1129,Catherine Cooper Boudoir Photography,Wedding & Events,Dallas,TX,Dallas–Fort Worth,4.9,240,(682) 370-0090,https://boudoirstudiodallas.com/catherinecooperphotography,https://rovenhr.com/business/dfw/catherine-cooper-boudoir-photography-chijb0,https://rovenhr.com/contact.html?claim=Catherine%20Cooper%20Boudoir%20Photography&metro=Dallas–Fort%20Worth
1130,South Flores Family Dental,Dental & Medical,San Antonio,TX,San Antonio,4.9,240,(210) 225-3333,https://www.southfloresdental.com/?utm_source=google&utm_medium=google_business_profile&utm_campaign=website_click,https://rovenhr.com/business/san_antonio/south-flores-family-dental-chijje,https://rovenhr.com/contact.html?claim=South%20Flores%20Family%20Dental&metro=San%20Antonio
1131,Duncan's Air Conditioning & Heating,Home Services,Orlando,FL,Orlando,4.8,366,(407) 470-7014,https://duncansacorlando.com/?utm_source=google&utm_medium=organic&utm_campaign=GBPListing-Orlando-FL,https://rovenhr.com/business/orlando/duncan-s-air-conditioning-heating-chijmt,https://rovenhr.com/contact.html?claim=Duncan's%20Air%20Conditioning%20&%20Heating&metro=Orlando
1132,ONE Dental Miami,Dental & Medical,Miami,FL,Miami,4.8,365,(305) 285-5150,http://www.onedentalmiami.com/,https://rovenhr.com/business/miami/one-dental-miami-chijoe,https://rovenhr.com/contact.html?claim=ONE%20Dental%20Miami&metro=Miami
1133,Webster Air Conditioning and Heating Inc.,Home Services,Orlando,FL,Orlando,4.9,238,(407) 295-0598,http://www.websterac.com/,https://rovenhr.com/business/orlando/webster-air-conditioning-and-heating-inc-chij-u,https://rovenhr.com/contact.html?claim=Webster%20Air%20Conditioning%20and%20Heating%20Inc.&metro=Orlando
1134,Elisa Lopez Photography,Wedding & Events,Austin,TX,Austin,5,165,(737) 900-3873,http://www.elisalopezphotography.com/,https://rovenhr.com/business/austin/elisa-lopez-photography-chij3_,https://rovenhr.com/contact.html?claim=Elisa%20Lopez%20Photography&metro=Austin
1135,Viva Dental,Dental & Medical,Miami,FL,Miami,5,165,(305) 643-6262,https://www.vivadentalmiami.com/,https://rovenhr.com/business/miami/viva-dental-chijo3,https://rovenhr.com/contact.html?claim=Viva%20Dental&metro=Miami
1136,Cloud Craft Studios,Wedding & Events,Austin,TX,Austin,5,165,(512) 808-0345,http://www.cloudcraftstudios.com/,https://rovenhr.com/business/austin/cloud-craft-studios-chijz7,https://rovenhr.com/contact.html?claim=Cloud%20Craft%20Studios&metro=Austin
1137,Marina District Dentistry,Dental & Medical,San Diego,CA,San Diego,4.9,238,(619) 234-7222,https://www.marinadistrictdentistry.com/?utm_campaign=gmb,https://rovenhr.com/business/san_diego/marina-district-dentistry-chijz_,https://rovenhr.com/contact.html?claim=Marina%20District%20Dentistry&metro=San%20Diego
1138,Paradise Ridge Dentistry,Dental & Medical,Phoenix,AZ,Phoenix,4.6,1060,(602) 313-3947,https://phoenixarizonadentistry.com/,https://rovenhr.com/business/phoenix/paradise-ridge-dentistry-chij4f,https://rovenhr.com/contact.html?claim=Paradise%20Ridge%20Dentistry&metro=Phoenix
1139,Marco Heating & Air Conditioning,Home Services,Jacksonville,FL,Jacksonville,4.8,362,(904) 743-3350,http://marcocompanies.com/,https://rovenhr.com/business/jacksonville/marco-heating-air-conditioning-chije7,https://rovenhr.com/contact.html?claim=Marco%20Heating%20&%20Air%20Conditioning&metro=Jacksonville
1140,Emry Photography,Wedding & Events,Fallbrook,CA,San Diego,5,164,(303) 919-5249,http://emryphotography.com/,https://rovenhr.com/business/san_diego/emry-photography-chijkw,https://rovenhr.com/contact.html?claim=Emry%20Photography&metro=San%20Diego
1141,Northpoint Dental,Dental & Medical,Jacksonville,FL,Jacksonville,4.9,236,(904) 439-8300,https://www.northpointdental.com/,https://rovenhr.com/business/jacksonville/northpoint-dental-chij8w,https://rovenhr.com/contact.html?claim=Northpoint%20Dental&metro=Jacksonville
1142,Hernandez Dental Center,Dental & Medical,San Antonio,TX,San Antonio,4.9,236,(210) 533-8191,http://www.southsanantoniodentist.com/,https://rovenhr.com/business/san_antonio/hernandez-dental-center-chijyr,https://rovenhr.com/contact.html?claim=Hernandez%20Dental%20Center&metro=San%20Antonio
1143,A/C Systems of Jacksonville,Home Services,Jacksonville,FL,Jacksonville,5,163,(904) 859-3742,https://acsystemsofjax.com/,https://rovenhr.com/business/jacksonville/a-c-systems-of-jacksonville-chijqe,https://rovenhr.com/contact.html?claim=A/C%20Systems%20of%20Jacksonville&metro=Jacksonville
1144,Complete Weddings + Events,Wedding & Events,Austin,TX,Austin,4.9,235,(512) 458-3535,https://completewedo.com/austin/?utm_source=google&utm_medium=organic&utm_campaign=gmb,https://rovenhr.com/business/austin/complete-weddings-events-chijhu,https://rovenhr.com/contact.html?claim=Complete%20Weddings%20+%20Events&metro=Austin
1145,Dawn Bowery Photography,Wedding & Events,Los Angeles,CA,Los Angeles,5,163,(310) 460-9641,http://www.dawnboweryphotography.com/,https://rovenhr.com/business/la/dawn-bowery-photography-chijl3,https://rovenhr.com/contact.html?claim=Dawn%20Bowery%20Photography&metro=Los%20Angeles
1146,Just Air LLC,Home Services,Phoenix,AZ,Phoenix,4.8,358,(602) 595-8544,http://justairllc.com/,https://rovenhr.com/business/phoenix/just-air-llc-chijpy,https://rovenhr.com/contact.html?claim=Just%20Air%20LLC&metro=Phoenix
1147,Supreme Comfort LLC,Home Services,Phoenix,AZ,Phoenix,4.9,235,(623) 400-6615,https://supremecomfortaz.com/,https://rovenhr.com/business/phoenix/supreme-comfort-llc-chijve,https://rovenhr.com/contact.html?claim=Supreme%20Comfort%20LLC&metro=Phoenix
1148,"Dr. Monica Crooks, DDS | Dentist – Sacramento, CA",Dental & Medical,Sacramento,CA,Sacramento,4.8,357,(916) 922-2027,https://www.drmonicacrooks.com/?utm_source=Google&utm_medium=Organic&utm_campaign=GMB,https://rovenhr.com/business/sacramento/dr-monica-crooks-dds-dentist-sacramento-ca-chijzu,"https://rovenhr.com/contact.html?claim=Dr.%20Monica%20Crooks,%20DDS%20|%20Dentist%20–%20Sacramento,%20CA&metro=Sacramento"
1149,"Scott Evans, DDS: Orthodontic, Family & Cosmetic Dentistry",Dental & Medical,Dallas,TX,Dallas–Fort Worth,4.9,234,(214) 337-5202,http://www.straightortho.com/?utm_source=gmb_auth,https://rovenhr.com/business/dfw/scott-evans-dds-orthodontic-family-cosmetic-dentistry-chijk8,"https://rovenhr.com/contact.html?claim=Scott%20Evans,%20DDS:%20Orthodontic,%20Family%20&%20Cosmetic%20Dentistry&metro=Dallas–Fort%20Worth"
1150,Monroe Dental Clinic,Dental & Medical,Dallas,TX,Dallas–Fort Worth,4.9,234,(214) 654-9818,http://www.monroedentalclinicdallas.com/,https://rovenhr.com/business/dfw/monroe-dental-clinic-chijp0,https://rovenhr.com/contact.html?claim=Monroe%20Dental%20Clinic&metro=Dallas–Fort%20Worth
1151,Photographer Terrence Tyson,Wedding & Events,Jacksonville,FL,Jacksonville,5,162,(904) 343-8539,https://www.terrencetyson.com/,https://rovenhr.com/business/jacksonville/photographer-terrence-tyson-chijjd,https://rovenhr.com/contact.html?claim=Photographer%20Terrence%20Tyson&metro=Jacksonville
1152,Jacksonville Party Company,Wedding & Events,Orange Park,FL,Jacksonville,5,162,(904) 214-6303,https://jacksonvillepartycompany.com/,https://rovenhr.com/business/jacksonville/jacksonville-party-company-chijm6,https://rovenhr.com/contact.html?claim=Jacksonville%20Party%20Company&metro=Jacksonville
1153,Terrell Hills Dental,Dental & Medical,San Antonio,TX,San Antonio,4.8,356,(210) 824-3531,https://terrellhillsdental.com/,https://rovenhr.com/business/san_antonio/terrell-hills-dental-chijn_,https://rovenhr.com/contact.html?claim=Terrell%20Hills%20Dental&metro=San%20Antonio
1154,Dorminey Orthodontics,Dental & Medical,Elk Grove,CA,Sacramento,5,162,(916) 686-6900,https://dormineyorthodontics.com/,https://rovenhr.com/business/sacramento/dorminey-orthodontics-chij_a,https://rovenhr.com/contact.html?claim=Dorminey%20Orthodontics&metro=Sacramento
1155,Hidden Barn Venue,Wedding & Events,Apopka,FL,Orlando,4.8,354,(321) 257-9409,http://hiddenbarnvenue.com/?utm_source=google&utm_medium=organic&utm_campaign=gbp-listing,https://rovenhr.com/business/orlando/hidden-barn-venue-chijra,https://rovenhr.com/contact.html?claim=Hidden%20Barn%20Venue&metro=Orlando
1156,Marigold Photo & Video,Wedding & Events,Farmers Branch,TX,Dallas–Fort Worth,5,161,(940) 373-2162,http://www.marigoldphotoandvideo.com/,https://rovenhr.com/business/dfw/marigold-photo-video-chijsv,https://rovenhr.com/contact.html?claim=Marigold%20Photo%20&%20Video&metro=Dallas–Fort%20Worth
1157,Deco Art Event Planners,Wedding & Events,Houston,TX,Houston,4.9,231,(281) 827-4420,http://facebook.com/decoarteventplanners.,https://rovenhr.com/business/houston/deco-art-event-planners-chij12,https://rovenhr.com/contact.html?claim=Deco%20Art%20Event%20Planners&metro=Houston
1158,West LA Orthodontics,Dental & Medical,Culver City,CA,Los Angeles,4.9,231,(213) 616-7973,https://www.wlaortho.com/?utm_source=google&utm_medium=organic&utm_campaign=gbp,https://rovenhr.com/business/la/west-la-orthodontics-chij18,https://rovenhr.com/contact.html?claim=West%20LA%20Orthodontics&metro=Los%20Angeles
1159,"Cucalon and Matin Orthodontics: Ocean Avenue, San Francisco Location",Dental & Medical,San Francisco,CA,San Francisco,4.9,231,(415) 906-6588,https://cucalonorthodontics.com/,https://rovenhr.com/business/sf/cucalon-and-matin-orthodontics-ocean-avenue-san-francisco-lo-chijjx,"https://rovenhr.com/contact.html?claim=Cucalon%20and%20Matin%20Orthodontics:%20Ocean%20Avenue,%20San%20Francisco%20Location&metro=San%20Francisco"
1160,Air Dynamics Mechanical,Home Services,San Antonio,TX,San Antonio,4.9,230,(210) 852-3535,http://www.airdynamicsmech.com/,https://rovenhr.com/business/san_antonio/air-dynamics-mechanical-chijuq,https://rovenhr.com/contact.html?claim=Air%20Dynamics%20Mechanical&metro=San%20Antonio
1161,Solterra Dentistry,Dental & Medical,Phoenix,AZ,Phoenix,4.8,350,(602) 788-0730,https://www.solterradentistry.com/,https://rovenhr.com/business/phoenix/solterra-dentistry-chijt3,https://rovenhr.com/contact.html?claim=Solterra%20Dentistry&metro=Phoenix
1162,The Smile Center,Dental & Medical,San Francisco,CA,San Francisco,4.9,230,(415) 641-1001,http://sfsmilecenter.com/,https://rovenhr.com/business/sf/the-smile-center-chijv4,https://rovenhr.com/contact.html?claim=The%20Smile%20Center&metro=San%20Francisco
1163,Ramoneda Photography | Miami,Wedding & Events,Miami,FL,Miami,4.8,348,(786) 444-2018,http://misquincefoto.com/,https://rovenhr.com/business/miami/ramoneda-photography-miami-chij1x,https://rovenhr.com/contact.html?claim=Ramoneda%20Photography%20|%20Miami&metro=Miami
1164,OneSource Dental of South Tampa,Dental & Medical,Tampa,FL,Tampa,5,159,(813) 773-3145,https://www.onesourcedentalsouthtampa.com/,https://rovenhr.com/business/tampa/onesource-dental-of-south-tampa-chijdb,https://rovenhr.com/contact.html?claim=OneSource%20Dental%20of%20South%20Tampa&metro=Tampa
1165,The River Club,Wedding & Events,Jacksonville,FL,Jacksonville,4.8,347,(904) 354-1111,http://www.jaxriverclub.com/,https://rovenhr.com/business/jacksonville/the-river-club-chijky,https://rovenhr.com/contact.html?claim=The%20River%20Club&metro=Jacksonville
1166,"Hammond Heating & Air Conditioning of Middleburg, FL",Home Services,Middleburg,FL,Jacksonville,4.9,228,(904) 830-5425,https://www.hammondair.com/middleburg-fl/,https://rovenhr.com/business/jacksonville/hammond-heating-air-conditioning-of-middleburg-fl-chijtd,"https://rovenhr.com/contact.html?claim=Hammond%20Heating%20&%20Air%20Conditioning%20of%20Middleburg,%20FL&metro=Jacksonville"
1167,SA Specialties,Home Services,San Antonio,TX,San Antonio,4.6,1006,(210) 658-0440,http://www.saspecialties.com/,https://rovenhr.com/business/san_antonio/sa-specialties-chijwf,https://rovenhr.com/contact.html?claim=SA%20Specialties&metro=San%20Antonio
1168,Top Smile Orthodontics - LAKEWOOD,Dental & Medical,Dallas,TX,Dallas–Fort Worth,5,158,(469) 314-2888,http://www.topsmileortho.com/,https://rovenhr.com/business/dfw/top-smile-orthodontics-lakewood-chijrx,https://rovenhr.com/contact.html?claim=Top%20Smile%20Orthodontics%20-%20LAKEWOOD&metro=Dallas–Fort%20Worth
1169,Fulton Family Dental,Dental & Medical,Sacramento,CA,Sacramento,5,158,(916) 929-3737,http://www.fultonfamilydental.com/,https://rovenhr.com/business/sacramento/fulton-family-dental-chijta,https://rovenhr.com/contact.html?claim=Fulton%20Family%20Dental&metro=Sacramento
1170,Tamaya Dental Care,Dental & Medical,Jacksonville,FL,Jacksonville,4.7,560,(904) 530-2276,http://tamayadentalcare.com/?utm_source=gbp&utm_medium=organic&utm_campaign=yext_listing,https://rovenhr.com/business/jacksonville/tamaya-dental-care-chij6a,https://rovenhr.com/contact.html?claim=Tamaya%20Dental%20Care&metro=Jacksonville
1171,Photo Video Events,Wedding & Events,Orlando,FL,Orlando,4.9,226,(407) 883-8175,https://photo-video-events.com/,https://rovenhr.com/business/orlando/photo-video-events-chijia,https://rovenhr.com/contact.html?claim=Photo%20Video%20Events&metro=Orlando
1172,A-List Photography,Wedding & Events,Dallas,TX,Dallas–Fort Worth,5,157,(810) 333-6191,http://www.a-list-photography.com/,https://rovenhr.com/business/dfw/a-list-photography-chijle,https://rovenhr.com/contact.html?claim=A-List%20Photography&metro=Dallas–Fort%20Worth
1173,Dental Care at Dr. Phillips,Dental & Medical,Orlando,FL,Orlando,4.9,226,(407) 345-1442,http://www.dentalcareatdrphillips.com/,https://rovenhr.com/business/orlando/dental-care-at-dr-phillips-chijq6,https://rovenhr.com/contact.html?claim=Dental%20Care%20at%20Dr.%20Phillips&metro=Orlando
1174,Houston Uptown Dentists,Dental & Medical,Houston,TX,Houston,4.8,342,(713) 366-4376,https://www.houstonuptowndentists.com/?utm_source=GMB_Listing&utm_medium=organic&utm_campaign=Website_URL,https://rovenhr.com/business/houston/houston-uptown-dentists-chij0q,https://rovenhr.com/contact.html?claim=Houston%20Uptown%20Dentists&metro=Houston
1175,All Smiles Dental,Dental & Medical,San Francisco,CA,San Francisco,4.9,225,(415) 564-2200,http://www.allsmilessf.com/,https://rovenhr.com/business/sf/all-smiles-dental-chijiz,https://rovenhr.com/contact.html?claim=All%20Smiles%20Dental&metro=San%20Francisco
1176,Bayou City Smiles,Dental & Medical,Houston,TX,Houston,4.8,342,(713) 518-1411,https://www.bayoucitysmiles.com/,https://rovenhr.com/business/houston/bayou-city-smiles-chijg3,https://rovenhr.com/contact.html?claim=Bayou%20City%20Smiles&metro=Houston
1177,One Hour Air Conditioning & Heating,Home Services,Jacksonville,FL,Jacksonville,4.6,984,(904) 257-5070,https://jacksonvilleonehour.com/?utm_source=GBP&utm_medium=organic&utm_campaign=jacksonvillegbp,https://rovenhr.com/business/jacksonville/one-hour-air-conditioning-heating-chijkt,https://rovenhr.com/contact.html?claim=One%20Hour%20Air%20Conditioning%20&%20Heating&metro=Jacksonville
1178,Mills Park Dental,Dental & Medical,Orlando,FL,Orlando,4.8,340,(407) 228-1353,http://www.millsparkdental.com/,https://rovenhr.com/business/orlando/mills-park-dental-chijw4,https://rovenhr.com/contact.html?claim=Mills%20Park%20Dental&metro=Orlando
1179,Coastal Dental Arts,Dental & Medical,San Diego,CA,San Diego,4.8,340,(619) 786-3635,https://www.coastaldentalarts.com/?utm_source=google.com&utm_medium=business+profile,https://rovenhr.com/business/san_diego/coastal-dental-arts-chijsr,https://rovenhr.com/contact.html?claim=Coastal%20Dental%20Arts&metro=San%20Diego
1180,Best Price Mini Splits Miami Fl,Home Services,Miami,FL,Miami,4.9,224,(786) 447-7745,http://bestpriceminisplitsmiami.com/,https://rovenhr.com/business/miami/best-price-mini-splits-miami-fl-chijys,https://rovenhr.com/contact.html?claim=Best%20Price%20Mini%20Splits%20Miami%20Fl&metro=Miami
1181,Mr. Rooter Plumbing of San Diego County,Home Services,San Diego,CA,San Diego,4.7,553,(858) 278-7600,https://www.mrrooter.com/san-diego-county/,https://rovenhr.com/business/san_diego/mr-rooter-plumbing-of-san-diego-county-chijqq,https://rovenhr.com/contact.html?claim=Mr.%20Rooter%20Plumbing%20of%20San%20Diego%20County&metro=San%20Diego
1182,All The Time Plumbing,Home Services,Houston,TX,Houston,4.8,339,(713) 705-3926,https://allthetimeplumbing.com/,https://rovenhr.com/business/houston/all-the-time-plumbing-chijq3,https://rovenhr.com/contact.html?claim=All%20The%20Time%20Plumbing&metro=Houston
1183,The Vixen Society Boudoir Photography Studio,Wedding & Events,Dallas,TX,Dallas–Fort Worth,5,155,(214) 533-3489,http://www.thevixensociety.com/,https://rovenhr.com/business/dfw/the-vixen-society-boudoir-photography-studio-chijar,https://rovenhr.com/contact.html?claim=The%20Vixen%20Society%20Boudoir%20Photography%20Studio&metro=Dallas–Fort%20Worth
1184,Houston Plumbing Services,Home Services,Houston,TX,Houston,4.9,223,(713) 231-3309,https://www.houstonplumbingservices.com/,https://rovenhr.com/business/houston/houston-plumbing-services-chijf6,https://rovenhr.com/contact.html?claim=Houston%20Plumbing%20Services&metro=Houston
1185,Associated Piping Services Inc.,Home Services,Orlando,FL,Orlando,4.9,223,(407) 901-3482,https://www.apsorl.com/,https://rovenhr.com/business/orlando/associated-piping-services-inc-chijff,https://rovenhr.com/contact.html?claim=Associated%20Piping%20Services%20Inc.&metro=Orlando
1186,AC Panda Mechanical Contractors,Home Services,Jacksonville,FL,Jacksonville,5,155,(904) 370-3918,http://www.acpandajax.com/,https://rovenhr.com/business/jacksonville/ac-panda-mechanical-contractors-chijxy,https://rovenhr.com/contact.html?claim=AC%20Panda%20Mechanical%20Contractors&metro=Jacksonville
1187,Live Happy Studio,Wedding & Events,Orlando,FL,Orlando,5,155,(386) 717-9178,https://livehappystudio.com/,https://rovenhr.com/business/orlando/live-happy-studio-chijzx,https://rovenhr.com/contact.html?claim=Live%20Happy%20Studio&metro=Orlando
1188,Bob Heinmiller Air Conditioning Inc,Home Services,Orlando,FL,Orlando,4.7,549,(407) 374-0779,https://bobheinmiller.com/,https://rovenhr.com/business/orlando/bob-heinmiller-air-conditioning-inc-chij97,https://rovenhr.com/contact.html?claim=Bob%20Heinmiller%20Air%20Conditioning%20Inc&metro=Orlando
1189,Olmos Park Dental,Dental & Medical,San Antonio,TX,San Antonio,4.9,222,(210) 767-3525,http://olmosparkdental.com/,https://rovenhr.com/business/san_antonio/olmos-park-dental-chijo9,https://rovenhr.com/contact.html?claim=Olmos%20Park%20Dental&metro=San%20Antonio
1190,Argyle Dental Center,Dental & Medical,Jacksonville,FL,Jacksonville,4.6,970,(904) 639-6560,https://www.argyledentalcenter.com/,https://rovenhr.com/business/jacksonville/argyle-dental-center-chij-w,https://rovenhr.com/contact.html?claim=Argyle%20Dental%20Center&metro=Jacksonville
1191,Van Ness Dental Group,Dental & Medical,San Francisco,CA,San Francisco,4.8,336,(415) 441-2098,http://www.vannessdentalgroup.com/,https://rovenhr.com/business/sf/van-ness-dental-group-chija_,https://rovenhr.com/contact.html?claim=Van%20Ness%20Dental%20Group&metro=San%20Francisco
1192,Greenberg Dental & Orthodontics,Dental & Medical,Jacksonville,FL,Jacksonville,4.6,971,(904) 645-5015,https://www.greenbergdental.com/offices/bay-meadows,https://rovenhr.com/business/jacksonville/greenberg-dental-orthodontics-chijxe,https://rovenhr.com/contact.html?claim=Greenberg%20Dental%20&%20Orthodontics&metro=Jacksonville
1193,"Brown's Heating and Air, Inc.",Home Services,Sacramento,CA,Sacramento,4.9,221,(916) 402-8290,https://www.brownsheatingandair.com/,https://rovenhr.com/business/sacramento/brown-s-heating-and-air-inc-chije6,"https://rovenhr.com/contact.html?claim=Brown's%20Heating%20and%20Air,%20Inc.&metro=Sacramento"
1194,Restore Dental At Montrose,Dental & Medical,Houston,TX,Houston,5,154,(281) 768-8944,https://www.restoredentalmontrose.com/?utm_source=gmb&utm_medium=organic,https://rovenhr.com/business/houston/restore-dental-at-montrose-chijy_,https://rovenhr.com/contact.html?claim=Restore%20Dental%20At%20Montrose&metro=Houston
1195,Mi Casa Family Dentistry | Austin Family Dentistry,Dental & Medical,Austin,TX,Austin,4.8,335,(512) 229-0401,https://www.micasafamilydentistry.com/?utm_source=GMB&utm_medium=organic&utm_campaign=pleasant_valley,https://rovenhr.com/business/austin/mi-casa-family-dentistry-austin-family-dentistry-chijwy,https://rovenhr.com/contact.html?claim=Mi%20Casa%20Family%20Dentistry%20|%20Austin%20Family%20Dentistry&metro=Austin
1196,Chosen Rooter & Plumbing Inc.,Home Services,San Francisco,CA,San Francisco,4.8,334,(628) 214-2700,https://www.chosenrooter.com/?utm_source=google&utm_medium=organic&utm_campaign=gbp-website-link,https://rovenhr.com/business/sf/chosen-rooter-plumbing-inc-chij_a,https://rovenhr.com/contact.html?claim=Chosen%20Rooter%20&%20Plumbing%20Inc.&metro=San%20Francisco
1197,Tide Turners Plumbing,Home Services,Dallas,TX,Dallas–Fort Worth,4.9,220,(972) 521-1701,http://www.calltideturners.com/,https://rovenhr.com/business/dfw/tide-turners-plumbing-chijd_,https://rovenhr.com/contact.html?claim=Tide%20Turners%20Plumbing&metro=Dallas–Fort%20Worth
1198,Photomochi - San Francisco,Wedding & Events,San Francisco,CA,San Francisco,5,153,(415) 275-1448,https://www.photomochi.com/,https://rovenhr.com/business/sf/photomochi-san-francisco-chij1y,https://rovenhr.com/contact.html?claim=Photomochi%20-%20San%20Francisco&metro=San%20Francisco
1199,Sweet Plum Boudoir,Wedding & Events,Tampa,FL,Tampa,5,153,(813) 722-1605,https://www.sweetplumboudoir.com/?utm_source=GMB&utm_medium=Website,https://rovenhr.com/business/tampa/sweet-plum-boudoir-chij_4,https://rovenhr.com/contact.html?claim=Sweet%20Plum%20Boudoir&metro=Tampa
1200,Bella Cosa Wedding Venue,Wedding & Events,Lake Wales,FL,Orlando,4.7,540,(863) 949-4422,http://www.bellacosaweddingvenue.com/,https://rovenhr.com/business/orlando/bella-cosa-wedding-venue-chij3y,https://rovenhr.com/contact.html?claim=Bella%20Cosa%20Wedding%20Venue&metro=Orlando
1201,All Smiles On Riverside,Dental & Medical,Jacksonville,FL,Jacksonville,4.8,331,(904) 384-0383,https://allsmilesonriverside.com/,https://rovenhr.com/business/jacksonville/all-smiles-on-riverside-chij-s,https://rovenhr.com/contact.html?claim=All%20Smiles%20On%20Riverside&metro=Jacksonville
1202,Dunn Orthodontics,Dental & Medical,Scottsdale,AZ,Phoenix,5,152,(480) 634-7731,https://dunn-orthodontics.com/,https://rovenhr.com/business/phoenix/dunn-orthodontics-chijjv,https://rovenhr.com/contact.html?claim=Dunn%20Orthodontics&metro=Phoenix
1203,Farina Orthodontic Specialists - New Tampa,Dental & Medical,Tampa,FL,Tampa,4.8,331,(813) 972-2929,https://farinasmiles.com/,https://rovenhr.com/business/tampa/farina-orthodontic-specialists-new-tampa-chijvf,https://rovenhr.com/contact.html?claim=Farina%20Orthodontic%20Specialists%20-%20New%20Tampa&metro=Tampa
1204,Camilo Riaño Orthodontics,Dental & Medical,San Francisco,CA,San Francisco,4.8,329,(415) 874-1677,https://www.docrianos.com/san-francisco-location?utm_source=google&utm_medium=organic&utm_campaign=gbp-listing-san-francisco,https://rovenhr.com/business/sf/camilo-ria-o-orthodontics-chijff,https://rovenhr.com/contact.html?claim=Camilo%20Riaño%20Orthodontics&metro=San%20Francisco
1205,OTTER HVAC & ELECTRICAL,Home Services,Walnut Creek,CA,San Francisco,5,151,(650) 900-0440,https://otterhomeservice.com/,https://rovenhr.com/business/sf/otter-hvac-electrical-chijtd,https://rovenhr.com/contact.html?claim=OTTER%20HVAC%20&%20ELECTRICAL&metro=San%20Francisco
1206,Matool Weddings Photography & Videography,Wedding & Events,Dallas,TX,Dallas–Fort Worth,5,151,(817) 876-5851,http://matoolweddings.com/,https://rovenhr.com/business/dfw/matool-weddings-photography-videography-chijb9,https://rovenhr.com/contact.html?claim=Matool%20Weddings%20Photography%20&%20Videography&metro=Dallas–Fort%20Worth
1207,Dallas Designer Smiles,Dental & Medical,Dallas,TX,Dallas–Fort Worth,4.9,216,(214) 363-7777,http://www.dallasdesignersmiles.com/,https://rovenhr.com/business/dfw/dallas-designer-smiles-chijoy,https://rovenhr.com/contact.html?claim=Dallas%20Designer%20Smiles&metro=Dallas–Fort%20Worth
1208,Houston Skyline Dental,Dental & Medical,Houston,TX,Houston,4.8,327,(713) 226-7050,https://www.houstonskylinedental.net/,https://rovenhr.com/business/houston/houston-skyline-dental-chijvb,https://rovenhr.com/contact.html?claim=Houston%20Skyline%20Dental&metro=Houston
1209,Swish Dental Downtown,Dental & Medical,Austin,TX,Austin,4.6,936,(512) 713-1099,https://www.swishsmiles.com/location/downtown,https://rovenhr.com/business/austin/swish-dental-downtown-chijdw,https://rovenhr.com/contact.html?claim=Swish%20Dental%20Downtown&metro=Austin
1210,FireBrand Media LLC,Wedding & Events,Farmers Branch,TX,Dallas–Fort Worth,5,150,(214) 494-0290,http://mydallasvideographer.com/,https://rovenhr.com/business/dfw/firebrand-media-llc-chij30,https://rovenhr.com/contact.html?claim=FireBrand%20Media%20LLC&metro=Dallas–Fort%20Worth
1211,"A1 Plus Electrical, Plumbing and Air Conditioning Repair",Home Services,Houston,TX,Houston,4.9,215,(832) 271-6414,https://a1plus.com/cooling-services/air-conditioning-repair/?utm_source=google&utm_medium=organic&utm_campaign=gbp-greenway&utm_content=listing,https://rovenhr.com/business/houston/a1-plus-electrical-plumbing-and-air-conditioning-repair-chijez,"https://rovenhr.com/contact.html?claim=A1%20Plus%20Electrical,%20Plumbing%20and%20Air%20Conditioning%20Repair&metro=Houston"
1212,BRANDI MORGAN PHOTOGRAPHY LLC,Wedding & Events,San Antonio,TX,San Antonio,5,150,(210) 833-0801,http://www.brandimorganphotography.com/,https://rovenhr.com/business/san_antonio/brandi-morgan-photography-llc-chijj4,https://rovenhr.com/contact.html?claim=BRANDI%20MORGAN%20PHOTOGRAPHY%20LLC&metro=San%20Antonio
1213,Dental Fitness - Miami,Dental & Medical,El Portal,FL,Miami,4.9,215,(305) 758-5878,http://www.dentalfitness.net/,https://rovenhr.com/business/miami/dental-fitness-miami-chijq2,https://rovenhr.com/contact.html?claim=Dental%20Fitness%20-%20Miami&metro=Miami
1214,Ace Comfort Air Conditioning & Heating,Home Services,Houston,TX,Houston,4.9,215,(281) 658-5141,http://www.acecomfort-tx.com/,https://rovenhr.com/business/houston/ace-comfort-air-conditioning-heating-chijdf,https://rovenhr.com/contact.html?claim=Ace%20Comfort%20Air%20Conditioning%20&%20Heating&metro=Houston
1215,Vivezza Photography,Wedding & Events,Houston,TX,Houston,5,189,(832) 910-6249,,https://rovenhr.com/business/houston/vivezza-photography-chijku,https://rovenhr.com/contact.html?claim=Vivezza%20Photography&metro=Houston
1216,RedHome HVAC Services,Home Services,Austin,TX,Austin,4.9,214,(512) 402-7277,https://redhome.io/,https://rovenhr.com/business/austin/redhome-hvac-services-chij0b,https://rovenhr.com/contact.html?claim=RedHome%20HVAC%20Services&metro=Austin
1217,Luke's Plumbing & Air Conditioning,Home Services,Houston,TX,Houston,4.8,323,(713) 701-7245,https://calllukes.com/?utm_source=google&utm_medium=gbp,https://rovenhr.com/business/houston/luke-s-plumbing-air-conditioning-chijq7,https://rovenhr.com/contact.html?claim=Luke's%20Plumbing%20&%20Air%20Conditioning&metro=Houston
1218,Doug Miranda Photography,Wedding & Events,Sacramento,CA,Sacramento,5,149,(916) 422-2256,http://www.dougmiranda.com/,https://rovenhr.com/business/sacramento/doug-miranda-photography-chijte,https://rovenhr.com/contact.html?claim=Doug%20Miranda%20Photography&metro=Sacramento
1219,Regulus Films,Wedding & Events,Miami,FL,Miami,4.9,213,(786) 429-4511,https://www.musicvideoproduction.guru/,https://rovenhr.com/business/miami/regulus-films-chijiq,https://rovenhr.com/contact.html?claim=Regulus%20Films&metro=Miami
1220,Dental Specialty Associates,Dental & Medical,Phoenix,AZ,Phoenix,4.6,925,(602) 962-7558,https://www.arizonadentalspecialists.com/?utm_campaign=gmb,https://rovenhr.com/business/phoenix/dental-specialty-associates-chijwu,https://rovenhr.com/contact.html?claim=Dental%20Specialty%20Associates&metro=Phoenix
1221,Studio House AZ,Wedding & Events,Phoenix,AZ,Phoenix,4.9,251,,http://www.studiohouseaz.com/,https://rovenhr.com/business/phoenix/studio-house-az-chijoy,https://rovenhr.com/contact.html?claim=Studio%20House%20AZ&metro=Phoenix
1222,Crystal Dental,Dental & Medical,Los Angeles,CA,Los Angeles,4.7,521,(213) 748-8448,https://crystaldentalcenters.com/,https://rovenhr.com/business/la/crystal-dental-chijzb,https://rovenhr.com/contact.html?claim=Crystal%20Dental&metro=Los%20Angeles
1223,Advanced Dental Care of Orlando,Dental & Medical,Orlando,FL,Orlando,4.6,918,(407) 749-0224,https://www.adc-fl.com/dentist-office/orlando-fl-32836?utm_source=Google&utm_medium=KnowledgePanel&utm_campaign=Website,https://rovenhr.com/business/orlando/advanced-dental-care-of-orlando-chij7y,https://rovenhr.com/contact.html?claim=Advanced%20Dental%20Care%20of%20Orlando&metro=Orlando
1224,Duarte's H.V.A.C Services LLC,Home Services,Farmers Branch,TX,Dallas–Fort Worth,5,148,(214) 264-9594,https://duarteshvacservices.com/,https://rovenhr.com/business/dfw/duarte-s-h-v-a-c-services-llc-chij8w,https://rovenhr.com/contact.html?claim=Duarte's%20H.V.A.C%20Services%20LLC&metro=Dallas–Fort%20Worth
1225,Orlando Dental Care,Dental & Medical,Orlando,FL,Orlando,5,148,(407) 737-9444,http://www.odcare.com/,https://rovenhr.com/business/orlando/orlando-dental-care-chijke,https://rovenhr.com/contact.html?claim=Orlando%20Dental%20Care&metro=Orlando
1226,LUFT Air conditioning and Heating,Home Services,San Antonio,TX,San Antonio,5,148,(210) 992-5000,https://www.luftcooling.com/,https://rovenhr.com/business/san_antonio/luft-air-conditioning-and-heating-chijub,https://rovenhr.com/contact.html?claim=LUFT%20Air%20conditioning%20and%20Heating&metro=San%20Antonio
1227,HVAC of Texas,Home Services,San Antonio,TX,San Antonio,5,148,(830) 522-0907,http://hvacoftexas.org/,https://rovenhr.com/business/san_antonio/hvac-of-texas-chijg3,https://rovenhr.com/contact.html?claim=HVAC%20of%20Texas&metro=San%20Antonio
1228,Dental Progress,Dental & Medical,Miami,FL,Miami,4.9,211,(786) 409-2233,https://dentalprogres.com/,https://rovenhr.com/business/miami/dental-progress-chij3s,https://rovenhr.com/contact.html?claim=Dental%20Progress&metro=Miami
1229,Morsetech Air Conditioning,Home Services,Orlando,FL,Orlando,4.9,211,(407) 648-0212,http://morsetech-air.com/,https://rovenhr.com/business/orlando/morsetech-air-conditioning-chijmw,https://rovenhr.com/contact.html?claim=Morsetech%20Air%20Conditioning&metro=Orlando
1230,"Miami Orthodontist Group - Invisalign, Braces & Bite Alignment",Dental & Medical,Miami,FL,Miami,4.9,211,(305) 279-3968,https://www.miamiorthodontistgroup.com/,https://rovenhr.com/business/miami/miami-orthodontist-group-invisalign-braces-bite-alignment-chijs_,"https://rovenhr.com/contact.html?claim=Miami%20Orthodontist%20Group%20-%20Invisalign,%20Braces%20&%20Bite%20Alignment&metro=Miami"
1231,"A/C Control, Inc",Home Services,Los Angeles,CA,Los Angeles,4.8,319,(310) 943-7400,https://ac-control.com/?id=maps&utm_source=google&utm_medium=organic&utm_campaign=gbp_los_angeles,https://rovenhr.com/business/la/a-c-control-inc-chiju-,"https://rovenhr.com/contact.html?claim=A/C%20Control,%20Inc&metro=Los%20Angeles"
1232,StrikeForce Heating & Air LLC,Home Services,Dallas,TX,Dallas–Fort Worth,4.9,211,(214) 570-4966,http://strikeforceac.com/?utm_source=GMB&utm_medium=organic&utm_campaign=GMB,https://rovenhr.com/business/dfw/strikeforce-heating-air-llc-chijzd,https://rovenhr.com/contact.html?claim=StrikeForce%20Heating%20&%20Air%20LLC&metro=Dallas–Fort%20Worth
1233,"Dr. Robert S. Quinn, DMD, MSD - Union Square",Dental & Medical,San Francisco,CA,San Francisco,4.9,211,(415) 433-4045,http://www.drrobquinn.com/,https://rovenhr.com/business/sf/dr-robert-s-quinn-dmd-msd-union-square-chijqr,"https://rovenhr.com/contact.html?claim=Dr.%20Robert%20S.%20Quinn,%20DMD,%20MSD%20-%20Union%20Square&metro=San%20Francisco"
1234,Alpha Heating & Cooling Llc.,Home Services,Dallas,TX,Dallas–Fort Worth,5,147,(214) 945-8799,https://alphahvac.site/,https://rovenhr.com/business/dfw/alpha-heating-cooling-llc-chijg8,https://rovenhr.com/contact.html?claim=Alpha%20Heating%20&%20Cooling%20Llc.&metro=Dallas–Fort%20Worth
1235,LA Dental Clinic,Dental & Medical,Los Angeles,CA,Los Angeles,4.7,514,(213) 385-9710,https://ladentalclinic.com/,https://rovenhr.com/business/la/la-dental-clinic-chijnb,https://rovenhr.com/contact.html?claim=LA%20Dental%20Clinic&metro=Los%20Angeles
1236,Captured By Belinda Photography,Wedding & Events,Orlando,FL,Orlando,4.9,210,(321) 321-2266,http://www.capturedbybelindaboudoir.com/,https://rovenhr.com/business/orlando/captured-by-belinda-photography-chijzt,https://rovenhr.com/contact.html?claim=Captured%20By%20Belinda%20Photography&metro=Orlando
1237,Ike's Air Conditioning Inc. - San Antonio,Home Services,San Antonio,TX,San Antonio,4.8,317,(210) 756-4012,https://www.ikesair.com/,https://rovenhr.com/business/san_antonio/ike-s-air-conditioning-inc-san-antonio-chijfr,https://rovenhr.com/contact.html?claim=Ike's%20Air%20Conditioning%20Inc.%20-%20San%20Antonio&metro=San%20Antonio
1238,Hildebrand Family Dental Care,Dental & Medical,San Antonio,TX,San Antonio,4.8,317,(210) 733-9477,https://www.hildebrandfamilydental.com/,https://rovenhr.com/business/san_antonio/hildebrand-family-dental-care-chijzy,https://rovenhr.com/contact.html?claim=Hildebrand%20Family%20Dental%20Care&metro=San%20Antonio
1239,Cactus Mechanical Inc. Air Conditioning / Heating,Home Services,Phoenix,AZ,Phoenix,4.9,209,(602) 866-1200,http://www.cactusmechanical.com/,https://rovenhr.com/business/phoenix/cactus-mechanical-inc-air-conditioning-heating-chijcc,https://rovenhr.com/contact.html?claim=Cactus%20Mechanical%20Inc.%20Air%20Conditioning%20/%20Heating&metro=Phoenix
1240,Eastin Heating and Air,Home Services,Dallas,TX,Dallas–Fort Worth,4.7,511,(972) 278-0613,http://www.eastinair.com/?utm_campaign=gmb,https://rovenhr.com/business/dfw/eastin-heating-and-air-chijls,https://rovenhr.com/contact.html?claim=Eastin%20Heating%20and%20Air&metro=Dallas–Fort%20Worth
1241,Milou and Olin Photography,Wedding & Events,Sacramento,CA,Sacramento,5,146,(415) 513-5761,https://www.milouandolin.com/,https://rovenhr.com/business/sacramento/milou-and-olin-photography-chij_9,https://rovenhr.com/contact.html?claim=Milou%20and%20Olin%20Photography&metro=Sacramento
1242,Miami 305 Plumbing,Home Services,Miami,FL,Miami,5,146,(305) 833-3404,https://miami305plumbing.com/,https://rovenhr.com/business/miami/miami-305-plumbing-chiji6,https://rovenhr.com/contact.html?claim=Miami%20305%20Plumbing&metro=Miami
1243,Aqua Dental,Dental & Medical,Austin,TX,Austin,4.8,316,(512) 643-6571,http://aquadentalaustin.com/,https://rovenhr.com/business/austin/aqua-dental-chijmf,https://rovenhr.com/contact.html?claim=Aqua%20Dental&metro=Austin
1244,Paradise Valley Family Dental,Dental & Medical,Phoenix,AZ,Phoenix,4.8,315,(602) 992-5600,http://pvfdental.com/,https://rovenhr.com/business/phoenix/paradise-valley-family-dental-chijz0,https://rovenhr.com/contact.html?claim=Paradise%20Valley%20Family%20Dental&metro=Phoenix
1245,Pearl Events Austin,Wedding & Events,Austin,TX,Austin,4.9,208,(512) 487-7047,http://pearleventsaustin.com/,https://rovenhr.com/business/austin/pearl-events-austin-chijfx,https://rovenhr.com/contact.html?claim=Pearl%20Events%20Austin&metro=Austin
1246,JC Events,Wedding & Events,San Antonio,TX,San Antonio,5,145,(210) 643-7133,http://www.eventsbyjennifercraft.com/,https://rovenhr.com/business/san_antonio/jc-events-chiji1,https://rovenhr.com/contact.html?claim=JC%20Events&metro=San%20Antonio
1247,Advanced Dental Care of Temple Terrace,Dental & Medical,Temple Terrace,FL,Tampa,4.6,893,(813) 641-4921,https://www.adc-fl.com/dentist-office/temple-terrace-fl-33617?utm_source=Google&utm_medium=KnowledgePanel&utm_campaign=Website,https://rovenhr.com/business/tampa/advanced-dental-care-of-temple-terrace-chijk_,https://rovenhr.com/contact.html?claim=Advanced%20Dental%20Care%20of%20Temple%20Terrace&metro=Tampa
1248,Soleil Dental,Dental & Medical,Dallas,TX,Dallas–Fort Worth,4.8,313,(214) 304-2112,https://www.mysoleildental.com/,https://rovenhr.com/business/dfw/soleil-dental-chij_1,https://rovenhr.com/contact.html?claim=Soleil%20Dental&metro=Dallas–Fort%20Worth
1249,Sweeney Plumbing,Home Services,Jacksonville,FL,Jacksonville,4.9,207,(904) 803-6437,https://sweeneyjax.com/?utm_source=GBPlisting,https://rovenhr.com/business/jacksonville/sweeney-plumbing-chij2b,https://rovenhr.com/contact.html?claim=Sweeney%20Plumbing&metro=Jacksonville
1250,Houston Orthodontic Specialists,Dental & Medical,Bellaire,TX,Houston,4.7,503,(346) 510-2070,https://www.houstonortho.com/?utm_source=GMB&utm_medium=organic&utm_campaign=listing&utm_term=brand&utm_content=bellaire&y_source=1_MzI0OTcyOTAtNzE1LWxvY2F0aW9uLndlYnNpdGU%3D,https://rovenhr.com/business/houston/houston-orthodontic-specialists-chijhu,https://rovenhr.com/contact.html?claim=Houston%20Orthodontic%20Specialists&metro=Houston
1251,Black Walnut Estate Event Venue,Wedding & Events,West Sacramento,CA,Sacramento,5,144,(916) 572-1304,https://www.blackwalnutestate.com/,https://rovenhr.com/business/sacramento/black-walnut-estate-event-venue-chijly,https://rovenhr.com/contact.html?claim=Black%20Walnut%20Estate%20Event%20Venue&metro=Sacramento
1252,Platero Parada Plumbing,Home Services,Sacramento,CA,Sacramento,5,144,(650) 431-8893,https://plateroparadaplumbing.com/,https://rovenhr.com/business/sacramento/platero-parada-plumbing-chijzc,https://rovenhr.com/contact.html?claim=Platero%20Parada%20Plumbing&metro=Sacramento
1253,Diamond Plumbing,Home Services,Hollywood,FL,Miami,4.8,310,(786) 565-6067,https://www.diamondplumbingmiami.com/,https://rovenhr.com/business/miami/diamond-plumbing-chijd5,https://rovenhr.com/contact.html?claim=Diamond%20Plumbing&metro=Miami
1254,"Maverick Electric, Heating and Air",Home Services,Sacramento,CA,Sacramento,4.9,205,(916) 659-6658,https://callamaverick.com/sacramento-ca/,https://rovenhr.com/business/sacramento/maverick-electric-heating-and-air-chij0b,"https://rovenhr.com/contact.html?claim=Maverick%20Electric,%20Heating%20and%20Air&metro=Sacramento"
1255,Modern Smiles Family Dentistry,Dental & Medical,Phoenix,AZ,Phoenix,4.9,205,(602) 457-4788,https://www.modernsmilesaz.com/,https://rovenhr.com/business/phoenix/modern-smiles-family-dentistry-chijre,https://rovenhr.com/contact.html?claim=Modern%20Smiles%20Family%20Dentistry&metro=Phoenix
1256,Boudoir by Louise,Wedding & Events,Tampa,FL,Tampa,5,143,(813) 981-7804,http://www.boudoirbylouise.com/,https://rovenhr.com/business/tampa/boudoir-by-louise-chijd8,https://rovenhr.com/contact.html?claim=Boudoir%20by%20Louise&metro=Tampa
1257,US Dental Care,Dental & Medical,Sacramento,CA,Sacramento,4.8,308,(916) 333-3534,http://www.usdentalcaresacramento.com/,https://rovenhr.com/business/sacramento/us-dental-care-chijez,https://rovenhr.com/contact.html?claim=US%20Dental%20Care&metro=Sacramento
1258,"Kenny's Air Conditioning & Heating Services, Inc.",Home Services,Tampa,FL,Tampa,4.8,307,(813) 875-3669,https://ackenny.com/,https://rovenhr.com/business/tampa/kenny-s-air-conditioning-heating-services-inc-chijy7,"https://rovenhr.com/contact.html?claim=Kenny's%20Air%20Conditioning%20&%20Heating%20Services,%20Inc.&metro=Tampa"
1259,All Dental Tampa Palms,Dental & Medical,Tampa,FL,Tampa,4.9,203,(813) 544-7023,http://www.alldentaltampa.com/?utm_source=local&utm_medium=organic&utm_campaign=gbp&utm_term=home,https://rovenhr.com/business/tampa/all-dental-tampa-palms-chijdw,https://rovenhr.com/contact.html?claim=All%20Dental%20Tampa%20Palms&metro=Tampa
1260,Tampa AC Services Inc,Home Services,Wesley Chapel,FL,Tampa,4.9,203,(813) 510-8876,https://tampa-acservices.com/ac-repair-wesley-chapel/,https://rovenhr.com/business/tampa/tampa-ac-services-inc-chijtv,https://rovenhr.com/contact.html?claim=Tampa%20AC%20Services%20Inc&metro=Tampa
1261,Blende Dental Group: Home of the House Call Dentists,Dental & Medical,San Francisco,CA,San Francisco,4.8,306,(415) 563-4261,http://www.blendedentalgroup.com/,https://rovenhr.com/business/sf/blende-dental-group-home-of-the-house-call-dentists-chijqr,https://rovenhr.com/contact.html?claim=Blende%20Dental%20Group:%20Home%20of%20the%20House%20Call%20Dentists&metro=San%20Francisco
1262,"Cronus Service HVAC, Electrical, Solar, Plumbing, Construction in Sacramento Valley Area",Home Services,North Highlands,CA,Sacramento,5,142,(916) 550-3378,https://cronuservice.com/?utm_source=google&utm_medium=gmb,https://rovenhr.com/business/sacramento/cronus-service-hvac-electrical-solar-plumbing-construction-i-chijvz,"https://rovenhr.com/contact.html?claim=Cronus%20Service%20HVAC,%20Electrical,%20Solar,%20Plumbing,%20Construction%20in%20Sacramento%20Valley%20Area&metro=Sacramento"
1263,Dental Care on Yellow Bluff,Dental & Medical,Jacksonville,FL,Jacksonville,4.6,862,(904) 643-7310,http://dentalcareonyellowbluff.com/?utm_source=gbp&utm_medium=organic&utm_campaign=yext_listing,https://rovenhr.com/business/jacksonville/dental-care-on-yellow-bluff-chijff,https://rovenhr.com/contact.html?claim=Dental%20Care%20on%20Yellow%20Bluff&metro=Jacksonville
1264,Ashley Park Dental Dr. Connor Van,Dental & Medical,Orlando,FL,Orlando,4.9,202,(407) 794-9691,https://www.ashleyparkdental.com/,https://rovenhr.com/business/orlando/ashley-park-dental-dr-connor-van-chijvr,https://rovenhr.com/contact.html?claim=Ashley%20Park%20Dental%20Dr.%20Connor%20Van&metro=Orlando
1265,Captured By Mallary - Tampa Photographer,Wedding & Events,Tampa,FL,Tampa,5,141,(813) 553-1699,https://www.capturedbymallary.com/,https://rovenhr.com/business/tampa/captured-by-mallary-tampa-photographer-chij2x,https://rovenhr.com/contact.html?claim=Captured%20By%20Mallary%20-%20Tampa%20Photographer&metro=Tampa
1266,Slava Blazer Photography,Wedding & Events,San Francisco,CA,San Francisco,5,141,(415) 269-6347,https://www.slavablazer.com/,https://rovenhr.com/business/sf/slava-blazer-photography-chijyt,https://rovenhr.com/contact.html?claim=Slava%20Blazer%20Photography&metro=San%20Francisco
1267,Aire Serv of Central & West Houston,Home Services,Houston,TX,Houston,4.9,201,(832) 432-7888,https://aireserv.com/central-west-houston/?cid=LSTL_ASV-US000187&utm_source=gmb&utm_campaign=local&utm_medium=organic,https://rovenhr.com/business/houston/aire-serv-of-central-west-houston-chijjd,https://rovenhr.com/contact.html?claim=Aire%20Serv%20of%20Central%20&%20West%20Houston&metro=Houston
1268,Arrow Plumbing,Home Services,Houston,TX,Houston,4.8,302,(713) 999-4742,http://www.arrowplumbing.com/,https://rovenhr.com/business/houston/arrow-plumbing-chij5-,https://rovenhr.com/contact.html?claim=Arrow%20Plumbing&metro=Houston
1269,"Frostymist Air Conditioning & Heating, LLC",Home Services,Austin,TX,Austin,4.9,200,(512) 963-0376,http://www.frostymist.com/,https://rovenhr.com/business/austin/frostymist-air-conditioning-heating-llc-chijre,"https://rovenhr.com/contact.html?claim=Frostymist%20Air%20Conditioning%20&%20Heating,%20LLC&metro=Austin"
1270,Fraser Plumbing of San Diego,Home Services,San Diego,CA,San Diego,4.8,301,(619) 332-0275,https://fraserplumbinginc.com/,https://rovenhr.com/business/san_diego/fraser-plumbing-of-san-diego-chijrb,https://rovenhr.com/contact.html?claim=Fraser%20Plumbing%20of%20San%20Diego&metro=San%20Diego
1271,Dental Depot,Dental & Medical,Phoenix,AZ,Phoenix,4.6,844,(480) 605-3666,https://dentaldepotarizona.com/locations/northeast-phoenix/?y_source=1_Nzk3MzUxMDgtNzE1LWxvY2F0aW9uLndlYnNpdGU%3D,https://rovenhr.com/business/phoenix/dental-depot-chije3,https://rovenhr.com/contact.html?claim=Dental%20Depot&metro=Phoenix
1272,Handled by Holly,Wedding & Events,Tampa,FL,Tampa,5,139,(863) 712-4438,http://www.handledbyhollyevents.com/,https://rovenhr.com/business/tampa/handled-by-holly-chijs2,https://rovenhr.com/contact.html?claim=Handled%20by%20Holly&metro=Tampa
1273,Dental Walk-In Clinic of Tampa Bay,Dental & Medical,Tampa,FL,Tampa,4.5,1655,(813) 636-9400,http://www.dentalwalkin.com/,https://rovenhr.com/business/tampa/dental-walk-in-clinic-of-tampa-bay-chijvx,https://rovenhr.com/contact.html?claim=Dental%20Walk-In%20Clinic%20of%20Tampa%20Bay&metro=Tampa
1274,Westshore Family Dentistry,Dental & Medical,Tampa,FL,Tampa,5,139,(813) 797-6453,http://ws-dentist.com/,https://rovenhr.com/business/tampa/westshore-family-dentistry-chijy7,https://rovenhr.com/contact.html?claim=Westshore%20Family%20Dentistry&metro=Tampa
1275,Austin Duct & Vent,Home Services,Austin,TX,Austin,5,138,(512) 222-9175,https://www.austinductandvent.com/,https://rovenhr.com/business/austin/austin-duct-vent-chija8,https://rovenhr.com/contact.html?claim=Austin%20Duct%20&%20Vent&metro=Austin
1276,All-Seasons Heating And Air Conditioning of Jax Inc,Home Services,Jacksonville,FL,Jacksonville,5,138,(904) 398-5720,http://www.allseasonsjax.com/,https://rovenhr.com/business/jacksonville/all-seasons-heating-and-air-conditioning-of-jax-inc-chijkz,https://rovenhr.com/contact.html?claim=All-Seasons%20Heating%20And%20Air%20Conditioning%20of%20Jax%20Inc&metro=Jacksonville
1277,FL HVAC Team,Home Services,Tampa,FL,Tampa,5,138,(727) 618-6231,https://www.flhvacteam.com/?utm_source=google&utm_medium=organic&utm_campaign=GMBListing-Tampa-FL,https://rovenhr.com/business/tampa/fl-hvac-team-chijvr,https://rovenhr.com/contact.html?claim=FL%20HVAC%20Team&metro=Tampa
1278,Houston Orthodontic Specialists,Dental & Medical,Houston,TX,Houston,4.8,295,(346) 510-2135,https://www.houstonortho.com/?utm_source=GMB&utm_medium=organic&utm_campaign=listing&utm_term=brand&utm_content=houston&y_source=1_MzI0OTcyODgtNzE1LWxvY2F0aW9uLndlYnNpdGU%3D,https://rovenhr.com/business/houston/houston-orthodontic-specialists-chijc0,https://rovenhr.com/contact.html?claim=Houston%20Orthodontic%20Specialists&metro=Houston
1279,Dental Associates Of North Dallas,Dental & Medical,Dallas,TX,Dallas–Fort Worth,4.9,196,(214) 341-9306,https://www.northcentraldental.com/,https://rovenhr.com/business/dfw/dental-associates-of-north-dallas-chij5r,https://rovenhr.com/contact.html?claim=Dental%20Associates%20Of%20North%20Dallas&metro=Dallas–Fort%20Worth
1280,Excellent Plumbing Services,Home Services,Tampa,FL,Tampa,4.9,196,(813) 734-9192,https://www.excellentplumbingtampa.com/,https://rovenhr.com/business/tampa/excellent-plumbing-services-chijlx,https://rovenhr.com/contact.html?claim=Excellent%20Plumbing%20Services&metro=Tampa
1281,Embrace Orthodontics,Dental & Medical,Los Angeles,CA,Los Angeles,4.8,294,(213) 375-1221,https://www.embrace-ortho.com/?utm_source=GMB&utm_medium=organic&utm_campaign=DevOptimization&utm_content=Website,https://rovenhr.com/business/la/embrace-orthodontics-chij5_,https://rovenhr.com/contact.html?claim=Embrace%20Orthodontics&metro=Los%20Angeles
1282,"Carmel Valley Orthodontics, Dr. Parmis Sionit",Dental & Medical,San Diego,CA,San Diego,5,137,(858) 757-7645,https://carmelvalleyortho.com/,https://rovenhr.com/business/san_diego/carmel-valley-orthodontics-dr-parmis-sionit-chijgx,"https://rovenhr.com/contact.html?claim=Carmel%20Valley%20Orthodontics,%20Dr.%20Parmis%20Sionit&metro=San%20Diego"
1283,Think Branded Media,Wedding & Events,Dallas,TX,Dallas–Fort Worth,5,137,(972) 362-6106,https://thinkbrandedmedia.com/,https://rovenhr.com/business/dfw/think-branded-media-chijd5,https://rovenhr.com/contact.html?claim=Think%20Branded%20Media&metro=Dallas–Fort%20Worth
1284,Hype Girl Boudoir,Wedding & Events,Jacksonville,FL,Jacksonville,5,137,(904) 694-4032,https://hypegirlboudoir.com/,https://rovenhr.com/business/jacksonville/hype-girl-boudoir-chijz5,https://rovenhr.com/contact.html?claim=Hype%20Girl%20Boudoir&metro=Jacksonville
1285,Rising Smiles Dentistry,Dental & Medical,Phoenix,AZ,Phoenix,4.9,195,(602) 362-8284,https://risingsmilesdentistry.com/,https://rovenhr.com/business/phoenix/rising-smiles-dentistry-chijyc,https://rovenhr.com/contact.html?claim=Rising%20Smiles%20Dentistry&metro=Phoenix
1286,24th Street Dental Care,Dental & Medical,San Antonio,TX,San Antonio,4.8,292,(210) 436-6261,http://www.san-antonio-dentist.net/,https://rovenhr.com/business/san_antonio/24th-street-dental-care-chijt6,https://rovenhr.com/contact.html?claim=24th%20Street%20Dental%20Care&metro=San%20Antonio
1287,"Douglas Orr Plumbing, Inc.",Home Services,Miami Springs,FL,Miami,4.6,820,(305) 240-6731,https://orrplumbing.com/,https://rovenhr.com/business/miami/douglas-orr-plumbing-inc-chijc9,"https://rovenhr.com/contact.html?claim=Douglas%20Orr%20Plumbing,%20Inc.&metro=Miami"
1288,Pink Plumbing and Sewer,Home Services,Phoenix,AZ,Phoenix,4.9,194,(602) 562-5290,http://www.pinkplumbingandsewer.com/,https://rovenhr.com/business/phoenix/pink-plumbing-and-sewer-chijvw,https://rovenhr.com/contact.html?claim=Pink%20Plumbing%20and%20Sewer&metro=Phoenix
1289,Miami Modern Dental,Dental & Medical,Miami,FL,Miami,4.9,194,(786) 338-9228,https://moderndentalbysmile.com/,https://rovenhr.com/business/miami/miami-modern-dental-chijyt,https://rovenhr.com/contact.html?claim=Miami%20Modern%20Dental&metro=Miami
1290,The I Do Wedding Photography & Videography,Wedding & Events,Los Angeles,CA,Los Angeles,5,136,(424) 313-2999,https://theidophotography.com/,https://rovenhr.com/business/la/the-i-do-wedding-photography-videography-chij24,https://rovenhr.com/contact.html?claim=The%20I%20Do%20Wedding%20Photography%20&%20Videography&metro=Los%20Angeles
1291,H-Town AC Repair HVAC services Houston,Home Services,Houston,TX,Houston,4.8,291,(832) 404-2062,https://htownacrepair.com/,https://rovenhr.com/business/houston/h-town-ac-repair-hvac-services-houston-chijhc,https://rovenhr.com/contact.html?claim=H-Town%20AC%20Repair%20HVAC%20services%20Houston&metro=Houston
1292,Lia`s Photography,Wedding & Events,Phoenix,AZ,Phoenix,5,136,(602) 503-8019,http://www.liasphotography.com/,https://rovenhr.com/business/phoenix/lia-s-photography-chijib,https://rovenhr.com/contact.html?claim=Lia`s%20Photography&metro=Phoenix
1293,Precision Air Solutions LLC,Home Services,Orlando,FL,Orlando,4.7,467,(407) 755-7777,https://precisionairhome.com/?utm_source=organic&utm_medium=google&utm_campaign=gbp,https://rovenhr.com/business/orlando/precision-air-solutions-llc-chijdf,https://rovenhr.com/contact.html?claim=Precision%20Air%20Solutions%20LLC&metro=Orlando
1294,A1 Plumbing & Drains,Home Services,Sacramento,CA,Sacramento,5,135,(916) 347-3275,https://www.a1plumbinganddrains.org/,https://rovenhr.com/business/sacramento/a1-plumbing-drains-chijat,https://rovenhr.com/contact.html?claim=A1%20Plumbing%20&%20Drains&metro=Sacramento
1295,7 North Dental,Dental & Medical,Phoenix,AZ,Phoenix,4.6,810,(602) 910-5700,https://7northdental.com/?utm_source=google.com&utm_medium=business+profile&utm_campaign=,https://rovenhr.com/business/phoenix/7-north-dental-chijfr,https://rovenhr.com/contact.html?claim=7%20North%20Dental&metro=Phoenix
1296,Alamo Comfort Heating & Air Conditioning,Home Services,San Antonio,TX,San Antonio,4.9,192,(210) 202-0255,https://www.alamocomfort.com/,https://rovenhr.com/business/san_antonio/alamo-comfort-heating-air-conditioning-chijrx,https://rovenhr.com/contact.html?claim=Alamo%20Comfort%20Heating%20&%20Air%20Conditioning&metro=San%20Antonio
1297,The Smile Mission - Jacksonville,Dental & Medical,Jacksonville,FL,Jacksonville,4.9,192,(904) 594-7920,https://thesmilemission.com/jacksonville/,https://rovenhr.com/business/jacksonville/the-smile-mission-jacksonville-chijwa,https://rovenhr.com/contact.html?claim=The%20Smile%20Mission%20-%20Jacksonville&metro=Jacksonville
1298,Cold Is On The Right Plumbing & Air,Home Services,Austin,TX,Austin,4.8,287,(512) 645-2097,https://www.coldisontheright.com/,https://rovenhr.com/business/austin/cold-is-on-the-right-plumbing-air-chijfb,https://rovenhr.com/contact.html?claim=Cold%20Is%20On%20The%20Right%20Plumbing%20&%20Air&metro=Austin
1299,Small Miami Weddings,Wedding & Events,Miami,FL,Miami,4.9,191,(888) 909-0553,https://www.smallmiamiweddings.com/,https://rovenhr.com/business/miami/small-miami-weddings-chijmf,https://rovenhr.com/contact.html?claim=Small%20Miami%20Weddings&metro=Miami
1300,Creekside Meadows,Wedding & Events,Roseville,CA,Sacramento,5,134,(916) 380-8007,https://www.creeksidemeadowsevents.com/,https://rovenhr.com/business/sacramento/creekside-meadows-chijoe,https://rovenhr.com/contact.html?claim=Creekside%20Meadows&metro=Sacramento
1301,Smart Air,Home Services,Houston,TX,Houston,4.9,190,(281) 809-6444,https://www.houstonsmartair.com/,https://rovenhr.com/business/houston/smart-air-chijqw,https://rovenhr.com/contact.html?claim=Smart%20Air&metro=Houston
1302,Jack Rabbit Tampa,Home Services,Tampa,FL,Tampa,4.7,456,(813) 344-5445,https://calljackrabbit.com/tampa/,https://rovenhr.com/business/tampa/jack-rabbit-tampa-chijae,https://rovenhr.com/contact.html?claim=Jack%20Rabbit%20Tampa&metro=Tampa
1303,"YourDreams Photography, LLC",Wedding & Events,Winter Garden,FL,Orlando,5,133,(407) 989-1009,http://www.yourdreamsphoto.com/,https://rovenhr.com/business/orlando/yourdreams-photography-llc-chiji7,"https://rovenhr.com/contact.html?claim=YourDreams%20Photography,%20LLC&metro=Orlando"
1304,MrHevia Real Estate Photography,Wedding & Events,San Antonio,TX,San Antonio,5,133,(800) 674-3427,https://www.mrhevia.com/,https://rovenhr.com/business/san_antonio/mrhevia-real-estate-photography-chijrc,https://rovenhr.com/contact.html?claim=MrHevia%20Real%20Estate%20Photography&metro=San%20Antonio
1305,123Braces FLA 123BracesMBO Miami Beach Orthodontics Dr. Evan Rubensteen - Braces and Invisalign in Miami Beach,Dental & Medical,Miami Beach,FL,Miami,4.9,188,(305) 672-2260,https://www.miamibeachorthodontics.com/,https://rovenhr.com/business/miami/123braces-fla-123bracesmbo-miami-beach-orthodontics-dr-evan--chij3u,https://rovenhr.com/contact.html?claim=123Braces%20FLA%20123BracesMBO%20Miami%20Beach%20Orthodontics%20Dr.%20Evan%20Rubensteen%20-%20Braces%20and%20Invisalign%20in%20Miami%20Beach&metro=Miami
1306,Orlando HVAC Air Conditioning,Home Services,Orlando,FL,Orlando,4.9,241,(689) 698-5010,,https://rovenhr.com/business/orlando/orlando-hvac-air-conditioning-chijcx,https://rovenhr.com/contact.html?claim=Orlando%20HVAC%20Air%20Conditioning&metro=Orlando
1307,Marcos' AC & Heating Services,Home Services,Houston,TX,Houston,4.8,282,(346) 266-1769,https://marcosac.com/,https://rovenhr.com/business/houston/marcos-ac-heating-services-chijoz,https://rovenhr.com/contact.html?claim=Marcos'%20AC%20&%20Heating%20Services&metro=Houston
1308,Emergency Dental Care USA,Dental & Medical,Houston,TX,Houston,4.6,787,(713) 396-3844,https://www.emergencydental.com/se-houston,https://rovenhr.com/business/houston/emergency-dental-care-usa-chijxc,https://rovenhr.com/contact.html?claim=Emergency%20Dental%20Care%20USA&metro=Houston
1309,Hometown Heating and Air,Home Services,Tampa,FL,Tampa,4.7,451,(813) 773-6500,https://thehometownair.com/,https://rovenhr.com/business/tampa/hometown-heating-and-air-chijke,https://rovenhr.com/contact.html?claim=Hometown%20Heating%20and%20Air&metro=Tampa
1310,Golden Comfort AC & Heating Repair,Home Services,Orlando,FL,Orlando,5,132,(407) 358-0391,https://goldencomfortairhvac.com/ac-repair-orlando-fl,https://rovenhr.com/business/orlando/golden-comfort-ac-heating-repair-chijp7,https://rovenhr.com/contact.html?claim=Golden%20Comfort%20AC%20&%20Heating%20Repair&metro=Orlando
1311,Manny's Heating & Air Conditioning,Home Services,Huntington Park,CA,Los Angeles,4.8,281,(323) 774-4032,http://mannyshvac.com/,https://rovenhr.com/business/la/manny-s-heating-air-conditioning-chijlc,https://rovenhr.com/contact.html?claim=Manny's%20Heating%20&%20Air%20Conditioning&metro=Los%20Angeles
1312,Tonya Beaver Photography,Wedding & Events,Jacksonville Beach,FL,Jacksonville,5,131,(904) 382-6354,https://www.tonyabeaverphotography.com/,https://rovenhr.com/business/jacksonville/tonya-beaver-photography-chij21,https://rovenhr.com/contact.html?claim=Tonya%20Beaver%20Photography&metro=Jacksonville
1313,Greenville Orthodontics,Dental & Medical,Dallas,TX,Dallas–Fort Worth,5,131,(214) 812-9987,https://www.greenville-orthodontics.com/,https://rovenhr.com/business/dfw/greenville-orthodontics-chijjx,https://rovenhr.com/contact.html?claim=Greenville%20Orthodontics&metro=Dallas–Fort%20Worth
1314,Thomas Shull Photography,Wedding & Events,Phoenix,AZ,Phoenix,5,131,(760) 803-9444,http://www.thomasshull.com/,https://rovenhr.com/business/phoenix/thomas-shull-photography-chij_e,https://rovenhr.com/contact.html?claim=Thomas%20Shull%20Photography&metro=Phoenix
1315,Gema's Photography,Wedding & Events,Tampa,FL,Tampa,5,131,(813) 952-0680,https://gemasphotographyllc.com/,https://rovenhr.com/business/tampa/gema-s-photography-chijav,https://rovenhr.com/contact.html?claim=Gema's%20Photography&metro=Tampa
1316,Samaritan Dental Arts,Dental & Medical,Los Angeles,CA,Los Angeles,4.9,186,(213) 986-2933,https://www.samaritandentalarts.com/?utm_source=gmb,https://rovenhr.com/business/la/samaritan-dental-arts-chijs4,https://rovenhr.com/contact.html?claim=Samaritan%20Dental%20Arts&metro=Los%20Angeles
1317,Bella Vita Dental Hillcrest,Dental & Medical,San Diego,CA,San Diego,4.7,445,(619) 789-1785,https://www.bellavitadental.com/?y_source=1_MjAxMjkzOTc2OC03MTUtbG9jYXRpb24ud2Vic2l0ZQ%3D%3D,https://rovenhr.com/business/san_diego/bella-vita-dental-hillcrest-chij8y,https://rovenhr.com/contact.html?claim=Bella%20Vita%20Dental%20Hillcrest&metro=San%20Diego
1318,Smile Mission Valley Dental Center,Dental & Medical,San Diego,CA,San Diego,4.8,278,(619) 439-0453,https://www.smilemissionvalley.com/,https://rovenhr.com/business/san_diego/smile-mission-valley-dental-center-chijdt,https://rovenhr.com/contact.html?claim=Smile%20Mission%20Valley%20Dental%20Center&metro=San%20Diego
1319,Downtown Dental,Dental & Medical,Los Angeles,CA,Los Angeles,4.7,443,(213) 620-5777,http://www.downtowndentalla.com/,https://rovenhr.com/business/la/downtown-dental-chijqt,https://rovenhr.com/contact.html?claim=Downtown%20Dental&metro=Los%20Angeles
1320,General Dentistry 4 Kids,Dental & Medical,Phoenix,AZ,Phoenix,4.7,443,(602) 996-6065,https://gd4kphx.com/?utm_source=google&utm_medium=organic&utm_campaign=profile+greenway,https://rovenhr.com/business/phoenix/general-dentistry-4-kids-chijgt,https://rovenhr.com/contact.html?claim=General%20Dentistry%204%20Kids&metro=Phoenix
1321,Aerial Contrast | Real Estate Photography & Media,Wedding & Events,Tampa,FL,Tampa,5,130,(813) 640-4510,https://www.aerialcontrast.com/,https://rovenhr.com/business/tampa/aerial-contrast-real-estate-photography-media-chijge,https://rovenhr.com/contact.html?claim=Aerial%20Contrast%20|%20Real%20Estate%20Photography%20&%20Media&metro=Tampa
1322,Glass Darkly,Wedding & Events,Los Angeles,CA,Los Angeles,5,130,(323) 607-2290,http://www.glassdarklyphoto.com/,https://rovenhr.com/business/la/glass-darkly-chijse,https://rovenhr.com/contact.html?claim=Glass%20Darkly&metro=Los%20Angeles
1323,Just Marry!,Wedding & Events,Orlando,FL,Orlando,5,130,(407) 259-2388,https://justmarry.com/,https://rovenhr.com/business/orlando/just-marry-chijuu,https://rovenhr.com/contact.html?claim=Just%20Marry!&metro=Orlando
1324,Symboll® Wedding Photography and Videography,Wedding & Events,Los Angeles,CA,Los Angeles,4.9,184,(323) 348-0042,http://symboll.com/,https://rovenhr.com/business/la/symboll-wedding-photography-and-videography-chijbx,https://rovenhr.com/contact.html?claim=Symboll®%20Wedding%20Photography%20and%20Videography&metro=Los%20Angeles
1325,Dental Care Beyond Smiles,Dental & Medical,Jacksonville,FL,Jacksonville,4.8,274,(904) 621-6676,http://dentalcarebeyondsmiles.com/?utm_source=gbp&utm_medium=organic&utm_campaign=yext_listing,https://rovenhr.com/business/jacksonville/dental-care-beyond-smiles-chij2w,https://rovenhr.com/contact.html?claim=Dental%20Care%20Beyond%20Smiles&metro=Jacksonville
1326,Surf Bros HVAC,Home Services,San Diego,CA,San Diego,5,129,(619) 848-3133,https://www.surfbroshvac.com/,https://rovenhr.com/business/san_diego/surf-bros-hvac-chij88,https://rovenhr.com/contact.html?claim=Surf%20Bros%20HVAC&metro=San%20Diego
1327,Mr. Rooter Plumbing of San Francisco,Home Services,San Francisco,CA,San Francisco,4.8,274,(415) 906-2456,https://www.mrrooter.com/san-francisco/?cid=LSTL_MRR000199&utm_source=gmb&utm_campaign=local&utm_medium=organic,https://rovenhr.com/business/sf/mr-rooter-plumbing-of-san-francisco-chijdy,https://rovenhr.com/contact.html?claim=Mr.%20Rooter%20Plumbing%20of%20San%20Francisco&metro=San%20Francisco
1328,Khoa Photography,Wedding & Events,San Diego,CA,San Diego,5,129,(858) 519-4588,http://www.khoakhoa.com/,https://rovenhr.com/business/san_diego/khoa-photography-chijnb,https://rovenhr.com/contact.html?claim=Khoa%20Photography&metro=San%20Diego
1329,Core Comfort HVAC,Home Services,Tempe,AZ,Phoenix,5,129,(602) 960-2278,https://azminisplitinstall.com/,https://rovenhr.com/business/phoenix/core-comfort-hvac-chijh_,https://rovenhr.com/contact.html?claim=Core%20Comfort%20HVAC&metro=Phoenix
1330,EMERGENCY DENTIST - Amigos Dental for Kids & Adults (24/7 urgent dentist),Dental & Medical,Los Angeles,CA,Los Angeles,5,129,(213) 318-5474,http://amigosdentalgroup.com/,https://rovenhr.com/business/la/emergency-dentist-amigos-dental-for-kids-adults-24-7-urgent--chijxx,https://rovenhr.com/contact.html?claim=EMERGENCY%20DENTIST%20-%20Amigos%20Dental%20for%20Kids%20&%20Adults%20(24/7%20urgent%20dentist)&metro=Los%20Angeles
1331,Del Sur Ranch Dental,Dental & Medical,San Diego,CA,San Diego,4.7,437,(858) 759-2700,https://dsrdental.com/?utm_source=gbp&utm_medium=organic&utm_campaign=google-business-profile,https://rovenhr.com/business/san_diego/del-sur-ranch-dental-chije7,https://rovenhr.com/contact.html?claim=Del%20Sur%20Ranch%20Dental&metro=San%20Diego
1332,"Moore & More Plumbing, LLC.",Home Services,Austin,TX,Austin,4.8,273,(512) 445-5212,http://www.mooremoreplumbing.com/,https://rovenhr.com/business/austin/moore-more-plumbing-llc-chijp-,"https://rovenhr.com/contact.html?claim=Moore%20&%20More%20Plumbing,%20LLC.&metro=Austin"
1333,Plumbing Tree,Home Services,San Diego,CA,San Diego,4.8,272,(858) 859-9555,https://plumbingtreesd.com/?utm_source=GMBmain&utm_medium=organic,https://rovenhr.com/business/san_diego/plumbing-tree-chijb2,https://rovenhr.com/contact.html?claim=Plumbing%20Tree&metro=San%20Diego
1334,Dial One Mears Air Conditioning & Heating Inc,Home Services,Phoenix,AZ,Phoenix,5,128,(602) 997-5701,https://www.mearsac.com/?utm_source=google&utm_medium=organic&utm_campaign=gbp-profile,https://rovenhr.com/business/phoenix/dial-one-mears-air-conditioning-heating-inc-chij1a,https://rovenhr.com/contact.html?claim=Dial%20One%20Mears%20Air%20Conditioning%20&%20Heating%20Inc&metro=Phoenix
1335,HVAC ASAP,Home Services,San Diego,CA,San Diego,5,128,(858) 788-1777,http://hvac-sdpro.com/,https://rovenhr.com/business/san_diego/hvac-asap-chij20,https://rovenhr.com/contact.html?claim=HVAC%20ASAP&metro=San%20Diego
1336,1133 Studios: Headshot and Event Photographer,Wedding & Events,Houston,TX,Houston,5,128,(281) 745-8299,http://www.1133studios.com/,https://rovenhr.com/business/houston/1133-studios-headshot-and-event-photographer-chijfe,https://rovenhr.com/contact.html?claim=1133%20Studios:%20Headshot%20and%20Event%20Photographer&metro=Houston
1337,"Dental Arts of Florida: Dr Fred Tepedino, DMD",Dental & Medical,Jacksonville,FL,Jacksonville,4.6,755,(904) 822-9786,https://dentalartsfl.com/,https://rovenhr.com/business/jacksonville/dental-arts-of-florida-dr-fred-tepedino-dmd-chijdf,"https://rovenhr.com/contact.html?claim=Dental%20Arts%20of%20Florida:%20Dr%20Fred%20Tepedino,%20DMD&metro=Jacksonville"
1338,United Plumbing Heating Air & Electric,Home Services,Los Angeles,CA,Los Angeles,4.8,271,(310) 561-4341,https://localunitedservices.com/,https://rovenhr.com/business/la/united-plumbing-heating-air-electric-chijnw,https://rovenhr.com/contact.html?claim=United%20Plumbing%20Heating%20Air%20&%20Electric&metro=Los%20Angeles
1339,Sound Valley Studios,Wedding & Events,Phoenix,AZ,Phoenix,4.9,181,(402) 560-8291,https://www.soundvalleystudios.com/,https://rovenhr.com/business/phoenix/sound-valley-studios-chijry,https://rovenhr.com/contact.html?claim=Sound%20Valley%20Studios&metro=Phoenix
1340,Tavits Photography,Wedding & Events,Scottsdale,AZ,Phoenix,5,127,(480) 299-8664,https://tavitsphotography.com/,https://rovenhr.com/business/phoenix/tavits-photography-chij0-,https://rovenhr.com/contact.html?claim=Tavits%20Photography&metro=Phoenix
1341,Signature Smiles of Tampa,Dental & Medical,Tampa,FL,Tampa,5,127,(813) 302-9282,https://signaturesmilesoftampa.com/,https://rovenhr.com/business/tampa/signature-smiles-of-tampa-chij8z,https://rovenhr.com/contact.html?claim=Signature%20Smiles%20of%20Tampa&metro=Tampa
1342,John Winters Photography,Wedding & Events,Austin,TX,Austin,5,127,(832) 833-9766,https://www.johnwintersphoto.com/,https://rovenhr.com/business/austin/john-winters-photography-chijbe,https://rovenhr.com/contact.html?claim=John%20Winters%20Photography&metro=Austin
1343,Imagine Orthodontic Studio Orlando FL,Dental & Medical,Orlando,FL,Orlando,4.9,180,(407) 220-0545,https://imagineorthostudio.com/,https://rovenhr.com/business/orlando/imagine-orthodontic-studio-orlando-fl-chijcw,https://rovenhr.com/contact.html?claim=Imagine%20Orthodontic%20Studio%20Orlando%20FL&metro=Orlando
1344,Pristine Dental Group,Dental & Medical,San Diego,CA,San Diego,4.8,268,(619) 295-8891,https://pristinedentalsd.com/,https://rovenhr.com/business/san_diego/pristine-dental-group-chijn4,https://rovenhr.com/contact.html?claim=Pristine%20Dental%20Group&metro=San%20Diego
1345,All About Plumbing of Orlando,Home Services,Winter Springs,FL,Orlando,4.9,179,(407) 366-0067,http://www.allaboutplumbingoforlando.com/,https://rovenhr.com/business/orlando/all-about-plumbing-of-orlando-chijke,https://rovenhr.com/contact.html?claim=All%20About%20Plumbing%20of%20Orlando&metro=Orlando
1346,Apollo Fotografie,Wedding & Events,San Francisco,CA,San Francisco,5,126,(415) 272-2695,http://apollofotografie.com/,https://rovenhr.com/business/sf/apollo-fotografie-chijcu,https://rovenhr.com/contact.html?claim=Apollo%20Fotografie&metro=San%20Francisco
1347,Above and Beyond A/C and Heat,Home Services,San Antonio,TX,San Antonio,4.9,177,(210) 794-9895,https://www.sanantonioheatingcooling.com/,https://rovenhr.com/business/san_antonio/above-and-beyond-a-c-and-heat-chij54,https://rovenhr.com/contact.html?claim=Above%20and%20Beyond%20A/C%20and%20Heat&metro=San%20Antonio
1348,The Dental Practice | SF,Dental & Medical,San Francisco,CA,San Francisco,4.9,177,(415) 397-4433,http://www.thedentalpracticesf.com/,https://rovenhr.com/business/sf/the-dental-practice-sf-chijnu,https://rovenhr.com/contact.html?claim=The%20Dental%20Practice%20|%20SF&metro=San%20Francisco
1349,AC Repair 24 Seven by Cooling Masters,Home Services,Miami,FL,Miami,5,125,(786) 661-6095,http://thecoolingmasters.com/,https://rovenhr.com/business/miami/ac-repair-24-seven-by-cooling-masters-chijtf,https://rovenhr.com/contact.html?claim=AC%20Repair%2024%20Seven%20by%20Cooling%20Masters&metro=Miami
1350,Avenue Dental of South Austin,Dental & Medical,Austin,TX,Austin,4.9,177,(512) 329-9900,https://www.myavenuedental.com/locations/south-austin/,https://rovenhr.com/business/austin/avenue-dental-of-south-austin-chijzt,https://rovenhr.com/contact.html?claim=Avenue%20Dental%20of%20South%20Austin&metro=Austin
1351,Advantech Air,Home Services,Jacksonville,FL,Jacksonville,5,125,(904) 325-9007,http://www.advantech-air.com/,https://rovenhr.com/business/jacksonville/advantech-air-chij_6,https://rovenhr.com/contact.html?claim=Advantech%20Air&metro=Jacksonville
1352,Sage Dental of Jacksonville Southside,Dental & Medical,Jacksonville,FL,Jacksonville,4.7,420,(904) 650-6313,https://mysagedental.com/jax-southside?utm_source=Google&utm_medium=Business_Listing,https://rovenhr.com/business/jacksonville/sage-dental-of-jacksonville-southside-chijxd,https://rovenhr.com/contact.html?claim=Sage%20Dental%20of%20Jacksonville%20Southside&metro=Jacksonville
1353,Airmech Heating and Air Conditioning,Home Services,Sacramento,CA,Sacramento,4.9,176,(916) 915-9456,https://www.airmechhvac.com/sacramento-air-conditioning-services/?utm_source=google&utm_medium=organic&utm_campaign=gbp_sacramento,https://rovenhr.com/business/sacramento/airmech-heating-and-air-conditioning-chijh_,https://rovenhr.com/contact.html?claim=Airmech%20Heating%20and%20Air%20Conditioning&metro=Sacramento
1354,Zac Wolf Photography,Wedding & Events,Winter Park,FL,Orlando,5,145,,https://www.zacxwolf.com/,https://rovenhr.com/business/orlando/zac-wolf-photography-chijca,https://rovenhr.com/contact.html?claim=Zac%20Wolf%20Photography&metro=Orlando
1355,Arden Dental Care,Dental & Medical,Sacramento,CA,Sacramento,4.9,176,(916) 481-2001,http://www.ardendentalcare.com/,https://rovenhr.com/business/sacramento/arden-dental-care-chijqx,https://rovenhr.com/contact.html?claim=Arden%20Dental%20Care&metro=Sacramento
1356,EP Films | Handcrafted Wedding Videography,Wedding & Events,Montgomery,TX,Houston,5,124,(281) 241-9810,http://epfilmsweddings.com/?%20utm_source=google+&utm_medium=organic&utm_campaign=epfilms-GMB,https://rovenhr.com/business/houston/ep-films-handcrafted-wedding-videography-chijea,https://rovenhr.com/contact.html?claim=EP%20Films%20|%20Handcrafted%20Wedding%20Videography&metro=Houston
1357,Desert Ridge Smiles,Dental & Medical,Phoenix,AZ,Phoenix,4.9,175,(480) 860-4300,http://www.desertridgesmiles.com/,https://rovenhr.com/business/phoenix/desert-ridge-smiles-chiju3,https://rovenhr.com/contact.html?claim=Desert%20Ridge%20Smiles&metro=Phoenix
1358,O'Grady Plumbing,Home Services,San Francisco,CA,San Francisco,4.9,174,(415) 647-9200,https://ogradyplumbing.com/,https://rovenhr.com/business/sf/o-grady-plumbing-chijsw,https://rovenhr.com/contact.html?claim=O'Grady%20Plumbing&metro=San%20Francisco
1359,Szymanowski Orthodontics,Dental & Medical,Sacramento,CA,Sacramento,4.9,174,(916) 993-4171,https://drdamonsmiles.com/,https://rovenhr.com/business/sacramento/szymanowski-orthodontics-chijyy,https://rovenhr.com/contact.html?claim=Szymanowski%20Orthodontics&metro=Sacramento
1360,Contemporary Dental Care of Orlando,Dental & Medical,Orlando,FL,Orlando,4.8,259,(321) 522-8577,https://www.contemporarydentalcare.com/?utm_source=orlando&utm_medium=gmb,https://rovenhr.com/business/orlando/contemporary-dental-care-of-orlando-chijj-,https://rovenhr.com/contact.html?claim=Contemporary%20Dental%20Care%20of%20Orlando&metro=Orlando
1361,Wedding Whisperer,Wedding & Events,San Antonio,TX,San Antonio,5,122,(210) 802-7905,http://www.wedding-whisperer.com/,https://rovenhr.com/business/san_antonio/wedding-whisperer-chijfe,https://rovenhr.com/contact.html?claim=Wedding%20Whisperer&metro=San%20Antonio
1362,"Millennium Plumbing Specialist, Inc",Home Services,Sacramento,CA,Sacramento,5,122,(916) 287-7770,https://theplumbingspecialist.com/,https://rovenhr.com/business/sacramento/millennium-plumbing-specialist-inc-chijax,"https://rovenhr.com/contact.html?claim=Millennium%20Plumbing%20Specialist,%20Inc&metro=Sacramento"
1363,One Way Air,Home Services,Orlando,FL,Orlando,5,122,(407) 868-0381,https://onewayairfl.com/orlando,https://rovenhr.com/business/orlando/one-way-air-chijv3,https://rovenhr.com/contact.html?claim=One%20Way%20Air&metro=Orlando
1364,Sala Air Conditioning,Home Services,Dallas,TX,Dallas–Fort Worth,4.9,172,(214) 742-7252,https://salaair.com/,https://rovenhr.com/business/dfw/sala-air-conditioning-chijb0,https://rovenhr.com/contact.html?claim=Sala%20Air%20Conditioning&metro=Dallas–Fort%20Worth
1365,Case Plumbing & Sewer,Home Services,Tampa,FL,Tampa,4.8,256,(813) 252-0210,https://www.joecoolhomeservices.com/case-plumbing/tampa,https://rovenhr.com/business/tampa/case-plumbing-sewer-chijp0,https://rovenhr.com/contact.html?claim=Case%20Plumbing%20&%20Sewer&metro=Tampa
1366,Darley's Plumbing Inc,Home Services,Jacksonville,FL,Jacksonville,4.7,406,(904) 727-1484,http://darleysplumbing.com/,https://rovenhr.com/business/jacksonville/darley-s-plumbing-inc-chij-5,https://rovenhr.com/contact.html?claim=Darley's%20Plumbing%20Inc&metro=Jacksonville
1367,Acapello Photography,Wedding & Events,Phoenix,AZ,Phoenix,5,121,(203) 848-8824,https://acapellophotography.com/,https://rovenhr.com/business/phoenix/acapello-photography-chij2z,https://rovenhr.com/contact.html?claim=Acapello%20Photography&metro=Phoenix
1368,White Rock Orthodontics,Dental & Medical,Dallas,TX,Dallas–Fort Worth,5,121,(214) 613-2122,https://whiterockorthodontics.com/,https://rovenhr.com/business/dfw/white-rock-orthodontics-chijdy,https://rovenhr.com/contact.html?claim=White%20Rock%20Orthodontics&metro=Dallas–Fort%20Worth
1369,Laura Perez | Jacksonville + St. Augustine FL & Destination Wedding Photographer,Wedding & Events,Jacksonville,FL,Jacksonville,5,121,(904) 504-8064,https://www.lauraperezphotography.com/,https://rovenhr.com/business/jacksonville/laura-perez-jacksonville-st-augustine-fl-destination-wedding-chijnr,https://rovenhr.com/contact.html?claim=Laura%20Perez%20|%20Jacksonville%20+%20St.%20Augustine%20FL%20&%20Destination%20Wedding%20Photographer&metro=Jacksonville
1370,Superior Heating and Cooling,Home Services,Jacksonville,FL,Jacksonville,4.9,171,(904) 203-2165,https://superiorheatingandcoolingfl.com/,https://rovenhr.com/business/jacksonville/superior-heating-and-cooling-chijt_,https://rovenhr.com/contact.html?claim=Superior%20Heating%20and%20Cooling&metro=Jacksonville
1371,K and K Photography,Wedding & Events,Clearwater,FL,Tampa,5,121,(727) 510-2700,http://www.kandkphotography.com/,https://rovenhr.com/business/tampa/k-and-k-photography-chijky,https://rovenhr.com/contact.html?claim=K%20and%20K%20Photography&metro=Tampa
1372,Gloss Dental - San Antonio,Dental & Medical,San Antonio,TX,San Antonio,4.8,254,(210) 898-8113,https://glossdentalsanantonio.com/,https://rovenhr.com/business/san_antonio/gloss-dental-san-antonio-chij5x,https://rovenhr.com/contact.html?claim=Gloss%20Dental%20-%20San%20Antonio&metro=San%20Antonio
1373,AQUA PRO PLUMBING CONTRACTOR / WATER DAMAGE RESTORATION,Home Services,Miami,FL,Miami,4.7,403,(786) 367-9157,https://aquapropc.com/,https://rovenhr.com/business/miami/aqua-pro-plumbing-contractor-water-damage-restoration-chijyw,https://rovenhr.com/contact.html?claim=AQUA%20PRO%20PLUMBING%20CONTRACTOR%20/%20WATER%20DAMAGE%20RESTORATION&metro=Miami
1374,Treaty Oak Dental,Dental & Medical,Austin,TX,Austin,4.9,170,(512) 478-4411,https://treatyoakdental.com/,https://rovenhr.com/business/austin/treaty-oak-dental-chijrr,https://rovenhr.com/contact.html?claim=Treaty%20Oak%20Dental&metro=Austin
1375,Millenia Dental Health,Dental & Medical,Orlando,FL,Orlando,4.9,170,(407) 246-0104,https://www.milleniadentalhealth.com/,https://rovenhr.com/business/orlando/millenia-dental-health-chijor,https://rovenhr.com/contact.html?claim=Millenia%20Dental%20Health&metro=Orlando
1376,Miami Luxe Images,Wedding & Events,Miami,FL,Miami,5,120,(305) 814-0529,https://miamiluxeimages.com/,https://rovenhr.com/business/miami/miami-luxe-images-chij0z,https://rovenhr.com/contact.html?claim=Miami%20Luxe%20Images&metro=Miami
1377,San Diego Dental Parlor,Dental & Medical,San Diego,CA,San Diego,5,120,(619) 582-3600,https://dentistsd.com/,https://rovenhr.com/business/san_diego/san-diego-dental-parlor-chij8c,https://rovenhr.com/contact.html?claim=San%20Diego%20Dental%20Parlor&metro=San%20Diego
1378,"Ivy Heating and Air, Inc.",Home Services,Sacramento,CA,Sacramento,5,120,(916) 256-7814,https://www.ivyheatingandair.com/?utm_source=GBP,https://rovenhr.com/business/sacramento/ivy-heating-and-air-inc-chijmw,"https://rovenhr.com/contact.html?claim=Ivy%20Heating%20and%20Air,%20Inc.&metro=Sacramento"
1379,Aire Serv of Dallas,Home Services,Dallas,TX,Dallas–Fort Worth,4.8,252,(214) 838-7191,https://www.aireservdallas.com/,https://rovenhr.com/business/dfw/aire-serv-of-dallas-chijre,https://rovenhr.com/contact.html?claim=Aire%20Serv%20of%20Dallas&metro=Dallas–Fort%20Worth
1380,Lincoln Industries Plumbing,Home Services,Culver City,CA,Los Angeles,5,120,(310) 845-5278,https://sites.google.com/view/lincoln-industries-plumbing/home,https://rovenhr.com/business/la/lincoln-industries-plumbing-chiju9,https://rovenhr.com/contact.html?claim=Lincoln%20Industries%20Plumbing&metro=Los%20Angeles
1381,Nikaeen Orthodontics,Dental & Medical,Los Angeles,CA,Los Angeles,4.8,252,(310) 444-1113,https://invisibraces.com/,https://rovenhr.com/business/la/nikaeen-orthodontics-chij_9,https://rovenhr.com/contact.html?claim=Nikaeen%20Orthodontics&metro=Los%20Angeles
1382,Orthodontic Specialists of Florida,Dental & Medical,Tampa,FL,Tampa,4.9,169,(813) 960-8400,http://www.fla4braces.com/,https://rovenhr.com/business/tampa/orthodontic-specialists-of-florida-chijqu,https://rovenhr.com/contact.html?claim=Orthodontic%20Specialists%20of%20Florida&metro=Tampa
1383,Total Care Dental and Orthodontics | Los Angeles,Dental & Medical,Los Angeles,CA,Los Angeles,4.5,1325,(323) 751-5600,https://tcdortho.com/,https://rovenhr.com/business/la/total-care-dental-and-orthodontics-los-angeles-chijs0,https://rovenhr.com/contact.html?claim=Total%20Care%20Dental%20and%20Orthodontics%20|%20Los%20Angeles&metro=Los%20Angeles
1384,Pacific Heights Dental,Dental & Medical,San Francisco,CA,San Francisco,4.7,396,(415) 921-2448,https://www.pacificheightsdental.com/?y_source=1_MjAxMjkzOTcyMi03MTUtbG9jYXRpb24ud2Vic2l0ZQ%3D%3D,https://rovenhr.com/business/sf/pacific-heights-dental-chij9c,https://rovenhr.com/contact.html?claim=Pacific%20Heights%20Dental&metro=San%20Francisco
1385,"My Smile Orthodontics - Cheryl Guerrero, DDS",Dental & Medical,San Diego,CA,San Diego,4.9,168,(858) 755-8882,https://www.mysmileortho.com/,https://rovenhr.com/business/san_diego/my-smile-orthodontics-cheryl-guerrero-dds-chijsx,"https://rovenhr.com/contact.html?claim=My%20Smile%20Orthodontics%20-%20Cheryl%20Guerrero,%20DDS&metro=San%20Diego"
1386,DevRight Media,Wedding & Events,Dallas,TX,Dallas–Fort Worth,5,119,(214) 810-5570,https://devrightmedia.com/,https://rovenhr.com/business/dfw/devright-media-chijba,https://rovenhr.com/contact.html?claim=DevRight%20Media&metro=Dallas–Fort%20Worth
1387,South Austin Dentist,Dental & Medical,Austin,TX,Austin,4.9,168,(737) 437-3801,http://southaustindentist.com/?utm_source=gbp&utm_medium=organic&utm_campaign=yext_listing,https://rovenhr.com/business/austin/south-austin-dentist-chijf5,https://rovenhr.com/contact.html?claim=South%20Austin%20Dentist&metro=Austin
1388,Authority,Home Services,Sacramento,CA,Sacramento,5,119,(916) 474-9916,http://authorityheatingandair.com/,https://rovenhr.com/business/sacramento/authority-chijfd,https://rovenhr.com/contact.html?claim=Authority&metro=Sacramento
1389,KISS Events,Wedding & Events,Humble,TX,Houston,5,119,(504) 231-7919,http://kissevents.org/,https://rovenhr.com/business/houston/kiss-events-chijsw,https://rovenhr.com/contact.html?claim=KISS%20Events&metro=Houston
1390,Beutler Air Conditioning and Plumbing,Home Services,Sacramento,CA,Sacramento,4.4,2909,(916) 647-8273,https://www.beutler.com/?utm_source=google&utm_medium=gbp&utm_campaign=local_seo&utm_content=gbp_website_click,https://rovenhr.com/business/sacramento/beutler-air-conditioning-and-plumbing-chijvv,https://rovenhr.com/contact.html?claim=Beutler%20Air%20Conditioning%20and%20Plumbing&metro=Sacramento
1391,Forest Lane Dental of Northwest Dallas,Dental & Medical,Dallas,TX,Dallas–Fort Worth,4.8,249,(214) 350-1425,https://forestlanedentaldallas.com/,https://rovenhr.com/business/dfw/forest-lane-dental-of-northwest-dallas-chij7y,https://rovenhr.com/contact.html?claim=Forest%20Lane%20Dental%20of%20Northwest%20Dallas&metro=Dallas–Fort%20Worth
1392,Tank Air Conditioning & Heating,Home Services,Tampa,FL,Tampa,4.7,394,(813) 967-9777,https://tankac.netlify.app/,https://rovenhr.com/business/tampa/tank-air-conditioning-heating-chijyz,https://rovenhr.com/contact.html?claim=Tank%20Air%20Conditioning%20&%20Heating&metro=Tampa
1393,Lee and Lee Orthodontics,Dental & Medical,San Francisco,CA,San Francisco,4.9,167,(415) 751-1700,https://www.leeandleeortho.com/,https://rovenhr.com/business/sf/lee-and-lee-orthodontics-chijcx,https://rovenhr.com/contact.html?claim=Lee%20and%20Lee%20Orthodontics&metro=San%20Francisco
1394,Zoe Larkin Photography,Wedding & Events,San Francisco,CA,San Francisco,5,138,,https://www.zoelarkin.com/,https://rovenhr.com/business/sf/zoe-larkin-photography-chijfr,https://rovenhr.com/contact.html?claim=Zoe%20Larkin%20Photography&metro=San%20Francisco
1395,C & J Air Conditioning & Heating Co,Home Services,San Antonio,TX,San Antonio,5,118,(210) 340-2665,http://candjair.com/,https://rovenhr.com/business/san_antonio/c-j-air-conditioning-heating-co-chijcz,https://rovenhr.com/contact.html?claim=C%20&%20J%20Air%20Conditioning%20&%20Heating%20Co&metro=San%20Antonio
1396,Evan Rich Photography,Wedding & Events,Miami,FL,Miami,5,118,(917) 374-2077,https://evanrphotography.com/,https://rovenhr.com/business/miami/evan-rich-photography-chijxs,https://rovenhr.com/contact.html?claim=Evan%20Rich%20Photography&metro=Miami
1397,Rice Orthodontics,Dental & Medical,Jacksonville,FL,Jacksonville,5,118,(904) 646-7000,https://www.drriceortho.com/,https://rovenhr.com/business/jacksonville/rice-orthodontics-chije6,https://rovenhr.com/contact.html?claim=Rice%20Orthodontics&metro=Jacksonville
1398,Friedman Dental Group,Dental & Medical,Miami,FL,Miami,4.7,390,(305) 358-0282,https://friedmandentalgroup.com/miami/,https://rovenhr.com/business/miami/friedman-dental-group-chijfw,https://rovenhr.com/contact.html?claim=Friedman%20Dental%20Group&metro=Miami
1399,"Sunstate Mechanical Contractors, Inc.",Home Services,Tampa,FL,Tampa,4.9,165,(813) 657-8200,https://www.hvacrepairtampa.com/?utm_source=GBP&utm_medium=GBP&utm_campaign=GBP,https://rovenhr.com/business/tampa/sunstate-mechanical-contractors-inc-chijfy,"https://rovenhr.com/contact.html?claim=Sunstate%20Mechanical%20Contractors,%20Inc.&metro=Tampa"
1400,Wedding Photography by IQphoto,Wedding & Events,San Francisco,CA,San Francisco,5,117,(415) 939-5877,https://www.iqphoto.com/,https://rovenhr.com/business/sf/wedding-photography-by-iqphoto-chijae,https://rovenhr.com/contact.html?claim=Wedding%20Photography%20by%20IQphoto&metro=San%20Francisco
1401,HVAC Inspections Los Angeles,Home Services,Hermosa Beach,CA,Los Angeles,5,117,(310) 465-3822,https://www.hvacinspectionslosangeles.com/?utm_source=google&utm_medium=organic&utm_campaign=gbp,https://rovenhr.com/business/la/hvac-inspections-los-angeles-chijct,https://rovenhr.com/contact.html?claim=HVAC%20Inspections%20Los%20Angeles&metro=Los%20Angeles
1402,SS Orthodontics,Dental & Medical,Phoenix,AZ,Phoenix,5,117,(602) 485-4700,https://ssorthodonticsphx.com/,https://rovenhr.com/business/phoenix/ss-orthodontics-chijh1,https://rovenhr.com/contact.html?claim=SS%20Orthodontics&metro=Phoenix
1403,Ocean Plumbing LLC,Home Services,Phoenix,AZ,Phoenix,5,117,(602) 755-3860,https://oceanplumbingaz.com/,https://rovenhr.com/business/phoenix/ocean-plumbing-llc-chijyw,https://rovenhr.com/contact.html?claim=Ocean%20Plumbing%20LLC&metro=Phoenix
1404,Aloha Dental,Dental & Medical,Austin,TX,Austin,4.6,666,(512) 707-7300,https://www.aloha-dental.com/,https://rovenhr.com/business/austin/aloha-dental-chijmb,https://rovenhr.com/contact.html?claim=Aloha%20Dental&metro=Austin
1405,White Rock Dental,Dental & Medical,Dallas,TX,Dallas–Fort Worth,4.6,667,(214) 348-2320,https://primedds.com/dentist/dallas/white-rock-dental/,https://rovenhr.com/business/dfw/white-rock-dental-chijc7,https://rovenhr.com/contact.html?claim=White%20Rock%20Dental&metro=Dallas–Fort%20Worth
1406,Blue Sky Heating and Air,Home Services,Austin,TX,Austin,4.7,386,(512) 222-6666,https://blueskyheatingandair.net/,https://rovenhr.com/business/austin/blue-sky-heating-and-air-chijsv,https://rovenhr.com/contact.html?claim=Blue%20Sky%20Heating%20and%20Air&metro=Austin
1407,Capitol City Dental - Family Dentistry Dr Lai,Dental & Medical,Sacramento,CA,Sacramento,4.7,384,(916) 443-6692,http://www.capitolcitydental.com/,https://rovenhr.com/business/sacramento/capitol-city-dental-family-dentistry-dr-lai-chijas,https://rovenhr.com/contact.html?claim=Capitol%20City%20Dental%20-%20Family%20Dentistry%20Dr%20Lai&metro=Sacramento
1408,Berry Best Cooling & Heating,Home Services,Dallas,TX,Dallas–Fort Worth,5,116,(972) 928-9482,https://www.callberrybest.com/,https://rovenhr.com/business/dfw/berry-best-cooling-heating-chijay,https://rovenhr.com/contact.html?claim=Berry%20Best%20Cooling%20&%20Heating&metro=Dallas–Fort%20Worth
1409,Airflow Heating & Air,Home Services,Orangevale,CA,Sacramento,5,116,(916) 237-9307,https://www.goairflow.com/?utm_source=google&utm_medium=local&utm_campaign=gmb,https://rovenhr.com/business/sacramento/airflow-heating-air-chijaz,https://rovenhr.com/contact.html?claim=Airflow%20Heating%20&%20Air&metro=Sacramento
1410,MyFamily Orthodontics - Dr. Lauris Johnson,Dental & Medical,Orlando,FL,Orlando,5,116,(407) 995-6029,http://www.myfamilyortho.com/,https://rovenhr.com/business/orlando/myfamily-orthodontics-dr-lauris-johnson-chijxy,https://rovenhr.com/contact.html?claim=MyFamily%20Orthodontics%20-%20Dr.%20Lauris%20Johnson&metro=Orlando
1411,Budd Orthodontics,Dental & Medical,Phoenix,AZ,Phoenix,5,116,(602) 493-3338,https://www.buddorthodontics.com/,https://rovenhr.com/business/phoenix/budd-orthodontics-chijye,https://rovenhr.com/contact.html?claim=Budd%20Orthodontics&metro=Phoenix
1412,The Highland Manor - Events Venue,Wedding & Events,Apopka,FL,Orlando,4.7,383,(407) 650-9558,https://eventsbydubsdread.com/the-highland-manor-home/,https://rovenhr.com/business/orlando/the-highland-manor-events-venue-chijt1,https://rovenhr.com/contact.html?claim=The%20Highland%20Manor%20-%20Events%20Venue&metro=Orlando
1413,Riverwalk Dental & Orthodontics,Dental & Medical,San Antonio,TX,San Antonio,4.6,657,(210) 446-6227,https://www.riverwalkdentalorthodontics.com/,https://rovenhr.com/business/san_antonio/riverwalk-dental-orthodontics-chijy6,https://rovenhr.com/contact.html?claim=Riverwalk%20Dental%20&%20Orthodontics&metro=San%20Antonio
1414,Serenity Dental Spa,Dental & Medical,San Francisco,CA,San Francisco,4.6,656,(415) 376-6196,https://serenitydentalspa.com/?utm_source=GMB&utm_medium=organic&utm_campaign=DevOptimization&utm_content=Website,https://rovenhr.com/business/sf/serenity-dental-spa-chijey,https://rovenhr.com/contact.html?claim=Serenity%20Dental%20Spa&metro=San%20Francisco
1415,Dentistry Of Orlando,Dental & Medical,Orlando,FL,Orlando,4.8,241,(407) 851-5555,https://www.dentistryoforlando.com/,https://rovenhr.com/business/orlando/dentistry-of-orlando-chijy9,https://rovenhr.com/contact.html?claim=Dentistry%20Of%20Orlando&metro=Orlando
1416,Affordable Air LLC,Home Services,San Antonio,TX,San Antonio,5,115,(210) 850-6305,http://affordableairservices.com/,https://rovenhr.com/business/san_antonio/affordable-air-llc-chijl9,https://rovenhr.com/contact.html?claim=Affordable%20Air%20LLC&metro=San%20Antonio
1417,Legacy Smiles of Orlando,Dental & Medical,Orlando,FL,Orlando,4.9,161,(407) 648-3688,https://www.legacysmilesoforlando.com/?utm_source=google&utm_medium=organic&utm_campaign=gbp_website,https://rovenhr.com/business/orlando/legacy-smiles-of-orlando-chijv_,https://rovenhr.com/contact.html?claim=Legacy%20Smiles%20of%20Orlando&metro=Orlando
1418,MR AC OF ORLANDO,Home Services,Orlando,FL,Orlando,4.8,238,(321) 444-5514,https://www.mracoforlando.com/,https://rovenhr.com/business/orlando/mr-ac-of-orlando-chijux,https://rovenhr.com/contact.html?claim=MR%20AC%20OF%20ORLANDO&metro=Orlando
1419,Bayside Dentistry,Dental & Medical,San Diego,CA,San Diego,5,114,(858) 274-8900,http://www.baysidedentalsd.com/,https://rovenhr.com/business/san_diego/bayside-dentistry-chij6y,https://rovenhr.com/contact.html?claim=Bayside%20Dentistry&metro=San%20Diego
1420,Varsity Zone HVAC of Tampa,Home Services,Tampa,FL,Tampa,5,114,(813) 609-0019,https://www.varsityzone.com/tampa-fl,https://rovenhr.com/business/tampa/varsity-zone-hvac-of-tampa-chij91,https://rovenhr.com/contact.html?claim=Varsity%20Zone%20HVAC%20of%20Tampa&metro=Tampa
1421,JCP Films LLC,Wedding & Events,Miami,FL,Miami,5,114,(786) 708-1575,http://www.jcpfilms.com/,https://rovenhr.com/business/miami/jcp-films-llc-chijky,https://rovenhr.com/contact.html?claim=JCP%20Films%20LLC&metro=Miami
1422,Elite AC & Heating,Home Services,Phoenix,AZ,Phoenix,5,114,(480) 933-1303,https://www.eliteacandheatingaz.com/,https://rovenhr.com/business/phoenix/elite-ac-heating-chijyf,https://rovenhr.com/contact.html?claim=Elite%20AC%20&%20Heating&metro=Phoenix
1423,Blue Wave Orthodontics,Dental & Medical,Tampa,FL,Tampa,4.8,237,(813) 254-8005,https://bluewaveortho.com/,https://rovenhr.com/business/tampa/blue-wave-orthodontics-chijex,https://rovenhr.com/contact.html?claim=Blue%20Wave%20Orthodontics&metro=Tampa
1424,Hollywood Photo Studios,Wedding & Events,Phoenix,AZ,Phoenix,4.9,160,(602) 923-1717,http://www.hollywoodphotostudiosaz.com/,https://rovenhr.com/business/phoenix/hollywood-photo-studios-chijab,https://rovenhr.com/contact.html?claim=Hollywood%20Photo%20Studios&metro=Phoenix
1425,Progressive Heating & Air,Home Services,San Diego,CA,San Diego,4.8,236,(858) 463-6753,https://www.progressiveairconditioning.com/?utm_source=google&utm_medium=organic&utm_campaign=gbp,https://rovenhr.com/business/san_diego/progressive-heating-air-chijss,https://rovenhr.com/contact.html?claim=Progressive%20Heating%20&%20Air&metro=San%20Diego
1426,Miami 24/7 Plumbing - Miami Emergency Plumbers,Home Services,Miami,FL,Miami,4.8,235,(305) 440-0878,https://www.miami247plumbing.com/,https://rovenhr.com/business/miami/miami-24-7-plumbing-miami-emergency-plumbers-chijva,https://rovenhr.com/contact.html?claim=Miami%2024/7%20Plumbing%20-%20Miami%20Emergency%20Plumbers&metro=Miami
1427,Dental Studio San Francisco,Dental & Medical,San Francisco,CA,San Francisco,4.8,235,(415) 801-0688,https://www.dentalstudiosf.com/?utm_campaign=gmb&utm_medium=organic&utm_source=gmb_listing,https://rovenhr.com/business/sf/dental-studio-san-francisco-chijf7,https://rovenhr.com/contact.html?claim=Dental%20Studio%20San%20Francisco&metro=San%20Francisco
1428,Dynamic Cinema Productions,Wedding & Events,Sacramento,CA,Sacramento,5,113,(530) 417-6170,http://dynamiccinemaproductions.com/,https://rovenhr.com/business/sacramento/dynamic-cinema-productions-chijvx,https://rovenhr.com/contact.html?claim=Dynamic%20Cinema%20Productions&metro=Sacramento
1429,Air Pros Orlando,Home Services,Orlando,FL,Orlando,4.6,634,(407) 768-2227,https://airprosusa.com/orlando/?utm_source=organic&utm_medium=organic&utm_campaign=orlando&utm_id=gbp,https://rovenhr.com/business/orlando/air-pros-orlando-chijkc,https://rovenhr.com/contact.html?claim=Air%20Pros%20Orlando&metro=Orlando
1430,District Dental,Dental & Medical,Houston,TX,Houston,4.9,158,(832) 804-6050,http://district-dental.com/,https://rovenhr.com/business/houston/district-dental-chij56,https://rovenhr.com/contact.html?claim=District%20Dental&metro=Houston
1431,Action Air Conditioning - AC Repair Tampa,Home Services,Tampa,FL,Tampa,4.6,633,(813) 935-6644,https://actionairconditioning.com/?utm_source=google&utm_medium=organic&utm_campaign=gbp-profile,https://rovenhr.com/business/tampa/action-air-conditioning-ac-repair-tampa-chijpu,https://rovenhr.com/contact.html?claim=Action%20Air%20Conditioning%20-%20AC%20Repair%20Tampa&metro=Tampa
1432,Lake Eola Dental,Dental & Medical,Orlando,FL,Orlando,4.8,234,(407) 930-7007,http://www.lakeeoladental.com/,https://rovenhr.com/business/orlando/lake-eola-dental-chijjc,https://rovenhr.com/contact.html?claim=Lake%20Eola%20Dental&metro=Orlando
1433,Ellis AC & Furnace Repair,Home Services,Dallas,TX,Dallas–Fort Worth,4.9,158,(972) 846-9386,https://www.ellisac.com/?utm_source=gmb_listing&utm_medium=organic,https://rovenhr.com/business/dfw/ellis-ac-furnace-repair-chijqr,https://rovenhr.com/contact.html?claim=Ellis%20AC%20&%20Furnace%20Repair&metro=Dallas–Fort%20Worth
1434,Austin Dental Specialty Group,Dental & Medical,Austin,TX,Austin,4.8,233,(512) 717-0989,https://atxfamilydentistry.com/,https://rovenhr.com/business/austin/austin-dental-specialty-group-chij5x,https://rovenhr.com/contact.html?claim=Austin%20Dental%20Specialty%20Group&metro=Austin
1435,Shot By Shaun,Wedding & Events,Miami,FL,Miami,5,112,(808) 542-4975,https://www.shotbyshaunphotography.com/,https://rovenhr.com/business/miami/shot-by-shaun-chijrw,https://rovenhr.com/contact.html?claim=Shot%20By%20Shaun&metro=Miami
1436,Hydro Plumbing & Rooter,Home Services,San Francisco,CA,San Francisco,5,112,(415) 886-1161,http://hydroplumbingrooter.com/,https://rovenhr.com/business/sf/hydro-plumbing-rooter-chijyu,https://rovenhr.com/contact.html?claim=Hydro%20Plumbing%20&%20Rooter&metro=San%20Francisco
1437,Southern Comfort Air Conditioning & Builders,Home Services,Miami,FL,Miami,4.9,157,(786) 346-7590,http://www.southerncomfortac.com/,https://rovenhr.com/business/miami/southern-comfort-air-conditioning-builders-chijaq,https://rovenhr.com/contact.html?claim=Southern%20Comfort%20Air%20Conditioning%20&%20Builders&metro=Miami
1438,Epic Photography,Wedding & Events,Plano,TX,Dallas–Fort Worth,4.8,232,(214) 272-2333,https://epicphotos.com/dallas,https://rovenhr.com/business/dfw/epic-photography-chijr3,https://rovenhr.com/contact.html?claim=Epic%20Photography&metro=Dallas–Fort%20Worth
1439,Sense Dental Center,Dental & Medical,Orlando,FL,Orlando,4.6,625,(407) 277-6272,https://mysense.us/,https://rovenhr.com/business/orlando/sense-dental-center-chijq4,https://rovenhr.com/contact.html?claim=Sense%20Dental%20Center&metro=Orlando
1440,Smile Recreation Dentistry by Dr. Baseri,Dental & Medical,Los Angeles,CA,Los Angeles,4.7,365,(323) 218-8098,https://www.smilerecreation.com/?utm_source=GMB&utm_medium=seo&utm_campaign=GBP,https://rovenhr.com/business/la/smile-recreation-dentistry-by-dr-baseri-chijgt,https://rovenhr.com/contact.html?claim=Smile%20Recreation%20Dentistry%20by%20Dr.%20Baseri&metro=Los%20Angeles
1441,"Same Day Heating, Cooling, Plumbing",Home Services,West Sacramento,CA,Sacramento,4.8,231,(916) 252-6851,https://samedaysac.com/?utm_source=google&utm_medium=gmb,https://rovenhr.com/business/sacramento/same-day-heating-cooling-plumbing-chij2w,"https://rovenhr.com/contact.html?claim=Same%20Day%20Heating,%20Cooling,%20Plumbing&metro=Sacramento"
1442,Celebration Gardens,Wedding & Events,Winter Park,FL,Orlando,4.8,231,(407) 960-2853,http://orlandocelebrationgardens.com/,https://rovenhr.com/business/orlando/celebration-gardens-chijr_,https://rovenhr.com/contact.html?claim=Celebration%20Gardens&metro=Orlando
1443,Jersson Luna Photography Studio,Wedding & Events,San Antonio,TX,San Antonio,5,111,(210) 848-8121,http://www.jerssonlunaphotographystudio.com/,https://rovenhr.com/business/san_antonio/jersson-luna-photography-studio-chijcq,https://rovenhr.com/contact.html?claim=Jersson%20Luna%20Photography%20Studio&metro=San%20Antonio
1444,Kim Kelly Photography,Wedding & Events,Atlantic Beach,FL,Jacksonville,5,111,(904) 566-2364,http://www.kimkellyphotography.com/,https://rovenhr.com/business/jacksonville/kim-kelly-photography-chijqr,https://rovenhr.com/contact.html?claim=Kim%20Kelly%20Photography&metro=Jacksonville
1445,Ideal Plumbing Heating Air Electrical,Home Services,San Diego,CA,San Diego,4.8,230,(619) 320-5990,https://idealservice.com/?utm_source=google-gbp&utm_medium=organic&utm_campaign=*384*ideal-plumbing-san-diego,https://rovenhr.com/business/san_diego/ideal-plumbing-heating-air-electrical-chijft,https://rovenhr.com/contact.html?claim=Ideal%20Plumbing%20Heating%20Air%20Electrical&metro=San%20Diego
1446,Orlando Dental Group,Dental & Medical,Orlando,FL,Orlando,4.7,362,(407) 674-9875,http://orlandodentalgroup.com/,https://rovenhr.com/business/orlando/orlando-dental-group-chiji6,https://rovenhr.com/contact.html?claim=Orlando%20Dental%20Group&metro=Orlando
1447,Bella Smile,Dental & Medical,San Francisco,CA,San Francisco,4.9,155,(415) 292-2345,http://www.bellasmile.com/,https://rovenhr.com/business/sf/bella-smile-chijcc,https://rovenhr.com/contact.html?claim=Bella%20Smile&metro=San%20Francisco
1448,Dallas Heating and Air Conditioning,Home Services,Dallas,TX,Dallas–Fort Worth,4.8,228,(972) 423-0012,http://www.dallasheatingac.com/,https://rovenhr.com/business/dfw/dallas-heating-and-air-conditioning-chijd7,https://rovenhr.com/contact.html?claim=Dallas%20Heating%20and%20Air%20Conditioning&metro=Dallas–Fort%20Worth
1449,MAE Media Group | Corporate Event Photography & Video,Wedding & Events,North Miami Beach,FL,Miami,5,110,(954) 397-0670,https://www.maepictures.com/,https://rovenhr.com/business/miami/mae-media-group-corporate-event-photography-video-chijt4,https://rovenhr.com/contact.html?claim=MAE%20Media%20Group%20|%20Corporate%20Event%20Photography%20&%20Video&metro=Miami
1450,Mindful Media Photography,Wedding & Events,Grass Valley,CA,Los Angeles,4.9,154,(605) 728-1980,https://www.mindfulmediaphotography.com/,https://rovenhr.com/business/la/mindful-media-photography-chijfy,https://rovenhr.com/contact.html?claim=Mindful%20Media%20Photography&metro=Los%20Angeles
1451,The Local Dentist,Dental & Medical,Austin,TX,Austin,4.9,154,(512) 883-1300,http://www.thelocaldentistatx.com/,https://rovenhr.com/business/austin/the-local-dentist-chijs3,https://rovenhr.com/contact.html?claim=The%20Local%20Dentist&metro=Austin
1452,Airtegrity Comfort Solutions,Home Services,San Antonio,TX,San Antonio,4.7,356,(210) 446-0105,https://airtegritycs.com/,https://rovenhr.com/business/san_antonio/airtegrity-comfort-solutions-chijew,https://rovenhr.com/contact.html?claim=Airtegrity%20Comfort%20Solutions&metro=San%20Antonio
1453,Semper Fi Heating and Cooling,Home Services,Phoenix,AZ,Phoenix,4.8,226,(623) 283-2272,https://www.semperfiheatingcooling.com/heating-cooling-phoenix-az/?utm_source=GBPSouthPHX,https://rovenhr.com/business/phoenix/semper-fi-heating-and-cooling-chijkq,https://rovenhr.com/contact.html?claim=Semper%20Fi%20Heating%20and%20Cooling&metro=Phoenix
1454,Reliable Standard Heating & Air,Home Services,San Diego,CA,San Diego,5,109,(858) 768-0322,http://reliablestandard.com/,https://rovenhr.com/business/san_diego/reliable-standard-heating-air-chij8w,https://rovenhr.com/contact.html?claim=Reliable%20Standard%20Heating%20&%20Air&metro=San%20Diego
1455,San Antonio Orthodontics - Oakwell Farms,Dental & Medical,San Antonio,TX,San Antonio,5,109,(210) 824-6787,https://sanantonioortho.com/,https://rovenhr.com/business/san_antonio/san-antonio-orthodontics-oakwell-farms-chijd2,https://rovenhr.com/contact.html?claim=San%20Antonio%20Orthodontics%20-%20Oakwell%20Farms&metro=San%20Antonio
1456,B&A Photography,Wedding & Events,Houston,TX,Houston,5,109,(832) 683-6623,https://www.balvaradophotography.com/,https://rovenhr.com/business/houston/b-a-photography-chijyx,https://rovenhr.com/contact.html?claim=B&A%20Photography&metro=Houston
1457,"Around the Clock Heating and Air Conditioning, Inc.",Home Services,Los Angeles,CA,Los Angeles,4.8,225,(310) 274-5525,http://aroundclock.com/,https://rovenhr.com/business/la/around-the-clock-heating-and-air-conditioning-inc-chijy_,"https://rovenhr.com/contact.html?claim=Around%20the%20Clock%20Heating%20and%20Air%20Conditioning,%20Inc.&metro=Los%20Angeles"
1458,Hideout Orlando Event Venue,Wedding & Events,Orlando,FL,Orlando,4.9,152,(407) 279-0980,https://www.hideoutorl.com/,https://rovenhr.com/business/orlando/hideout-orlando-event-venue-chijo_,https://rovenhr.com/contact.html?claim=Hideout%20Orlando%20Event%20Venue&metro=Orlando
1459,AtLast Photo Studio,Wedding & Events,Houston,TX,Houston,5,108,(713) 302-9490,https://www.atlastphotostudio.com/,https://rovenhr.com/business/houston/atlast-photo-studio-chijx7,https://rovenhr.com/contact.html?claim=AtLast%20Photo%20Studio&metro=Houston
1460,"Steven Miller Photography, Inc",Wedding & Events,Orlando,FL,Orlando,5,108,(407) 504-7314,https://www.stevenmillerpix.com/,https://rovenhr.com/business/orlando/steven-miller-photography-inc-chijux,"https://rovenhr.com/contact.html?claim=Steven%20Miller%20Photography,%20Inc&metro=Orlando"
1461,Miami Dade Plumbing,Home Services,Miami,FL,Miami,4.9,151,(786) 756-3185,https://miami-dade-plumbing.com/,https://rovenhr.com/business/miami/miami-dade-plumbing-chij9w,https://rovenhr.com/contact.html?claim=Miami%20Dade%20Plumbing&metro=Miami
1462,"Economy Plumbing Services, LLC",Home Services,Austin,TX,Austin,4.6,596,(512) 233-6590,https://www.plumbersthatcare.com/?utm_source=google&utm_medium=organic&utm_campaign=gmb,https://rovenhr.com/business/austin/economy-plumbing-services-llc-chijzw,"https://rovenhr.com/contact.html?claim=Economy%20Plumbing%20Services,%20LLC&metro=Austin"
1463,California Family Dental Center,Dental & Medical,Los Angeles,CA,Los Angeles,4.5,1129,(323) 582-4474,http://www.cfdgdental.com/,https://rovenhr.com/business/la/california-family-dental-center-chijw1,https://rovenhr.com/contact.html?claim=California%20Family%20Dental%20Center&metro=Los%20Angeles
1464,Blue Diamond Heating and Air,Home Services,San Diego,CA,San Diego,5,107,(619) 586-6137,https://bluediamond.tech/,https://rovenhr.com/business/san_diego/blue-diamond-heating-and-air-chij29,https://rovenhr.com/contact.html?claim=Blue%20Diamond%20Heating%20and%20Air&metro=San%20Diego
1465,City of Angels Dentistry,Dental & Medical,Los Angeles,CA,Los Angeles,5,107,(213) 908-2003,https://www.cofadentistry.com/,https://rovenhr.com/business/la/city-of-angels-dentistry-chijce,https://rovenhr.com/contact.html?claim=City%20of%20Angels%20Dentistry&metro=Los%20Angeles
1466,Rachel Solomon Photography,Wedding & Events,Phoenix,AZ,Phoenix,5,107,(602) 690-2366,http://rachel-solomon.com/,https://rovenhr.com/business/phoenix/rachel-solomon-photography-chij_-,https://rovenhr.com/contact.html?claim=Rachel%20Solomon%20Photography&metro=Phoenix
1467,Miami Beach Super Plumber,Home Services,Miami Beach,FL,Miami,5,107,(305) 796-7752,http://www.superplumberinc.com/,https://rovenhr.com/business/miami/miami-beach-super-plumber-chijk3,https://rovenhr.com/contact.html?claim=Miami%20Beach%20Super%20Plumber&metro=Miami
1468,"Abacus Plumbing, Air Conditioning & Electrical",Home Services,Austin,TX,Austin,4.7,345,(512) 309-1487,https://www.abacusplumbing.com/austin/?utm_campaign=gmb_ab-atx_home_everyone_gmb-austin-lamar&utm_medium=gmb&utm_source=google,https://rovenhr.com/business/austin/abacus-plumbing-air-conditioning-electrical-chijay,"https://rovenhr.com/contact.html?claim=Abacus%20Plumbing,%20Air%20Conditioning%20&%20Electrical&metro=Austin"
1469,Evrigenis Orthodontics on Pavilions Lane,Dental & Medical,Sacramento,CA,Sacramento,4.9,149,(916) 923-9168,https://www.evrigenisorthodontics.com/,https://rovenhr.com/business/sacramento/evrigenis-orthodontics-on-pavilions-lane-chijgw,https://rovenhr.com/contact.html?claim=Evrigenis%20Orthodontics%20on%20Pavilions%20Lane&metro=Sacramento
1470,Easy AC,Home Services,Tampa,FL,Tampa,4.7,557,,,https://rovenhr.com/business/tampa/easy-ac-chijh7,https://rovenhr.com/contact.html?claim=Easy%20AC&metro=Tampa
1471,Daria Koso,Wedding & Events,Miami,FL,Miami,5,106,(305) 515-5151,https://www.dariakoso.com/,https://rovenhr.com/business/miami/daria-koso-chijcd,https://rovenhr.com/contact.html?claim=Daria%20Koso&metro=Miami
1472,Proactive Air Conditioning,Home Services,Dallas,TX,Dallas–Fort Worth,5,106,(469) 921-1136,https://proactiveairconditioning.com/,https://rovenhr.com/business/dfw/proactive-air-conditioning-chijl9,https://rovenhr.com/contact.html?claim=Proactive%20Air%20Conditioning&metro=Dallas–Fort%20Worth
1473,AZ Family Dental - Phoenix,Dental & Medical,Phoenix,AZ,Phoenix,4.8,218,(602) 844-2431,https://www.azfd.com/locations/phoenix/,https://rovenhr.com/business/phoenix/az-family-dental-phoenix-chijx2,https://rovenhr.com/contact.html?claim=AZ%20Family%20Dental%20-%20Phoenix&metro=Phoenix
1474,Boojum Tree Hidden Gardens,Wedding & Events,Phoenix,AZ,Phoenix,4.7,342,(602) 867-8975,https://boojumtree.com/,https://rovenhr.com/business/phoenix/boojum-tree-hidden-gardens-chij68,https://rovenhr.com/contact.html?claim=Boojum%20Tree%20Hidden%20Gardens&metro=Phoenix
1475,Oasis Plumbing,Home Services,Miami,FL,Miami,4.9,148,(305) 900-8224,https://www.calloasis.com/?utm_source=Google+Maps&utm_medium=Organic,https://rovenhr.com/business/miami/oasis-plumbing-chijuu,https://rovenhr.com/contact.html?claim=Oasis%20Plumbing&metro=Miami
1476,Gentle Care Dental,Dental & Medical,Los Angeles,CA,Los Angeles,4.7,341,(323) 264-8834,https://gcdental.com/,https://rovenhr.com/business/la/gentle-care-dental-chijt2,https://rovenhr.com/contact.html?claim=Gentle%20Care%20Dental&metro=Los%20Angeles
1477,Modern Dental Care,Dental & Medical,Tampa,FL,Tampa,4.8,217,(813) 870-0480,https://www.smilesonarmenia.com/,https://rovenhr.com/business/tampa/modern-dental-care-chijr3,https://rovenhr.com/contact.html?claim=Modern%20Dental%20Care&metro=Tampa
1478,H&K Cinema,Wedding & Events,Fort Worth,TX,Dallas–Fort Worth,5,105,(817) 870-6641,https://www.hkcinemas.com/,https://rovenhr.com/business/dfw/h-k-cinema-chij82,https://rovenhr.com/contact.html?claim=H&K%20Cinema&metro=Dallas–Fort%20Worth
1479,Keestone Events,Wedding & Events,Dallas,TX,Dallas–Fort Worth,5,105,(469) 322-9470,https://keestoneevents.com/,https://rovenhr.com/business/dfw/keestone-events-chijcq,https://rovenhr.com/contact.html?claim=Keestone%20Events&metro=Dallas–Fort%20Worth
1480,Legendary Orthodontics – Sacramento,Dental & Medical,Sacramento,CA,Sacramento,4.8,216,(916) 292-8518,https://legendaryorthodontics.com/sacramento/,https://rovenhr.com/business/sacramento/legendary-orthodontics-sacramento-chijgq,https://rovenhr.com/contact.html?claim=Legendary%20Orthodontics%20–%20Sacramento&metro=Sacramento
1481,Shoal Creek Dental Care,Dental & Medical,Austin,TX,Austin,4.8,215,(512) 453-8181,https://www.shoalcreekdentalclinicaustin.com/,https://rovenhr.com/business/austin/shoal-creek-dental-care-chijt5,https://rovenhr.com/contact.html?claim=Shoal%20Creek%20Dental%20Care&metro=Austin
1482,Pete's Plumbing Inc,Home Services,Orlando,FL,Orlando,4.7,336,(407) 456-0081,https://petesplumbingfl.com/,https://rovenhr.com/business/orlando/pete-s-plumbing-inc-chijor,https://rovenhr.com/contact.html?claim=Pete's%20Plumbing%20Inc&metro=Orlando
1483,"Progressive Mechanical, Inc.",Home Services,Jacksonville,FL,Jacksonville,5,104,(904) 346-1775,http://www.progressiveami.com/?utm_source=google&utm_medium=kp,https://rovenhr.com/business/jacksonville/progressive-mechanical-inc-chijay,"https://rovenhr.com/contact.html?claim=Progressive%20Mechanical,%20Inc.&metro=Jacksonville"
1484,LA Digital Photo - Life Event Photography by Tom Keene,Wedding & Events,Pasadena,CA,Los Angeles,5,104,(714) 394-4263,http://www.ladigitalphoto.com/,https://rovenhr.com/business/la/la-digital-photo-life-event-photography-by-tom-keene-chijix,https://rovenhr.com/contact.html?claim=LA%20Digital%20Photo%20-%20Life%20Event%20Photography%20by%20Tom%20Keene&metro=Los%20Angeles
1485,Michelle Gonzalez Photography,Wedding & Events,Miami,FL,Miami,5,104,(239) 898-8717,http://www.michellegonzalezphotos.com/,https://rovenhr.com/business/miami/michelle-gonzalez-photography-chijcy,https://rovenhr.com/contact.html?claim=Michelle%20Gonzalez%20Photography&metro=Miami
1486,Bright Day Photography,Wedding & Events,Long Beach,CA,Los Angeles,5,104,(917) 346-6285,https://brightdayweddings.com/,https://rovenhr.com/business/la/bright-day-photography-chijhu,https://rovenhr.com/contact.html?claim=Bright%20Day%20Photography&metro=Los%20Angeles
1487,"Sierra Oaks Dental: Peter Kim, DDS",Dental & Medical,Sacramento,CA,Sacramento,4.7,335,(916) 866-8363,https://www.sierraoaksdental.com/,https://rovenhr.com/business/sacramento/sierra-oaks-dental-peter-kim-dds-chijv-,"https://rovenhr.com/contact.html?claim=Sierra%20Oaks%20Dental:%20Peter%20Kim,%20DDS&metro=Sacramento"
1488,Evariste Photographic,Wedding & Events,Orlando,FL,Orlando,5,104,(407) 683-5538,https://evaristephotographic.com/?utm_campaign=gmb,https://rovenhr.com/business/orlando/evariste-photographic-chijw5,https://rovenhr.com/contact.html?claim=Evariste%20Photographic&metro=Orlando
1489,Citrus Club,Wedding & Events,Orlando,FL,Orlando,4.6,568,(407) 843-1080,https://www.invitedclubs.com/clubs/citrus-club,https://rovenhr.com/business/orlando/citrus-club-chijlu,https://rovenhr.com/contact.html?claim=Citrus%20Club&metro=Orlando
1490,Aloha Air,Home Services,Orlando,FL,Orlando,4.9,145,(407) 813-3083,https://www.alohaairfl.com/,https://rovenhr.com/business/orlando/aloha-air-chijqy,https://rovenhr.com/contact.html?claim=Aloha%20Air&metro=Orlando
1491,"Pardo & Son Plumbing, Inc",Home Services,Casselberry,FL,Orlando,4.7,332,(407) 872-7755,http://pardoandson.com/,https://rovenhr.com/business/orlando/pardo-son-plumbing-inc-chiju0,"https://rovenhr.com/contact.html?claim=Pardo%20&%20Son%20Plumbing,%20Inc&metro=Orlando"
1492,Lisset Galeyev Photography,Wedding & Events,Miami,FL,Miami,5,103,(786) 202-6930,https://www.lissetgaleyevphotography.com/,https://rovenhr.com/business/miami/lisset-galeyev-photography-chijvt,https://rovenhr.com/contact.html?claim=Lisset%20Galeyev%20Photography&metro=Miami
1493,Stone Oak Orthodontics - Dominion,Dental & Medical,San Antonio,TX,San Antonio,5,103,(210) 660-2000,https://stoneoakorthodontics.com/,https://rovenhr.com/business/san_antonio/stone-oak-orthodontics-dominion-chijey,https://rovenhr.com/contact.html?claim=Stone%20Oak%20Orthodontics%20-%20Dominion&metro=San%20Antonio
1494,Von's,Home Services,Jacksonville,FL,Jacksonville,4.8,211,(904) 977-3530,https://vonsheatingandair.com/jacksonville/?utm_source=gbp,https://rovenhr.com/business/jacksonville/von-s-chijac,https://rovenhr.com/contact.html?claim=Von's&metro=Jacksonville
1495,Flow -Tech Air Conditioning Corp.,Home Services,Miami,FL,Miami,4.8,211,(305) 264-5051,https://www.flowtechac.com/,https://rovenhr.com/business/miami/flow-tech-air-conditioning-corp-chijz3,https://rovenhr.com/contact.html?claim=Flow%20-Tech%20Air%20Conditioning%20Corp.&metro=Miami
1496,Cooper Orthodontics | Houston Orthodontist,Dental & Medical,Houston,TX,Houston,4.9,143,(832) 925-8721,https://www.cooperorthodontics.com/locations/houston-tx-office/,https://rovenhr.com/business/houston/cooper-orthodontics-houston-orthodontist-chijty,https://rovenhr.com/contact.html?claim=Cooper%20Orthodontics%20|%20Houston%20Orthodontist&metro=Houston
1497,"Austin Family Dentistry, PLLC",Dental & Medical,Austin,TX,Austin,4.8,210,(512) 894-6095,https://austinfamilydds.com/?utm_source=GMB&utm_medium=seo&utm_campaign=GBP,https://rovenhr.com/business/austin/austin-family-dentistry-pllc-chijf_,"https://rovenhr.com/contact.html?claim=Austin%20Family%20Dentistry,%20PLLC&metro=Austin"
1498,Coast Dental,Dental & Medical,Orlando,FL,Orlando,4.6,555,(407) 851-2255,https://www.coastdental.com/dentist-office/orlando-fl-32806?utm_source=gmb&utm_medium=organic,https://rovenhr.com/business/orlando/coast-dental-chij99,https://rovenhr.com/contact.html?claim=Coast%20Dental&metro=Orlando
1499,Chloe Jackman Photography,Wedding & Events,San Francisco,CA,San Francisco,5,102,(415) 255-5537,https://www.chloejackman.com/,https://rovenhr.com/business/sf/chloe-jackman-photography-chij9x,https://rovenhr.com/contact.html?claim=Chloe%20Jackman%20Photography&metro=San%20Francisco
1500,ABA Heating and Cooling,Home Services,Austin,TX,Austin,4.7,327,(512) 200-9332,https://www.abaaustin.com/,https://rovenhr.com/business/austin/aba-heating-and-cooling-chijbz,https://rovenhr.com/contact.html?claim=ABA%20Heating%20and%20Cooling&metro=Austin
1501,American Air Authorities,Home Services,Tampa,FL,Tampa,5,102,(877) 932-6658,https://www.americanairauthorities.com/,https://rovenhr.com/business/tampa/american-air-authorities-chijc2,https://rovenhr.com/contact.html?claim=American%20Air%20Authorities&metro=Tampa
1502,"Harvey Baker Plumbing, Inc",Home Services,Orlando,FL,Orlando,4.7,327,(407) 859-3572,https://www.harveybakerplumbing.com/,https://rovenhr.com/business/orlando/harvey-baker-plumbing-inc-chijes,"https://rovenhr.com/contact.html?claim=Harvey%20Baker%20Plumbing,%20Inc&metro=Orlando"
1503,"Park Lake Dental, Dr. Adam Lazar",Dental & Medical,Orlando,FL,Orlando,4.9,142,(407) 841-7321,http://www.parklakedentistry.com/,https://rovenhr.com/business/orlando/park-lake-dental-dr-adam-lazar-chij7w,"https://rovenhr.com/contact.html?claim=Park%20Lake%20Dental,%20Dr.%20Adam%20Lazar&metro=Orlando"
1504,Financial District Dentistry,Dental & Medical,San Francisco,CA,San Francisco,4.8,208,(415) 399-9999,https://www.cosmeticdentistsf.com/,https://rovenhr.com/business/sf/financial-district-dentistry-chij7w,https://rovenhr.com/contact.html?claim=Financial%20District%20Dentistry&metro=San%20Francisco
1505,Isackson Plumbing,Home Services,San Francisco,CA,San Francisco,5,101,(415) 406-3511,https://isacksonplumbing.com/,https://rovenhr.com/business/sf/isackson-plumbing-chijaq,https://rovenhr.com/contact.html?claim=Isackson%20Plumbing&metro=San%20Francisco
1506,Dentists of Paradise Valley,Dental & Medical,Phoenix,AZ,Phoenix,4.7,323,(602) 344-9463,https://www.dentistsofparadisevalley.com/?sc_cid=GBP%3AO%3AGP%3A481%3AOrganic_Search%3AGeneral%3Ana&_vsrefdom=organic_gbp&y_source=1_MTA4MzE5NTItNzE1LWxvY2F0aW9uLndlYnNpdGU%3D,https://rovenhr.com/business/phoenix/dentists-of-paradise-valley-chijit,https://rovenhr.com/contact.html?claim=Dentists%20of%20Paradise%20Valley&metro=Phoenix
1507,Coastal Celebrations,Wedding & Events,St. Augustine,FL,Jacksonville,5,101,(904) 436-5112,http://coastalcelebrationsstaug.com/,https://rovenhr.com/business/jacksonville/coastal-celebrations-chijvw,https://rovenhr.com/contact.html?claim=Coastal%20Celebrations&metro=Jacksonville
1508,Luma Creative,Wedding & Events,San Francisco,CA,San Francisco,5,101,(415) 209-5817,https://lumacreative.com/?utm_source=gmb&utm_medium=organic,https://rovenhr.com/business/sf/luma-creative-chijf9,https://rovenhr.com/contact.html?claim=Luma%20Creative&metro=San%20Francisco
1509,Dental Therapy - Phoenix,Dental & Medical,Phoenix,AZ,Phoenix,5,101,(602) 944-4123,https://mydentaltherapy.com/?utm_source=gmb&utm_medium=organic&utm_campaign=gmb-listing&utm_id=listing,https://rovenhr.com/business/phoenix/dental-therapy-phoenix-chijhw,https://rovenhr.com/contact.html?claim=Dental%20Therapy%20-%20Phoenix&metro=Phoenix
1510,Mid Wilshire Dentistry,Dental & Medical,Los Angeles,CA,Los Angeles,4.6,545,(213) 386-3348,https://midwilshiredentistry.com/,https://rovenhr.com/business/la/mid-wilshire-dentistry-chijka,https://rovenhr.com/contact.html?claim=Mid%20Wilshire%20Dentistry&metro=Los%20Angeles
1511,Smile Dental Center Miami | Porcelain Veneers Miami,Dental & Medical,Miami,FL,Miami,4.5,1022,(786) 560-7567,https://smiledentalcentergroup.com/,https://rovenhr.com/business/miami/smile-dental-center-miami-porcelain-veneers-miami-chijy2,https://rovenhr.com/contact.html?claim=Smile%20Dental%20Center%20Miami%20|%20Porcelain%20Veneers%20Miami&metro=Miami
1512,Orlando Home Photography,Wedding & Events,Orlando,FL,Orlando,4.9,140,(407) 906-0613,http://www.orlandohomephotography.com/,https://rovenhr.com/business/orlando/orlando-home-photography-chijq7,https://rovenhr.com/contact.html?claim=Orlando%20Home%20Photography&metro=Orlando
1513,FRESH DENTAL CARE,Dental & Medical,Houston,TX,Houston,4.6,541,(281) 717-4359,https://www.freshdentalcare.com/,https://rovenhr.com/business/houston/fresh-dental-care-chijpt,https://rovenhr.com/contact.html?claim=FRESH%20DENTAL%20CARE&metro=Houston
1514,Lucent Orthodontics,Dental & Medical,San Antonio,TX,San Antonio,5,100,(210) 361-2000,https://www.lucentorthodonticssanantonio.com/,https://rovenhr.com/business/san_antonio/lucent-orthodontics-chijt6,https://rovenhr.com/contact.html?claim=Lucent%20Orthodontics&metro=San%20Antonio
1515,Events Inspired,Wedding & Events,San Diego,CA,San Diego,5,100,(619) 840-4206,http://www.eventsinspiredsd.com/,https://rovenhr.com/business/san_diego/events-inspired-chijdt,https://rovenhr.com/contact.html?claim=Events%20Inspired&metro=San%20Diego
1516,Mockingbird Lane Weddings & Events,Wedding & Events,Georgetown,TX,Austin,5,100,(512) 587-8618,http://www.mockingbirdlaneevents.com/,https://rovenhr.com/business/austin/mockingbird-lane-weddings-events-chijgb,https://rovenhr.com/contact.html?claim=Mockingbird%20Lane%20Weddings%20&%20Events&metro=Austin
1517,Blissful Films - Texas Wedding Videography,Wedding & Events,Austin,TX,Austin,5,100,(979) 533-3783,http://www.blissfulfilms.net/,https://rovenhr.com/business/austin/blissful-films-texas-wedding-videography-chijsu,https://rovenhr.com/contact.html?claim=Blissful%20Films%20-%20Texas%20Wedding%20Videography&metro=Austin
1518,Golden Comfort AC & Heating Repair,Home Services,Jacksonville,FL,Jacksonville,5,100,(904) 907-8742,https://goldencomfortairhvac.com/,https://rovenhr.com/business/jacksonville/golden-comfort-ac-heating-repair-chijve,https://rovenhr.com/contact.html?claim=Golden%20Comfort%20AC%20&%20Heating%20Repair&metro=Jacksonville
1519,Best Dental Care,Dental & Medical,Miami,FL,Miami,4.8,204,(305) 642-6330,http://bestdentalcareplus.com/,https://rovenhr.com/business/miami/best-dental-care-chijs_,https://rovenhr.com/contact.html?claim=Best%20Dental%20Care&metro=Miami
1520,Snappr Photography,Wedding & Events,San Diego,CA,San Diego,4.8,204,(619) 880-5535,https://www.snappr.com/best-photographers/san-diego?utm_source=google&utm_medium=organic_gmb&utm_campaign=gmb&utm_term=na&utm_content=na,https://rovenhr.com/business/san_diego/snappr-photography-chijv1,https://rovenhr.com/contact.html?claim=Snappr%20Photography&metro=San%20Diego
1521,John David Weddings,Wedding & Events,Austin,TX,Austin,5,99,(512) 450-8051,https://www.johndavidweddings.com/,https://rovenhr.com/business/austin/john-david-weddings-chij8y,https://rovenhr.com/contact.html?claim=John%20David%20Weddings&metro=Austin
1522,Al Gawlik Photography,Wedding & Events,Austin,TX,Austin,5,99,(512) 547-7050,https://www.algawlikphotography.com/,https://rovenhr.com/business/austin/al-gawlik-photography-chij9e,https://rovenhr.com/contact.html?claim=Al%20Gawlik%20Photography&metro=Austin
1523,Story is Greater,Wedding & Events,San Diego,CA,San Diego,5,99,(619) 363-3103,https://storyisgreater.com/,https://rovenhr.com/business/san_diego/story-is-greater-chijg6,https://rovenhr.com/contact.html?claim=Story%20is%20Greater&metro=San%20Diego
1524,The Times We Have,Wedding & Events,Los Angeles,CA,Los Angeles,5,99,(213) 944-5667,http://www.thetimeswehave.com/,https://rovenhr.com/business/la/the-times-we-have-chijj9,https://rovenhr.com/contact.html?claim=The%20Times%20We%20Have&metro=Los%20Angeles
1525,Chef's Garden Catering & Events,Wedding & Events,Jacksonville,FL,Jacksonville,4.9,138,(904) 399-4449,http://www.cateringjacksonville.com/,https://rovenhr.com/business/jacksonville/chef-s-garden-catering-events-chijlb,https://rovenhr.com/contact.html?claim=Chef's%20Garden%20Catering%20&%20Events&metro=Jacksonville
1526,Secret Garden by Wedgewood Weddings,Wedding & Events,Phoenix,AZ,Phoenix,4.7,314,(866) 966-3009,https://www.wedgewoodweddings.com/secretgarden?utm_source=google&utm_medium=organic&utm_campaign=gmb&utm_content=secret-garden,https://rovenhr.com/business/phoenix/secret-garden-by-wedgewood-weddings-chijl5,https://rovenhr.com/contact.html?claim=Secret%20Garden%20by%20Wedgewood%20Weddings&metro=Phoenix
1527,Elite Celebrations Florida LLC,Wedding & Events,Orlando,FL,Orlando,5,98,(786) 329-2599,https://www.elitecelebrationsevent.com/,https://rovenhr.com/business/orlando/elite-celebrations-florida-llc-chij-b,https://rovenhr.com/contact.html?claim=Elite%20Celebrations%20Florida%20LLC&metro=Orlando
1528,Ra Media,Wedding & Events,Tampa,FL,Tampa,5,98,(813) 298-4359,http://ramedia.us/,https://rovenhr.com/business/tampa/ra-media-chij90,https://rovenhr.com/contact.html?claim=Ra%20Media&metro=Tampa
1529,Legacy Images,Wedding & Events,Sacramento,CA,Sacramento,5,98,(916) 957-6424,https://www.saclegacyimages.com/,https://rovenhr.com/business/sacramento/legacy-images-chijkd,https://rovenhr.com/contact.html?claim=Legacy%20Images&metro=Sacramento
1530,Souls of Faith Photography aka SOF Fitography,Wedding & Events,San Antonio,TX,San Antonio,5,98,(210) 900-0496,https://www.soulsoffaithphotography.com/,https://rovenhr.com/business/san_antonio/souls-of-faith-photography-aka-sof-fitography-chijq9,https://rovenhr.com/contact.html?claim=Souls%20of%20Faith%20Photography%20aka%20SOF%20Fitography&metro=San%20Antonio
1531,The Melrose Dentist,Dental & Medical,Los Angeles,CA,Los Angeles,4.7,310,(323) 665-8168,http://www.themelrosedentist.com/,https://rovenhr.com/business/la/the-melrose-dentist-chijsu,https://rovenhr.com/contact.html?claim=The%20Melrose%20Dentist&metro=Los%20Angeles
1532,Glendale HVAC Installation Contractor,Home Services,Glendale,CA,Los Angeles,5,97,(747) 335-1506,https://havcinstallationcontractor.com/glendale-air-duct-hvac-services/,https://rovenhr.com/business/la/glendale-hvac-installation-contractor-chij4b,https://rovenhr.com/contact.html?claim=Glendale%20HVAC%20Installation%20Contractor&metro=Los%20Angeles
1533,Photography by Brandi Hill,Wedding & Events,Jacksonville,FL,Jacksonville,5,97,(904) 616-2402,http://www.brandihill.com/,https://rovenhr.com/business/jacksonville/photography-by-brandi-hill-chij6_,https://rovenhr.com/contact.html?claim=Photography%20by%20Brandi%20Hill&metro=Jacksonville
1534,Japantown Dental - San Francisco,Dental & Medical,San Francisco,CA,San Francisco,5,97,(415) 563-2000,https://japantowndentalsf.com/location-dentist-san-francisco-ca/,https://rovenhr.com/business/sf/japantown-dental-san-francisco-chijpy,https://rovenhr.com/contact.html?claim=Japantown%20Dental%20-%20San%20Francisco&metro=San%20Francisco
1535,Emergency Dental Care San Antonio,Dental & Medical,San Antonio,TX,San Antonio,4.9,135,(210) 907-8187,https://www.emergencydentalcaresanantonio.com/,https://rovenhr.com/business/san_antonio/emergency-dental-care-san-antonio-chijaw,https://rovenhr.com/contact.html?claim=Emergency%20Dental%20Care%20San%20Antonio&metro=San%20Antonio
1536,A Stewart Photo and Video,Wedding & Events,Tampa,FL,Tampa,5,97,(727) 742-5340,https://www.astewartphotovideo.com/,https://rovenhr.com/business/tampa/a-stewart-photo-and-video-chijlx,https://rovenhr.com/contact.html?claim=A%20Stewart%20Photo%20and%20Video&metro=Tampa
1537,Affordable Dentist Near Me of Dallas,Dental & Medical,Dallas,TX,Dallas–Fort Worth,4.6,517,(817) 727-8039,https://affordabledentistnearme.com/locations/dallas/,https://rovenhr.com/business/dfw/affordable-dentist-near-me-of-dallas-chijjw,https://rovenhr.com/contact.html?claim=Affordable%20Dentist%20Near%20Me%20of%20Dallas&metro=Dallas–Fort%20Worth
1538,Brident Dental & Orthodontics,Dental & Medical,San Antonio,TX,San Antonio,4.6,513,(210) 248-0676,https://www.brident.com/en-us/find-a-location/texas/san-antonio/4622-west-commerce-street-108/?utm_source=GMB&utm_medium=organic,https://rovenhr.com/business/san_antonio/brident-dental-orthodontics-chijme,https://rovenhr.com/contact.html?claim=Brident%20Dental%20&%20Orthodontics&metro=San%20Antonio
1539,New Element Orthodontics,Dental & Medical,Sacramento,CA,Sacramento,4.9,134,(916) 441-3925,http://www.newelementortho.com/,https://rovenhr.com/business/sacramento/new-element-orthodontics-chijtx,https://rovenhr.com/contact.html?claim=New%20Element%20Orthodontics&metro=Sacramento
1540,Special Moments Events Planning Inc,Wedding & Events,Largo,FL,Tampa,5,96,(727) 343-0800,http://www.eventsbyspecialmoments.com/,https://rovenhr.com/business/tampa/special-moments-events-planning-inc-chijhz,https://rovenhr.com/contact.html?claim=Special%20Moments%20Events%20Planning%20Inc&metro=Tampa
1541,Rafael Serrano Photography,Wedding & Events,Dallas,TX,Dallas–Fort Worth,4.9,133,(214) 517-5102,https://www.rafaelserranophotography.com/,https://rovenhr.com/business/dfw/rafael-serrano-photography-chijpy,https://rovenhr.com/contact.html?claim=Rafael%20Serrano%20Photography&metro=Dallas–Fort%20Worth
1542,P.S. I Love You Weddings & Events,Wedding & Events,Lake Mary,FL,Orlando,4.9,133,(407) 603-5102,https://www.psiloveuprod.com/,https://rovenhr.com/business/orlando/p-s-i-love-you-weddings-events-chijr1,https://rovenhr.com/contact.html?claim=P.S.%20I%20Love%20You%20Weddings%20&%20Events&metro=Orlando
1543,Orlando Family & Cosmetic Dentistry,Dental & Medical,Orlando,FL,Orlando,4.8,194,(407) 890-0360,http://www.orlandofamilycosmeticdentistry.com/?utm_source=GMBlisting&utm_medium=organic&utm_campaign=gmb,https://rovenhr.com/business/orlando/orlando-family-cosmetic-dentistry-chijkz,https://rovenhr.com/contact.html?claim=Orlando%20Family%20&%20Cosmetic%20Dentistry&metro=Orlando
1544,The Chill Brothers,Home Services,Dallas,TX,Dallas–Fort Worth,4.6,507,(844) 512-4455,https://thechillbrothers.com/hvac-services-in-dallas-tx/,https://rovenhr.com/business/dfw/the-chill-brothers-chij60,https://rovenhr.com/contact.html?claim=The%20Chill%20Brothers&metro=Dallas–Fort%20Worth
1545,Personal Dental Office & Orthodontics,Dental & Medical,Los Angeles,CA,Los Angeles,4.7,301,(323) 688-5855,http://www.personaldentaloffice.com/,https://rovenhr.com/business/la/personal-dental-office-orthodontics-chijbt,https://rovenhr.com/contact.html?claim=Personal%20Dental%20Office%20&%20Orthodontics&metro=Los%20Angeles
1546,Brick and Beam,Wedding & Events,Jacksonville,FL,Jacksonville,4.8,193,(904) 510-2168,https://brickandbeamjax.com/contact-us/,https://rovenhr.com/business/jacksonville/brick-and-beam-chijvv,https://rovenhr.com/contact.html?claim=Brick%20and%20Beam&metro=Jacksonville
1547,AC by Sam LLC,Home Services,Phoenix,AZ,Phoenix,5,95,(480) 427-5588,https://acbysamllc.com/,https://rovenhr.com/business/phoenix/ac-by-sam-llc-chij2y,https://rovenhr.com/contact.html?claim=AC%20by%20Sam%20LLC&metro=Phoenix
1548,Kossina Creative Photography,Wedding & Events,Orlando,FL,Orlando,5,95,(407) 205-7297,https://kossinacreative.com/,https://rovenhr.com/business/orlando/kossina-creative-photography-chij8s,https://rovenhr.com/contact.html?claim=Kossina%20Creative%20Photography&metro=Orlando
1549,Significant Events of Texas,Wedding & Events,Dallas,TX,Dallas–Fort Worth,5,95,(214) 783-7310,http://significanteventsoftexas.com/,https://rovenhr.com/business/dfw/significant-events-of-texas-chijhb,https://rovenhr.com/contact.html?claim=Significant%20Events%20of%20Texas&metro=Dallas–Fort%20Worth
1550,Air Cool Heating & Cooling inc,Home Services,Sacramento,CA,Sacramento,5,95,(916) 834-2921,http://aircoolsolar.com/,https://rovenhr.com/business/sacramento/air-cool-heating-cooling-inc-chijl8,https://rovenhr.com/contact.html?claim=Air%20Cool%20Heating%20&%20Cooling%20inc&metro=Sacramento
1551,First Quality Plumbing,Home Services,Orlando,FL,Orlando,4.8,192,(407) 972-1891,https://firstqualityplumbingfl.com/service-areas/orlando/?utm_campaign=gmb&utm_medium=organic&utm_source=google&utm_term=orlando,https://rovenhr.com/business/orlando/first-quality-plumbing-chijk1,https://rovenhr.com/contact.html?claim=First%20Quality%20Plumbing&metro=Orlando
1552,LVL Orthodontics,Dental & Medical,Dallas,TX,Dallas–Fort Worth,4.9,131,(469) 281-7720,https://www.lvlortho.com/?utm_campaign=gmb&utm_medium=organic&utm_source=google,https://rovenhr.com/business/dfw/lvl-orthodontics-chij02,https://rovenhr.com/contact.html?claim=LVL%20Orthodontics&metro=Dallas–Fort%20Worth
1553,Mr. Rooter Plumbing of North Miami Beach,Home Services,North Miami,FL,Miami,4.9,131,(786) 634-2034,https://www.mrrooterplumber.com/miami-fl,https://rovenhr.com/business/miami/mr-rooter-plumbing-of-north-miami-beach-chij8q,https://rovenhr.com/contact.html?claim=Mr.%20Rooter%20Plumbing%20of%20North%20Miami%20Beach&metro=Miami
1554,Fuller Smiles - San Francisco,Dental & Medical,San Francisco,CA,San Francisco,4.9,131,(415) 731-2260,https://fullersmilessf.com/,https://rovenhr.com/business/sf/fuller-smiles-san-francisco-chijod,https://rovenhr.com/contact.html?claim=Fuller%20Smiles%20-%20San%20Francisco&metro=San%20Francisco
1555,Innova Dental Care,Dental & Medical,Orlando,FL,Orlando,4.9,131,(321) 319-4005,https://innovadentalcare.dentist/,https://rovenhr.com/business/orlando/innova-dental-care-chije0,https://rovenhr.com/contact.html?claim=Innova%20Dental%20Care&metro=Orlando
1556,Al’s Plumbing Services,Home Services,Jacksonville,FL,Jacksonville,5,94,(904) 866-1783,http://alsplumbingjax.com/,https://rovenhr.com/business/jacksonville/al-s-plumbing-services-chij96,https://rovenhr.com/contact.html?claim=Al’s%20Plumbing%20Services&metro=Jacksonville
1557,HVAC San Diego King,Home Services,San Diego,CA,San Diego,5,94,(619) 202-8344,https://topcoolingguys.com/,https://rovenhr.com/business/san_diego/hvac-san-diego-king-chijj6,https://rovenhr.com/contact.html?claim=HVAC%20San%20Diego%20King&metro=San%20Diego
1558,Hen's Bread Productions,Wedding & Events,Austin,TX,Austin,5,94,(512) 893-2709,https://hensbreadproductions.com/,https://rovenhr.com/business/austin/hen-s-bread-productions-chijqq,https://rovenhr.com/contact.html?claim=Hen's%20Bread%20Productions&metro=Austin
1559,Ethos Media,Wedding & Events,Dallas,TX,Dallas–Fort Worth,5,94,(214) 733-7370,https://www.ethosmedia.net/,https://rovenhr.com/business/dfw/ethos-media-chijiw,https://rovenhr.com/contact.html?claim=Ethos%20Media&metro=Dallas–Fort%20Worth
1560,Papa's Plumbing Inc.,Home Services,Los Angeles,CA,Los Angeles,4.8,190,(626) 243-3689,https://www.papatheplumber.com/?utm_source=gmb&utm_medium=referral,https://rovenhr.com/business/la/papa-s-plumbing-inc-chij6u,https://rovenhr.com/contact.html?claim=Papa's%20Plumbing%20Inc.&metro=Los%20Angeles
1561,Pearl Dentistry Houston Heights,Dental & Medical,Houston,TX,Houston,4.6,492,(713) 766-4389,https://pearlmoderndentistry.com/,https://rovenhr.com/business/houston/pearl-dentistry-houston-heights-chijc4,https://rovenhr.com/contact.html?claim=Pearl%20Dentistry%20Houston%20Heights&metro=Houston
1562,Parties A' La Carte,Wedding & Events,Largo,FL,Tampa,5,93,(727) 710-2511,http://partiesalacartefl.com/,https://rovenhr.com/business/tampa/parties-a-la-carte-chij-e,https://rovenhr.com/contact.html?claim=Parties%20A'%20La%20Carte&metro=Tampa
1563,Bend the Light Photography,Wedding & Events,San Antonio,TX,San Antonio,5,93,(210) 373-4447,http://www.bendthelightphotography.com/,https://rovenhr.com/business/san_antonio/bend-the-light-photography-chijcu,https://rovenhr.com/contact.html?claim=Bend%20the%20Light%20Photography&metro=San%20Antonio
1564,Nexa Events LLC | Event Planning Company,Wedding & Events,Beverly Hills,CA,Los Angeles,5,93,(323) 426-6696,http://www.nexaevents.com/,https://rovenhr.com/business/la/nexa-events-llc-event-planning-company-chijcb,https://rovenhr.com/contact.html?claim=Nexa%20Events%20LLC%20|%20Event%20Planning%20Company&metro=Los%20Angeles
1565,RiverCity Plumbing,Home Services,Jacksonville,FL,Jacksonville,5,93,(904) 760-7837,https://rivercityplumbingjax.com/,https://rovenhr.com/business/jacksonville/rivercity-plumbing-chijsx,https://rovenhr.com/contact.html?claim=RiverCity%20Plumbing&metro=Jacksonville
1566,Northeast Dallas Dentistry,Dental & Medical,Dallas,TX,Dallas–Fort Worth,4.6,488,(214) 302-0807,https://www.northeastdallasdentistry.com/?sc_cid=GBP%3AO%3AGP%3A746%3AOrganic_Search%3AGeneral%3Ana&_vsrefdom=organic_gbp&y_source=1_MTEyNTczNzYtNzE1LWxvY2F0aW9uLndlYnNpdGU%3D,https://rovenhr.com/business/dfw/northeast-dallas-dentistry-chijm9,https://rovenhr.com/contact.html?claim=Northeast%20Dallas%20Dentistry&metro=Dallas–Fort%20Worth
1567,Air 75,Home Services,Dallas,TX,Dallas–Fort Worth,4.9,128,(469) 343-0107,https://www.air75hvac.com/,https://rovenhr.com/business/dfw/air-75-chiji9,https://rovenhr.com/contact.html?claim=Air%2075&metro=Dallas–Fort%20Worth
1568,AmeriTech Air Conditioning and Heating,Home Services,Orlando,FL,Orlando,4.6,484,(407) 532-8000,https://www.ameritechfl.com/,https://rovenhr.com/business/orlando/ameritech-air-conditioning-and-heating-chijiw,https://rovenhr.com/contact.html?claim=AmeriTech%20Air%20Conditioning%20and%20Heating&metro=Orlando
1569,All Masters Plumbing,Home Services,Dallas,TX,Dallas–Fort Worth,4.5,899,(214) 396-0270,https://allmastersplumbing.com/?utm_source=google&utm_medium=organic&utm_campaign=AMP_GMB_Dallas,https://rovenhr.com/business/dfw/all-masters-plumbing-chijyw,https://rovenhr.com/contact.html?claim=All%20Masters%20Plumbing&metro=Dallas–Fort%20Worth
1570,Tara Arseven Photography,Wedding & Events,Dallas,TX,Dallas–Fort Worth,5,92,(469) 500-4121,https://www.taraarseven.com/,https://rovenhr.com/business/dfw/tara-arseven-photography-chije4,https://rovenhr.com/contact.html?claim=Tara%20Arseven%20Photography&metro=Dallas–Fort%20Worth
1571,"Master AC and Heat, LLC- The Heights",Home Services,Houston,TX,Houston,4.8,186,(713) 750-9769,http://masteracandheat.com/,https://rovenhr.com/business/houston/master-ac-and-heat-llc-the-heights-chijhb,"https://rovenhr.com/contact.html?claim=Master%20AC%20and%20Heat,%20LLC-%20The%20Heights&metro=Houston"
1572,Tampa Visuals,Wedding & Events,Tampa,FL,Tampa,5,92,(813) 415-5310,https://www.tampavisuals.com/,https://rovenhr.com/business/tampa/tampa-visuals-chijnq,https://rovenhr.com/contact.html?claim=Tampa%20Visuals&metro=Tampa
1573,CB Photography & Videography,Wedding & Events,Sacramento,CA,Sacramento,5,92,(916) 912-3683,https://www.cbphotographyvideography.com/,https://rovenhr.com/business/sacramento/cb-photography-videography-chijp6,https://rovenhr.com/contact.html?claim=CB%20Photography%20&%20Videography&metro=Sacramento
1574,Dental Office of Tampa,Dental & Medical,Tampa,FL,Tampa,5,92,(813) 450-1212,https://www.dentalofficeoftampa.com/,https://rovenhr.com/business/tampa/dental-office-of-tampa-chijpy,https://rovenhr.com/contact.html?claim=Dental%20Office%20of%20Tampa&metro=Tampa
1575,Texas Air Repair,Home Services,San Antonio,TX,San Antonio,4.7,288,(210) 934-1772,https://texasairrepair.com/?utm_source=google&utm_medium=organic&utm_campaign=gbp,https://rovenhr.com/business/san_antonio/texas-air-repair-chijrd,https://rovenhr.com/contact.html?claim=Texas%20Air%20Repair&metro=San%20Antonio
1576,Valencia's Plumbing,Home Services,Los Angeles,CA,Los Angeles,4.9,127,(323) 489-9276,https://valenciasplumbing20.net/,https://rovenhr.com/business/la/valencia-s-plumbing-chij88,https://rovenhr.com/contact.html?claim=Valencia's%20Plumbing&metro=Los%20Angeles
1577,White Rabbit Event Planning & Photo Booths,Wedding & Events,Winter Park,FL,Orlando,4.9,127,(321) 279-3331,https://www.whiterabbiteventplanning.com/,https://rovenhr.com/business/orlando/white-rabbit-event-planning-photo-booths-chijdy,https://rovenhr.com/contact.html?claim=White%20Rabbit%20Event%20Planning%20&%20Photo%20Booths&metro=Orlando
1578,Jake the Plumbing Pro,Home Services,Dallas,TX,Dallas–Fort Worth,4.8,185,(214) 751-8381,https://jakeplumbingpro.com/,https://rovenhr.com/business/dfw/jake-the-plumbing-pro-chijrw,https://rovenhr.com/contact.html?claim=Jake%20the%20Plumbing%20Pro&metro=Dallas–Fort%20Worth
1579,Kim Hearts Photography Studio Jacksonville,Wedding & Events,Jacksonville,FL,Jacksonville,5,107,,http://www.kimhearts.com/,https://rovenhr.com/business/jacksonville/kim-hearts-photography-studio-jacksonville-chijyb,https://rovenhr.com/contact.html?claim=Kim%20Hearts%20Photography%20Studio%20Jacksonville&metro=Jacksonville
1580,Yerba Buena Dentistry,Dental & Medical,San Francisco,CA,San Francisco,4.8,184,(415) 872-9020,http://www.yerbabuenadentistry.com/,https://rovenhr.com/business/sf/yerba-buena-dentistry-chijz7,https://rovenhr.com/contact.html?claim=Yerba%20Buena%20Dentistry&metro=San%20Francisco
1581,REYFILM,Wedding & Events,Miami,FL,Miami,5,91,(786) 289-9493,https://www.reyfilm.com/,https://rovenhr.com/business/miami/reyfilm-chijz2,https://rovenhr.com/contact.html?claim=REYFILM&metro=Miami
1582,kike valderrama,Wedding & Events,Miami,FL,Miami,5,91,(305) 407-4628,http://www.kikevalderrama.com/,https://rovenhr.com/business/miami/kike-valderrama-chijyq,https://rovenhr.com/contact.html?claim=kike%20valderrama&metro=Miami
1583,Philip Thomas Photography,Wedding & Events,San Antonio,TX,San Antonio,5,91,(210) 833-1168,https://www.philipthomas.com/,https://rovenhr.com/business/san_antonio/philip-thomas-photography-chijyy,https://rovenhr.com/contact.html?claim=Philip%20Thomas%20Photography&metro=San%20Antonio
1584,Mini Split Matt,Home Services,Tampa,FL,Tampa,5,91,(813) 498-8879,https://minisplitmatt.com/,https://rovenhr.com/business/tampa/mini-split-matt-chijzs,https://rovenhr.com/contact.html?claim=Mini%20Split%20Matt&metro=Tampa
1585,Dallas Orthodontics,Dental & Medical,Dallas,TX,Dallas–Fort Worth,4.9,126,(469) 482-0018,http://dallas-ortho.com/?utm_source=google.com&utm_medium=business+profile&utm_campaign=,https://rovenhr.com/business/dfw/dallas-orthodontics-chijtz,https://rovenhr.com/contact.html?claim=Dallas%20Orthodontics&metro=Dallas–Fort%20Worth
1586,AAAPLUMBINGSERVICES COM,Home Services,Miami Beach,FL,Miami,4.9,126,(305) 504-3504,http://www.aaaplumbingservices.com/,https://rovenhr.com/business/miami/aaaplumbingservices-com-chijtb,https://rovenhr.com/contact.html?claim=AAAPLUMBINGSERVICES%20COM&metro=Miami
1587,Sara Stanley Photography,Wedding & Events,Houston,TX,Houston,4.9,126,(832) 244-8900,http://sarastanleyphotos.com/,https://rovenhr.com/business/houston/sara-stanley-photography-chijx8,https://rovenhr.com/contact.html?claim=Sara%20Stanley%20Photography&metro=Houston
1588,Smarter Orthodontics by Dr. Maria Yazji - Brickell,Dental & Medical,Miami,FL,Miami,4.8,183,(786) 220-7802,https://smarterorthodontics.com/?utm_source=google&utm_medium=organic&utm_campaign=gbp_brickell,https://rovenhr.com/business/miami/smarter-orthodontics-by-dr-maria-yazji-brickell-chijhz,https://rovenhr.com/contact.html?claim=Smarter%20Orthodontics%20by%20Dr.%20Maria%20Yazji%20-%20Brickell&metro=Miami
1589,Prime Air Solutions | San Diego HVAC & Appliance Repair,Home Services,San Diego,CA,San Diego,4.9,125,(619) 655-3355,http://yourprimeservice.com/,https://rovenhr.com/business/san_diego/prime-air-solutions-san-diego-hvac-appliance-repair-chijh8,https://rovenhr.com/contact.html?claim=Prime%20Air%20Solutions%20|%20San%20Diego%20HVAC%20&%20Appliance%20Repair&metro=San%20Diego
1590,ABM Wedding Photography,Wedding & Events,San Diego,CA,San Diego,5,90,(949) 463-3038,https://www.abmweddingphotos.com/,https://rovenhr.com/business/san_diego/abm-wedding-photography-chijv-,https://rovenhr.com/contact.html?claim=ABM%20Wedding%20Photography&metro=San%20Diego
1591,Michael T Davis Photography,Wedding & Events,Austin,TX,Austin,5,90,(413) 695-4186,http://www.mtdphotography.com/,https://rovenhr.com/business/austin/michael-t-davis-photography-chijry,https://rovenhr.com/contact.html?claim=Michael%20T%20Davis%20Photography&metro=Austin
1592,"Cass Plumbing, Inc.",Home Services,Tampa,FL,Tampa,4.5,863,(813) 265-9200,https://cassplumbingtampabay.com/,https://rovenhr.com/business/tampa/cass-plumbing-inc-chijmr,"https://rovenhr.com/contact.html?claim=Cass%20Plumbing,%20Inc.&metro=Tampa"
1593,"Four Seasons Home Services - Phoenix, AZ",Home Services,Phoenix,AZ,Phoenix,4.9,124,(480) 489-3210,https://fourseasonshs.com/,https://rovenhr.com/business/phoenix/four-seasons-home-services-phoenix-az-chijqy,"https://rovenhr.com/contact.html?claim=Four%20Seasons%20Home%20Services%20-%20Phoenix,%20AZ&metro=Phoenix"
1594,Lisa Woods Photography,Wedding & Events,Austin,TX,Austin,5,104,,https://www.lisawoodsphotography.com/,https://rovenhr.com/business/austin/lisa-woods-photography-chij3z,https://rovenhr.com/contact.html?claim=Lisa%20Woods%20Photography&metro=Austin
1595,Manuel and Sons Service Co.,Home Services,San Antonio,TX,San Antonio,4.8,179,(210) 549-4839,https://manuelandsons.com/,https://rovenhr.com/business/san_antonio/manuel-and-sons-service-co-chij8x,https://rovenhr.com/contact.html?claim=Manuel%20and%20Sons%20Service%20Co.&metro=San%20Antonio
1596,P and M Plumbing,Home Services,Orlando,FL,Orlando,5,89,(407) 463-5906,https://www.pandmplumbingfl.com/,https://rovenhr.com/business/orlando/p-and-m-plumbing-chijb7,https://rovenhr.com/contact.html?claim=P%20and%20M%20Plumbing&metro=Orlando
1597,envision media,Wedding & Events,Los Angeles,CA,Los Angeles,5,89,(310) 678-1759,https://www.envisionmediala.com/,https://rovenhr.com/business/la/envision-media-chijfr,https://rovenhr.com/contact.html?claim=envision%20media&metro=Los%20Angeles
1598,Arden Park Dental Care,Dental & Medical,Sacramento,CA,Sacramento,4.7,276,(916) 280-0988,http://sacramentocosmeticdentist.com/,https://rovenhr.com/business/sacramento/arden-park-dental-care-chijfa,https://rovenhr.com/contact.html?claim=Arden%20Park%20Dental%20Care&metro=Sacramento
1599,ABH Air Conditioning,Home Services,Coral Gables,FL,Miami,5,89,(305) 510-8871,http://abhcooling.com/,https://rovenhr.com/business/miami/abh-air-conditioning-chijq6,https://rovenhr.com/contact.html?claim=ABH%20Air%20Conditioning&metro=Miami
1600,Miami Shores Modern Dentistry,Dental & Medical,Miami Shores,FL,Miami,4.5,849,(786) 310-4816,https://www.miamishoresmoderndentistry.com/?sc_cid=GBP%3AO%3AGP%3A991%3AOrganic_Search%3AGeneral%3Ana&_vsrefdom=organic_gbp&y_source=1_MzQ3NzQ5MC03MTUtbG9jYXRpb24ud2Vic2l0ZQ%3D%3D,https://rovenhr.com/business/miami/miami-shores-modern-dentistry-chijct,https://rovenhr.com/contact.html?claim=Miami%20Shores%20Modern%20Dentistry&metro=Miami
1601,RLP-Photography,Wedding & Events,San Antonio,TX,San Antonio,4.9,122,(210) 421-0409,http://www.rlp-photography.com/,https://rovenhr.com/business/san_antonio/rlp-photography-chij3s,https://rovenhr.com/contact.html?claim=RLP-Photography&metro=San%20Antonio
1602,Lutz Plumbing Inc,Home Services,San Francisco,CA,San Francisco,4.9,122,(415) 621-4292,http://www.lutzplumbingsf.com/,https://rovenhr.com/business/sf/lutz-plumbing-inc-chijz2,https://rovenhr.com/contact.html?claim=Lutz%20Plumbing%20Inc&metro=San%20Francisco
1603,TWA Wedding Photography,Wedding & Events,Houston,TX,Houston,5,88,(888) 207-4686,https://twaphoto.com/?utm_source=gmb&utm_medium=google&utm_campaign=gmb,https://rovenhr.com/business/houston/twa-wedding-photography-chijoc,https://rovenhr.com/contact.html?claim=TWA%20Wedding%20Photography&metro=Houston
1604,COOLING NATION LLC,Home Services,Miami,FL,Miami,5,88,(786) 838-5927,https://coolingnation.com/,https://rovenhr.com/business/miami/cooling-nation-llc-chij__,https://rovenhr.com/contact.html?claim=COOLING%20NATION%20LLC&metro=Miami
1605,MINT orthodontics | Lovers,Dental & Medical,Dallas,TX,Dallas–Fort Worth,4.7,272,(214) 740-2442,https://orthodontics.mintdentistry.com/mint-orthodontics-mockingbird,https://rovenhr.com/business/dfw/mint-orthodontics-lovers-chijpy,https://rovenhr.com/contact.html?claim=MINT%20orthodontics%20|%20Lovers&metro=Dallas–Fort%20Worth
1606,Dr. Phillips House,Wedding & Events,Orlando,FL,Orlando,4.7,271,(407) 693-5200,http://www.drphillipshouse.com/,https://rovenhr.com/business/orlando/dr-phillips-house-chijsz,https://rovenhr.com/contact.html?claim=Dr.%20Phillips%20House&metro=Orlando
1607,Coldlife AC - Air Conditioning Services,Home Services,Miami,FL,Miami,4.9,121,(305) 351-3087,https://coldlifeac.com/,https://rovenhr.com/business/miami/coldlife-ac-air-conditioning-services-chijwc,https://rovenhr.com/contact.html?claim=Coldlife%20AC%20-%20Air%20Conditioning%20Services&metro=Miami
1608,Central Florida Orthodontic Specialists,Dental & Medical,Orlando,FL,Orlando,4.7,270,(407) 792-2309,http://www.centralfloridabraces.com/,https://rovenhr.com/business/orlando/central-florida-orthodontic-specialists-chij-x,https://rovenhr.com/contact.html?claim=Central%20Florida%20Orthodontic%20Specialists&metro=Orlando
1609,Houstonian Dental,Dental & Medical,Houston,TX,Houston,4.7,269,(713) 597-4015,https://www.houstoniandental.com/?utm_source=GMB&utm_medium=seo&utm_campaign=GBP,https://rovenhr.com/business/houston/houstonian-dental-chij7_,https://rovenhr.com/contact.html?claim=Houstonian%20Dental&metro=Houston
1610,UNO DENTAL SAN FRANCISCO,Dental & Medical,San Francisco,CA,San Francisco,4.7,269,(415) 397-2804,https://dentistsanfrancisco.com/,https://rovenhr.com/business/sf/uno-dental-san-francisco-chijyz,https://rovenhr.com/contact.html?claim=UNO%20DENTAL%20SAN%20FRANCISCO&metro=San%20Francisco
1611,Leaf Wedding Photography,Wedding & Events,San Diego,CA,San Diego,5,87,(858) 531-9560,http://www.leafweddingphotography.com/,https://rovenhr.com/business/san_diego/leaf-wedding-photography-chijbx,https://rovenhr.com/contact.html?claim=Leaf%20Wedding%20Photography&metro=San%20Diego
1612,Complete Weddings + Events,Wedding & Events,Tampa,FL,Tampa,5,87,(813) 961-2900,https://completewedo.com/tampa/?utm_source=google&utm_medium=organic&utm_campaign=gmb,https://rovenhr.com/business/tampa/complete-weddings-events-chije9,https://rovenhr.com/contact.html?claim=Complete%20Weddings%20+%20Events&metro=Tampa
1613,Lois M Photography,Wedding & Events,San Antonio,TX,San Antonio,5,87,(210) 880-3776,http://loismphotography.com/,https://rovenhr.com/business/san_antonio/lois-m-photography-chijga,https://rovenhr.com/contact.html?claim=Lois%20M%20Photography&metro=San%20Antonio
1614,Iyrus Weddings Photo & Video,Wedding & Events,Pinellas Park,FL,Tampa,4.9,120,(727) 409-3295,http://www.iyrusweddings.com/,https://rovenhr.com/business/tampa/iyrus-weddings-photo-video-chijwr,https://rovenhr.com/contact.html?claim=Iyrus%20Weddings%20Photo%20&%20Video&metro=Tampa
1615,"Leggett Heating & Air Conditioning, Inc.",Home Services,Jacksonville,FL,Jacksonville,4.8,174,(904) 384-2612,http://www.leggettairconditioning.com/,https://rovenhr.com/business/jacksonville/leggett-heating-air-conditioning-inc-chijpq,"https://rovenhr.com/contact.html?claim=Leggett%20Heating%20&%20Air%20Conditioning,%20Inc.&metro=Jacksonville"
1616,deRoode Orthodontics,Dental & Medical,Miami,FL,Miami,4.9,119,(305) 373-7799,https://www.deroodeortho.com/,https://rovenhr.com/business/miami/deroode-orthodontics-chij-z,https://rovenhr.com/contact.html?claim=deRoode%20Orthodontics&metro=Miami
1617,Omar Ramos Photography,Wedding & Events,Dallas,TX,Dallas–Fort Worth,4.9,119,(214) 498-7017,http://omarramosphotography.com/,https://rovenhr.com/business/dfw/omar-ramos-photography-chiji8,https://rovenhr.com/contact.html?claim=Omar%20Ramos%20Photography&metro=Dallas–Fort%20Worth
1618,Valencia Dental Center,Dental & Medical,San Francisco,CA,San Francisco,4.6,440,(415) 643-6424,https://valenciadentalcenter.com/,https://rovenhr.com/business/sf/valencia-dental-center-chij01,https://rovenhr.com/contact.html?claim=Valencia%20Dental%20Center&metro=San%20Francisco
1619,Dentists of Campus Commons,Dental & Medical,Sacramento,CA,Sacramento,4.7,264,(916) 432-2842,https://www.dentistsofcampuscommons.com/?sc_cid=GBP%3AO%3AGP%3A676%3AOrganic_Search%3AGeneral%3Ana&_vsrefdom=organic_gbp&y_source=1_MjMxOTExNTYtNzE1LWxvY2F0aW9uLndlYnNpdGU%3D,https://rovenhr.com/business/sacramento/dentists-of-campus-commons-chij7x,https://rovenhr.com/contact.html?claim=Dentists%20of%20Campus%20Commons&metro=Sacramento
1620,Colder of Miami Inc.,Home Services,Fort Lauderdale,FL,Miami,4.9,118,(786) 474-7519,https://colderofmiamiinc.com/,https://rovenhr.com/business/miami/colder-of-miami-inc-chijqc,https://rovenhr.com/contact.html?claim=Colder%20of%20Miami%20Inc.&metro=Miami
1621,Smiley Face Braces,Dental & Medical,Jacksonville,FL,Jacksonville,5,85,(904) 999-4882,https://smileyfacebraces.com/,https://rovenhr.com/business/jacksonville/smiley-face-braces-chij8y,https://rovenhr.com/contact.html?claim=Smiley%20Face%20Braces&metro=Jacksonville
1622,Jenn Mosley Photography,Wedding & Events,Jacksonville,FL,Jacksonville,5,85,(904) 891-8164,http://www.jennmosleyphoto.com/,https://rovenhr.com/business/jacksonville/jenn-mosley-photography-chijk8,https://rovenhr.com/contact.html?claim=Jenn%20Mosley%20Photography&metro=Jacksonville
1623,Melissa Madden Photography,Wedding & Events,San Diego,CA,San Diego,5,85,(619) 370-2577,http://www.melissamadden.com/,https://rovenhr.com/business/san_diego/melissa-madden-photography-chijat,https://rovenhr.com/contact.html?claim=Melissa%20Madden%20Photography&metro=San%20Diego
1624,AL- Madinah HVAC,Home Services,Orlando,FL,Orlando,5,85,(407) 310-4188,http://www.almadinahac.com/,https://rovenhr.com/business/orlando/al-madinah-hvac-chijf2,https://rovenhr.com/contact.html?claim=AL-%20Madinah%20HVAC&metro=Orlando
1625,San Diego Orthodontic Specialists,Dental & Medical,San Diego,CA,San Diego,4.9,117,(858) 487-8900,https://www.smiles4sd.com/,https://rovenhr.com/business/san_diego/san-diego-orthodontic-specialists-chijo6,https://rovenhr.com/contact.html?claim=San%20Diego%20Orthodontic%20Specialists&metro=San%20Diego
1626,Trellis 925,Wedding & Events,Orlando,FL,Orlando,4.7,260,(407) 440-0372,http://www.trellis925.com/,https://rovenhr.com/business/orlando/trellis-925-chiji3,https://rovenhr.com/contact.html?claim=Trellis%20925&metro=Orlando
1627,"L & P Plumbing, LLC",Home Services,Austin,TX,Austin,4.8,169,(512) 468-9030,https://www.lnpplumbing.com/,https://rovenhr.com/business/austin/l-p-plumbing-llc-chiju8,"https://rovenhr.com/contact.html?claim=L%20&%20P%20Plumbing,%20LLC&metro=Austin"
1628,Lotzof Orthodontics,Dental & Medical,San Diego,CA,San Diego,4.8,169,(858) 279-6210,http://www.drlotzof.com/,https://rovenhr.com/business/san_diego/lotzof-orthodontics-chijxt,https://rovenhr.com/contact.html?claim=Lotzof%20Orthodontics&metro=San%20Diego
1629,The Dentist Group,Dental & Medical,San Francisco,CA,San Francisco,4.7,259,(415) 706-7687,http://www.thedentistgroup.com/,https://rovenhr.com/business/sf/the-dentist-group-chij1e,https://rovenhr.com/contact.html?claim=The%20Dentist%20Group&metro=San%20Francisco
1630,Emergency Dental Center,Dental & Medical,Houston,TX,Houston,4.9,116,(713) 829-5508,https://www.emergencydentalcenter.com/,https://rovenhr.com/business/houston/emergency-dental-center-chij5x,https://rovenhr.com/contact.html?claim=Emergency%20Dental%20Center&metro=Houston
1631,The Wedding Entertainment Collective,Wedding & Events,San Diego,CA,San Diego,5,84,(619) 417-9622,https://www.theweddingentertainment.com/,https://rovenhr.com/business/san_diego/the-wedding-entertainment-collective-chijg4,https://rovenhr.com/contact.html?claim=The%20Wedding%20Entertainment%20Collective&metro=San%20Diego
1632,Keira Hand Photography,Wedding & Events,Austin,TX,Austin,5,84,(512) 413-3797,https://www.keirahand.com/,https://rovenhr.com/business/austin/keira-hand-photography-chijrt,https://rovenhr.com/contact.html?claim=Keira%20Hand%20Photography&metro=Austin
1633,Jillian Nicole Events,Wedding & Events,West Hollywood,CA,Los Angeles,5,84,(914) 462-9285,http://www.jilliannicoleevents.com/,https://rovenhr.com/business/la/jillian-nicole-events-chijvx,https://rovenhr.com/contact.html?claim=Jillian%20Nicole%20Events&metro=Los%20Angeles
1634,Greenhaven Orthodontics,Dental & Medical,Sacramento,CA,Sacramento,5,83,(916) 428-1354,http://greenhavenortho.com/,https://rovenhr.com/business/sacramento/greenhaven-orthodontics-chij4-,https://rovenhr.com/contact.html?claim=Greenhaven%20Orthodontics&metro=Sacramento
1635,Urban Dental,Dental & Medical,San Diego,CA,San Diego,5,83,(619) 696-0510,http://www.urbandentalsandiego.com/,https://rovenhr.com/business/san_diego/urban-dental-chij5d,https://rovenhr.com/contact.html?claim=Urban%20Dental&metro=San%20Diego
1636,Lake Underhill Dentistry in Orlando,Dental & Medical,Orlando,FL,Orlando,4.8,165,(407) 898-7401,http://lakeunderhilldentistry.net/,https://rovenhr.com/business/orlando/lake-underhill-dentistry-in-orlando-chijdf,https://rovenhr.com/contact.html?claim=Lake%20Underhill%20Dentistry%20in%20Orlando&metro=Orlando
1637,Tone Films | Austin Video Production Company,Wedding & Events,Austin,TX,Austin,5,83,(650) 918-9201,https://tonefilms.com/austin-video-production/,https://rovenhr.com/business/austin/tone-films-austin-video-production-company-chijmz,https://rovenhr.com/contact.html?claim=Tone%20Films%20|%20Austin%20Video%20Production%20Company&metro=Austin
1638,Leo Photographer,Wedding & Events,Miami,FL,Miami,4.8,165,(305) 255-1125,https://www.leophotographer.com/?utm_source=Google_Business&utm_medium=organic,https://rovenhr.com/business/miami/leo-photographer-chijo6,https://rovenhr.com/contact.html?claim=Leo%20Photographer&metro=Miami
1639,Unit HVAC Solutions,Home Services,Key Biscayne,FL,Miami,5,83,(786) 751-7415,https://www.unithvacsolutions.com/,https://rovenhr.com/business/miami/unit-hvac-solutions-chijqz,https://rovenhr.com/contact.html?claim=Unit%20HVAC%20Solutions&metro=Miami
1640,Captured By Elle Photo + Video,Wedding & Events,Orlando,FL,Orlando,5,83,(407) 749-2896,http://www.capturedbyelle.com/,https://rovenhr.com/business/orlando/captured-by-elle-photo-video-chijrz,https://rovenhr.com/contact.html?claim=Captured%20By%20Elle%20Photo%20+%20Video&metro=Orlando
1641,Best AC LLC,Home Services,Jacksonville,FL,Jacksonville,5,83,(904) 883-9133,https://bestacllc.com/,https://rovenhr.com/business/jacksonville/best-ac-llc-chijxx,https://rovenhr.com/contact.html?claim=Best%20AC%20LLC&metro=Jacksonville
1642,Misty Miotto Orlando Wedding Photographer,Wedding & Events,Orlando,FL,Orlando,5,83,(407) 234-1033,http://www.mistymiotto.com/,https://rovenhr.com/business/orlando/misty-miotto-orlando-wedding-photographer-chijj0,https://rovenhr.com/contact.html?claim=Misty%20Miotto%20Orlando%20Wedding%20Photographer&metro=Orlando
1643,SmartHome Appliances & HVAC,Home Services,San Francisco,CA,San Francisco,4.8,164,(415) 877-3277,https://smarthome-appliance.com/,https://rovenhr.com/business/sf/smarthome-appliances-hvac-chijeq,https://rovenhr.com/contact.html?claim=SmartHome%20Appliances%20&%20HVAC&metro=San%20Francisco
1644,Austin Wedding Planners,Wedding & Events,Austin,TX,Austin,4.9,113,(512) 826-6034,http://www.austinweddingplanners.com/,https://rovenhr.com/business/austin/austin-wedding-planners-chij48,https://rovenhr.com/contact.html?claim=Austin%20Wedding%20Planners&metro=Austin
1645,Innovative Dental,Dental & Medical,San Francisco,CA,San Francisco,4.7,250,(415) 500-2116,https://www.pacificheightsdentistsf.com/,https://rovenhr.com/business/sf/innovative-dental-chij__,https://rovenhr.com/contact.html?claim=Innovative%20Dental&metro=San%20Francisco
1646,The Lark,Wedding & Events,Jacksonville,FL,Jacksonville,4.9,113,(904) 329-1992,http://larkjax.com/,https://rovenhr.com/business/jacksonville/the-lark-chijox,https://rovenhr.com/contact.html?claim=The%20Lark&metro=Jacksonville
1647,A Colored Mind Wedding Videography & Photography,Wedding & Events,Perris,CA,Los Angeles,5,82,(213) 999-8966,https://acoloredmind.com/,https://rovenhr.com/business/la/a-colored-mind-wedding-videography-photography-chij46,https://rovenhr.com/contact.html?claim=A%20Colored%20Mind%20Wedding%20Videography%20&%20Photography&metro=Los%20Angeles
1648,Fusion Studios - Video Production,Wedding & Events,Orlando,FL,Orlando,5,82,(800) 997-5060,https://www.fusionstudiosorlando.com/,https://rovenhr.com/business/orlando/fusion-studios-video-production-chijay,https://rovenhr.com/contact.html?claim=Fusion%20Studios%20-%20Video%20Production&metro=Orlando
1649,AC JAX,Home Services,Jacksonville,FL,Jacksonville,5,82,(904) 257-3078,http://acjax904.com/,https://rovenhr.com/business/jacksonville/ac-jax-chijx3,https://rovenhr.com/contact.html?claim=AC%20JAX&metro=Jacksonville
1650,Tribal Video,Wedding & Events,Dallas,TX,Dallas–Fort Worth,5,82,(817) 995-5162,https://www.tribalvideo.com/,https://rovenhr.com/business/dfw/tribal-video-chij_5,https://rovenhr.com/contact.html?claim=Tribal%20Video&metro=Dallas–Fort%20Worth
1651,Fashion Photographer Los Angeles & Orange County Video Production,Wedding & Events,Los Angeles,CA,Los Angeles,5,82,(310) 988-6575,https://vrset.com/,https://rovenhr.com/business/la/fashion-photographer-los-angeles-orange-county-video-product-chijge,https://rovenhr.com/contact.html?claim=Fashion%20Photographer%20Los%20Angeles%20&%20Orange%20County%20Video%20Production&metro=Los%20Angeles
1652,Todd Gilman Photography,Wedding & Events,Lutz,FL,Tampa,5,82,(813) 732-7280,http://www.toddgilmanphotography.com/,https://rovenhr.com/business/tampa/todd-gilman-photography-chijit,https://rovenhr.com/contact.html?claim=Todd%20Gilman%20Photography&metro=Tampa
1653,West-Hollywood HVAC Installation contractor,Home Services,Los Angeles,CA,Los Angeles,5,82,(424) 484-0852,https://havcinstallationcontractor.com/west-hollywood-hvac-services/,https://rovenhr.com/business/la/west-hollywood-hvac-installation-contractor-chijmy,https://rovenhr.com/contact.html?claim=West-Hollywood%20HVAC%20Installation%20contractor&metro=Los%20Angeles
1654,Vivid Orthodontics,Dental & Medical,Jacksonville,FL,Jacksonville,5,82,(904) 414-4500,https://smilesbyvivid.com/location/jacksonville-orthodontics/,https://rovenhr.com/business/jacksonville/vivid-orthodontics-chijx_,https://rovenhr.com/contact.html?claim=Vivid%20Orthodontics&metro=Jacksonville
1655,Handy Heating and Air,Home Services,Sacramento,CA,Sacramento,4.8,162,(279) 206-5850,https://handyheatingandair.com/,https://rovenhr.com/business/sacramento/handy-heating-and-air-chijp9,https://rovenhr.com/contact.html?claim=Handy%20Heating%20and%20Air&metro=Sacramento
1656,Regina as The Photographer - Tampa & St. Pete Wedding Photographer - Tampa Bay Branding Product & Commercial Photographer,Wedding & Events,Tampa,FL,Tampa,4.9,112,(813) 285-5750,http://reginaasthephotographer.com/,https://rovenhr.com/business/tampa/regina-as-the-photographer-tampa-st-pete-wedding-photographe-chijyx,https://rovenhr.com/contact.html?claim=Regina%20as%20The%20Photographer%20-%20Tampa%20&%20St.%20Pete%20Wedding%20Photographer%20-%20Tampa%20Bay%20Branding%20Product%20&%20Commercial%20Photographer&metro=Tampa
1657,"Jade Air, LLC",Home Services,Dallas,TX,Dallas–Fort Worth,4.8,161,(214) 923-7904,http://jadeair.net/,https://rovenhr.com/business/dfw/jade-air-llc-chijy4,"https://rovenhr.com/contact.html?claim=Jade%20Air,%20LLC&metro=Dallas–Fort%20Worth"
1658,AJ Production Events LLC,Wedding & Events,Orlando,FL,Orlando,5,81,(407) 719-3311,http://www.ajproductionevents.com/,https://rovenhr.com/business/orlando/aj-production-events-llc-chij6w,https://rovenhr.com/contact.html?claim=AJ%20Production%20Events%20LLC&metro=Orlando
1659,Natalie Sofer Weddings and Events,Wedding & Events,Los Angeles,CA,Los Angeles,5,81,(310) 493-7941,http://www.nataliesoferweddingsandevents.com/,https://rovenhr.com/business/la/natalie-sofer-weddings-and-events-chijgc,https://rovenhr.com/contact.html?claim=Natalie%20Sofer%20Weddings%20and%20Events&metro=Los%20Angeles
1660,Natomas Dental,Dental & Medical,Sacramento,CA,Sacramento,4.9,111,(916) 927-3371,http://www.natomasdental.com/,https://rovenhr.com/business/sacramento/natomas-dental-chijhz,https://rovenhr.com/contact.html?claim=Natomas%20Dental&metro=Sacramento
1661,Cactus Cooling & Heating,Home Services,Dallas,TX,Dallas–Fort Worth,4.9,111,(214) 817-0448,http://www.cactuscoolingheating.com/?utm_campaign=gmb,https://rovenhr.com/business/dfw/cactus-cooling-heating-chijys,https://rovenhr.com/contact.html?claim=Cactus%20Cooling%20&%20Heating&metro=Dallas–Fort%20Worth
1662,Dallas Video Services,Wedding & Events,Dallas,TX,Dallas–Fort Worth,4.8,159,(469) 783-9263,http://dallasvideoservices.net/,https://rovenhr.com/business/dfw/dallas-video-services-chijqw,https://rovenhr.com/contact.html?claim=Dallas%20Video%20Services&metro=Dallas–Fort%20Worth
1663,LA Dental Braces San Diego,Dental & Medical,San Diego,CA,San Diego,4.7,243,(619) 287-8870,http://www.ladentalbraces.us/,https://rovenhr.com/business/san_diego/la-dental-braces-san-diego-chijdy,https://rovenhr.com/contact.html?claim=LA%20Dental%20Braces%20San%20Diego&metro=San%20Diego
1664,Double Blessing Events LLC,Wedding & Events,Dallas,TX,Dallas–Fort Worth,4.9,110,(214) 773-5887,http://www.doubleblessingevents.com/,https://rovenhr.com/business/dfw/double-blessing-events-llc-chij8t,https://rovenhr.com/contact.html?claim=Double%20Blessing%20Events%20LLC&metro=Dallas–Fort%20Worth
1665,Argyle Orthodontics,Dental & Medical,Jacksonville,FL,Jacksonville,4.9,110,(904) 551-7440,http://www.argyleorthodontics.com/,https://rovenhr.com/business/jacksonville/argyle-orthodontics-chijqf,https://rovenhr.com/contact.html?claim=Argyle%20Orthodontics&metro=Jacksonville
1666,Martha Felix Photography,Wedding & Events,Phoenix,AZ,Phoenix,5,80,(360) 888-0812,http://www.marthafelixphotography.com/,https://rovenhr.com/business/phoenix/martha-felix-photography-chijlv,https://rovenhr.com/contact.html?claim=Martha%20Felix%20Photography&metro=Phoenix
1667,Thousand Smiles Orthodontics,Dental & Medical,Austin,TX,Austin,5,80,(512) 299-9266,https://thousandsmilesaustin.com/?utm_source=google&utm_medium=Click,https://rovenhr.com/business/austin/thousand-smiles-orthodontics-chijoa,https://rovenhr.com/contact.html?claim=Thousand%20Smiles%20Orthodontics&metro=Austin
1668,Asher + Rose Photography,Wedding & Events,Tampa,FL,Tampa,5,80,(727) 417-2947,http://www.asherandrose.com/?utm_source=google&utm_medium=wix_google_business_profile&utm_campaign=5385539796520687254,https://rovenhr.com/business/tampa/asher-rose-photography-chijyd,https://rovenhr.com/contact.html?claim=Asher%20+%20Rose%20Photography&metro=Tampa
1669,Armstrong Air & Electric - Tampa,Home Services,Tampa,FL,Tampa,5,80,(813) 705-8870,https://www.armstrongairinc.com/tampa-fl/,https://rovenhr.com/business/tampa/armstrong-air-electric-tampa-chijzu,https://rovenhr.com/contact.html?claim=Armstrong%20Air%20&%20Electric%20-%20Tampa&metro=Tampa
1670,Florida Home Air Conditioning,Home Services,Jacksonville,FL,Jacksonville,4.3,3751,(904) 990-8633,https://floridahomeac.com/service-areas?utm_source=google&utm_medium=gbp&utm_campaign=local_seo&utm_content=gbp_website_click,https://rovenhr.com/business/jacksonville/florida-home-air-conditioning-chijgq,https://rovenhr.com/contact.html?claim=Florida%20Home%20Air%20Conditioning&metro=Jacksonville
1671,Captiv Creative,Wedding & Events,Houston,TX,Houston,4.9,109,(832) 835-0765,https://captivcreative.com/,https://rovenhr.com/business/houston/captiv-creative-chijic,https://rovenhr.com/contact.html?claim=Captiv%20Creative&metro=Houston
1672,The Royal Crest Room,Wedding & Events,St. Cloud,FL,Orlando,4.7,240,(407) 892-2009,http://www.theroyalcrestroom.com/,https://rovenhr.com/business/orlando/the-royal-crest-room-chijew,https://rovenhr.com/contact.html?claim=The%20Royal%20Crest%20Room&metro=Orlando
1673,Lifestyle Dental at The Town Center,Dental & Medical,Jacksonville,FL,Jacksonville,4.5,718,(904) 442-6000,https://lifestyledentaljax.com/?y_source=1_MTQwNDUxODktNzE1LWxvY2F0aW9uLndlYnNpdGU%3D,https://rovenhr.com/business/jacksonville/lifestyle-dental-at-the-town-center-chijvw,https://rovenhr.com/contact.html?claim=Lifestyle%20Dental%20at%20The%20Town%20Center&metro=Jacksonville
1674,Svetlana Photography,Wedding & Events,Austin,TX,Austin,5,79,(512) 699-9390,http://www.lanafoto.com/,https://rovenhr.com/business/austin/svetlana-photography-chij75,https://rovenhr.com/contact.html?claim=Svetlana%20Photography&metro=Austin
1675,Diamondback Plumbing,Home Services,Phoenix,AZ,Phoenix,4.5,706,(602) 428-0910,http://www.diamondbackplumbing.com/,https://rovenhr.com/business/phoenix/diamondback-plumbing-chijqf,https://rovenhr.com/contact.html?claim=Diamondback%20Plumbing&metro=Phoenix
1676,P & M Air Conditioning and Heating,Home Services,Houston,TX,Houston,4.7,235,(713) 644-9285,https://pmhvac.com/?utm_source=google&utm_medium=organic&utm_campaign=gmb,https://rovenhr.com/business/houston/p-m-air-conditioning-and-heating-chij6c,https://rovenhr.com/contact.html?claim=P%20&%20M%20Air%20Conditioning%20and%20Heating&metro=Houston
1677,Bowing Oaks,Wedding & Events,Jacksonville,FL,Jacksonville,4.8,154,(904) 600-5172,http://bowingoaks.com/,https://rovenhr.com/business/jacksonville/bowing-oaks-chij9w,https://rovenhr.com/contact.html?claim=Bowing%20Oaks&metro=Jacksonville
1678,Red Eye Collection | San Francisco City Hall Wedding Photographer,Wedding & Events,San Francisco,CA,San Francisco,4.9,107,(510) 821-5730,https://www.redeyecollection.com/san-francisco-city-hall-wedding-photography/?utm_source=GBP&utm_medium=organic,https://rovenhr.com/business/sf/red-eye-collection-san-francisco-city-hall-wedding-photograp-chijb2,https://rovenhr.com/contact.html?claim=Red%20Eye%20Collection%20|%20San%20Francisco%20City%20Hall%20Wedding%20Photographer&metro=San%20Francisco
1679,Stephanie Muther Photography,Wedding & Events,Tampa,FL,Tampa,5,78,(813) 546-5230,https://www.stephaniemuther.com/,https://rovenhr.com/business/tampa/stephanie-muther-photography-chijdv,https://rovenhr.com/contact.html?claim=Stephanie%20Muther%20Photography&metro=Tampa
1680,"Austin Dental Center, PC",Dental & Medical,Austin,TX,Austin,4.8,153,(512) 233-6645,https://www.smileaustin.com/,https://rovenhr.com/business/austin/austin-dental-center-pc-chij74,"https://rovenhr.com/contact.html?claim=Austin%20Dental%20Center,%20PC&metro=Austin"
1681,New Generation Plumbing,Home Services,Los Angeles,CA,Los Angeles,4.8,153,(323) 274-4863,http://www.newgenerationplumbingcontractor.com/,https://rovenhr.com/business/la/new-generation-plumbing-chijbq,https://rovenhr.com/contact.html?claim=New%20Generation%20Plumbing&metro=Los%20Angeles
1682,San Diego Dental,Dental & Medical,San Diego,CA,San Diego,5,98,(209) 393-3471,,https://rovenhr.com/business/san_diego/san-diego-dental-chijk8,https://rovenhr.com/contact.html?claim=San%20Diego%20Dental&metro=San%20Diego
1683,Orlando Family Dental,Dental & Medical,Orlando,FL,Orlando,4.7,232,(407) 295-9096,http://www.orlandofamilydental.com/,https://rovenhr.com/business/orlando/orlando-family-dental-chijvx,https://rovenhr.com/contact.html?claim=Orlando%20Family%20Dental&metro=Orlando
1684,Diamond AC and Heating,Home Services,Phoenix,AZ,Phoenix,4.5,691,(602) 753-5375,https://www.diamondacandheating.com/?utm_source=google&utm_medium=organic&utm_campaign=gbp,https://rovenhr.com/business/phoenix/diamond-ac-and-heating-chij-7,https://rovenhr.com/contact.html?claim=Diamond%20AC%20and%20Heating&metro=Phoenix
1685,Amber Gress Photography,Wedding & Events,Los Angeles,CA,Los Angeles,5,90,,http://www.ambergress.com/,https://rovenhr.com/business/la/amber-gress-photography-chijob,https://rovenhr.com/contact.html?claim=Amber%20Gress%20Photography&metro=Los%20Angeles
1686,Shannon Burke Photography,Wedding & Events,Phoenix,AZ,Phoenix,5,77,(602) 448-6628,http://shannonburkephoto.com/,https://rovenhr.com/business/phoenix/shannon-burke-photography-chijjq,https://rovenhr.com/contact.html?claim=Shannon%20Burke%20Photography&metro=Phoenix
1687,Eichar Photography,Wedding & Events,Kentfield,CA,San Francisco,5,77,(914) 844-7245,https://www.eicharphotography.com/,https://rovenhr.com/business/sf/eichar-photography-chijjx,https://rovenhr.com/contact.html?claim=Eichar%20Photography&metro=San%20Francisco
1688,Paul Douda Photography,Wedding & Events,San Diego,CA,San Diego,5,77,(619) 456-1417,http://www.pauldoudaphotography.com/,https://rovenhr.com/business/san_diego/paul-douda-photography-chijb9,https://rovenhr.com/contact.html?claim=Paul%20Douda%20Photography&metro=San%20Diego
1689,2 Bros Plumbing,Home Services,Miami,FL,Miami,4.8,151,(305) 910-3817,https://2brosplumbingservices.com/,https://rovenhr.com/business/miami/2-bros-plumbing-chijqf,https://rovenhr.com/contact.html?claim=2%20Bros%20Plumbing&metro=Miami
1690,Hugo Brothers HVAC LLC,Home Services,Phoenix,AZ,Phoenix,4.9,105,(623) 400-5866,https://hugohvac.online/,https://rovenhr.com/business/phoenix/hugo-brothers-hvac-llc-chij6b,https://rovenhr.com/contact.html?claim=Hugo%20Brothers%20HVAC%20LLC&metro=Phoenix
1691,Chavez & Sons Heating & Cooling Services,Home Services,Orlando,FL,Orlando,4.9,105,(321) 621-0008,https://chavezsonshvacservices.com/orlando-fl-3/,https://rovenhr.com/business/orlando/chavez-sons-heating-cooling-services-chijbz,https://rovenhr.com/contact.html?claim=Chavez%20&%20Sons%20Heating%20&%20Cooling%20Services&metro=Orlando
1692,Wilshire Center Dental Group,Dental & Medical,Los Angeles,CA,Los Angeles,4.5,682,(213) 386-3336,http://wilshiredentist.com/,https://rovenhr.com/business/la/wilshire-center-dental-group-chijvz,https://rovenhr.com/contact.html?claim=Wilshire%20Center%20Dental%20Group&metro=Los%20Angeles
1693,Coast Dental,Dental & Medical,Tampa,FL,Tampa,4.5,676,(813) 871-6050,https://www.coastdental.com/dentist-office/tampa-fl-33609?utm_source=gmb&utm_medium=organic,https://rovenhr.com/business/tampa/coast-dental-chijr_,https://rovenhr.com/contact.html?claim=Coast%20Dental&metro=Tampa
1694,LocalEyes Video Production,Wedding & Events,Los Angeles,CA,Los Angeles,5,76,(310) 448-6460,https://localeyesit.com/los-angeles-video-production-company/?utm_source=google&utm_medium=organic&utm_campaign=gbp-losangeles,https://rovenhr.com/business/la/localeyes-video-production-chijaz,https://rovenhr.com/contact.html?claim=LocalEyes%20Video%20Production&metro=Los%20Angeles
1695,ATA Heating and Air Conditioning Inc,Home Services,Los Angeles,CA,Los Angeles,4.9,104,(818) 331-0606,http://www.ata-ac.com/,https://rovenhr.com/business/la/ata-heating-and-air-conditioning-inc-chijww,https://rovenhr.com/contact.html?claim=ATA%20Heating%20and%20Air%20Conditioning%20Inc&metro=Los%20Angeles
1696,A Shot Of Love Films,Wedding & Events,Los Angeles,CA,Los Angeles,5,76,(310) 845-6513,https://www.ashotoflovefilms.com/,https://rovenhr.com/business/la/a-shot-of-love-films-chijbw,https://rovenhr.com/contact.html?claim=A%20Shot%20Of%20Love%20Films&metro=Los%20Angeles
1697,Destination Wedding Photographer in Paris & San Francisco,Wedding & Events,Sacramento,CA,Sacramento,5,76,(916) 666-1328,https://sebastienbicard.com/,https://rovenhr.com/business/sacramento/destination-wedding-photographer-in-paris-san-francisco-chijhw,https://rovenhr.com/contact.html?claim=Destination%20Wedding%20Photographer%20in%20Paris%20&%20San%20Francisco&metro=Sacramento
1698,Janis Foley Photography,Wedding & Events,San Diego,CA,San Diego,5,76,(619) 723-7677,https://www.janisfoley.com/,https://rovenhr.com/business/san_diego/janis-foley-photography-chijkr,https://rovenhr.com/contact.html?claim=Janis%20Foley%20Photography&metro=San%20Diego
1699,All 4 One Farms,Wedding & Events,Jacksonville,FL,Jacksonville,4.9,104,(904) 474-9507,http://all4onefarms.com/,https://rovenhr.com/business/jacksonville/all-4-one-farms-chijm1,https://rovenhr.com/contact.html?claim=All%204%20One%20Farms&metro=Jacksonville
1700,Boko Media - Real Estate Photography & Video,Wedding & Events,Austin,TX,Austin,5,76,(512) 693-4021,https://bokomedia.com/,https://rovenhr.com/business/austin/boko-media-real-estate-photography-video-chijzx,https://rovenhr.com/contact.html?claim=Boko%20Media%20-%20Real%20Estate%20Photography%20&%20Video&metro=Austin
1701,Northeast Florida Contractors and Maintenance,Home Services,Jacksonville,FL,Jacksonville,4.8,148,(904) 512-2952,http://neflcontractors.com/,https://rovenhr.com/business/jacksonville/northeast-florida-contractors-and-maintenance-chij-_,https://rovenhr.com/contact.html?claim=Northeast%20Florida%20Contractors%20and%20Maintenance&metro=Jacksonville
1702,Lovelee Photography,Wedding & Events,Phoenix,AZ,Phoenix,4.8,148,(480) 612-3812,https://www.loveleephotos.com/,https://rovenhr.com/business/phoenix/lovelee-photography-chijas,https://rovenhr.com/contact.html?claim=Lovelee%20Photography&metro=Phoenix
1703,Coast Dental,Dental & Medical,Tampa,FL,Tampa,4.5,667,(813) 254-6838,https://www.coastdental.com/dentist-office/tampa-fl-33629?utm_source=gmb&utm_medium=organic,https://rovenhr.com/business/tampa/coast-dental-chijkz,https://rovenhr.com/contact.html?claim=Coast%20Dental&metro=Tampa
1704,Mission Gorge Modern Dentistry,Dental & Medical,San Diego,CA,San Diego,4.8,148,(619) 272-2271,https://www.missiongorgemoderndentistry.com/?sc_cid=GBP%3AO%3AGP%3A1036%3AOrganic_Search%3AGeneral%3Ana&_vsrefdom=organic_gbp&y_source=1_MzgxMjk2MDMtNzE1LWxvY2F0aW9uLndlYnNpdGU%3D,https://rovenhr.com/business/san_diego/mission-gorge-modern-dentistry-chijvw,https://rovenhr.com/contact.html?claim=Mission%20Gorge%20Modern%20Dentistry&metro=San%20Diego
1705,Castle Comfort HVAC,Home Services,San Diego,CA,San Diego,5,75,(800) 484-4323,http://castlecomfort.com/,https://rovenhr.com/business/san_diego/castle-comfort-hvac-chijis,https://rovenhr.com/contact.html?claim=Castle%20Comfort%20HVAC&metro=San%20Diego
1706,Laura Sponaugle Photography,Wedding & Events,Houston,TX,Houston,5,87,,http://laurasponaugle.com/,https://rovenhr.com/business/houston/laura-sponaugle-photography-chijxd,https://rovenhr.com/contact.html?claim=Laura%20Sponaugle%20Photography&metro=Houston
1707,David Hicks Plumbing,Home Services,Houston,TX,Houston,4.7,221,(713) 528-0141,https://www.davidhicksplumbing.com/,https://rovenhr.com/business/houston/david-hicks-plumbing-chijq-,https://rovenhr.com/contact.html?claim=David%20Hicks%20Plumbing&metro=Houston
1708,Peak Dental - North Austin,Dental & Medical,Austin,TX,Austin,4.5,650,(737) 281-2823,http://www.peakdentaltexas.com/locations/north-austin?utm_source=google_organic&utm_medium=gmb_website&utm_campaign=gmb_website_link,https://rovenhr.com/business/austin/peak-dental-north-austin-chij3e,https://rovenhr.com/contact.html?claim=Peak%20Dental%20-%20North%20Austin&metro=Austin
1709,Sharp Designs Events and Rentals,Wedding & Events,Orange Park,FL,Jacksonville,5,74,(904) 597-1747,https://www.sharpdesignsandevents.com/,https://rovenhr.com/business/jacksonville/sharp-designs-events-and-rentals-chijv5,https://rovenhr.com/contact.html?claim=Sharp%20Designs%20Events%20and%20Rentals&metro=Jacksonville
1710,Brittany Elise Photography,Wedding & Events,Tampa,FL,Tampa,5,74,(813) 727-4767,http://brittanyelise.com/,https://rovenhr.com/business/tampa/brittany-elise-photography-chijd-,https://rovenhr.com/contact.html?claim=Brittany%20Elise%20Photography&metro=Tampa
1711,MediaGeekz,Wedding & Events,Orlando,FL,Orlando,5,74,(937) 564-7695,http://www.mediageekz.com/,https://rovenhr.com/business/orlando/mediageekz-chijh_,https://rovenhr.com/contact.html?claim=MediaGeekz&metro=Orlando
1712,Rebecca Wilkowski Photography,Wedding & Events,San Francisco,CA,San Francisco,5,74,(347) 413-4747,http://www.rebeccawilkowski.com/,https://rovenhr.com/business/sf/rebecca-wilkowski-photography-chijnz,https://rovenhr.com/contact.html?claim=Rebecca%20Wilkowski%20Photography&metro=San%20Francisco
1713,Severine Photography Studio,Wedding & Events,Jacksonville,FL,Jacksonville,4.9,101,(904) 564-5080,https://www.severinephotography.com/,https://rovenhr.com/business/jacksonville/severine-photography-studio-chij5y,https://rovenhr.com/contact.html?claim=Severine%20Photography%20Studio&metro=Jacksonville
1714,"LA Plumbing Company | Plumber in Torrance Redondo Beach, CA",Home Services,Torrance,CA,Los Angeles,4.9,101,(424) 677-2359,http://losangelescaplumbing.com/,https://rovenhr.com/business/la/la-plumbing-company-plumber-in-torrance-redondo-beach-ca-chij_x,"https://rovenhr.com/contact.html?claim=LA%20Plumbing%20Company%20|%20Plumber%20in%20Torrance%20Redondo%20Beach,%20CA&metro=Los%20Angeles"
1715,San Antonio Smiles Dental & Orthodontics,Dental & Medical,San Antonio,TX,San Antonio,4.8,144,(210) 899-5417,https://www.sanpedrosmiles.com/,https://rovenhr.com/business/san_antonio/san-antonio-smiles-dental-orthodontics-chijiy,https://rovenhr.com/contact.html?claim=San%20Antonio%20Smiles%20Dental%20&%20Orthodontics&metro=San%20Antonio
1716,The Black Barn,Wedding & Events,Orlando,FL,Orlando,4.8,144,(321) 588-6250,https://theblackbarnfl.com/,https://rovenhr.com/business/orlando/the-black-barn-chijly,https://rovenhr.com/contact.html?claim=The%20Black%20Barn&metro=Orlando
1717,Magnafoto Video Production & Photography,Wedding & Events,Orlando,FL,Orlando,5,73,(407) 552-6077,https://magnafoto.com/,https://rovenhr.com/business/orlando/magnafoto-video-production-photography-chij0y,https://rovenhr.com/contact.html?claim=Magnafoto%20Video%20Production%20&%20Photography&metro=Orlando
1718,Kristelle Boulos,Wedding & Events,Miami,FL,Miami,5,73,(954) 556-0748,http://www.kristelleboulos.com/,https://rovenhr.com/business/miami/kristelle-boulos-chij2s,https://rovenhr.com/contact.html?claim=Kristelle%20Boulos&metro=Miami
1719,Toast Entertainment,Wedding & Events,San Antonio,TX,San Antonio,5,73,(210) 201-6389,http://toastent.com/,https://rovenhr.com/business/san_antonio/toast-entertainment-chijn4,https://rovenhr.com/contact.html?claim=Toast%20Entertainment&metro=San%20Antonio
1720,HVAC Experts,Home Services,San Diego,CA,San Diego,5,73,(619) 860-0110,https://hvacexpertssd.com/,https://rovenhr.com/business/san_diego/hvac-experts-chijzw,https://rovenhr.com/contact.html?claim=HVAC%20Experts&metro=San%20Diego
1721,Rooterman Plumbing of Austin,Home Services,Austin,TX,Austin,5,73,(512) 817-2295,https://www.rootermanofaustin.com/,https://rovenhr.com/business/austin/rooterman-plumbing-of-austin-chijey,https://rovenhr.com/contact.html?claim=Rooterman%20Plumbing%20of%20Austin&metro=Austin
1722,BE Studios,Wedding & Events,San Diego,CA,San Diego,5,73,(619) 816-0768,http://www.bestudios.me/,https://rovenhr.com/business/san_diego/be-studios-chijiy,https://rovenhr.com/contact.html?claim=BE%20Studios&metro=San%20Diego
1723,SF City Hall Photo,Wedding & Events,San Francisco,CA,San Francisco,5,73,(415) 770-0555,https://www.sfcityhallphoto.com/,https://rovenhr.com/business/sf/sf-city-hall-photo-chijsf,https://rovenhr.com/contact.html?claim=SF%20City%20Hall%20Photo&metro=San%20Francisco
1724,TruVUE Productions,Wedding & Events,San Diego,CA,San Diego,4.9,99,(858) 585-4302,https://truvueproductions.com/,https://rovenhr.com/business/san_diego/truvue-productions-chijnx,https://rovenhr.com/contact.html?claim=TruVUE%20Productions&metro=San%20Diego
1725,Sage Dental of South Tampa,Dental & Medical,Tampa,FL,Tampa,4.6,348,(813) 324-3729,https://mysagedental.com/south-tampa?utm_source=Google&utm_medium=Business_Listing,https://rovenhr.com/business/tampa/sage-dental-of-south-tampa-chijga,https://rovenhr.com/contact.html?claim=Sage%20Dental%20of%20South%20Tampa&metro=Tampa
1726,Stephanie W. Photography,Wedding & Events,Jacksonville,FL,Jacksonville,5,72,(904) 710-4443,http://www.stephaniew.com/,https://rovenhr.com/business/jacksonville/stephanie-w-photography-chija2,https://rovenhr.com/contact.html?claim=Stephanie%20W.%20Photography&metro=Jacksonville
1727,"LeShayne Maddex, Photographer",Wedding & Events,Tampa,FL,Tampa,5,72,(727) 515-2650,https://www.leshayne.com/,https://rovenhr.com/business/tampa/leshayne-maddex-photographer-chije5,"https://rovenhr.com/contact.html?claim=LeShayne%20Maddex,%20Photographer&metro=Tampa"
1728,Anna So Photography,Wedding & Events,Orlando,FL,Orlando,5,72,(407) 719-2159,http://www.annaso.com/,https://rovenhr.com/business/orlando/anna-so-photography-chijry,https://rovenhr.com/contact.html?claim=Anna%20So%20Photography&metro=Orlando
1729,Sylmar HVAC Installation Contractor,Home Services,Los Angeles,CA,Los Angeles,5,72,(818) 835-8675,https://havcinstallationcontractor.com/sylmar-hvac-services/,https://rovenhr.com/business/la/sylmar-hvac-installation-contractor-chijsq,https://rovenhr.com/contact.html?claim=Sylmar%20HVAC%20Installation%20Contractor&metro=Los%20Angeles
1730,Omega Duct Cleaning,Home Services,Austin,TX,Austin,4.9,98,(512) 882-1940,https://omegaductcleaner.com/,https://rovenhr.com/business/austin/omega-duct-cleaning-chijr7,https://rovenhr.com/contact.html?claim=Omega%20Duct%20Cleaning&metro=Austin
1731,Sunset Dentistry | Cosmetic Dentistry | Invisalign Provider,Dental & Medical,San Francisco,CA,San Francisco,4.9,98,(415) 681-7001,https://sfsunsetdentistry.com/?utm_campaign=gmb,https://rovenhr.com/business/sf/sunset-dentistry-cosmetic-dentistry-invisalign-provider-chijie,https://rovenhr.com/contact.html?claim=Sunset%20Dentistry%20|%20Cosmetic%20Dentistry%20|%20Invisalign%20Provider&metro=San%20Francisco
1732,River Dentistry,Dental & Medical,Los Angeles,CA,Los Angeles,4.8,140,(213) 486-0006,https://riverdentistry.com/,https://rovenhr.com/business/la/river-dentistry-chijle,https://rovenhr.com/contact.html?claim=River%20Dentistry&metro=Los%20Angeles
1733,Central Texas Orthodontics,Dental & Medical,Austin,TX,Austin,4.9,97,(512) 292-1910,https://ctorthodontics.com/,https://rovenhr.com/business/austin/central-texas-orthodontics-chijp4,https://rovenhr.com/contact.html?claim=Central%20Texas%20Orthodontics&metro=Austin
1734,Downtown Plaza Dental Offices,Dental & Medical,Sacramento,CA,Sacramento,5,71,(916) 545-1824,https://www.downtownplazadental.com/?y_source=1_MTA5MDk3MjkyOS03MTUtbG9jYXRpb24ud2Vic2l0ZQ%3D%3D,https://rovenhr.com/business/sacramento/downtown-plaza-dental-offices-chij39,https://rovenhr.com/contact.html?claim=Downtown%20Plaza%20Dental%20Offices&metro=Sacramento
1735,Lulan Studio,Wedding & Events,Los Angeles,CA,Los Angeles,5,71,(626) 662-1844,https://lulanstudio.com/,https://rovenhr.com/business/la/lulan-studio-chijiu,https://rovenhr.com/contact.html?claim=Lulan%20Studio&metro=Los%20Angeles
1736,yesidoproduction,Wedding & Events,Miami,FL,Miami,5,71,(302) 727-9203,http://www.yesidoproduction.com/,https://rovenhr.com/business/miami/yesidoproduction-chijpu,https://rovenhr.com/contact.html?claim=yesidoproduction&metro=Miami
1737,"Christopher C. Lee, Photographer, Videographer, Filmmaker",Wedding & Events,San Francisco,CA,San Francisco,5,71,(415) 289-9644,http://www.chrisclee.com/,https://rovenhr.com/business/sf/christopher-c-lee-photographer-videographer-filmmaker-chijea,"https://rovenhr.com/contact.html?claim=Christopher%20C.%20Lee,%20Photographer,%20Videographer,%20Filmmaker&metro=San%20Francisco"
1738,TAPS Media,Wedding & Events,Phoenix,AZ,Phoenix,5,71,(480) 620-2522,http://www.tapsmediallc.com/?utm_source=google&utm_medium=wix_google_business_profile&utm_campaign=17167803338744431667,https://rovenhr.com/business/phoenix/taps-media-chijgr,https://rovenhr.com/contact.html?claim=TAPS%20Media&metro=Phoenix
1739,Madeline Barr Photography,Wedding & Events,San Diego,CA,San Diego,5,83,,https://www.madelinebarr.com/,https://rovenhr.com/business/san_diego/madeline-barr-photography-chijvz,https://rovenhr.com/contact.html?claim=Madeline%20Barr%20Photography&metro=San%20Diego
1740,AM Orthodontics,Dental & Medical,Orlando,FL,Orlando,4.9,96,(689) 800-7013,https://amorthodontics.com/?utm_source=GMB&utm_medium=organic&utm_campaign=listing&utm_term=brand&utm_content=michigan&y_source=1_NDgwMjI3NDUtNzE1LWxvY2F0aW9uLndlYnNpdGU%3D,https://rovenhr.com/business/orlando/am-orthodontics-chijub,https://rovenhr.com/contact.html?claim=AM%20Orthodontics&metro=Orlando
1741,Brickell Dental Care,Dental & Medical,Miami,FL,Miami,4.6,334,(305) 614-4423,https://downtownmiamidentalcare.com/?gad_source=1&gbraid=0AAAAApWqt99gs1_0sJjMrln30HGh59R9C&gclid=CjwKCAiA2JG9BhAuEiwAH_zf3g2DWF_ARANmOC_MXmFhh_VC9i55l9Ne7GU6y9LxjmUvfWlY5PSsvBoCRKwQAvD_BwE%23app&utm_source=ig&utm_medium=social&utm_content=link_in_bio&fbclid=PAZXh0bgNhZW0CMTEAc3J0YwZhcHBfaWQMMjU2MjgxMDQwNTU4AAGnst3w4Nccp2ihsPcR0fNJT9foJ0-Z6dJuDB8jzzM31h2ldxfmSQxBYsUx9HE_aem_X2TRe3zrDjVD4Qe6GPhMxw,https://rovenhr.com/business/miami/brickell-dental-care-chij5d,https://rovenhr.com/contact.html?claim=Brickell%20Dental%20Care&metro=Miami
1742,Cool Solution Services,Home Services,Miami,FL,Miami,4.7,205,(305) 505-0871,http://www.coolsolutionservices.com/,https://rovenhr.com/business/miami/cool-solution-services-chijxy,https://rovenhr.com/contact.html?claim=Cool%20Solution%20Services&metro=Miami
1743,Colette Elyse Photography,Wedding & Events,Austin,TX,Austin,5,70,(918) 695-9059,https://coletteelysephotography.com/,https://rovenhr.com/business/austin/colette-elyse-photography-chijas,https://rovenhr.com/contact.html?claim=Colette%20Elyse%20Photography&metro=Austin
1744,Minisplit Experts (Ductless HVAC Specialist),Home Services,Sacramento,CA,Sacramento,5,70,(916) 237-9966,https://minisplit-experts.com/,https://rovenhr.com/business/sacramento/minisplit-experts-ductless-hvac-specialist-chijg2,https://rovenhr.com/contact.html?claim=Minisplit%20Experts%20(Ductless%20HVAC%20Specialist)&metro=Sacramento
1745,I Just Love My Photos,Wedding & Events,Sacramento,CA,Sacramento,5,70,(916) 955-2955,http://www.ijustlovemyphotos.com/,https://rovenhr.com/business/sacramento/i-just-love-my-photos-chijqq,https://rovenhr.com/contact.html?claim=I%20Just%20Love%20My%20Photos&metro=Sacramento
1746,Clarke Kent Plumbing,Home Services,Austin,TX,Austin,4.5,598,(512) 477-2200,https://www.clarkekentplumbing.com/?utm_source=gmb&utm_medium=organic&utm_campaign=website,https://rovenhr.com/business/austin/clarke-kent-plumbing-chijt5,https://rovenhr.com/contact.html?claim=Clarke%20Kent%20Plumbing&metro=Austin
1747,Simone Anne Photography,Wedding & Events,Piedmont,CA,San Francisco,5,70,(650) 787-2359,https://www.simoneanne.com/?utm_source=GMB&utm_medium=Website,https://rovenhr.com/business/sf/simone-anne-photography-chijtv,https://rovenhr.com/contact.html?claim=Simone%20Anne%20Photography&metro=San%20Francisco
1748,Empire Plumbing,Home Services,Miami Beach,FL,Miami,4.6,333,(305) 531-7017,http://www.empireplumbing.com/?utm_source=gbp,https://rovenhr.com/business/miami/empire-plumbing-chijs6,https://rovenhr.com/contact.html?claim=Empire%20Plumbing&metro=Miami
1749,SouthPort Heating and Air,Home Services,West Sacramento,CA,Sacramento,4.9,95,(916) 245-6175,https://southporthvac.com/,https://rovenhr.com/business/sacramento/southport-heating-and-air-chij-8,https://rovenhr.com/contact.html?claim=SouthPort%20Heating%20and%20Air&metro=Sacramento
1750,3 Little Birds Event Planning,Wedding & Events,Burbank,CA,Los Angeles,4.9,95,(818) 915-8870,https://3littlebirdseventplanning.com/,https://rovenhr.com/business/la/3-little-birds-event-planning-chijrz,https://rovenhr.com/contact.html?claim=3%20Little%20Birds%20Event%20Planning&metro=Los%20Angeles
1751,Lee Collins Air Conditioning,Home Services,Phoenix,AZ,Phoenix,4.7,204,(602) 944-1571,http://leecollinsac.com/,https://rovenhr.com/business/phoenix/lee-collins-air-conditioning-chijl0,https://rovenhr.com/contact.html?claim=Lee%20Collins%20Air%20Conditioning&metro=Phoenix
1752,"Barr Mansion, Ballroom, and Farmstead",Wedding & Events,Austin,TX,Austin,4.6,331,(512) 926-6907,http://www.barrmansion.com/,https://rovenhr.com/business/austin/barr-mansion-ballroom-and-farmstead-chij5_,"https://rovenhr.com/contact.html?claim=Barr%20Mansion,%20Ballroom,%20and%20Farmstead&metro=Austin"
1753,L's Dental,Dental & Medical,Houston,TX,Houston,4.5,591,(713) 633-1922,https://lsdentalhouston.com/,https://rovenhr.com/business/houston/l-s-dental-chijo9,https://rovenhr.com/contact.html?claim=L's%20Dental&metro=Houston
1754,Los Angeles ❄️ Air Conditioning Service,Home Services,Los Angeles,CA,Los Angeles,4.9,121,(424) 459-7191,,https://rovenhr.com/business/la/los-angeles-air-conditioning-service-chija9,https://rovenhr.com/contact.html?claim=Los%20Angeles%20❄️%20Air%20Conditioning%20Service&metro=Los%20Angeles
1755,Escott Orthodontics,Dental & Medical,Orlando,FL,Orlando,4.9,94,(407) 648-5511,https://escottortho.com/college-park-location/,https://rovenhr.com/business/orlando/escott-orthodontics-chijc1,https://rovenhr.com/contact.html?claim=Escott%20Orthodontics&metro=Orlando
1756,Coconut Grove Dental,Dental & Medical,Miami,FL,Miami,4.9,94,(305) 856-6811,http://www.coconutgrovedental.com/,https://rovenhr.com/business/miami/coconut-grove-dental-chijyr,https://rovenhr.com/contact.html?claim=Coconut%20Grove%20Dental&metro=Miami
1757,Hanna Walkowaik Photography,Wedding & Events,Los Angeles,CA,Los Angeles,5,69,(651) 285-9736,http://www.hannawalkowaik.com/,https://rovenhr.com/business/la/hanna-walkowaik-photography-chij-z,https://rovenhr.com/contact.html?claim=Hanna%20Walkowaik%20Photography&metro=Los%20Angeles
1758,La Vie Studios,Wedding & Events,Coral Gables,FL,Miami,5,69,(786) 717-5006,http://www.laviestudios.com/,https://rovenhr.com/business/miami/la-vie-studios-chij3w,https://rovenhr.com/contact.html?claim=La%20Vie%20Studios&metro=Miami
1759,David Solutions Air Conditioning,Home Services,Miami,FL,Miami,5,69,(786) 674-1548,https://davidsolutionsairconditioning.com/,https://rovenhr.com/business/miami/david-solutions-air-conditioning-chijra,https://rovenhr.com/contact.html?claim=David%20Solutions%20Air%20Conditioning&metro=Miami
1760,Will's Plumbing & Testing Service,Home Services,San Antonio,TX,San Antonio,4.6,327,(210) 494-0991,https://willsplumbing.com/?utm_source=omg-listings&utm_medium=webclick,https://rovenhr.com/business/san_antonio/will-s-plumbing-testing-service-chij5z,https://rovenhr.com/contact.html?claim=Will's%20Plumbing%20&%20Testing%20Service&metro=San%20Antonio
1761,Evergreen Springs by Wedgewood Weddings,Wedding & Events,Elk Grove,CA,Sacramento,4.6,327,(866) 966-3009,https://www.wedgewoodweddings.com/evergreensprings?utm_source=google&utm_medium=organic&utm_campaign=gmb&utm_content=evergreen-springs,https://rovenhr.com/business/sacramento/evergreen-springs-by-wedgewood-weddings-chijw9,https://rovenhr.com/contact.html?claim=Evergreen%20Springs%20by%20Wedgewood%20Weddings&metro=Sacramento
1762,Rachel Levine Photography,Wedding & Events,San Francisco,CA,San Francisco,4.8,133,(415) 672-6023,http://www.rachellevinephoto.com/,https://rovenhr.com/business/sf/rachel-levine-photography-chijxr,https://rovenhr.com/contact.html?claim=Rachel%20Levine%20Photography&metro=San%20Francisco
1763,"Everybody's Plumbing Company, Inc.",Home Services,Jacksonville,FL,Jacksonville,4.8,133,(904) 237-9164,http://everybodysplumbingcompany.com/,https://rovenhr.com/business/jacksonville/everybody-s-plumbing-company-inc-chijzw,"https://rovenhr.com/contact.html?claim=Everybody's%20Plumbing%20Company,%20Inc.&metro=Jacksonville"
1764,Emily Jenks Photography,Wedding & Events,San Francisco,CA,San Francisco,5,80,,http://www.emilyjenksphotography.com/,https://rovenhr.com/business/sf/emily-jenks-photography-chij3w,https://rovenhr.com/contact.html?claim=Emily%20Jenks%20Photography&metro=San%20Francisco
1765,Kat Harris Photo,Wedding & Events,Austin,TX,Austin,5,80,,https://katharrisweddings.com/,https://rovenhr.com/business/austin/kat-harris-photo-chijke,https://rovenhr.com/contact.html?claim=Kat%20Harris%20Photo&metro=Austin
1766,Shaw Plumbing Co. LLC,Home Services,Houston,TX,Houston,4.9,93,(936) 672-9850,https://shawplumbingco.com/,https://rovenhr.com/business/houston/shaw-plumbing-co-llc-chija5,https://rovenhr.com/contact.html?claim=Shaw%20Plumbing%20Co.%20LLC&metro=Houston
1767,Carnes And Sons,Home Services,San Antonio,TX,San Antonio,4.9,93,(726) 204-5888,http://www.carnesandsons.com/?utm_source=gbp,https://rovenhr.com/business/san_antonio/carnes-and-sons-chijk-,https://rovenhr.com/contact.html?claim=Carnes%20And%20Sons&metro=San%20Antonio
1768,Complete Weddings + Events,Wedding & Events,Dallas,TX,Dallas–Fort Worth,4.7,199,(214) 343-7171,https://completewedo.com/dallas/?utm_source=google&utm_medium=organic&utm_campaign=gmb,https://rovenhr.com/business/dfw/complete-weddings-events-chijrx,https://rovenhr.com/contact.html?claim=Complete%20Weddings%20+%20Events&metro=Dallas–Fort%20Worth
1769,TOP AC Inc LA Air Conditioning Contractors,Home Services,Los Angeles,CA,Los Angeles,4.8,132,(818) 392-5444,https://www.top-ac.com/,https://rovenhr.com/business/la/top-ac-inc-la-air-conditioning-contractors-chijs4,https://rovenhr.com/contact.html?claim=TOP%20AC%20Inc%20LA%20Air%20Conditioning%20Contractors&metro=Los%20Angeles
1770,Symphony Dental Studio,Dental & Medical,San Francisco,CA,San Francisco,4.8,132,(415) 928-8288,https://symphonydentalsf.com/?utm_source=gmb,https://rovenhr.com/business/sf/symphony-dental-studio-chijt2,https://rovenhr.com/contact.html?claim=Symphony%20Dental%20Studio&metro=San%20Francisco
1771,Photography is unique LLC,Wedding & Events,Phoenix,AZ,Phoenix,5,68,(602) 732-0680,http://www.photographyisunique.com/,https://rovenhr.com/business/phoenix/photography-is-unique-llc-chiji0,https://rovenhr.com/contact.html?claim=Photography%20is%20unique%20LLC&metro=Phoenix
1772,Tampa AC Services Inc,Home Services,Tampa,FL,Tampa,5,68,(813) 993-4669,https://tampa-acservices.com/ac-repair-tampa/,https://rovenhr.com/business/tampa/tampa-ac-services-inc-chijtx,https://rovenhr.com/contact.html?claim=Tampa%20AC%20Services%20Inc&metro=Tampa
1773,"Aspen Dental - Miami, FL (River Landing)",Dental & Medical,Miami,FL,Miami,4.5,566,(305) 702-1807,"https://www.aspendental.com/dentist/fl/miami/1420-nw-north-river-dr-ste-170?utm_source=googleplaces&utm_medium=lociqgoogleplaces&utm_campaign=Miami,FL-Miami_FL-4222&utm_content=listing",https://rovenhr.com/business/miami/aspen-dental-miami-fl-river-landing-chijxz,"https://rovenhr.com/contact.html?claim=Aspen%20Dental%20-%20Miami,%20FL%20(River%20Landing)&metro=Miami"
1774,BV Air Conditioning & Heating,Home Services,Dallas,TX,Dallas–Fort Worth,4.8,130,(682) 333-6559,https://bvairco.com/,https://rovenhr.com/business/dfw/bv-air-conditioning-heating-chijuq,https://rovenhr.com/contact.html?claim=BV%20Air%20Conditioning%20&%20Heating&metro=Dallas–Fort%20Worth
1775,American Thermal Services,Home Services,Miami,FL,Miami,5,67,(786) 357-4050,https://americanthermalservices.com/,https://rovenhr.com/business/miami/american-thermal-services-chijhb,https://rovenhr.com/contact.html?claim=American%20Thermal%20Services&metro=Miami
1776,Cory Ryan Photography,Wedding & Events,Austin,TX,Austin,5,67,(512) 293-7212,https://www.coryryan.com/blog/top-7-luxury-austin-wedding-venues-austin-venue-guide/,https://rovenhr.com/business/austin/cory-ryan-photography-chijm3,https://rovenhr.com/contact.html?claim=Cory%20Ryan%20Photography&metro=Austin
1777,Ra Weddings Photography,Wedding & Events,Tampa,FL,Tampa,5,67,(813) 298-4359,http://www.ra-weddings.com/,https://rovenhr.com/business/tampa/ra-weddings-photography-chijpw,https://rovenhr.com/contact.html?claim=Ra%20Weddings%20Photography&metro=Tampa
1778,Joanna Moore Photography,Wedding & Events,Orlando,FL,Orlando,5,67,(407) 341-5992,https://joannamoorephotography.com/?utm_source=google&utm_medium=organic&utm_campaign=gmb&utm_content=website,https://rovenhr.com/business/orlando/joanna-moore-photography-chijy0,https://rovenhr.com/contact.html?claim=Joanna%20Moore%20Photography&metro=Orlando
1779,Kasey Bruce Media,Wedding & Events,San Francisco,CA,San Francisco,5,67,(415) 980-1812,http://www.kaseybrucemedia.com/,https://rovenhr.com/business/sf/kasey-bruce-media-chijad,https://rovenhr.com/contact.html?claim=Kasey%20Bruce%20Media&metro=San%20Francisco
1780,Bennett Creative Video Production,Wedding & Events,Austin,TX,Austin,5,67,(512) 856-5425,https://www.bennettcreative.co/,https://rovenhr.com/business/austin/bennett-creative-video-production-chijl6,https://rovenhr.com/contact.html?claim=Bennett%20Creative%20Video%20Production&metro=Austin
1781,4K Weddings & Events Photography,Wedding & Events,Richardson,TX,Dallas–Fort Worth,5,67,(903) 806-8701,http://www.photography4k.com/,https://rovenhr.com/business/dfw/4k-weddings-events-photography-chijo2,https://rovenhr.com/contact.html?claim=4K%20Weddings%20&%20Events%20Photography&metro=Dallas–Fort%20Worth
1782,Company Man Studios - Video Production & Animation,Wedding & Events,Tampa,FL,Tampa,5,67,(813) 777-2541,https://companymanstudios.com/,https://rovenhr.com/business/tampa/company-man-studios-video-production-animation-chijvs,https://rovenhr.com/contact.html?claim=Company%20Man%20Studios%20-%20Video%20Production%20&%20Animation&metro=Tampa
1783,owen jiang photography 洛杉矶婚纱摄影,Wedding & Events,Alhambra,CA,Los Angeles,5,67,(626) 789-4392,https://www.owenjiangphoto.com/blog,https://rovenhr.com/business/la/owen-jiang-photography-chijwe,https://rovenhr.com/contact.html?claim=owen%20jiang%20photography%20洛杉矶婚纱摄影&metro=Los%20Angeles
1784,"Atlas HVAC, INC",Home Services,San Diego,CA,San Diego,4.8,129,(619) 853-4414,https://atlascoolingandheating.com/?utm_campaign=gmb,https://rovenhr.com/business/san_diego/atlas-hvac-inc-chij-f,"https://rovenhr.com/contact.html?claim=Atlas%20HVAC,%20INC&metro=San%20Diego"
1785,Gentle Dental 45th Street,Dental & Medical,Phoenix,AZ,Phoenix,4.5,555,(480) 564-4990,https://gentledental.interdent.com/locations/az/phoenix-45th-street/?utm_source=gbp&utm_medium=organic&utm_campaign=gbp-listing&utm_content=GD45STREET&y_source=1_MTA5NjAyNjcxMi03MTUtbG9jYXRpb24ud2Vic2l0ZQ%3D%3D,https://rovenhr.com/business/phoenix/gentle-dental-45th-street-chijb6,https://rovenhr.com/contact.html?claim=Gentle%20Dental%2045th%20Street&metro=Phoenix
1786,Local AC,Home Services,Orlando,FL,Orlando,4.6,311,(407) 565-5752,https://local-ac.com/orlando/,https://rovenhr.com/business/orlando/local-ac-chijmb,https://rovenhr.com/contact.html?claim=Local%20AC&metro=Orlando
1787,Chris Lindsay Photography,Wedding & Events,Orlando,FL,Orlando,4.9,90,(321) 287-8039,https://chrislindsayphotography.com/,https://rovenhr.com/business/orlando/chris-lindsay-photography-chijfr,https://rovenhr.com/contact.html?claim=Chris%20Lindsay%20Photography&metro=Orlando
1788,Affordable Dentistry & Orthodontics,Dental & Medical,Dallas,TX,Dallas–Fort Worth,4.6,309,(214) 330-7772,http://dallasaffordabledentistry.com/,https://rovenhr.com/business/dfw/affordable-dentistry-orthodontics-chiji_,https://rovenhr.com/contact.html?claim=Affordable%20Dentistry%20&%20Orthodontics&metro=Dallas–Fort%20Worth
1789,74stmedia Houston wedding videography,Wedding & Events,Houston,TX,Houston,5,66,(832) 250-6796,http://74stmedia.com/,https://rovenhr.com/business/houston/74stmedia-houston-wedding-videography-chij4r,https://rovenhr.com/contact.html?claim=74stmedia%20Houston%20wedding%20videography&metro=Houston
1790,D-MAK Productions,Wedding & Events,Phoenix,AZ,Phoenix,5,66,(602) 926-0036,https://dmakproductions.com/,https://rovenhr.com/business/phoenix/d-mak-productions-chije1,https://rovenhr.com/contact.html?claim=D-MAK%20Productions&metro=Phoenix
1791,HVAC Air Duct Cleaning and Repair,Home Services,Los Angeles,CA,Los Angeles,4.9,89,(213) 519-8066,https://www.hvacprocleaning.com/,https://rovenhr.com/business/la/hvac-air-duct-cleaning-and-repair-chijg_,https://rovenhr.com/contact.html?claim=HVAC%20Air%20Duct%20Cleaning%20and%20Repair&metro=Los%20Angeles
1792,Adam's Event Planning,Wedding & Events,San Antonio,TX,San Antonio,4.9,89,(210) 571-1195,https://www.adamseventplanning.com/,https://rovenhr.com/business/san_antonio/adam-s-event-planning-chijh3,https://rovenhr.com/contact.html?claim=Adam's%20Event%20Planning&metro=San%20Antonio
1793,Flagler Dental Clinic of Miami Inc,Dental & Medical,Miami,FL,Miami,4.9,89,(305) 554-4304,https://www.flaglerdentalclinic.com/,https://rovenhr.com/business/miami/flagler-dental-clinic-of-miami-inc-chijx8,https://rovenhr.com/contact.html?claim=Flagler%20Dental%20Clinic%20of%20Miami%20Inc&metro=Miami
1794,Anna Christine Events,Wedding & Events,Orlando,FL,Orlando,5,65,(407) 926-4103,https://www.annachristineevents.com/,https://rovenhr.com/business/orlando/anna-christine-events-chij3v,https://rovenhr.com/contact.html?claim=Anna%20Christine%20Events&metro=Orlando
1795,passion studios,Wedding & Events,Sacramento,CA,Sacramento,5,65,(916) 595-9067,http://www.passion-studios.com/,https://rovenhr.com/business/sacramento/passion-studios-chijfz,https://rovenhr.com/contact.html?claim=passion%20studios&metro=Sacramento
1796,Tone Films | Los Angeles Video Production Company,Wedding & Events,Los Angeles,CA,Los Angeles,5,65,(650) 918-9201,http://www.tonefilms.com/los-angeles-video-production/,https://rovenhr.com/business/la/tone-films-los-angeles-video-production-company-chijlq,https://rovenhr.com/contact.html?claim=Tone%20Films%20|%20Los%20Angeles%20Video%20Production%20Company&metro=Los%20Angeles
1797,Ray Santana Photography,Wedding & Events,Miami,FL,Miami,5,65,(305) 431-0219,http://www.raysantanaphotography.com/,https://rovenhr.com/business/miami/ray-santana-photography-chijg0,https://rovenhr.com/contact.html?claim=Ray%20Santana%20Photography&metro=Miami
1798,San Marco Smiles,Dental & Medical,Jacksonville,FL,Jacksonville,4.5,533,(904) 399-3632,https://www.sanmarcosmiles.com/,https://rovenhr.com/business/jacksonville/san-marco-smiles-chijvx,https://rovenhr.com/contact.html?claim=San%20Marco%20Smiles&metro=Jacksonville
1799,Revolution Air,Home Services,Houston,TX,Houston,4.8,124,(713) 213-4966,http://www.revairtx.com/,https://rovenhr.com/business/houston/revolution-air-chijk3,https://rovenhr.com/contact.html?claim=Revolution%20Air&metro=Houston
1800,New Tampa Dental,Dental & Medical,Tampa,FL,Tampa,4.7,246,(813) 903-9877,,https://rovenhr.com/business/tampa/new-tampa-dental-chij24,https://rovenhr.com/contact.html?claim=New%20Tampa%20Dental&metro=Tampa
1801,Sarahdipity Photos,Wedding & Events,Jacksonville,FL,Jacksonville,5,75,,https://sarahdipityphotos.com/,https://rovenhr.com/business/jacksonville/sarahdipity-photos-chijbd,https://rovenhr.com/contact.html?claim=Sarahdipity%20Photos&metro=Jacksonville
1802,Coldlife AC - Air Conditioner Services Miami,Home Services,Miami,FL,Miami,4.8,123,(305) 713-6850,https://www.coldlifeac.com/?utm_source=google&utm_medium=organic&utm_campaign=gmb,https://rovenhr.com/business/miami/coldlife-ac-air-conditioner-services-miami-chijxz,https://rovenhr.com/contact.html?claim=Coldlife%20AC%20-%20Air%20Conditioner%20Services%20Miami&metro=Miami
1803,Whole Health Dentistry AZ,Dental & Medical,Phoenix,AZ,Phoenix,4.8,123,(480) 571-2240,https://wholehealthdentistryaz.com/?utm_source=google.com&utm_medium=business+profile&utm_campaign=,https://rovenhr.com/business/phoenix/whole-health-dentistry-az-chijkz,https://rovenhr.com/contact.html?claim=Whole%20Health%20Dentistry%20AZ&metro=Phoenix
1804,DTLA Smile,Dental & Medical,Los Angeles,CA,Los Angeles,4.8,160,(213) 688-2828,,https://rovenhr.com/business/la/dtla-smile-chijaz,https://rovenhr.com/contact.html?claim=DTLA%20Smile&metro=Los%20Angeles
1805,Infinity Air Heating and Cooling,Home Services,Phoenix,AZ,Phoenix,5,64,(480) 761-5690,http://infinityaircool.com/,https://rovenhr.com/business/phoenix/infinity-air-heating-and-cooling-chijis,https://rovenhr.com/contact.html?claim=Infinity%20Air%20Heating%20and%20Cooling&metro=Phoenix
1806,The Emergency Dentists,Dental & Medical,Phoenix,AZ,Phoenix,5,64,(602) 755-0022,https://www.emergencydentists.dental/locations/phoenix,https://rovenhr.com/business/phoenix/the-emergency-dentists-chijl5,https://rovenhr.com/contact.html?claim=The%20Emergency%20Dentists&metro=Phoenix
1807,Martin Hernandez Photography,Wedding & Events,Houston,TX,Houston,5,64,(281) 782-8802,http://www.martinhphotography.com/,https://rovenhr.com/business/houston/martin-hernandez-photography-chijoa,https://rovenhr.com/contact.html?claim=Martin%20Hernandez%20Photography&metro=Houston
1808,Allan House,Wedding & Events,Austin,TX,Austin,4.7,183,(512) 478-8653,http://www.allanhouse.com/,https://rovenhr.com/business/austin/allan-house-chijw_,https://rovenhr.com/contact.html?claim=Allan%20House&metro=Austin
1809,Scribner Bend Vineyards,Wedding & Events,Sacramento,CA,Sacramento,4.7,182,(916) 744-1803,https://www.scribnerbend.com/,https://rovenhr.com/business/sacramento/scribner-bend-vineyards-chij3y,https://rovenhr.com/contact.html?claim=Scribner%20Bend%20Vineyards&metro=Sacramento
1810,Pure AIR LA HVAC contractor,Home Services,Los Angeles,CA,Los Angeles,4.9,86,(213) 296-1315,https://pureairla.com/?utm_source=semrush_local_listings,https://rovenhr.com/business/la/pure-air-la-hvac-contractor-chijdb,https://rovenhr.com/contact.html?claim=Pure%20AIR%20LA%20HVAC%20contractor&metro=Los%20Angeles
1811,The Plumbers,Home Services,Miami,FL,Miami,4.9,86,(305) 697-3490,https://theplumbersfl.com/,https://rovenhr.com/business/miami/the-plumbers-chijo_,https://rovenhr.com/contact.html?claim=The%20Plumbers&metro=Miami
1812,MIA SMILES ORTHODONTICS,Dental & Medical,Miami,FL,Miami,4.9,86,(305) 327-6453,https://miasmiles.com/,https://rovenhr.com/business/miami/mia-smiles-orthodontics-chijw8,https://rovenhr.com/contact.html?claim=MIA%20SMILES%20ORTHODONTICS&metro=Miami
1813,Voyage Pro,Wedding & Events,Tempe,AZ,Phoenix,4.9,86,(480) 256-8843,https://www.voyagevideos.com/,https://rovenhr.com/business/phoenix/voyage-pro-chijte,https://rovenhr.com/contact.html?claim=Voyage%20Pro&metro=Phoenix
1814,"Texas Same-Day Air Conditioning, Heating & Plumbing",Home Services,Houston,TX,Houston,5,63,(713) 832-1055,https://www.samedayac.com/,https://rovenhr.com/business/houston/texas-same-day-air-conditioning-heating-plumbing-chij60,"https://rovenhr.com/contact.html?claim=Texas%20Same-Day%20Air%20Conditioning,%20Heating%20&%20Plumbing&metro=Houston"
1815,EmmiClaire Photography,Wedding & Events,Jacksonville,FL,Jacksonville,5,63,(904) 452-8476,http://emmiclaire.com/,https://rovenhr.com/business/jacksonville/emmiclaire-photography-chijm0,https://rovenhr.com/contact.html?claim=EmmiClaire%20Photography&metro=Jacksonville
1816,Ryan Green Films,Wedding & Events,San Diego,CA,San Diego,5,63,(619) 559-1476,https://www.ryangreenfilms.com/,https://rovenhr.com/business/san_diego/ryan-green-films-chijwr,https://rovenhr.com/contact.html?claim=Ryan%20Green%20Films&metro=San%20Diego
1817,LV Productions,Wedding & Events,San Francisco,CA,San Francisco,5,63,(415) 300-0491,https://www.lv-prod.com/,https://rovenhr.com/business/sf/lv-productions-chijx1,https://rovenhr.com/contact.html?claim=LV%20Productions&metro=San%20Francisco
1818,Weddings By Ray,Wedding & Events,Orlando,FL,Orlando,5,63,(347) 678-2949,http://weddingsbyray.com/,https://rovenhr.com/business/orlando/weddings-by-ray-chijhu,https://rovenhr.com/contact.html?claim=Weddings%20By%20Ray&metro=Orlando
1819,United Appliances and Air,Home Services,Phoenix,AZ,Phoenix,4.9,85,(602) 754-6303,https://unitedapplianceandair.com/,https://rovenhr.com/business/phoenix/united-appliances-and-air-chijo_,https://rovenhr.com/contact.html?claim=United%20Appliances%20and%20Air&metro=Phoenix
1820,Miller.Photo,Wedding & Events,Sacramento,CA,Sacramento,4.9,85,(916) 952-9399,https://www.miller.photo/,https://rovenhr.com/business/sacramento/miller-photo-chijga,https://rovenhr.com/contact.html?claim=Miller.Photo&metro=Sacramento
1821,Lovett Dental Heights,Dental & Medical,Houston,TX,Houston,4.4,1009,(832) 767-2210,https://www.lovettdentistryheights.com/?utm_source=google&utm_medium=organic&utm_campaign=gbp,https://rovenhr.com/business/houston/lovett-dental-heights-chij-5,https://rovenhr.com/contact.html?claim=Lovett%20Dental%20Heights&metro=Houston
1822,Mize Guys Heating & Cooling,Home Services,Auburn,CA,Sacramento,4.8,119,(530) 885-3333,https://www.mizeguys.com/?utm_source=google+business+listing&utm_medium=organic&utm_campaign=website-button,https://rovenhr.com/business/sacramento/mize-guys-heating-cooling-chijy9,https://rovenhr.com/contact.html?claim=Mize%20Guys%20Heating%20&%20Cooling&metro=Sacramento
1823,Expedited Heat & Air,Home Services,Tampa,FL,Tampa,4.8,119,(813) 937-5272,https://expeditedheatandair.com/,https://rovenhr.com/business/tampa/expedited-heat-air-chijlt,https://rovenhr.com/contact.html?claim=Expedited%20Heat%20&%20Air&metro=Tampa
1824,Fuse HVAC and Appliance Repair,Home Services,Orlando,FL,Orlando,4.6,285,(407) 603-7447,https://fuseorlando.com/?utm_campaign=gmb,https://rovenhr.com/business/orlando/fuse-hvac-and-appliance-repair-chij84,https://rovenhr.com/contact.html?claim=Fuse%20HVAC%20and%20Appliance%20Repair&metro=Orlando
1825,Wedding Day Girl - Day of Coordinators,Wedding & Events,Austin,TX,Austin,5,62,(512) 521-6485,http://weddingdaygirl.com/,https://rovenhr.com/business/austin/wedding-day-girl-day-of-coordinators-chij22,https://rovenhr.com/contact.html?claim=Wedding%20Day%20Girl%20-%20Day%20of%20Coordinators&metro=Austin
1826,MontaVega Media,Wedding & Events,Austin,TX,Austin,5,62,(512) 360-0033,http://montavega.com/,https://rovenhr.com/business/austin/montavega-media-chijq5,https://rovenhr.com/contact.html?claim=MontaVega%20Media&metro=Austin
1827,Bonomotion Video Agency,Wedding & Events,Miami,FL,Miami,5,62,(305) 914-7030,https://bonomotion.com/,https://rovenhr.com/business/miami/bonomotion-video-agency-chijb6,https://rovenhr.com/contact.html?claim=Bonomotion%20Video%20Agency&metro=Miami
1828,GM Photo and Video,Wedding & Events,Dallas,TX,Dallas–Fort Worth,5,62,(214) 773-4379,http://www.gmphotoandvideo.com/,https://rovenhr.com/business/dfw/gm-photo-and-video-chijdv,https://rovenhr.com/contact.html?claim=GM%20Photo%20and%20Video&metro=Dallas–Fort%20Worth
1829,Wolf Weddings & Events,Wedding & Events,San Antonio,TX,San Antonio,5,62,(210) 269-7996,http://www.wolfweddings.com/,https://rovenhr.com/business/san_antonio/wolf-weddings-events-chijhv,https://rovenhr.com/contact.html?claim=Wolf%20Weddings%20&%20Events&metro=San%20Antonio
1830,Signature Wedding Photography,Wedding & Events,Scottsdale,AZ,Phoenix,5,62,(480) 299-8664,https://signatureweddingphotography.com/,https://rovenhr.com/business/phoenix/signature-wedding-photography-chijry,https://rovenhr.com/contact.html?claim=Signature%20Wedding%20Photography&metro=Phoenix
1831,JJ A/C Service,Home Services,Miami,FL,Miami,4.8,118,(305) 984-8016,http://jjacservice.com/,https://rovenhr.com/business/miami/jj-a-c-service-chijmz,https://rovenhr.com/contact.html?claim=JJ%20A/C%20Service&metro=Miami
1832,Deer Valley Dental Group,Dental & Medical,Phoenix,AZ,Phoenix,4.5,494,(623) 255-3390,https://www.deervalleydentalgroup.com/?sc_cid=GBP%3AO%3AGP%3A473%3AOrganic_Search%3AGeneral%3Ana&_vsrefdom=organic_gbp&y_source=1_MzIxODU0My03MTUtbG9jYXRpb24ud2Vic2l0ZQ%3D%3D,https://rovenhr.com/business/phoenix/deer-valley-dental-group-chijyb,https://rovenhr.com/contact.html?claim=Deer%20Valley%20Dental%20Group&metro=Phoenix
1833,Santhoff Plumbing,Home Services,Houston,TX,Houston,4.9,83,(713) 665-4997,https://www.santhoffplumbingco.com/,https://rovenhr.com/business/houston/santhoff-plumbing-chijsb,https://rovenhr.com/contact.html?claim=Santhoff%20Plumbing&metro=Houston
1834,La Venture Grove,Wedding & Events,Fruit Cove,FL,Jacksonville,4.8,117,(904) 891-4536,http://laventuregrove.com/,https://rovenhr.com/business/jacksonville/la-venture-grove-chijb0,https://rovenhr.com/contact.html?claim=La%20Venture%20Grove&metro=Jacksonville
1835,Dallas Cosmetic Dental,Dental & Medical,Dallas,TX,Dallas–Fort Worth,5,61,(214) 915-2086,https://dallascosmeticdental.com/,https://rovenhr.com/business/dfw/dallas-cosmetic-dental-chij2x,https://rovenhr.com/contact.html?claim=Dallas%20Cosmetic%20Dental&metro=Dallas–Fort%20Worth
1836,Sara Walker Private Events (S.W.E.),Wedding & Events,San Antonio,TX,San Antonio,5,61,(210) 957-1895,https://eventsbyswe.com/,https://rovenhr.com/business/san_antonio/sara-walker-private-events-s-w-e-chijix,https://rovenhr.com/contact.html?claim=Sara%20Walker%20Private%20Events%20(S.W.E.)&metro=San%20Antonio
1837,Ideal Dental Uptown,Dental & Medical,Dallas,TX,Dallas–Fort Worth,4.4,968,(214) 522-4444,https://www.myidealdental.com/uptown?utm_source=gbp&utm_medium=organic&utm_campaign=website,https://rovenhr.com/business/dfw/ideal-dental-uptown-chijhz,https://rovenhr.com/contact.html?claim=Ideal%20Dental%20Uptown&metro=Dallas–Fort%20Worth
1838,Sherry Lane Dental Office,Dental & Medical,Dallas,TX,Dallas–Fort Worth,4.9,82,(214) 782-9338,http://www.sherrylanedental.com/,https://rovenhr.com/business/dfw/sherry-lane-dental-office-chijj0,https://rovenhr.com/contact.html?claim=Sherry%20Lane%20Dental%20Office&metro=Dallas–Fort%20Worth
1839,Smilebliss Orthodontics,Dental & Medical,Sacramento,CA,Sacramento,4.9,82,(916) 428-5555,https://smilebliss.com/bliss-locations/california/sacramento/,https://rovenhr.com/business/sacramento/smilebliss-orthodontics-chijvy,https://rovenhr.com/contact.html?claim=Smilebliss%20Orthodontics&metro=Sacramento
1840,Advanced Dental Care of Jacksonville.,Dental & Medical,Jacksonville,FL,Jacksonville,4.7,172,(904) 725-4433,https://www.adc-fl.com/locations/mandarin,https://rovenhr.com/business/jacksonville/advanced-dental-care-of-jacksonville-chijxd,https://rovenhr.com/contact.html?claim=Advanced%20Dental%20Care%20of%20Jacksonville.&metro=Jacksonville
1841,Austin Skyline Dental,Dental & Medical,Austin,TX,Austin,4.9,81,(512) 452-9547,http://austinskylinedental.com/,https://rovenhr.com/business/austin/austin-skyline-dental-chijct,https://rovenhr.com/contact.html?claim=Austin%20Skyline%20Dental&metro=Austin
1842,The Experience,Wedding & Events,Jacksonville,FL,Jacksonville,4.9,81,(904) 993-1346,https://www.expjax.com/,https://rovenhr.com/business/jacksonville/the-experience-chijof,https://rovenhr.com/contact.html?claim=The%20Experience&metro=Jacksonville
1843,Houston Soirée,Wedding & Events,Houston,TX,Houston,5,60,(512) 755-0179,http://www.houstonsoiree.showit.site/,https://rovenhr.com/business/houston/houston-soir-e-chijbx,https://rovenhr.com/contact.html?claim=Houston%20Soirée&metro=Houston
1844,Austin Pro Video,Wedding & Events,Cedar Park,TX,Austin,5,60,(512) 767-2291,https://www.austinprovideo.com/,https://rovenhr.com/business/austin/austin-pro-video-chijfs,https://rovenhr.com/contact.html?claim=Austin%20Pro%20Video&metro=Austin
1845,Ian Chin Photography,Wedding & Events,San Francisco,CA,San Francisco,5,60,(415) 756-9335,https://ianchinphotography.com/,https://rovenhr.com/business/sf/ian-chin-photography-chijg2,https://rovenhr.com/contact.html?claim=Ian%20Chin%20Photography&metro=San%20Francisco
1846,Photo Fusion Studio,Wedding & Events,Phoenix,AZ,Phoenix,5,60,(602) 899-2201,http://www.photofusionstudio.com/?utm_source=GMB&utm_medium=Website,https://rovenhr.com/business/phoenix/photo-fusion-studio-chijvz,https://rovenhr.com/contact.html?claim=Photo%20Fusion%20Studio&metro=Phoenix
1847,Hit Maker Films - San Francisco Wedding Videographer,Wedding & Events,San Francisco,CA,San Francisco,5,60,(415) 562-4992,https://www.hitmakerfilms.com/,https://rovenhr.com/business/sf/hit-maker-films-san-francisco-wedding-videographer-chijz1,https://rovenhr.com/contact.html?claim=Hit%20Maker%20Films%20-%20San%20Francisco%20Wedding%20Videographer&metro=San%20Francisco
1848,FRESH DENTAL CARE Bellaire,Dental & Medical,Houston,TX,Houston,4.3,2210,(281) 400-1111,https://www.freshdentalcare.com/,https://rovenhr.com/business/houston/fresh-dental-care-bellaire-chijj_,https://rovenhr.com/contact.html?claim=FRESH%20DENTAL%20CARE%20Bellaire&metro=Houston
1849,The Luxe Galore Studio,Wedding & Events,Miami,FL,Miami,4.9,95,,https://theluxegalorestudios.com/,https://rovenhr.com/business/miami/the-luxe-galore-studio-chijb6,https://rovenhr.com/contact.html?claim=The%20Luxe%20Galore%20Studio&metro=Miami
1850,"No Sweat A/C and Heating, LLC",Home Services,Orlando,FL,Orlando,4.8,113,(407) 497-4259,http://www.nosweatorlando.com/,https://rovenhr.com/business/orlando/no-sweat-a-c-and-heating-llc-chijaq,"https://rovenhr.com/contact.html?claim=No%20Sweat%20A/C%20and%20Heating,%20LLC&metro=Orlando"
1851,Serenity Dental,Dental & Medical,Sacramento,CA,Sacramento,4.7,167,(916) 285-9400,https://www.dentistnatomassacramento.com/,https://rovenhr.com/business/sacramento/serenity-dental-chijtr,https://rovenhr.com/contact.html?claim=Serenity%20Dental&metro=Sacramento
1852,Stephanie Rogers Photography,Wedding & Events,Austin,TX,Austin,5,69,,http://stephanierogersphotography.com/,https://rovenhr.com/business/austin/stephanie-rogers-photography-chijp1,https://rovenhr.com/contact.html?claim=Stephanie%20Rogers%20Photography&metro=Austin
1853,STMNT Studios,Wedding & Events,San Francisco,CA,San Francisco,5,59,(925) 389-2191,http://www.stmntstudios.com/,https://rovenhr.com/business/sf/stmnt-studios-chij30,https://rovenhr.com/contact.html?claim=STMNT%20Studios&metro=San%20Francisco
1854,Reeves Family Plumbing,Home Services,Dallas,TX,Dallas–Fort Worth,4.7,166,(972) 247-3763,https://www.reevesfamilyplumbing.com/,https://rovenhr.com/business/dfw/reeves-family-plumbing-chij8b,https://rovenhr.com/contact.html?claim=Reeves%20Family%20Plumbing&metro=Dallas–Fort%20Worth
1855,Natalie Ryan Photography,Wedding & Events,Phoenix,AZ,Phoenix,5,59,(602) 793-0637,https://natalie-ryan.com/,https://rovenhr.com/business/phoenix/natalie-ryan-photography-chijlt,https://rovenhr.com/contact.html?claim=Natalie%20Ryan%20Photography&metro=Phoenix
1856,Alexa Kritis Events,Wedding & Events,Tampa,FL,Tampa,5,59,(754) 333-1788,https://alexakritisevents.com/?utm_source=google&utm_medium=organic&utm_campaign=GMB&utm_content=GMBwebsitelink,https://rovenhr.com/business/tampa/alexa-kritis-events-chijn-,https://rovenhr.com/contact.html?claim=Alexa%20Kritis%20Events&metro=Tampa
1857,"Breathless Imagery, LLC - Wedding, Boudoir, and Elopement Photography & Videography",Wedding & Events,Jacksonville,FL,Jacksonville,5,59,(904) 344-0417,http://www.breathlessimagery.com/,https://rovenhr.com/business/jacksonville/breathless-imagery-llc-wedding-boudoir-and-elopement-photogr-chijae,"https://rovenhr.com/contact.html?claim=Breathless%20Imagery,%20LLC%20-%20Wedding,%20Boudoir,%20and%20Elopement%20Photography%20&%20Videography&metro=Jacksonville"
1858,Cool Champs Inc.,Home Services,Austin,TX,Austin,5,59,(512) 568-6927,http://www.coolchamps.com/,https://rovenhr.com/business/austin/cool-champs-inc-chijy8,https://rovenhr.com/contact.html?claim=Cool%20Champs%20Inc.&metro=Austin
1859,Jerzy Nieves Photo & Film,Wedding & Events,Orlando,FL,Orlando,4.9,79,(407) 683-9984,http://www.jerzynieves.com/,https://rovenhr.com/business/orlando/jerzy-nieves-photo-film-chijk3,https://rovenhr.com/contact.html?claim=Jerzy%20Nieves%20Photo%20&%20Film&metro=Orlando
1860,San Marco Dentistry,Dental & Medical,Jacksonville,FL,Jacksonville,4.8,111,(904) 398-1247,http://www.sanmarcodentistry.com/,https://rovenhr.com/business/jacksonville/san-marco-dentistry-chijty,https://rovenhr.com/contact.html?claim=San%20Marco%20Dentistry&metro=Jacksonville
1861,Houston Dental Care Dr. Fadi Charles Salha,Dental & Medical,Houston,TX,Houston,4.8,110,(713) 785-0234,https://www.houstondentalcare.org/,https://rovenhr.com/business/houston/houston-dental-care-dr-fadi-charles-salha-chijc8,https://rovenhr.com/contact.html?claim=Houston%20Dental%20Care%20Dr.%20Fadi%20Charles%20Salha&metro=Houston
1862,Glitzzy Events LLC,Wedding & Events,Austin,TX,Austin,4.9,78,(512) 293-8786,http://www.glitzzyevents.com/,https://rovenhr.com/business/austin/glitzzy-events-llc-chijty,https://rovenhr.com/contact.html?claim=Glitzzy%20Events%20LLC&metro=Austin
1863,Absolute Comfort Mechanical LLC,Home Services,Dallas,TX,Dallas–Fort Worth,5,58,(214) 900-2533,https://acmhvacpro.com/,https://rovenhr.com/business/dfw/absolute-comfort-mechanical-llc-chij2v,https://rovenhr.com/contact.html?claim=Absolute%20Comfort%20Mechanical%20LLC&metro=Dallas–Fort%20Worth
1864,Iris and Urchin Photography,Wedding & Events,Tampa,FL,Tampa,5,58,(262) 510-6231,http://www.irisandurchinphotography.com/,https://rovenhr.com/business/tampa/iris-and-urchin-photography-chij7a,https://rovenhr.com/contact.html?claim=Iris%20and%20Urchin%20Photography&metro=Tampa
1865,Anderson's Plumbing Inc.,Home Services,Sacramento,CA,Sacramento,5,58,(916) 838-6712,https://andersonsplumbinginc.com/plumbing-sacramento/?utm_source=google&utm_medium=organic&utm_campaign=gbp-listing,https://rovenhr.com/business/sacramento/anderson-s-plumbing-inc-chijx2,https://rovenhr.com/contact.html?claim=Anderson's%20Plumbing%20Inc.&metro=Sacramento
1866,OpenLight Films,Wedding & Events,San Francisco,CA,San Francisco,5,58,(415) 562-4992,http://www.openlightfilms.com/,https://rovenhr.com/business/sf/openlight-films-chijcy,https://rovenhr.com/contact.html?claim=OpenLight%20Films&metro=San%20Francisco
1867,Los Angeles Videographers LLC,Wedding & Events,Beverly Hills,CA,Los Angeles,5,58,(424) 325-6888,http://www.losangelesvideographers.us/,https://rovenhr.com/business/la/los-angeles-videographers-llc-chijty,https://rovenhr.com/contact.html?claim=Los%20Angeles%20Videographers%20LLC&metro=Los%20Angeles
1868,Five Points Weddings & Events,Wedding & Events,Jacksonville,FL,Jacksonville,4.7,161,(904) 351-6692,http://www.fivepointschapel.com/,https://rovenhr.com/business/jacksonville/five-points-weddings-events-chijjy,https://rovenhr.com/contact.html?claim=Five%20Points%20Weddings%20&%20Events&metro=Jacksonville
1869,Sacramento Dentistry Group,Dental & Medical,Sacramento,CA,Sacramento,4.5,445,(916) 538-6900,https://sacramentodentistry.com/,https://rovenhr.com/business/sacramento/sacramento-dentistry-group-chijhd,https://rovenhr.com/contact.html?claim=Sacramento%20Dentistry%20Group&metro=Sacramento
1870,Houston HVAC Express,Home Services,Houston,TX,Houston,4.9,77,(832) 883-7474,http://www.houstonhvacexpress.com/,https://rovenhr.com/business/houston/houston-hvac-express-chijpb,https://rovenhr.com/contact.html?claim=Houston%20HVAC%20Express&metro=Houston
1871,Dentists of Mission Valley,Dental & Medical,San Diego,CA,San Diego,4.6,255,(619) 573-4889,https://www.dentistsofmissionvalley.com/?sc_cid=GBP%3AO%3AGP%3A1034%3AOrganic_Search%3AGeneral%3Ana&_vsrefdom=organic_gbp&y_source=1_MzQ3OTcxOTEtNzE1LWxvY2F0aW9uLndlYnNpdGU%3D,https://rovenhr.com/business/san_diego/dentists-of-mission-valley-chijxs,https://rovenhr.com/contact.html?claim=Dentists%20of%20Mission%20Valley&metro=San%20Diego
1872,PRIMEUS Photography & Video,Wedding & Events,North Miami Beach,FL,Miami,5,57,(754) 245-2916,http://www.event-videography.com/,https://rovenhr.com/business/miami/primeus-photography-video-chij7-,https://rovenhr.com/contact.html?claim=PRIMEUS%20Photography%20&%20Video&metro=Miami
1873,Alexander Cross Photography,Wedding & Events,Houston,TX,Houston,5,57,(713) 824-0343,http://www.alexandercross.com/,https://rovenhr.com/business/houston/alexander-cross-photography-chijd9,https://rovenhr.com/contact.html?claim=Alexander%20Cross%20Photography&metro=Houston
1874,Sunland HVAC Installation Contractor,Home Services,Los Angeles,CA,Los Angeles,5,57,(818) 873-3563,https://havcinstallationcontractor.com/sunland-hvac-services/,https://rovenhr.com/business/la/sunland-hvac-installation-contractor-chijcq,https://rovenhr.com/contact.html?claim=Sunland%20HVAC%20Installation%20Contractor&metro=Los%20Angeles
1875,The Good Vibe Studios,Wedding & Events,Phoenix,AZ,Phoenix,5,57,(602) 544-7430,http://www.thegoodvibestudios.com/,https://rovenhr.com/business/phoenix/the-good-vibe-studios-chijlt,https://rovenhr.com/contact.html?claim=The%20Good%20Vibe%20Studios&metro=Phoenix
1876,Within Weddings: Planning & Design,Wedding & Events,Fernandina Beach,FL,Jacksonville,5,57,(904) 252-5854,https://www.withinweddings.com/,https://rovenhr.com/business/jacksonville/within-weddings-planning-design-chijmz,https://rovenhr.com/contact.html?claim=Within%20Weddings:%20Planning%20&%20Design&metro=Jacksonville
1877,Efficient Home Solutions Heating & Air of Dallas,Home Services,Dallas,TX,Dallas–Fort Worth,4.8,107,(214) 612-7493,https://ehshvac.com/?utm_source=google&utm_medium=organic&utm_campaign=ehsdallasfbmopo,https://rovenhr.com/business/dfw/efficient-home-solutions-heating-air-of-dallas-chijeu,https://rovenhr.com/contact.html?claim=Efficient%20Home%20Solutions%20Heating%20&%20Air%20of%20Dallas&metro=Dallas–Fort%20Worth
1878,Bankers Hill Dental,Dental & Medical,San Diego,CA,San Diego,4.9,76,(619) 234-5377,http://www.bankershilldental.com/,https://rovenhr.com/business/san_diego/bankers-hill-dental-chijpv,https://rovenhr.com/contact.html?claim=Bankers%20Hill%20Dental&metro=San%20Diego
1879,wedding photography by liam,Wedding & Events,Miami,FL,Miami,4.8,106,(305) 333-6388,http://www.weddingphotographybyliam.com/,https://rovenhr.com/business/miami/wedding-photography-by-liam-chijiw,https://rovenhr.com/contact.html?claim=wedding%20photography%20by%20liam&metro=Miami
1880,Elle G Photography,Wedding & Events,San Diego,CA,San Diego,5,56,(858) 344-1068,https://ellegphotography.com/,https://rovenhr.com/business/san_diego/elle-g-photography-chijlf,https://rovenhr.com/contact.html?claim=Elle%20G%20Photography&metro=San%20Diego
1881,IQvideo - San Francisco Video Production,Wedding & Events,San Francisco,CA,San Francisco,5,56,(415) 549-1440,https://www.iqvideo.net/?utm_source=gmb&utm_medium=organic&utm_campaign=gmb-website,https://rovenhr.com/business/sf/iqvideo-san-francisco-video-production-chijm5,https://rovenhr.com/contact.html?claim=IQvideo%20-%20San%20Francisco%20Video%20Production&metro=San%20Francisco
1882,Oudthone Productions,Wedding & Events,Dallas,TX,Dallas–Fort Worth,5,56,(501) 786-4212,http://www.oudthoneproductions.com/,https://rovenhr.com/business/dfw/oudthone-productions-chijmw,https://rovenhr.com/contact.html?claim=Oudthone%20Productions&metro=Dallas–Fort%20Worth
1883,Black Tie Optional,Wedding & Events,Tempe,AZ,Phoenix,5,56,(480) 466-0215,http://btoevents.com/,https://rovenhr.com/business/phoenix/black-tie-optional-chijs9,https://rovenhr.com/contact.html?claim=Black%20Tie%20Optional&metro=Phoenix
1884,EverTwo Films | Wedding Videography & Photography,Wedding & Events,Los Angeles,CA,Los Angeles,5,56,(347) 553-2782,https://evertwofilms.com/,https://rovenhr.com/business/la/evertwo-films-wedding-videography-photography-chijtb,https://rovenhr.com/contact.html?claim=EverTwo%20Films%20|%20Wedding%20Videography%20&%20Photography&metro=Los%20Angeles
1885,"Bayou City Aire, LLC",Home Services,Houston,TX,Houston,4.9,75,(713) 568-9437,http://www.bayoucityac.com/,https://rovenhr.com/business/houston/bayou-city-aire-llc-chijc_,"https://rovenhr.com/contact.html?claim=Bayou%20City%20Aire,%20LLC&metro=Houston"
1886,Measday's Heating & Air,Home Services,Jacksonville,FL,Jacksonville,4.9,75,(904) 891-3208,https://www.measdaysac.com/,https://rovenhr.com/business/jacksonville/measday-s-heating-air-chijeu,https://rovenhr.com/contact.html?claim=Measday's%20Heating%20&%20Air&metro=Jacksonville
1887,The Acre Orlando,Wedding & Events,Orlando,FL,Orlando,4.5,540,,http://www.theacreorlando.com/,https://rovenhr.com/business/orlando/the-acre-orlando-chijzz,https://rovenhr.com/contact.html?claim=The%20Acre%20Orlando&metro=Orlando
1888,Discount Plumbing San Diego,Home Services,San Diego,CA,San Diego,4.6,245,(619) 329-8394,https://www.discountplumbingsandiego.com/?utm_campaign=gmb,https://rovenhr.com/business/san_diego/discount-plumbing-san-diego-chijfq,https://rovenhr.com/contact.html?claim=Discount%20Plumbing%20San%20Diego&metro=San%20Diego
1889,ANTHONY GALVEZ PHOTOGRAPHY,Wedding & Events,Tampa,FL,Tampa,5,65,,http://galvezphotos.com/,https://rovenhr.com/business/tampa/anthony-galvez-photography-chijp2,https://rovenhr.com/contact.html?claim=ANTHONY%20GALVEZ%20PHOTOGRAPHY&metro=Tampa
1890,Jacksonville Gentle Dentistry,Dental & Medical,Jacksonville,FL,Jacksonville,4.5,422,(904) 731-1919,https://www.jaxgentledentistry.com/?utm_source=google&utm_medium=google_business_profile&utm_campaign=website_click,https://rovenhr.com/business/jacksonville/jacksonville-gentle-dentistry-chijs5,https://rovenhr.com/contact.html?claim=Jacksonville%20Gentle%20Dentistry&metro=Jacksonville
1891,Houk Air Conditioning Austin,Home Services,Austin,TX,Austin,4.7,153,(512) 817-0062,https://houkac.com/service-areas/austin/?utm_source=gbp&utm_medium=organic,https://rovenhr.com/business/austin/houk-air-conditioning-austin-chijwx,https://rovenhr.com/contact.html?claim=Houk%20Air%20Conditioning%20Austin&metro=Austin
1892,A/C HVAC and Air Conditioning Experts Orlando,Home Services,Orlando,FL,Orlando,4.9,74,(689) 208-4434,https://acexpertsorlando.net/,https://rovenhr.com/business/orlando/a-c-hvac-and-air-conditioning-experts-orlando-chijgs,https://rovenhr.com/contact.html?claim=A/C%20HVAC%20and%20Air%20Conditioning%20Experts%20Orlando&metro=Orlando
1893,Harris Orthodontics,Dental & Medical,Dallas,TX,Dallas–Fort Worth,4.9,74,(214) 528-6116,https://harrisorthodontics.com/,https://rovenhr.com/business/dfw/harris-orthodontics-chijq7,https://rovenhr.com/contact.html?claim=Harris%20Orthodontics&metro=Dallas–Fort%20Worth
1894,The Capen House,Wedding & Events,Winter Park,FL,Orlando,4.8,103,(407) 636-9316,http://capenhouse.com/,https://rovenhr.com/business/orlando/the-capen-house-chijgw,https://rovenhr.com/contact.html?claim=The%20Capen%20House&metro=Orlando
1895,Rachel Willis Events,Wedding & Events,Farmers Branch,TX,Dallas–Fort Worth,5,55,(469) 834-8647,http://www.rachelwillisevents.com/,https://rovenhr.com/business/dfw/rachel-willis-events-chijw_,https://rovenhr.com/contact.html?claim=Rachel%20Willis%20Events&metro=Dallas–Fort%20Worth
1896,L.A. Smiles Dentistry,Dental & Medical,Los Angeles,CA,Los Angeles,4.6,241,(323) 296-2300,http://www.lasmiledentistry.com/,https://rovenhr.com/business/la/l-a-smiles-dentistry-chijjy,https://rovenhr.com/contact.html?claim=L.A.%20Smiles%20Dentistry&metro=Los%20Angeles
1897,Imperial Design Hall,Wedding & Events,Orlando,FL,Orlando,4.6,240,(321) 460-6368,http://imperialdesignfl.com/,https://rovenhr.com/business/orlando/imperial-design-hall-chijf-,https://rovenhr.com/contact.html?claim=Imperial%20Design%20Hall&metro=Orlando
1898,Daniel Nguyen Photography,Wedding & Events,Austin,TX,Austin,5,64,,http://www.danielnguyenphotography.com/,https://rovenhr.com/business/austin/daniel-nguyen-photography-chija5,https://rovenhr.com/contact.html?claim=Daniel%20Nguyen%20Photography&metro=Austin
1899,Bella Smile,Dental & Medical,San Francisco,CA,San Francisco,4.9,73,(415) 865-1122,http://bellasmile.com/,https://rovenhr.com/business/sf/bella-smile-chijzc,https://rovenhr.com/contact.html?claim=Bella%20Smile&metro=San%20Francisco
1900,SISTI & CO. | Wedding Planner & Florist,Wedding & Events,San Diego,CA,San Diego,4.9,73,(858) 240-9740,https://sisti.co/,https://rovenhr.com/business/san_diego/sisti-co-wedding-planner-florist-chijc2,https://rovenhr.com/contact.html?claim=SISTI%20&%20CO.%20|%20Wedding%20Planner%20&%20Florist&metro=San%20Diego
1901,Great Dane,Home Services,Jacksonville,FL,Jacksonville,4.9,73,(904) 512-0091,http://greatdaneair.com/,https://rovenhr.com/business/jacksonville/great-dane-chijo4,https://rovenhr.com/contact.html?claim=Great%20Dane&metro=Jacksonville
1902,Air Supply AC Services,Home Services,Miramar,FL,Miami,4.7,150,(786) 686-6300,https://airsupplyacservices.com/,https://rovenhr.com/business/miami/air-supply-ac-services-chijor,https://rovenhr.com/contact.html?claim=Air%20Supply%20AC%20Services&metro=Miami
1903,Hale Production Studios,Wedding & Events,San Diego,CA,San Diego,5,54,(619) 804-9430,https://www.haleproductionstudios.com/,https://rovenhr.com/business/san_diego/hale-production-studios-chijfz,https://rovenhr.com/contact.html?claim=Hale%20Production%20Studios&metro=San%20Diego
1904,Smile Straight Orthodontics - Greenway Road,Dental & Medical,Phoenix,AZ,Phoenix,4.8,101,(623) 215-9699,https://smilestraightphx.com/?utm_source=google&utm_medium=organic&utm_campaign=profile+greenway,https://rovenhr.com/business/phoenix/smile-straight-orthodontics-greenway-road-chijv9,https://rovenhr.com/contact.html?claim=Smile%20Straight%20Orthodontics%20-%20Greenway%20Road&metro=Phoenix
1905,Kindlewood Films,Wedding & Events,San Francisco,CA,San Francisco,5,54,(415) 209-5817,https://kindlewoodfilms.com/,https://rovenhr.com/business/sf/kindlewood-films-chijpv,https://rovenhr.com/contact.html?claim=Kindlewood%20Films&metro=San%20Francisco
1906,John Fountain Photography,Wedding & Events,Jacksonville,FL,Jacksonville,4.9,72,(904) 881-3722,https://jfprophotography.com/,https://rovenhr.com/business/jacksonville/john-fountain-photography-chijmx,https://rovenhr.com/contact.html?claim=John%20Fountain%20Photography&metro=Jacksonville
1907,Bauman Photographers,Wedding & Events,San Diego,CA,San Diego,4.9,72,(619) 232-3020,https://baumanphotographers.com/,https://rovenhr.com/business/san_diego/bauman-photographers-chijwz,https://rovenhr.com/contact.html?claim=Bauman%20Photographers&metro=San%20Diego
1908,The Rim Dental Care,Dental & Medical,San Antonio,TX,San Antonio,4.5,404,(726) 215-9920,https://therimdentalcare.com/?utm_source=google&utm_medium=organic&utm_campaign=gmb&utm_content=gmb,https://rovenhr.com/business/san_antonio/the-rim-dental-care-chijm_,https://rovenhr.com/contact.html?claim=The%20Rim%20Dental%20Care&metro=San%20Antonio
1909,"High Tech HVAC - AC Repair & Installation Services in Los Angeles, Ventura County, Orange County, Riverside County",Home Services,Los Angeles,CA,Los Angeles,4.8,100,(707) 377-7779,https://hightech-hvac.com/,https://rovenhr.com/business/la/high-tech-hvac-ac-repair-installation-services-in-los-angele-chijf7,"https://rovenhr.com/contact.html?claim=High%20Tech%20HVAC%20-%20AC%20Repair%20&%20Installation%20Services%20in%20Los%20Angeles,%20Ventura%20County,%20Orange%20County,%20Riverside%20County&metro=Los%20Angeles"
1910,Angel Dental Group,Dental & Medical,Los Angeles,CA,Los Angeles,4.8,130,(213) 381-7770,,https://rovenhr.com/business/la/angel-dental-group-chiju9,https://rovenhr.com/contact.html?claim=Angel%20Dental%20Group&metro=Los%20Angeles
1911,Philippe Studio Pro,Wedding & Events,Sacramento,CA,Sacramento,4.9,71,(916) 900-6205,https://philippestudiopro.com/,https://rovenhr.com/business/sacramento/philippe-studio-pro-chij9z,https://rovenhr.com/contact.html?claim=Philippe%20Studio%20Pro&metro=Sacramento
1912,Dann Orthodontics,Dental & Medical,Orlando,FL,Orlando,4.8,99,(407) 894-3271,http://www.orthodrdann.com/,https://rovenhr.com/business/orlando/dann-orthodontics-chijaz,https://rovenhr.com/contact.html?claim=Dann%20Orthodontics&metro=Orlando
1913,Deenice Productions Videography,Wedding & Events,Orlando,FL,Orlando,5,53,(407) 812-4250,http://www.deenice.com/,https://rovenhr.com/business/orlando/deenice-productions-videography-chij-y,https://rovenhr.com/contact.html?claim=Deenice%20Productions%20Videography&metro=Orlando
1914,Highland Park Orthodontics,Dental & Medical,Dallas,TX,Dallas–Fort Worth,5,53,(214) 361-6644,https://www.hporthodallasbraces.com/,https://rovenhr.com/business/dfw/highland-park-orthodontics-chij35,https://rovenhr.com/contact.html?claim=Highland%20Park%20Orthodontics&metro=Dallas–Fort%20Worth
1915,Video Mojo,Wedding & Events,Houston,TX,Houston,5,53,(713) 478-9440,http://videomojo.net/,https://rovenhr.com/business/houston/video-mojo-chijas,https://rovenhr.com/contact.html?claim=Video%20Mojo&metro=Houston
1916,Culver City HVAC Installation Contractor,Home Services,Culver City,CA,Los Angeles,5,53,(424) 349-4146,https://havcinstallationcontractor.com/culver-city-hvac-services/,https://rovenhr.com/business/la/culver-city-hvac-installation-contractor-chijd0,https://rovenhr.com/contact.html?claim=Culver%20City%20HVAC%20Installation%20Contractor&metro=Los%20Angeles
1917,Cowboy Air Condition & Heating Company TDLR:21299,Home Services,Dallas,TX,Dallas–Fort Worth,5,53,(214) 570-1540,https://cowboyair.com/,https://rovenhr.com/business/dfw/cowboy-air-condition-heating-company-tdlr-21299-chiji_,https://rovenhr.com/contact.html?claim=Cowboy%20Air%20Condition%20&%20Heating%20Company%20TDLR:21299&metro=Dallas–Fort%20Worth
1918,Garcia Plumbing Co.,Home Services,San Francisco,CA,San Francisco,5,53,(415) 333-1737,https://www.garciaplumbingcompany.com/,https://rovenhr.com/business/sf/garcia-plumbing-co-chijmr,https://rovenhr.com/contact.html?claim=Garcia%20Plumbing%20Co.&metro=San%20Francisco
1919,Tatum Point Dentistry,Dental & Medical,Phoenix,AZ,Phoenix,4.6,228,(602) 207-8832,https://tatumpointdentistry.com/,https://rovenhr.com/business/phoenix/tatum-point-dentistry-chijk7,https://rovenhr.com/contact.html?claim=Tatum%20Point%20Dentistry&metro=Phoenix
1920,Plaza Dental - General Dentist/TMJ Treatment/Sleep Apnea Treatment,Dental & Medical,Los Angeles,CA,Los Angeles,4.7,144,(213) 626-6161,http://laplazadentalcare.com/,https://rovenhr.com/business/la/plaza-dental-general-dentist-tmj-treatment-sleep-apnea-treat-chij8_,https://rovenhr.com/contact.html?claim=Plaza%20Dental%20-%20General%20Dentist/TMJ%20Treatment/Sleep%20Apnea%20Treatment&metro=Los%20Angeles
1921,Eddie Hernandez Photography,Wedding & Events,San Francisco,CA,San Francisco,4.9,83,,https://eddie-hernandez.com/,https://rovenhr.com/business/sf/eddie-hernandez-photography-chijud,https://rovenhr.com/contact.html?claim=Eddie%20Hernandez%20Photography&metro=San%20Francisco
1922,"Your Wedding Day Film, LLC",Wedding & Events,Clearwater,FL,Tampa,4.9,70,(727) 385-4863,https://yourweddingdayfilm.com/?utm_source=Google&utm_medium=GMB,https://rovenhr.com/business/tampa/your-wedding-day-film-llc-chij5e,"https://rovenhr.com/contact.html?claim=Your%20Wedding%20Day%20Film,%20LLC&metro=Tampa"
1923,CreatedFour Wedding Photo & Video,Wedding & Events,Tampa,FL,Tampa,4.9,70,(813) 753-3687,http://www.createdfour.us/,https://rovenhr.com/business/tampa/createdfour-wedding-photo-video-chijj9,https://rovenhr.com/contact.html?claim=CreatedFour%20Wedding%20Photo%20&%20Video&metro=Tampa
1924,"Ammaniel Hintza - Wedding & Headshot Photographer - Dallas, Rowlett & Garland",Wedding & Events,Rowlett,TX,Dallas–Fort Worth,4.9,70,(469) 829-5404,https://ammanielhintza.com/,https://rovenhr.com/business/dfw/ammaniel-hintza-wedding-headshot-photographer-dallas-rowlett-chijmc,"https://rovenhr.com/contact.html?claim=Ammaniel%20Hintza%20-%20Wedding%20&%20Headshot%20Photographer%20-%20Dallas,%20Rowlett%20&%20Garland&metro=Dallas–Fort%20Worth"
1925,Home Upgrade Specialist Inc.,Home Services,Los Angeles,CA,Los Angeles,4.8,97,(833) 446-6387,http://homeupgradespecialist.com/,https://rovenhr.com/business/la/home-upgrade-specialist-inc-chijaq,https://rovenhr.com/contact.html?claim=Home%20Upgrade%20Specialist%20Inc.&metro=Los%20Angeles
1926,Air Lily,Home Services,Phoenix,AZ,Phoenix,5,52,(480) 525-3600,https://airlily.com/schedule/,https://rovenhr.com/business/phoenix/air-lily-chij-1,https://rovenhr.com/contact.html?claim=Air%20Lily&metro=Phoenix
1927,Sweetleaf Photography,Wedding & Events,Austin,TX,Austin,5,52,(512) 787-2608,http://sweetleafphotography.com/,https://rovenhr.com/business/austin/sweetleaf-photography-chijad,https://rovenhr.com/contact.html?claim=Sweetleaf%20Photography&metro=Austin
1928,Satyr Entertainment - Event Production and Planning,Wedding & Events,Phoenix,AZ,Phoenix,5,52,(480) 565-2254,http://www.satyrentertainment.com/,https://rovenhr.com/business/phoenix/satyr-entertainment-event-production-and-planning-chijh0,https://rovenhr.com/contact.html?claim=Satyr%20Entertainment%20-%20Event%20Production%20and%20Planning&metro=Phoenix
1929,"Grayhouse Events, LLC",Wedding & Events,Houston,TX,Houston,5,52,(832) 723-1515,http://www.grayhouse-events.com/,https://rovenhr.com/business/houston/grayhouse-events-llc-chijwz,"https://rovenhr.com/contact.html?claim=Grayhouse%20Events,%20LLC&metro=Houston"
1930,Suzy Goodrick Photography,Wedding & Events,Gilbert,AZ,Phoenix,5,52,(415) 517-5836,http://www.suzygoodrick.com/,https://rovenhr.com/business/phoenix/suzy-goodrick-photography-chijaw,https://rovenhr.com/contact.html?claim=Suzy%20Goodrick%20Photography&metro=Phoenix
1931,Sarabeth and Co. - Wedding & Event Planning,Wedding & Events,Grapevine,TX,Dallas–Fort Worth,5,52,(214) 207-6081,https://sarabethandco.com/,https://rovenhr.com/business/dfw/sarabeth-and-co-wedding-event-planning-chijk-,https://rovenhr.com/contact.html?claim=Sarabeth%20and%20Co.%20-%20Wedding%20&%20Event%20Planning&metro=Dallas–Fort%20Worth
1932,Malleret Designs,Wedding & Events,Austin,TX,Austin,5,52,(512) 656-8803,http://malleret.com/,https://rovenhr.com/business/austin/malleret-designs-chijlr,https://rovenhr.com/contact.html?claim=Malleret%20Designs&metro=Austin
1933,DHD Films,Wedding & Events,Dallas,TX,Dallas–Fort Worth,5,52,(214) 730-0101,http://dhdfilms.com/,https://rovenhr.com/business/dfw/dhd-films-chijrx,https://rovenhr.com/contact.html?claim=DHD%20Films&metro=Dallas–Fort%20Worth
1934,Boulevard Photography,Wedding & Events,Houston,TX,Houston,5,52,(832) 808-8019,http://www.boulevardphotography.com/,https://rovenhr.com/business/houston/boulevard-photography-chijx-,https://rovenhr.com/contact.html?claim=Boulevard%20Photography&metro=Houston
1935,Secret River Dental,Dental & Medical,Sacramento,CA,Sacramento,4.5,539,(916) 428-5318,,https://rovenhr.com/business/sacramento/secret-river-dental-chijud,https://rovenhr.com/contact.html?claim=Secret%20River%20Dental&metro=Sacramento
1936,Nuova Dental Office,Dental & Medical,Sacramento,CA,Sacramento,5,65,(916) 594-9474,,https://rovenhr.com/business/sacramento/nuova-dental-office-chij-w,https://rovenhr.com/contact.html?claim=Nuova%20Dental%20Office&metro=Sacramento
1937,Affordable Plumbing Services Houston,Home Services,Houston,TX,Houston,4.7,140,(832) 219-7974,https://houston-plumbingservices.com/?utm_campaign=gmb,https://rovenhr.com/business/houston/affordable-plumbing-services-houston-chiji_,https://rovenhr.com/contact.html?claim=Affordable%20Plumbing%20Services%20Houston&metro=Houston
1938,Journey Wedding Films,Wedding & Events,Sacramento,CA,Sacramento,5,60,,http://www.journeyweddingfilms.com/,https://rovenhr.com/business/sacramento/journey-wedding-films-chijdc,https://rovenhr.com/contact.html?claim=Journey%20Wedding%20Films&metro=Sacramento
1939,All Sacramento Plumbing,Home Services,Sacramento,CA,Sacramento,4.8,95,(916) 606-6331,https://abetterplumbersac.com/,https://rovenhr.com/business/sacramento/all-sacramento-plumbing-chijm6,https://rovenhr.com/contact.html?claim=All%20Sacramento%20Plumbing&metro=Sacramento
1940,Flow Mechanical,Home Services,San Diego,CA,San Diego,4.9,68,(858) 221-0198,https://www.facebook.com/profile.php?id=61555714162626,https://rovenhr.com/business/san_diego/flow-mechanical-chijfd,https://rovenhr.com/contact.html?claim=Flow%20Mechanical&metro=San%20Diego
1941,Ivan Rakov Studio — Photographer & Videographer,Wedding & Events,Los Angeles,CA,Los Angeles,5,51,(213) 879-8717,https://ivanrakovstudio.com/,https://rovenhr.com/business/la/ivan-rakov-studio-photographer-videographer-chijn6,https://rovenhr.com/contact.html?claim=Ivan%20Rakov%20Studio%20—%20Photographer%20&%20Videographer&metro=Los%20Angeles
1942,Champion Production,Wedding & Events,Sacramento,CA,Sacramento,5,51,(916) 538-2762,https://www.championproduction.co/,https://rovenhr.com/business/sacramento/champion-production-chijo3,https://rovenhr.com/contact.html?claim=Champion%20Production&metro=Sacramento
1943,Big Event Media: Photo + Video,Wedding & Events,Austin,TX,Austin,5,51,(215) 272-4005,https://www.bigevent.media/,https://rovenhr.com/business/austin/big-event-media-photo-video-chijpx,https://rovenhr.com/contact.html?claim=Big%20Event%20Media:%20Photo%20+%20Video&metro=Austin
1944,Tracy Autem & Lightly Photography Inc,Wedding & Events,Fort Worth,TX,Dallas–Fort Worth,4.9,68,(817) 810-9282,https://tracyautem.com/,https://rovenhr.com/business/dfw/tracy-autem-lightly-photography-inc-chijt2,https://rovenhr.com/contact.html?claim=Tracy%20Autem%20&%20Lightly%20Photography%20Inc&metro=Dallas–Fort%20Worth
1945,"M.A.D. Images, Inc.",Wedding & Events,Tampa,FL,Tampa,5,51,(813) 956-4077,http://www.madimagesinc.com/,https://rovenhr.com/business/tampa/m-a-d-images-inc-chijtt,"https://rovenhr.com/contact.html?claim=M.A.D.%20Images,%20Inc.&metro=Tampa"
1946,The IMG Studio,Wedding & Events,San Antonio,TX,San Antonio,4.9,68,(210) 582-5316,http://www.theimgstudio.com/,https://rovenhr.com/business/san_antonio/the-img-studio-chijb_,https://rovenhr.com/contact.html?claim=The%20IMG%20Studio&metro=San%20Antonio
1947,Alhambra Dental Plaza Sacramento,Dental & Medical,Sacramento,CA,Sacramento,4.8,94,(916) 546-2582,https://alhambradentalplaza.com/,https://rovenhr.com/business/sacramento/alhambra-dental-plaza-sacramento-chij52,https://rovenhr.com/contact.html?claim=Alhambra%20Dental%20Plaza%20Sacramento&metro=Sacramento
1948,Bay View Dental,Dental & Medical,San Diego,CA,San Diego,4.8,94,(858) 923-8461,https://www.bayviewdentalsd.com/locations/san-diego-office/,https://rovenhr.com/business/san_diego/bay-view-dental-chij6y,https://rovenhr.com/contact.html?claim=Bay%20View%20Dental&metro=San%20Diego
1949,"Harmland Visions, LLC",Wedding & Events,Dallas,TX,Dallas–Fort Worth,4.8,94,(318) 791-5861,http://www.harmlandvisions.com/,https://rovenhr.com/business/dfw/harmland-visions-llc-chijg-,"https://rovenhr.com/contact.html?claim=Harmland%20Visions,%20LLC&metro=Dallas–Fort%20Worth"
1950,San Francisco Dental Office,Dental & Medical,San Francisco,CA,San Francisco,4.8,94,(415) 777-5115,http://www.sanfrandental.com/,https://rovenhr.com/business/sf/san-francisco-dental-office-chijt8,https://rovenhr.com/contact.html?claim=San%20Francisco%20Dental%20Office&metro=San%20Francisco
1951,THE RIGHT GUYS PLUMBING & ELECTRIC,Home Services,Sacramento,CA,Sacramento,4.9,67,(916) 642-9252,http://www.rightguysplumbing.com/,https://rovenhr.com/business/sacramento/the-right-guys-plumbing-electric-chijnc,https://rovenhr.com/contact.html?claim=THE%20RIGHT%20GUYS%20PLUMBING%20&%20ELECTRIC&metro=Sacramento
1952,Marketplace Smiles Dentistry,Dental & Medical,Phoenix,AZ,Phoenix,4.5,366,(480) 419-9200,https://www.marketplacesmiles.com/?sc_cid=GBP%3AO%3AGP%3A112%3AOrganic_Search%3AGeneral%3Ana&_vsrefdom=organic_gbp&y_source=1_MTEwMjcxMC03MTUtbG9jYXRpb24ud2Vic2l0ZQ%3D%3D,https://rovenhr.com/business/phoenix/marketplace-smiles-dentistry-chij4f,https://rovenhr.com/contact.html?claim=Marketplace%20Smiles%20Dentistry&metro=Phoenix
1953,Paulson,Home Services,San Diego,CA,San Diego,4.8,93,(619) 752-3500,https://paulsonac.com/?utm_campaign=gmb,https://rovenhr.com/business/san_diego/paulson-chijlt,https://rovenhr.com/contact.html?claim=Paulson&metro=San%20Diego
1954,Environdental,Dental & Medical,Los Angeles,CA,Los Angeles,4.8,93,(213) 534-6856,http://www.environdentalla.com/,https://rovenhr.com/business/la/environdental-chijox,https://rovenhr.com/contact.html?claim=Environdental&metro=Los%20Angeles
1955,R & L Plumbing,Home Services,San Francisco,CA,San Francisco,4.6,213,(415) 756-2371,https://www.rlplumbingsanfrancisco.com/,https://rovenhr.com/business/sf/r-l-plumbing-chij_s,https://rovenhr.com/contact.html?claim=R%20&%20L%20Plumbing&metro=San%20Francisco
1956,"Something To Celebrate, Event Planning and Design, Austin",Wedding & Events,Austin,TX,Austin,5,50,(512) 733-6130,http://www.somethingtocelebrate.com/,https://rovenhr.com/business/austin/something-to-celebrate-event-planning-and-design-austin-chij03,"https://rovenhr.com/contact.html?claim=Something%20To%20Celebrate,%20Event%20Planning%20and%20Design,%20Austin&metro=Austin"
1957,Aqueous Films,Wedding & Events,West Palm Beach,FL,Orlando,5,50,(386) 585-0357,https://aqueousfilms.com/,https://rovenhr.com/business/orlando/aqueous-films-chij93,https://rovenhr.com/contact.html?claim=Aqueous%20Films&metro=Orlando
1958,Elite Eventz,Wedding & Events,Houston,TX,Houston,5,50,(713) 516-3409,http://www.eliteeventz.com/,https://rovenhr.com/business/houston/elite-eventz-chij9w,https://rovenhr.com/contact.html?claim=Elite%20Eventz&metro=Houston
1959,Leggacy Films,Wedding & Events,San Diego,CA,San Diego,5,50,(608) 334-0609,https://leggacyfilms.com/,https://rovenhr.com/business/san_diego/leggacy-films-chije9,https://rovenhr.com/contact.html?claim=Leggacy%20Films&metro=San%20Diego
1960,"Designed Events, Inc",Wedding & Events,Jacksonville,FL,Jacksonville,5,50,(904) 396-3299,http://www.designedeventsinc.com/,https://rovenhr.com/business/jacksonville/designed-events-inc-chijky,"https://rovenhr.com/contact.html?claim=Designed%20Events,%20Inc&metro=Jacksonville"
1961,AZ Tech America,Home Services,San Antonio,TX,San Antonio,5,50,(210) 818-8932,https://www.aztechamerica.com/,https://rovenhr.com/business/san_antonio/az-tech-america-chijnv,https://rovenhr.com/contact.html?claim=AZ%20Tech%20America&metro=San%20Antonio
1962,Brooks & Co. - San Antonio Branding & Product Photographer/Videographer,Wedding & Events,San Antonio,TX,San Antonio,5,50,(210) 737-4587,http://www.brooksandcophoto.com/,https://rovenhr.com/business/san_antonio/brooks-co-san-antonio-branding-product-photographer-videogra-chijr2,https://rovenhr.com/contact.html?claim=Brooks%20&%20Co.%20-%20San%20Antonio%20Branding%20&%20Product%20Photographer/Videographer&metro=San%20Antonio
1963,Air Cool Pro –Heating & Air Conditioning,Home Services,Dallas,TX,Dallas–Fort Worth,5,50,(945) 232-8766,https://sites.google.com/view/aircoolpro/home,https://rovenhr.com/business/dfw/air-cool-pro-heating-air-conditioning-chijs9,https://rovenhr.com/contact.html?claim=Air%20Cool%20Pro%20–Heating%20&%20Air%20Conditioning&metro=Dallas–Fort%20Worth
1964,Phil Porto,Wedding & Events,Tampa,FL,Tampa,4.8,92,(813) 500-7307,http://www.philporto.com/,https://rovenhr.com/business/tampa/phil-porto-chijdu,https://rovenhr.com/contact.html?claim=Phil%20Porto&metro=Tampa
1965,San Francisco Expert Heating and Air,Home Services,San Francisco,CA,San Francisco,4.9,66,(415) 371-9413,http://sanfranciscoexprethvac.com/,https://rovenhr.com/business/sf/san-francisco-expert-heating-and-air-chijjw,https://rovenhr.com/contact.html?claim=San%20Francisco%20Expert%20Heating%20and%20Air&metro=San%20Francisco
1966,Mercury Plumbing,Home Services,Orlando,FL,Orlando,4.6,209,(407) 898-6960,http://mercuryplumbing.com/,https://rovenhr.com/business/orlando/mercury-plumbing-chijd8,https://rovenhr.com/contact.html?claim=Mercury%20Plumbing&metro=Orlando
1967,Pixel Studio Productions,Wedding & Events,Houston,TX,Houston,4.7,133,(832) 767-1543,https://pixelstudioproductions.com/,https://rovenhr.com/business/houston/pixel-studio-productions-chijta,https://rovenhr.com/contact.html?claim=Pixel%20Studio%20Productions&metro=Houston
1968,San Antonio Dental Center,Dental & Medical,San Antonio,TX,San Antonio,4.5,355,(210) 800-9691,http://www.sadentalcenter.com/,https://rovenhr.com/business/san_antonio/san-antonio-dental-center-chijmv,https://rovenhr.com/contact.html?claim=San%20Antonio%20Dental%20Center&metro=San%20Antonio
1969,Tiffany Hofeldt Photography,Wedding & Events,Austin,TX,Austin,5,49,(512) 557-4377,https://www.tiffanyhofeldt.com/,https://rovenhr.com/business/austin/tiffany-hofeldt-photography-chij01,https://rovenhr.com/contact.html?claim=Tiffany%20Hofeldt%20Photography&metro=Austin
1970,April Nicole Creative,Wedding & Events,Miami,FL,Miami,5,49,(786) 653-3751,http://www.aprilnicolecreative.com/,https://rovenhr.com/business/miami/april-nicole-creative-chij1v,https://rovenhr.com/contact.html?claim=April%20Nicole%20Creative&metro=Miami
1971,All Weather Contractors,Home Services,Jacksonville,FL,Jacksonville,4.5,352,(904) 781-7060,https://allweathercontractors.com/,https://rovenhr.com/business/jacksonville/all-weather-contractors-chij3t,https://rovenhr.com/contact.html?claim=All%20Weather%20Contractors&metro=Jacksonville
1972,At Your Side Planning,Wedding & Events,San Diego,CA,San Diego,5,49,(619) 322-7084,http://www.atyoursideplanning.com/,https://rovenhr.com/business/san_diego/at-your-side-planning-chij6s,https://rovenhr.com/contact.html?claim=At%20Your%20Side%20Planning&metro=San%20Diego
1973,Gillian Menzie Photography,Wedding & Events,San Antonio,TX,San Antonio,5,49,(706) 373-9907,https://www.gillianmenzie.com/,https://rovenhr.com/business/san_antonio/gillian-menzie-photography-chijpb,https://rovenhr.com/contact.html?claim=Gillian%20Menzie%20Photography&metro=San%20Antonio
1974,The Producer's Loft Studio,Wedding & Events,San Francisco,CA,San Francisco,5,49,(415) 608-6930,http://www.theproducersloft.com/,https://rovenhr.com/business/sf/the-producer-s-loft-studio-chij_r,https://rovenhr.com/contact.html?claim=The%20Producer's%20Loft%20Studio&metro=San%20Francisco
1975,Hopeful Events and Design,Wedding & Events,Houston,TX,Houston,5,49,(832) 701-0808,http://www.hopefuleventsanddesign.com/,https://rovenhr.com/business/houston/hopeful-events-and-design-chijwa,https://rovenhr.com/contact.html?claim=Hopeful%20Events%20and%20Design&metro=Houston
1976,Handy Dan Heating & Air,Home Services,Jacksonville,FL,Jacksonville,4.9,65,(904) 474-5322,https://handydanjax.com/,https://rovenhr.com/business/jacksonville/handy-dan-heating-air-chij2f,https://rovenhr.com/contact.html?claim=Handy%20Dan%20Heating%20&%20Air&metro=Jacksonville
1977,Nitro Media Group,Wedding & Events,San Antonio,TX,San Antonio,4.9,65,(210) 876-1777,https://www.nitromediagroup.com/,https://rovenhr.com/business/san_antonio/nitro-media-group-chijvy,https://rovenhr.com/contact.html?claim=Nitro%20Media%20Group&metro=San%20Antonio
1978,Bluefire Photography,Wedding & Events,San Antonio,TX,San Antonio,4.9,65,(210) 878-9001,http://www.bluefirephoto.com/,https://rovenhr.com/business/san_antonio/bluefire-photography-chijf6,https://rovenhr.com/contact.html?claim=Bluefire%20Photography&metro=San%20Antonio
1979,HVAC Contractor - American Cool and Heat,Home Services,Glendale,CA,Los Angeles,4.9,65,(818) 722-8634,https://americancoolandheat.com/,https://rovenhr.com/business/la/hvac-contractor-american-cool-and-heat-chijjy,https://rovenhr.com/contact.html?claim=HVAC%20Contractor%20-%20American%20Cool%20and%20Heat&metro=Los%20Angeles
1980,Avstatmedia,Wedding & Events,Tampa,FL,Tampa,4.9,65,(813) 965-3109,https://www.avstatmedia.com/,https://rovenhr.com/business/tampa/avstatmedia-chijy7,https://rovenhr.com/contact.html?claim=Avstatmedia&metro=Tampa
1981,Sarah Marie Photography,Wedding & Events,Tampa,FL,Tampa,5,57,,https://www.sarahmariephotographyfl.com/,https://rovenhr.com/business/tampa/sarah-marie-photography-chij-e,https://rovenhr.com/contact.html?claim=Sarah%20Marie%20Photography&metro=Tampa
1982,Emergency Dental Care USA,Dental & Medical,Bellaire,TX,Houston,4.4,670,(713) 893-5057,https://www.emergencydental.com/houston,https://rovenhr.com/business/houston/emergency-dental-care-usa-chijcf,https://rovenhr.com/contact.html?claim=Emergency%20Dental%20Care%20USA&metro=Houston
1983,Top HVAC,Home Services,Los Angeles,CA,Los Angeles,4.8,117,(213) 753-8624,,https://rovenhr.com/business/la/top-hvac-chijl3,https://rovenhr.com/contact.html?claim=Top%20HVAC&metro=Los%20Angeles
1984,Atlas Plumbing & Rooter,Home Services,San Francisco,CA,San Francisco,4.8,89,(415) 849-2346,https://www.atlasplumbingandrooter.com/,https://rovenhr.com/business/sf/atlas-plumbing-rooter-chij0d,https://rovenhr.com/contact.html?claim=Atlas%20Plumbing%20&%20Rooter&metro=San%20Francisco
1985,Texas Reliable Services,Home Services,Austin,TX,Austin,4.7,130,(512) 609-8103,http://www.austintrs.com/,https://rovenhr.com/business/austin/texas-reliable-services-chiji7,https://rovenhr.com/contact.html?claim=Texas%20Reliable%20Services&metro=Austin
1986,Jesse Giles Photography,Wedding & Events,Orlando,FL,Orlando,4.9,64,(407) 235-5281,https://jessegilesphoto.com/,https://rovenhr.com/business/orlando/jesse-giles-photography-chijis,https://rovenhr.com/contact.html?claim=Jesse%20Giles%20Photography&metro=Orlando
1987,Brian Vogel Photography,Wedding & Events,Houston,TX,Houston,4.9,64,(832) 863-9035,http://brianvogel.photography/,https://rovenhr.com/business/houston/brian-vogel-photography-chijru,https://rovenhr.com/contact.html?claim=Brian%20Vogel%20Photography&metro=Houston
1988,North Park Modern Dentistry,Dental & Medical,San Diego,CA,San Diego,4.5,343,(619) 637-9774,https://www.northparkmoderndentistry.com/?sc_cid=GBP%3AO%3AGP%3A325%3AOrganic_Search%3AGeneral%3Ana&_vsrefdom=organic_gbp&y_source=1_MTMwMTIxNzUtNzE1LWxvY2F0aW9uLndlYnNpdGU%3D,https://rovenhr.com/business/san_diego/north-park-modern-dentistry-chijv_,https://rovenhr.com/contact.html?claim=North%20Park%20Modern%20Dentistry&metro=San%20Diego
1989,Alex Lee Photography,Wedding & Events,Los Angeles,CA,Los Angeles,5,48,(703) 203-7166,https://www.alexleephoto.com/,https://rovenhr.com/business/la/alex-lee-photography-chijeu,https://rovenhr.com/contact.html?claim=Alex%20Lee%20Photography&metro=Los%20Angeles
1990,Awesome Phoenix,Wedding & Events,Scottsdale,AZ,Phoenix,5,48,(602) 828-1397,https://www.awesome-phoenix.com/,https://rovenhr.com/business/phoenix/awesome-phoenix-chijpw,https://rovenhr.com/contact.html?claim=Awesome%20Phoenix&metro=Phoenix
1991,Arlington Dental Center,Dental & Medical,Jacksonville,FL,Jacksonville,4.4,652,(904) 743-3114,https://www.arlingtondentalcenter.org/,https://rovenhr.com/business/jacksonville/arlington-dental-center-chijnx,https://rovenhr.com/contact.html?claim=Arlington%20Dental%20Center&metro=Jacksonville
1992,"VTR IMAGE | Luxury Real Estate Photography, Videography, Drone Services & Digital Marketing",Wedding & Events,Orlando,FL,Orlando,4.9,63,(407) 717-5175,http://www.vtrimage.com/,https://rovenhr.com/business/orlando/vtr-image-luxury-real-estate-photography-videography-drone-s-chijw_,"https://rovenhr.com/contact.html?claim=VTR%20IMAGE%20|%20Luxury%20Real%20Estate%20Photography,%20Videography,%20Drone%20Services%20&%20Digital%20Marketing&metro=Orlando"
1993,Best AC Repair & Install Company,Home Services,Los Angeles,CA,Los Angeles,4.8,87,(424) 276-9647,https://bestacrepairinstallcompany.com/los-angeles/,https://rovenhr.com/business/la/best-ac-repair-install-company-chijwd,https://rovenhr.com/contact.html?claim=Best%20AC%20Repair%20&%20Install%20Company&metro=Los%20Angeles
1994,Luxury Air Conditioning & Plumbing,Home Services,Phoenix,AZ,Phoenix,4.8,87,(602) 326-1065,https://www.luxuryairconditioning.com/,https://rovenhr.com/business/phoenix/luxury-air-conditioning-plumbing-chijlt,https://rovenhr.com/contact.html?claim=Luxury%20Air%20Conditioning%20&%20Plumbing&metro=Phoenix
1995,Tsakopoulos Library Galleria,Wedding & Events,Sacramento,CA,Sacramento,4.6,196,(916) 264-2800,http://www.librarygalleria.com/,https://rovenhr.com/business/sacramento/tsakopoulos-library-galleria-chijtf,https://rovenhr.com/contact.html?claim=Tsakopoulos%20Library%20Galleria&metro=Sacramento
1996,Savvy Southern Events,Wedding & Events,San Antonio,TX,San Antonio,5,47,(210) 779-0746,https://www.savvysoutherneventssa.com/,https://rovenhr.com/business/san_antonio/savvy-southern-events-chij-t,https://rovenhr.com/contact.html?claim=Savvy%20Southern%20Events&metro=San%20Antonio
1997,Provision Heating & Air Conditioning,Home Services,San Diego,CA,San Diego,5,47,(619) 853-4614,https://www.provisionair.com/?utm_campaign=gmb,https://rovenhr.com/business/san_diego/provision-heating-air-conditioning-chij8d,https://rovenhr.com/contact.html?claim=Provision%20Heating%20&%20Air%20Conditioning&metro=San%20Diego
1998,Daria Taylor Photography,Wedding & Events,Los Angeles,CA,Los Angeles,5,47,(323) 448-0356,https://dariataylor.com/,https://rovenhr.com/business/la/daria-taylor-photography-chijh6,https://rovenhr.com/contact.html?claim=Daria%20Taylor%20Photography&metro=Los%20Angeles
1999,Video Pro San Diego,Wedding & Events,Vista,CA,San Diego,5,47,(760) 421-8456,http://www.videoprosandiego.com/,https://rovenhr.com/business/san_diego/video-pro-san-diego-chijje,https://rovenhr.com/contact.html?claim=Video%20Pro%20San%20Diego&metro=San%20Diego
2000,ZANE Productions - TV Commercial & Music Video Production Company,Wedding & Events,Los Angeles,CA,Los Angeles,5,47,(310) 817-1166,http://www.zane-productions.com/,https://rovenhr.com/business/la/zane-productions-tv-commercial-music-video-production-compan-chijo-,https://rovenhr.com/contact.html?claim=ZANE%20Productions%20-%20TV%20Commercial%20&%20Music%20Video%20Production%20Company&metro=Los%20Angeles
2001,Mr Heat and Cooling,Home Services,Los Angeles,CA,Los Angeles,5,47,(855) 231-3997,http://mr-heatandcooling.com/,https://rovenhr.com/business/la/mr-heat-and-cooling-chijtd,https://rovenhr.com/contact.html?claim=Mr%20Heat%20and%20Cooling&metro=Los%20Angeles
2002,Andi Diamond Photography,Wedding & Events,Tampa,FL,Tampa,5,47,(813) 503-5056,http://andidiamond.com/,https://rovenhr.com/business/tampa/andi-diamond-photography-chijn1,https://rovenhr.com/contact.html?claim=Andi%20Diamond%20Photography&metro=Tampa
2003,Walter Pawluk Productions-Wedding Videography Pasadena,Wedding & Events,Pasadena,CA,Los Angeles,5,47,(818) 515-7343,https://walterpawluk.com/,https://rovenhr.com/business/la/walter-pawluk-productions-wedding-videography-pasadena-chijtc,https://rovenhr.com/contact.html?claim=Walter%20Pawluk%20Productions-Wedding%20Videography%20Pasadena&metro=Los%20Angeles
2004,All Star Heating and Air Conditioning,Home Services,San Antonio,TX,San Antonio,4.8,86,(210) 933-0442,https://allstarairconditioning.com/,https://rovenhr.com/business/san_antonio/all-star-heating-and-air-conditioning-chijgu,https://rovenhr.com/contact.html?claim=All%20Star%20Heating%20and%20Air%20Conditioning&metro=San%20Antonio
2005,Alvarado Family Dental Center,Dental & Medical,Los Angeles,CA,Los Angeles,4.5,330,(213) 383-3314,http://alvaradofamilydentalcenter.com/,https://rovenhr.com/business/la/alvarado-family-dental-center-chijxq,https://rovenhr.com/contact.html?claim=Alvarado%20Family%20Dental%20Center&metro=Los%20Angeles
2006,REV Productions,Wedding & Events,San Diego,CA,San Diego,4.9,62,(314) 943-8152,http://revvideoproductions.com/?utm_source=google&utm_medium=wix_google_business_profile&utm_campaign=7595379204415283052,https://rovenhr.com/business/san_diego/rev-productions-chijnz,https://rovenhr.com/contact.html?claim=REV%20Productions&metro=San%20Diego
2007,ECO AC Repair Miami,Home Services,Miami,FL,Miami,4.5,328,(305) 444-3646,https://ecoacflorida.com/,https://rovenhr.com/business/miami/eco-ac-repair-miami-chij84,https://rovenhr.com/contact.html?claim=ECO%20AC%20Repair%20Miami&metro=Miami
2008,Ideal Aircare,Home Services,Austin,TX,Austin,4.8,85,(512) 789-0365,https://www.idealaircare.com/,https://rovenhr.com/business/austin/ideal-aircare-chijqs,https://rovenhr.com/contact.html?claim=Ideal%20Aircare&metro=Austin
2009,Bryco Plumbing Co,Home Services,San Antonio,TX,San Antonio,4.7,123,(210) 655-2552,https://www.brycoplumbing.com/,https://rovenhr.com/business/san_antonio/bryco-plumbing-co-chijf6,https://rovenhr.com/contact.html?claim=Bryco%20Plumbing%20Co&metro=San%20Antonio
2010,3 Of Cups Events,Wedding & Events,Austin,TX,Austin,4.9,61,(512) 270-1734,https://www.3ofcupsevents.com/,https://rovenhr.com/business/austin/3-of-cups-events-chijtz,https://rovenhr.com/contact.html?claim=3%20Of%20Cups%20Events&metro=Austin
2011,Emergency Dental Care USA,Dental & Medical,San Antonio,TX,San Antonio,4.3,1368,(210) 775-1224,https://www.emergencydental.com/sanantonio,https://rovenhr.com/business/san_antonio/emergency-dental-care-usa-chijv7,https://rovenhr.com/contact.html?claim=Emergency%20Dental%20Care%20USA&metro=San%20Antonio
2012,Complete Dental Health,Dental & Medical,San Diego,CA,San Diego,4.9,61,(619) 295-2202,https://completedentalhealth.net/,https://rovenhr.com/business/san_diego/complete-dental-health-chijj5,https://rovenhr.com/contact.html?claim=Complete%20Dental%20Health&metro=San%20Diego
2013,Air Rescue - Dunedin,Home Services,Dunedin,FL,Tampa,4.9,61,(727) 591-0206,https://airrescueflorida.com/,https://rovenhr.com/business/tampa/air-rescue-dunedin-chijkf,https://rovenhr.com/contact.html?claim=Air%20Rescue%20-%20Dunedin&metro=Tampa
2014,Belle Events formerly Belle of the Ball,Wedding & Events,Houston,TX,Houston,4.9,61,(832) 282-0693,http://www.belleevents.com/,https://rovenhr.com/business/houston/belle-events-formerly-belle-of-the-ball-chijrt,https://rovenhr.com/contact.html?claim=Belle%20Events%20formerly%20Belle%20of%20the%20Ball&metro=Houston
2015,IQvideography,Wedding & Events,San Francisco,CA,San Francisco,5,46,(415) 606-9791,https://www.iqvideography.com/,https://rovenhr.com/business/sf/iqvideography-chijdw,https://rovenhr.com/contact.html?claim=IQvideography&metro=San%20Francisco
2016,Unveiled Wedding Photography,Wedding & Events,El Cajon,CA,San Diego,5,46,(619) 660-2712,https://unveiledwedding.com/,https://rovenhr.com/business/san_diego/unveiled-wedding-photography-chije5,https://rovenhr.com/contact.html?claim=Unveiled%20Wedding%20Photography&metro=San%20Diego
2017,GR Air Conditioning,Home Services,Los Angeles,CA,Los Angeles,5,46,(213) 469-8632,http://grairconditioning.com/,https://rovenhr.com/business/la/gr-air-conditioning-chijpx,https://rovenhr.com/contact.html?claim=GR%20Air%20Conditioning&metro=Los%20Angeles
2018,HVAC Refrigeration Frost Refrigeration Engineering LLC,Home Services,Phoenix,AZ,Phoenix,5,46,(602) 657-3835,https://frostref.com/,https://rovenhr.com/business/phoenix/hvac-refrigeration-frost-refrigeration-engineering-llc-chijtw,https://rovenhr.com/contact.html?claim=HVAC%20Refrigeration%20Frost%20Refrigeration%20Engineering%20LLC&metro=Phoenix
2019,Roach Heating And Air Conditioning,Home Services,Sacramento,CA,Sacramento,5,46,(916) 605-8583,https://roachhvac.com/,https://rovenhr.com/business/sacramento/roach-heating-and-air-conditioning-chijgs,https://rovenhr.com/contact.html?claim=Roach%20Heating%20And%20Air%20Conditioning&metro=Sacramento
2020,North Point Photography,Wedding & Events,San Francisco,CA,San Francisco,5,46,(415) 931-9998,http://npointphoto.com/,https://rovenhr.com/business/sf/north-point-photography-chijj6,https://rovenhr.com/contact.html?claim=North%20Point%20Photography&metro=San%20Francisco
2021,"Immaculate Events, LLC",Wedding & Events,Orlando,FL,Orlando,5,46,(321) 202-0770,https://immacevents.com/,https://rovenhr.com/business/orlando/immaculate-events-llc-chijsu,"https://rovenhr.com/contact.html?claim=Immaculate%20Events,%20LLC&metro=Orlando"
2022,Moonlit Weddings,Wedding & Events,Austin,TX,Austin,5,46,(908) 216-7831,https://moonlitweddings.com/,https://rovenhr.com/business/austin/moonlit-weddings-chijs_,https://rovenhr.com/contact.html?claim=Moonlit%20Weddings&metro=Austin
2023,Drain Time Plumbing Of Sacramento,Home Services,Sacramento,CA,Sacramento,4.8,84,(916) 964-2551,https://www.draintime.com/service-area/sacramento-ca?utm_source=google&utm_medium=organic&utm_campaign=GMBListing-Sacramento-CA,https://rovenhr.com/business/sacramento/drain-time-plumbing-of-sacramento-chijy5,https://rovenhr.com/contact.html?claim=Drain%20Time%20Plumbing%20Of%20Sacramento&metro=Sacramento
2024,Clinica Dental of Texas,Dental & Medical,Dallas,TX,Dallas–Fort Worth,4.6,188,(214) 997-6831,https://clinicadentaltx.com/,https://rovenhr.com/business/dfw/clinica-dental-of-texas-chij0w,https://rovenhr.com/contact.html?claim=Clinica%20Dental%20of%20Texas&metro=Dallas–Fort%20Worth
2025,Dr. David J. Li - San Diego Orthodontic Specialists,Dental & Medical,San Diego,CA,San Diego,4.8,83,(858) 450-1334,http://www.smiles4sd.com/,https://rovenhr.com/business/san_diego/dr-david-j-li-san-diego-orthodontic-specialists-chij3z,https://rovenhr.com/contact.html?claim=Dr.%20David%20J.%20Li%20-%20San%20Diego%20Orthodontic%20Specialists&metro=San%20Diego
2026,Image Orthodontics - Mission District,Dental & Medical,San Francisco,CA,San Francisco,4.9,60,(415) 322-1809,https://imageorthodontics.com/locations/san-francisco-mission-district-orthodontist/?utm_source=google&utm_medium=organic&utm_campaign=gbp-mission-website-clicks,https://rovenhr.com/business/sf/image-orthodontics-mission-district-chij5x,https://rovenhr.com/contact.html?claim=Image%20Orthodontics%20-%20Mission%20District&metro=San%20Francisco
2027,AccuTemp Refrigeration,Home Services,Phoenix,AZ,Phoenix,4.7,120,(602) 957-3745,https://accutempaz.com/,https://rovenhr.com/business/phoenix/accutemp-refrigeration-chijl7,https://rovenhr.com/contact.html?claim=AccuTemp%20Refrigeration&metro=Phoenix
2028,PlumbTech,Home Services,San Diego,CA,San Diego,4.9,60,(800) 388-8149,https://plumbtechpros.com/,https://rovenhr.com/business/san_diego/plumbtech-chijr5,https://rovenhr.com/contact.html?claim=PlumbTech&metro=San%20Diego
2029,Dentists at North Park,Dental & Medical,San Diego,CA,San Diego,4.7,119,(619) 704-0685,https://www.dentistsatnorthpark.com/?sc_cid=GBP%3AO%3AGP%3A1183%3AOrganic_Search%3AGeneral%3Ana&_vsrefdom=organic_gbp&y_source=1_MTA1Mzk4MzcyMC03MTUtbG9jYXRpb24ud2Vic2l0ZQ%3D%3D,https://rovenhr.com/business/san_diego/dentists-at-north-park-chiju6,https://rovenhr.com/contact.html?claim=Dentists%20at%20North%20Park&metro=San%20Diego
2030,HDmediaTV,Wedding & Events,San Antonio,TX,San Antonio,5,45,(210) 530-1052,http://hdmedia.tv/,https://rovenhr.com/business/san_antonio/hdmediatv-chij-w,https://rovenhr.com/contact.html?claim=HDmediaTV&metro=San%20Antonio
2031,Betts & Co Events,Wedding & Events,Austin,TX,Austin,5,45,(713) 408-8742,https://www.bettsevents.com/,https://rovenhr.com/business/austin/betts-co-events-chijaq,https://rovenhr.com/contact.html?claim=Betts%20&%20Co%20Events&metro=Austin
2032,SAC HEATING AND AIR,Home Services,West Sacramento,CA,Sacramento,4.9,59,(916) 694-4446,https://sac-hvac.com/,https://rovenhr.com/business/sacramento/sac-heating-and-air-chij1v,https://rovenhr.com/contact.html?claim=SAC%20HEATING%20AND%20AIR&metro=Sacramento
2033,TRC Heating & Air,Home Services,Sacramento,CA,Sacramento,4.9,59,(916) 314-2175,http://www.sacairrepair.com/,https://rovenhr.com/business/sacramento/trc-heating-air-chijy6,https://rovenhr.com/contact.html?claim=TRC%20Heating%20&%20Air&metro=Sacramento
2034,The Keeler Property,Wedding & Events,Jacksonville,FL,Jacksonville,4.8,81,(904) 535-7127,http://www.thekeelerproperty.com/,https://rovenhr.com/business/jacksonville/the-keeler-property-chijax,https://rovenhr.com/contact.html?claim=The%20Keeler%20Property&metro=Jacksonville
2035,Chavez & Sons,Home Services,Tampa,FL,Tampa,4.7,117,(813) 640-3400,https://chavezsonshvacservices.com/tampa-fl/,https://rovenhr.com/business/tampa/chavez-sons-chijfx,https://rovenhr.com/contact.html?claim=Chavez%20&%20Sons&metro=Tampa
2036,Western Dental & Orthodontics,Dental & Medical,San Francisco,CA,San Francisco,4.2,3533,(415) 285-9847,https://www.westerndental.com/en-us/find-a-location/california/san-francisco/2626-mission-street/?utm_source=GMB&utm_medium=organic,https://rovenhr.com/business/sf/western-dental-orthodontics-chijcd,https://rovenhr.com/contact.html?claim=Western%20Dental%20&%20Orthodontics&metro=San%20Francisco
2037,Furnace Repair,Home Services,Los Angeles,CA,Los Angeles,4.9,75,(213) 753-8704,,https://rovenhr.com/business/la/furnace-repair-chij19,https://rovenhr.com/contact.html?claim=Furnace%20Repair&metro=Los%20Angeles
2038,Snappr Photography,Wedding & Events,Miami,FL,Miami,4.7,155,(786) 490-2099,,https://rovenhr.com/business/miami/snappr-photography-chijq6,https://rovenhr.com/contact.html?claim=Snappr%20Photography&metro=Miami
2039,Santa Cruz Dental Care,Dental & Medical,Sacramento,CA,Sacramento,4.8,80,(916) 800-3444,http://www.santacruzdc.com/,https://rovenhr.com/business/sacramento/santa-cruz-dental-care-chijl8,https://rovenhr.com/contact.html?claim=Santa%20Cruz%20Dental%20Care&metro=Sacramento
2040,Labif Filmhouse,Wedding & Events,St. Petersburg,FL,Tampa,5,44,(813) 999-0012,https://www.labiffilmhouse.com/,https://rovenhr.com/business/tampa/labif-filmhouse-chij5_,https://rovenhr.com/contact.html?claim=Labif%20Filmhouse&metro=Tampa
2041,Julianna Claire Photography,Wedding & Events,Tampa,FL,Tampa,5,44,(727) 648-9460,https://www.juliannaclairephotography.com/,https://rovenhr.com/business/tampa/julianna-claire-photography-chijja,https://rovenhr.com/contact.html?claim=Julianna%20Claire%20Photography&metro=Tampa
2042,dlmvisuals,Wedding & Events,Houston,TX,Houston,5,44,(346) 402-2408,http://www.dlmvisuals.com/,https://rovenhr.com/business/houston/dlmvisuals-chijx_,https://rovenhr.com/contact.html?claim=dlmvisuals&metro=Houston
2043,V2 Visuals,Wedding & Events,San Diego,CA,San Diego,5,44,(619) 815-5166,https://v2visuals.com/,https://rovenhr.com/business/san_diego/v2-visuals-chijyz,https://rovenhr.com/contact.html?claim=V2%20Visuals&metro=San%20Diego
2044,Grovefilm,Wedding & Events,Tampa,FL,Tampa,5,44,(863) 207-8684,https://grovefilm.com/,https://rovenhr.com/business/tampa/grovefilm-chijs6,https://rovenhr.com/contact.html?claim=Grovefilm&metro=Tampa
2045,Eventology Weddings,Wedding & Events,Houston,TX,Houston,5,44,(713) 409-5737,http://www.eventologyweddings.com/,https://rovenhr.com/business/houston/eventology-weddings-chiju6,https://rovenhr.com/contact.html?claim=Eventology%20Weddings&metro=Houston
2046,Jackson & Foster Heating & Air Conditioning,Home Services,San Diego,CA,San Diego,4.9,58,(619) 667-4328,https://jacksonfoster.com/,https://rovenhr.com/business/san_diego/jackson-foster-heating-air-conditioning-chij0e,https://rovenhr.com/contact.html?claim=Jackson%20&%20Foster%20Heating%20&%20Air%20Conditioning&metro=San%20Diego
2047,Simply Captivating Photography,Wedding & Events,Miami,FL,Miami,4.9,58,(786) 663-8490,http://www.simplycaptivating.com/,https://rovenhr.com/business/miami/simply-captivating-photography-chiji-,https://rovenhr.com/contact.html?claim=Simply%20Captivating%20Photography&metro=Miami
2048,Stryde Studios,Wedding & Events,San Antonio,TX,San Antonio,4.9,58,(210) 460-2777,http://www.strydestudios.com/,https://rovenhr.com/business/san_antonio/stryde-studios-chijwe,https://rovenhr.com/contact.html?claim=Stryde%20Studios&metro=San%20Antonio
2049,Great Expressions Dental Centers - Northside JAX,Dental & Medical,Jacksonville,FL,Jacksonville,4.4,565,(904) 575-2171,https://www.greatexpressions.com/dental-offices/dentist-in-jacksonville-florida-dunn-ave/,https://rovenhr.com/business/jacksonville/great-expressions-dental-centers-northside-jax-chijp0,https://rovenhr.com/contact.html?claim=Great%20Expressions%20Dental%20Centers%20-%20Northside%20JAX&metro=Jacksonville
2050,Eclipse Event Co.,Wedding & Events,Austin,TX,Austin,4.8,95,,https://www.eclipseeventco.com/,https://rovenhr.com/business/austin/eclipse-event-co-chije9,https://rovenhr.com/contact.html?claim=Eclipse%20Event%20Co.&metro=Austin
2051,Great Expressions Dental Centers - Downtown,Dental & Medical,Tampa,FL,Tampa,4.4,560,(813) 257-9475,https://www.greatexpressions.com/dental-offices/dentist-in-tampa-florida-n-12th-st/,https://rovenhr.com/business/tampa/great-expressions-dental-centers-downtown-chijgw,https://rovenhr.com/contact.html?claim=Great%20Expressions%20Dental%20Centers%20-%20Downtown&metro=Tampa
2052,By John Allen,Wedding & Events,Austin,TX,Austin,4.9,68,,http://www.byjohnallen.com/,https://rovenhr.com/business/austin/by-john-allen-chijzz,https://rovenhr.com/contact.html?claim=By%20John%20Allen&metro=Austin
2053,All Care Dental - Dallas,Dental & Medical,Dallas,TX,Dallas–Fort Worth,4.6,176,(469) 701-2982,https://www.myallcarefamilydental.com/?utm_source=GMB&utm_medium=seo&utm_campaign=GBP,https://rovenhr.com/business/dfw/all-care-dental-dallas-chijo2,https://rovenhr.com/contact.html?claim=All%20Care%20Dental%20-%20Dallas&metro=Dallas–Fort%20Worth
2054,Texas Plumbing,Home Services,Houston,TX,Houston,4.6,175,(713) 478-5766,https://www.texasplumbing911.com/,https://rovenhr.com/business/houston/texas-plumbing-chijs9,https://rovenhr.com/contact.html?claim=Texas%20Plumbing&metro=Houston
2055,AMS Pictures,Wedding & Events,Dallas,TX,Dallas–Fort Worth,4.9,57,(972) 818-7400,https://amspictures.com/,https://rovenhr.com/business/dfw/ams-pictures-chijf4,https://rovenhr.com/contact.html?claim=AMS%20Pictures&metro=Dallas–Fort%20Worth
2056,Weddings Unlimited,Wedding & Events,San Antonio,TX,San Antonio,4.9,57,(877) 374-2329,http://weddingsunlimited.com/,https://rovenhr.com/business/san_antonio/weddings-unlimited-chijzf,https://rovenhr.com/contact.html?claim=Weddings%20Unlimited&metro=San%20Antonio
2057,Mandy Scott Events,Wedding & Events,San Francisco,CA,San Francisco,4.9,57,(415) 441-5973,http://www.mandyscottevents.com/,https://rovenhr.com/business/sf/mandy-scott-events-chijyd,https://rovenhr.com/contact.html?claim=Mandy%20Scott%20Events&metro=San%20Francisco
2058,Park View Orthodontics,Dental & Medical,San Diego,CA,San Diego,4.8,78,(619) 295-2288,https://www.boutiqueorthosd.com/,https://rovenhr.com/business/san_diego/park-view-orthodontics-chijew,https://rovenhr.com/contact.html?claim=Park%20View%20Orthodontics&metro=San%20Diego
2059,Gonza Photography,Wedding & Events,Miami,FL,Miami,5,43,(786) 659-1157,https://gonza.co/,https://rovenhr.com/business/miami/gonza-photography-chijat,https://rovenhr.com/contact.html?claim=Gonza%20Photography&metro=Miami
2060,West Lake Heating & HVAC,Home Services,Los Angeles,CA,Los Angeles,5,43,(818) 928-6887,https://www.westlakeheatingandhvac.com/,https://rovenhr.com/business/la/west-lake-heating-hvac-chijkv,https://rovenhr.com/contact.html?claim=West%20Lake%20Heating%20&%20HVAC&metro=Los%20Angeles
2061,LoveLee Events,Wedding & Events,Jacksonville,FL,Jacksonville,5,43,(904) 575-1242,http://www.loveleeeventsjax.com/,https://rovenhr.com/business/jacksonville/lovelee-events-chijlz,https://rovenhr.com/contact.html?claim=LoveLee%20Events&metro=Jacksonville
2062,Magma Blue Studios,Wedding & Events,Los Angeles,CA,Los Angeles,5,43,(562) 742-6232,http://www.magmabluestudios.com/,https://rovenhr.com/business/la/magma-blue-studios-chijwx,https://rovenhr.com/contact.html?claim=Magma%20Blue%20Studios&metro=Los%20Angeles
2063,HVAC in LA,Home Services,Los Angeles,CA,Los Angeles,5,43,(818) 697-6699,https://www.hvacinla.com/,https://rovenhr.com/business/la/hvac-in-la-chija3,https://rovenhr.com/contact.html?claim=HVAC%20in%20LA&metro=Los%20Angeles
2064,The Menarys | Photography,Wedding & Events,Dallas,TX,Dallas–Fort Worth,5,43,(214) 945-3970,http://themenarys.com/,https://rovenhr.com/business/dfw/the-menarys-photography-chijd5,https://rovenhr.com/contact.html?claim=The%20Menarys%20|%20Photography&metro=Dallas–Fort%20Worth
2065,Nate Messarra Photography,Wedding & Events,Houston,TX,Houston,5,43,(832) 425-1795,https://www.natemessarra.com/,https://rovenhr.com/business/houston/nate-messarra-photography-chijkz,https://rovenhr.com/contact.html?claim=Nate%20Messarra%20Photography&metro=Houston
2066,ASAP AIR A/C and Heating,Home Services,Houston,TX,Houston,5,43,(713) 862-1775,https://www.asapairhoustonac.com/,https://rovenhr.com/business/houston/asap-air-a-c-and-heating-chijnf,https://rovenhr.com/contact.html?claim=ASAP%20AIR%20A/C%20and%20Heating&metro=Houston
2067,Thats Amore Films,Wedding & Events,Austin,TX,Austin,5,43,(972) 998-3172,http://www.thatsamorefilms.com/?utm_source=google&utm_medium=wix_google_business_profile&utm_campaign=9441678817336524302,https://rovenhr.com/business/austin/thats-amore-films-chijur,https://rovenhr.com/contact.html?claim=Thats%20Amore%20Films&metro=Austin
2068,Arden Town Dental,Dental & Medical,Sacramento,CA,Sacramento,4.4,538,(916) 428-3546,https://www.ardentowndental.com/,https://rovenhr.com/business/sacramento/arden-town-dental-chijcb,https://rovenhr.com/contact.html?claim=Arden%20Town%20Dental&metro=Sacramento
2069,Sage Dental of Miami at Airpark Plaza,Dental & Medical,Miami,FL,Miami,4.5,286,(786) 648-7332,https://mysagedental.com/miami-at-airpark-plaza?utm_source=Google&utm_medium=Business_Listing,https://rovenhr.com/business/miami/sage-dental-of-miami-at-airpark-plaza-chijq3,https://rovenhr.com/contact.html?claim=Sage%20Dental%20of%20Miami%20at%20Airpark%20Plaza&metro=Miami
2070,M. B. Kiser Heating & Air Conditioning Co. Inc.,Home Services,Dallas,TX,Dallas–Fort Worth,4.9,56,(214) 884-5834,https://mbkiser.com/?utm_campaign=gmb,https://rovenhr.com/business/dfw/m-b-kiser-heating-air-conditioning-co-inc-chijxb,https://rovenhr.com/contact.html?claim=M.%20B.%20Kiser%20Heating%20&%20Air%20Conditioning%20Co.%20Inc.&metro=Dallas–Fort%20Worth
2071,Casa Feliz Wedding Venue,Wedding & Events,Winter Park,FL,Orlando,4.8,76,(407) 628-0230,http://www.casafelizvenue.com/,https://rovenhr.com/business/orlando/casa-feliz-wedding-venue-chijjz,https://rovenhr.com/contact.html?claim=Casa%20Feliz%20Wedding%20Venue&metro=Orlando
2072,Downey Street Events,Wedding & Events,San Francisco,CA,San Francisco,5,42,(724) 877-6966,https://downeystreetevents.com/,https://rovenhr.com/business/sf/downey-street-events-chij28,https://rovenhr.com/contact.html?claim=Downey%20Street%20Events&metro=San%20Francisco
2073,KimFilms Weddings,Wedding & Events,Santa Ana,CA,Los Angeles,5,42,(818) 570-8899,http://kimfilms.com/,https://rovenhr.com/business/la/kimfilms-weddings-chij5z,https://rovenhr.com/contact.html?claim=KimFilms%20Weddings&metro=Los%20Angeles
2074,Caitlin McWeeney Photography,Wedding & Events,Austin,TX,Austin,5,42,(817) 602-9888,http://caitlinmcweeney.com/,https://rovenhr.com/business/austin/caitlin-mcweeney-photography-chije2,https://rovenhr.com/contact.html?claim=Caitlin%20McWeeney%20Photography&metro=Austin
2075,MSJ Event- Indian wedding planner and decorator,Wedding & Events,Austin,TX,Austin,5,42,(732) 513-7279,http://msjevent.com/,https://rovenhr.com/business/austin/msj-event-indian-wedding-planner-and-decorator-chijf-,https://rovenhr.com/contact.html?claim=MSJ%20Event-%20Indian%20wedding%20planner%20and%20decorator&metro=Austin
2076,Musaweron Photography,Wedding & Events,Tampa,FL,Tampa,5,42,(407) 760-6717,https://www.musaweron.com/,https://rovenhr.com/business/tampa/musaweron-photography-chijkt,https://rovenhr.com/contact.html?claim=Musaweron%20Photography&metro=Tampa
2077,Austin's Green Air & Heating,Home Services,Austin,TX,Austin,4.7,109,(512) 598-6923,https://www.austinsgreenair.com/,https://rovenhr.com/business/austin/austin-s-green-air-heating-chijxf,https://rovenhr.com/contact.html?claim=Austin's%20Green%20Air%20&%20Heating&metro=Austin
2078,Sarah Thompson Photography,Wedding & Events,San Antonio,TX,San Antonio,5,42,(801) 874-7611,http://www.sarahthompsonphotos.com/,https://rovenhr.com/business/san_antonio/sarah-thompson-photography-chijf1,https://rovenhr.com/contact.html?claim=Sarah%20Thompson%20Photography&metro=San%20Antonio
2079,Florida Wedding Supplies,Wedding & Events,Jacksonville,FL,Jacksonville,5,42,(904) 699-8704,http://www.jacksonvilleweddingplanner.net/,https://rovenhr.com/business/jacksonville/florida-wedding-supplies-chijnw,https://rovenhr.com/contact.html?claim=Florida%20Wedding%20Supplies&metro=Jacksonville
2080,Soul Agave Proposal + Wedding Planner,Wedding & Events,Gilbert,AZ,Phoenix,5,42,(480) 800-4853,https://soulagave.com/,https://rovenhr.com/business/phoenix/soul-agave-proposal-wedding-planner-chijuz,https://rovenhr.com/contact.html?claim=Soul%20Agave%20Proposal%20+%20Wedding%20Planner&metro=Phoenix
2081,Stardust Celebrations,Wedding & Events,Dallas,TX,Dallas–Fort Worth,5,42,(972) 978-8693,http://www.stardustcelebrations.com/,https://rovenhr.com/business/dfw/stardust-celebrations-chijxc,https://rovenhr.com/contact.html?claim=Stardust%20Celebrations&metro=Dallas–Fort%20Worth
2082,All Climate Solutions,Home Services,Sacramento,CA,Sacramento,4.9,55,(916) 432-9620,https://acshvacpro.com/,https://rovenhr.com/business/sacramento/all-climate-solutions-chij-9,https://rovenhr.com/contact.html?claim=All%20Climate%20Solutions&metro=Sacramento
2083,SOMA Dental,Dental & Medical,San Francisco,CA,San Francisco,4.9,55,(415) 558-9800,https://www.somadental.com/,https://rovenhr.com/business/sf/soma-dental-chij5-,https://rovenhr.com/contact.html?claim=SOMA%20Dental&metro=San%20Francisco
2084,Tanya Bondarenko Photography,Wedding & Events,Jacksonville,FL,Jacksonville,4.9,55,(503) 866-3386,http://tanyabondarenko.com/,https://rovenhr.com/business/jacksonville/tanya-bondarenko-photography-chijhe,https://rovenhr.com/contact.html?claim=Tanya%20Bondarenko%20Photography&metro=Jacksonville
2085,A-1 Plumbing Supply San Francisco,Home Services,San Francisco,CA,San Francisco,4.9,55,(415) 431-7803,http://a1plumbingsupplysf.com/,https://rovenhr.com/business/sf/a-1-plumbing-supply-san-francisco-chijlt,https://rovenhr.com/contact.html?claim=A-1%20Plumbing%20Supply%20San%20Francisco&metro=San%20Francisco
2086,LA HVAC Pro,Home Services,Los Angeles,CA,Los Angeles,4.9,55,(213) 290-9201,http://losangeles-heatingairconditioning.com/about-us/,https://rovenhr.com/business/la/la-hvac-pro-chijvv,https://rovenhr.com/contact.html?claim=LA%20HVAC%20Pro&metro=Los%20Angeles
2087,The Maples,Wedding & Events,Woodland,CA,Sacramento,4.6,166,(530) 379-3681,http://themapleswoodland.com/,https://rovenhr.com/business/sacramento/the-maples-chijye,https://rovenhr.com/contact.html?claim=The%20Maples&metro=Sacramento
2088,Comfort Dental Thousand Oaks - San Antonio,Dental & Medical,San Antonio,TX,San Antonio,4.5,275,(210) 497-6700,https://scheduler.teamcaredental.com/92eWRm5k/bookonline/step-1,https://rovenhr.com/business/san_antonio/comfort-dental-thousand-oaks-san-antonio-chijw9,https://rovenhr.com/contact.html?claim=Comfort%20Dental%20Thousand%20Oaks%20-%20San%20Antonio&metro=San%20Antonio
2089,M&S Mechanical for AC and Heating,Home Services,Houston,TX,Houston,4.7,107,(713) 489-3823,https://ms-mechanical-ac.com/,https://rovenhr.com/business/houston/m-s-mechanical-for-ac-and-heating-chijmq,https://rovenhr.com/contact.html?claim=M&S%20Mechanical%20for%20AC%20and%20Heating&metro=Houston
2090,Smile Design Downtown,Dental & Medical,Tampa,FL,Tampa,4.4,509,(813) 331-6934,https://thesmiledesigndowntown.com/,https://rovenhr.com/business/tampa/smile-design-downtown-chij7a,https://rovenhr.com/contact.html?claim=Smile%20Design%20Downtown&metro=Tampa
2091,PMC Photography,Wedding & Events,San Diego,CA,San Diego,4.9,54,(714) 343-4159,https://www.pmc-photography.com/,https://rovenhr.com/business/san_diego/pmc-photography-chije1,https://rovenhr.com/contact.html?claim=PMC%20Photography&metro=San%20Diego
2092,Hare Air Conditioning & Heating,Home Services,Dallas,TX,Dallas–Fort Worth,4.9,54,(469) 547-5209,https://callhare.com/,https://rovenhr.com/business/dfw/hare-air-conditioning-heating-chijpz,https://rovenhr.com/contact.html?claim=Hare%20Air%20Conditioning%20&%20Heating&metro=Dallas–Fort%20Worth
2093,Medical Center Dental Group,Dental & Medical,Houston,TX,Houston,4.9,54,(713) 795-5905,https://www.ingeniousdentistry.com/,https://rovenhr.com/business/houston/medical-center-dental-group-chijr0,https://rovenhr.com/contact.html?claim=Medical%20Center%20Dental%20Group&metro=Houston
2094,Fabulous Homes Heating & Air,Home Services,San Diego,CA,San Diego,5,41,(619) 889-5834,https://www.fabuloushomesheatingandair.com/,https://rovenhr.com/business/san_diego/fabulous-homes-heating-air-chijb5,https://rovenhr.com/contact.html?claim=Fabulous%20Homes%20Heating%20&%20Air&metro=San%20Diego
2095,"Nestor Ruscel Photography, Videography and Livestream Service",Wedding & Events,San Diego,CA,San Diego,5,41,(224) 829-4142,https://www.theknot.com/marketplace/nestor-ruscel-photography-videography-and-live-streaming-san-diego-ca-2049258,https://rovenhr.com/business/san_diego/nestor-ruscel-photography-videography-and-livestream-service-chijl4,"https://rovenhr.com/contact.html?claim=Nestor%20Ruscel%20Photography,%20Videography%20and%20Livestream%20Service&metro=San%20Diego"
2096,Monaco Wedding Films,Wedding & Events,Miami,FL,Miami,5,41,(786) 398-7209,https://monacoweddingfilms.com/,https://rovenhr.com/business/miami/monaco-wedding-films-chijy6,https://rovenhr.com/contact.html?claim=Monaco%20Wedding%20Films&metro=Miami
2097,Travel Weddings Photography & Videography,Wedding & Events,Austin,TX,Austin,5,48,,https://travel-weddings.com/,https://rovenhr.com/business/austin/travel-weddings-photography-videography-chija2,https://rovenhr.com/contact.html?claim=Travel%20Weddings%20Photography%20&%20Videography&metro=Austin
2098,"Transition Films,LLC",Wedding & Events,Houston,TX,Houston,5,41,(512) 549-0465,http://transitionfilms.net/,https://rovenhr.com/business/houston/transition-films-llc-chijbs,"https://rovenhr.com/contact.html?claim=Transition%20Films,LLC&metro=Houston"
2099,Sfilm | San Francisco Wedding Photographer & Videographer,Wedding & Events,San Francisco,CA,San Francisco,5,41,(415) 420-7164,https://www.sfilm.us/,https://rovenhr.com/business/sf/sfilm-san-francisco-wedding-photographer-videographer-chijbs,https://rovenhr.com/contact.html?claim=Sfilm%20|%20San%20Francisco%20Wedding%20Photographer%20&%20Videographer&metro=San%20Francisco
2100,David Pezzat Photographers,Wedding & Events,San Antonio,TX,San Antonio,5,41,(210) 414-2382,https://www.davidpezzat.com/,https://rovenhr.com/business/san_antonio/david-pezzat-photographers-chijvt,https://rovenhr.com/contact.html?claim=David%20Pezzat%20Photographers&metro=San%20Antonio
2101,Vizcaya,Wedding & Events,Sacramento,CA,Sacramento,4.4,498,(916) 594-9285,http://vizcayasacramento.com/,https://rovenhr.com/business/sacramento/vizcaya-chij69,https://rovenhr.com/contact.html?claim=Vizcaya&metro=Sacramento
2102,Complete Comfort Dental Care - Sacramento,Dental & Medical,Sacramento,CA,Sacramento,4.6,160,(916) 486-8558,https://www.completecomfortdentalcare.com/,https://rovenhr.com/business/sacramento/complete-comfort-dental-care-sacramento-chijb5,https://rovenhr.com/contact.html?claim=Complete%20Comfort%20Dental%20Care%20-%20Sacramento&metro=Sacramento
2103,Ez Plumbing Repair Services,Home Services,Miami,FL,Miami,4.9,53,(786) 239-6529,https://www.miamifloridaplumbing.com/,https://rovenhr.com/business/miami/ez-plumbing-repair-services-chij21,https://rovenhr.com/contact.html?claim=Ez%20Plumbing%20Repair%20Services&metro=Miami
2104,The Glass Factory,Wedding & Events,Jacksonville,FL,Jacksonville,4.5,264,(904) 414-5277,http://theglassfactory.com/,https://rovenhr.com/business/jacksonville/the-glass-factory-chij7r,https://rovenhr.com/contact.html?claim=The%20Glass%20Factory&metro=Jacksonville
2105,Union Brick by Wedgewood Weddings,Wedding & Events,Roseville,CA,Sacramento,4.5,264,(866) 966-3009,https://www.wedgewoodweddings.com/unionbrick?utm_source=google&utm_medium=organic&utm_campaign=gmb&utm_content=union-brick,https://rovenhr.com/business/sacramento/union-brick-by-wedgewood-weddings-chijrq,https://rovenhr.com/contact.html?claim=Union%20Brick%20by%20Wedgewood%20Weddings&metro=Sacramento
2106,Great American Air Conditioning,Home Services,Phoenix,AZ,Phoenix,4.8,72,(480) 500-8311,https://www.greatamericanairconditioning.com/?utm_source=google&utm_medium=organic&utm_campaign=gbp,https://rovenhr.com/business/phoenix/great-american-air-conditioning-chijgt,https://rovenhr.com/contact.html?claim=Great%20American%20Air%20Conditioning&metro=Phoenix
2107,Southern Palms Studio,Wedding & Events,St. Augustine,FL,Jacksonville,5,47,,http://www.southernpalmsstudio.com/,https://rovenhr.com/business/jacksonville/southern-palms-studio-chijk5,https://rovenhr.com/contact.html?claim=Southern%20Palms%20Studio&metro=Jacksonville
2108,David Taylor Air Conditioning & Heating Company,Home Services,Jacksonville,FL,Jacksonville,4.7,103,(904) 783-6800,https://davidtaylorair.com/,https://rovenhr.com/business/jacksonville/david-taylor-air-conditioning-heating-company-chijx2,https://rovenhr.com/contact.html?claim=David%20Taylor%20Air%20Conditioning%20&%20Heating%20Company&metro=Jacksonville
2109,Sugarfree Studio,Wedding & Events,Miami,FL,Miami,5,40,(305) 767-6629,http://www.sugarfreestudio.com/,https://rovenhr.com/business/miami/sugarfree-studio-chijdx,https://rovenhr.com/contact.html?claim=Sugarfree%20Studio&metro=Miami
2110,CineCrown Studios,Wedding & Events,Sacramento,CA,Sacramento,5,40,(916) 800-3388,https://www.cinecrown.com/,https://rovenhr.com/business/sacramento/cinecrown-studios-chijw8,https://rovenhr.com/contact.html?claim=CineCrown%20Studios&metro=Sacramento
2111,Chris Wojdak Photography,Wedding & Events,San Diego,CA,San Diego,5,40,(619) 500-4270,http://www.chriswojdak.com/,https://rovenhr.com/business/san_diego/chris-wojdak-photography-chijge,https://rovenhr.com/contact.html?claim=Chris%20Wojdak%20Photography&metro=San%20Diego
2112,Los Angeles Event Photos,Wedding & Events,Anaheim,CA,Los Angeles,5,40,(714) 457-0458,https://losangeleseventphotos.com/,https://rovenhr.com/business/la/los-angeles-event-photos-chijo2,https://rovenhr.com/contact.html?claim=Los%20Angeles%20Event%20Photos&metro=Los%20Angeles
2113,I Video Creations,Wedding & Events,Doral,FL,Miami,4.9,52,(305) 591-5911,https://www.ivideocreations.com/,https://rovenhr.com/business/miami/i-video-creations-chijja,https://rovenhr.com/contact.html?claim=I%20Video%20Creations&metro=Miami
2114,Khanh Nguyen Photography,Wedding & Events,Houston,TX,Houston,4.9,52,(832) 821-6661,http://www.khanhnguyenphotography.com/,https://rovenhr.com/business/houston/khanh-nguyen-photography-chijn5,https://rovenhr.com/contact.html?claim=Khanh%20Nguyen%20Photography&metro=Houston
2115,Bow Tie Photo & Video,Wedding & Events,St. Augustine,FL,Jacksonville,4.9,52,(301) 996-5315,http://www.bowtiephoto.com/,https://rovenhr.com/business/jacksonville/bow-tie-photo-video-chijq-,https://rovenhr.com/contact.html?claim=Bow%20Tie%20Photo%20&%20Video&metro=Jacksonville
2116,ADC Dental Care - Dentist in Miami FL,Dental & Medical,Miami,FL,Miami,4.6,155,(786) 391-0112,https://adc-dentalcare.com/,https://rovenhr.com/business/miami/adc-dental-care-dentist-in-miami-fl-chij9x,https://rovenhr.com/contact.html?claim=ADC%20Dental%20Care%20-%20Dentist%20in%20Miami%20FL&metro=Miami
2117,Sacramento River Dental Group,Dental & Medical,Sacramento,CA,Sacramento,4.6,154,(916) 391-4848,https://sacramentoriverdentalgroup.com/,https://rovenhr.com/business/sacramento/sacramento-river-dental-group-chij4-,https://rovenhr.com/contact.html?claim=Sacramento%20River%20Dental%20Group&metro=Sacramento
2118,"Wilshire Smile Studio - Los Angeles Dentist, Cosmetic and Emergency Dentistry",Dental & Medical,Los Angeles,CA,Los Angeles,4.5,255,(323) 336-8478,https://ladentist.com/,https://rovenhr.com/business/la/wilshire-smile-studio-los-angeles-dentist-cosmetic-and-emerg-chijez,"https://rovenhr.com/contact.html?claim=Wilshire%20Smile%20Studio%20-%20Los%20Angeles%20Dentist,%20Cosmetic%20and%20Emergency%20Dentistry&metro=Los%20Angeles"
2119,Allexa Crosson Photography,Wedding & Events,Sacramento,CA,Sacramento,5,46,,http://allexacrosson.com/,https://rovenhr.com/business/sacramento/allexa-crosson-photography-chijgy,https://rovenhr.com/contact.html?claim=Allexa%20Crosson%20Photography&metro=Sacramento
2120,Wild Love Photography,Wedding & Events,Tampa,FL,Tampa,5,46,,http://www.wildlovephoto.com/,https://rovenhr.com/business/tampa/wild-love-photography-chijhq,https://rovenhr.com/contact.html?claim=Wild%20Love%20Photography&metro=Tampa
2121,Precision Flow Plumbing,Home Services,San Francisco,CA,San Francisco,4.8,70,(415) 873-3774,https://www.precisionflowplumbing.com/,https://rovenhr.com/business/sf/precision-flow-plumbing-chijq8,https://rovenhr.com/contact.html?claim=Precision%20Flow%20Plumbing&metro=San%20Francisco
2122,Reid and Co. Films,Wedding & Events,Round Rock,TX,Austin,5,39,(281) 202-5888,http://www.reidandcofilms.com/,https://rovenhr.com/business/austin/reid-and-co-films-chij26,https://rovenhr.com/contact.html?claim=Reid%20and%20Co.%20Films&metro=Austin
2123,WeddingScout,Wedding & Events,Austin,TX,Austin,5,39,(512) 940-3511,http://myweddingscout.com/,https://rovenhr.com/business/austin/weddingscout-chij4y,https://rovenhr.com/contact.html?claim=WeddingScout&metro=Austin
2124,MJ Wedding Photography,Wedding & Events,Miami,FL,Miami,5,39,(305) 992-6815,http://www.mjweddingphotography.com/,https://rovenhr.com/business/miami/mj-wedding-photography-chijgu,https://rovenhr.com/contact.html?claim=MJ%20Wedding%20Photography&metro=Miami
2125,New Evolution Video,Wedding & Events,San Diego,CA,San Diego,5,39,(619) 365-5529,https://newevolutionvideoproduction.com/,https://rovenhr.com/business/san_diego/new-evolution-video-chijq0,https://rovenhr.com/contact.html?claim=New%20Evolution%20Video&metro=San%20Diego
2126,Spectrum Video & Film,Wedding & Events,Phoenix,AZ,Phoenix,5,39,(602) 889-0990,http://www.spectrumvideoandfilm.com/,https://rovenhr.com/business/phoenix/spectrum-video-film-chijqv,https://rovenhr.com/contact.html?claim=Spectrum%20Video%20&%20Film&metro=Phoenix
2127,Cool & Heat Air Conditioning Corp,Home Services,Miami,FL,Miami,5,39,(786) 332-6096,https://www.coolheatairconditioningfl.com/,https://rovenhr.com/business/miami/cool-heat-air-conditioning-corp-chijva,https://rovenhr.com/contact.html?claim=Cool%20&%20Heat%20Air%20Conditioning%20Corp&metro=Miami
2128,Blue 22 Photography,Wedding & Events,Los Angeles,CA,Los Angeles,5,39,(213) 384-0058,http://www.blue22photography.com/,https://rovenhr.com/business/la/blue-22-photography-chijz5,https://rovenhr.com/contact.html?claim=Blue%2022%20Photography&metro=Los%20Angeles
2129,Beyond Smitten Events,Wedding & Events,Sacramento,CA,Sacramento,5,39,(925) 381-6358,http://www.beyondsmittenevents.com/,https://rovenhr.com/business/sacramento/beyond-smitten-events-chij_4,https://rovenhr.com/contact.html?claim=Beyond%20Smitten%20Events&metro=Sacramento
2130,ZLuna Wedding Photography,Wedding & Events,Dallas,TX,Dallas–Fort Worth,5,39,(214) 609-2990,http://zlunaphotography.com/,https://rovenhr.com/business/dfw/zluna-wedding-photography-chijsz,https://rovenhr.com/contact.html?claim=ZLuna%20Wedding%20Photography&metro=Dallas–Fort%20Worth
2131,Jay Grubb Photography & Video,Wedding & Events,Jacksonville,FL,Jacksonville,4.6,151,(904) 525-6820,http://jaygrubbphotography.com/,https://rovenhr.com/business/jacksonville/jay-grubb-photography-video-chijvx,https://rovenhr.com/contact.html?claim=Jay%20Grubb%20Photography%20&%20Video&metro=Jacksonville
2132,Eola View,Wedding & Events,Orlando,FL,Orlando,4.8,69,(689) 304-1500,https://eolaview.com/,https://rovenhr.com/business/orlando/eola-view-chij38,https://rovenhr.com/contact.html?claim=Eola%20View&metro=Orlando
2133,Plumbing Sacramento & Water Heater Services,Home Services,Sacramento,CA,Sacramento,5,49,(279) 348-7473,,https://rovenhr.com/business/sacramento/plumbing-sacramento-water-heater-services-chijb_,https://rovenhr.com/contact.html?claim=Plumbing%20Sacramento%20&%20Water%20Heater%20Services&metro=Sacramento
2134,John & Son HVAC Service,Home Services,Los Angeles,CA,Los Angeles,4.9,64,(424) 330-2313,,https://rovenhr.com/business/la/john-son-hvac-service-chijat,https://rovenhr.com/contact.html?claim=John%20&%20Son%20HVAC%20Service&metro=Los%20Angeles
2135,Miami Video Productions,Wedding & Events,Miami,FL,Miami,5,38,(305) 305-3430,http://www.miamivideoproductions.com/,https://rovenhr.com/business/miami/miami-video-productions-chij-r,https://rovenhr.com/contact.html?claim=Miami%20Video%20Productions&metro=Miami
2136,Jessielyn Wade Photography,Wedding & Events,Jacksonville,FL,Jacksonville,5,38,(904) 719-5483,http://www.jessielynwade.com/,https://rovenhr.com/business/jacksonville/jessielyn-wade-photography-chij3a,https://rovenhr.com/contact.html?claim=Jessielyn%20Wade%20Photography&metro=Jacksonville
2137,Perma Services HVAC,Home Services,Sacramento,CA,Sacramento,5,38,(916) 477-3735,https://permaemergency.com/,https://rovenhr.com/business/sacramento/perma-services-hvac-chijd9,https://rovenhr.com/contact.html?claim=Perma%20Services%20HVAC&metro=Sacramento
2138,"Cool-Rite, LLC",Home Services,Orlando,FL,Orlando,5,38,(407) 851-3338,https://www.cool-rite.com/,https://rovenhr.com/business/orlando/cool-rite-llc-chijh6,"https://rovenhr.com/contact.html?claim=Cool-Rite,%20LLC&metro=Orlando"
2139,HVAC Contractors Los Angeles,Home Services,Los Angeles,CA,Los Angeles,5,38,(213) 642-2471,https://www.hvaccontractorslosangeles.net/,https://rovenhr.com/business/la/hvac-contractors-los-angeles-chijs2,https://rovenhr.com/contact.html?claim=HVAC%20Contractors%20Los%20Angeles&metro=Los%20Angeles
2140,Focused Bliss Productions,Wedding & Events,San Diego,CA,San Diego,5,38,(781) 475-0364,http://www.focusedbliss.com/,https://rovenhr.com/business/san_diego/focused-bliss-productions-chijcx,https://rovenhr.com/contact.html?claim=Focused%20Bliss%20Productions&metro=San%20Diego
2141,Endless Visuals,Wedding & Events,Tampa,FL,Tampa,5,38,(786) 660-8712,http://endlessvisuals.co/,https://rovenhr.com/business/tampa/endless-visuals-chijd3,https://rovenhr.com/contact.html?claim=Endless%20Visuals&metro=Tampa
2142,Media Bar Productions,Wedding & Events,San Antonio,TX,San Antonio,5,38,(210) 279-9442,http://www.mediabarproductions.com/,https://rovenhr.com/business/san_antonio/media-bar-productions-chijr0,https://rovenhr.com/contact.html?claim=Media%20Bar%20Productions&metro=San%20Antonio
2143,AWV Production LLC,Wedding & Events,Jacksonville,FL,Jacksonville,5,38,(904) 425-1631,https://www.awvproduction.com/,https://rovenhr.com/business/jacksonville/awv-production-llc-chijr8,https://rovenhr.com/contact.html?claim=AWV%20Production%20LLC&metro=Jacksonville
2144,Andrew Pielage Photography,Wedding & Events,Phoenix,AZ,Phoenix,5,38,(510) 685-8113,http://www.apizm.com/,https://rovenhr.com/business/phoenix/andrew-pielage-photography-chijrw,https://rovenhr.com/contact.html?claim=Andrew%20Pielage%20Photography&metro=Phoenix
2145,Natalie Bray Photography,Wedding & Events,San Diego,CA,San Diego,5,38,(951) 264-7449,http://www.nataliebray.com/,https://rovenhr.com/business/san_diego/natalie-bray-photography-chijst,https://rovenhr.com/contact.html?claim=Natalie%20Bray%20Photography&metro=San%20Diego
2146,Los Angeles HVAC.,Home Services,Los Angeles,CA,Los Angeles,5,48,(213) 875-5770,,https://rovenhr.com/business/la/los-angeles-hvac-chijj0,https://rovenhr.com/contact.html?claim=Los%20Angeles%20HVAC.&metro=Los%20Angeles
2147,St. John Event Center,Wedding & Events,Jacksonville,FL,Jacksonville,4.8,67,(904) 206-7288,http://stjohneventcenter.com/,https://rovenhr.com/business/jacksonville/st-john-event-center-chij47,https://rovenhr.com/contact.html?claim=St.%20John%20Event%20Center&metro=Jacksonville
2148,Just 1 Plumbing,Home Services,Miami,FL,Miami,4.8,67,(786) 677-8200,https://just1plumbing.com/,https://rovenhr.com/business/miami/just-1-plumbing-chijqd,https://rovenhr.com/contact.html?claim=Just%201%20Plumbing&metro=Miami
2149,Ana King Photography,Wedding & Events,Miami,FL,Miami,5,44,,https://www.anakingphoto.com/,https://rovenhr.com/business/miami/ana-king-photography-chijg_,https://rovenhr.com/contact.html?claim=Ana%20King%20Photography&metro=Miami
2150,MIAMI SERVICE PLUMBERS | Emergency Plumbers in Miami,Home Services,Miami,FL,Miami,4.9,49,(305) 851-8853,https://emergencyplumbersmiami.com/,https://rovenhr.com/business/miami/miami-service-plumbers-emergency-plumbers-in-miami-chijg-,https://rovenhr.com/contact.html?claim=MIAMI%20SERVICE%20PLUMBERS%20|%20Emergency%20Plumbers%20in%20Miami&metro=Miami
2151,Jenny Taylor Photography,Wedding & Events,Phoenix,AZ,Phoenix,4.9,49,(312) 800-3540,http://www.jennytaylorboudoirs.com/,https://rovenhr.com/business/phoenix/jenny-taylor-photography-chijwq,https://rovenhr.com/contact.html?claim=Jenny%20Taylor%20Photography&metro=Phoenix
2152,Dreams to Reality,Wedding & Events,Orlando,FL,Orlando,4.9,49,(407) 592-9261,http://www.dreamstorealityfl.com/,https://rovenhr.com/business/orlando/dreams-to-reality-chijzb,https://rovenhr.com/contact.html?claim=Dreams%20to%20Reality&metro=Orlando
2153,West Gray Dental,Dental & Medical,Houston,TX,Houston,4.7,94,(832) 649-2465,http://westgraydental.com/,https://rovenhr.com/business/houston/west-gray-dental-chijtw,https://rovenhr.com/contact.html?claim=West%20Gray%20Dental&metro=Houston
2154,Acosta Climate Solutions,Home Services,Miami,FL,Miami,5,37,(786) 835-0553,https://acostaclimate-gdeetrd5.manus.space/,https://rovenhr.com/business/miami/acosta-climate-solutions-chij-a,https://rovenhr.com/contact.html?claim=Acosta%20Climate%20Solutions&metro=Miami
2155,Grand AC Repair,Home Services,Miami,FL,Miami,5,37,(786) 269-0401,http://top-service-ac-repair.com/miami,https://rovenhr.com/business/miami/grand-ac-repair-chij24,https://rovenhr.com/contact.html?claim=Grand%20AC%20Repair&metro=Miami
2156,Indigo Sky Studios,Wedding & Events,Sacramento,CA,Sacramento,5,37,(916) 460-2830,http://indigoskystudios.com/,https://rovenhr.com/business/sacramento/indigo-sky-studios-chijqy,https://rovenhr.com/contact.html?claim=Indigo%20Sky%20Studios&metro=Sacramento
2157,Djamel Photography,Wedding & Events,Tampa,FL,Tampa,5,37,(727) 216-7646,http://www.djamelphotography.com/,https://rovenhr.com/business/tampa/djamel-photography-chijvz,https://rovenhr.com/contact.html?claim=Djamel%20Photography&metro=Tampa
2158,Agape House Studio | Houston Wedding Photographer,Wedding & Events,Houston,TX,Houston,5,37,(832) 890-8061,http://www.agapehousestudio.com/,https://rovenhr.com/business/houston/agape-house-studio-houston-wedding-photographer-chijbr,https://rovenhr.com/contact.html?claim=Agape%20House%20Studio%20|%20Houston%20Wedding%20Photographer&metro=Houston
2159,Jenny DeMarco Photography,Wedding & Events,Austin,TX,Austin,5,37,(512) 547-3721,http://www.jennydemarco.com/,https://rovenhr.com/business/austin/jenny-demarco-photography-chijdx,https://rovenhr.com/contact.html?claim=Jenny%20DeMarco%20Photography&metro=Austin
2160,Wise Events & Design,Wedding & Events,Houston,TX,Houston,5,37,(832) 403-6176,http://www.wise-event.com/,https://rovenhr.com/business/houston/wise-events-design-chijj0,https://rovenhr.com/contact.html?claim=Wise%20Events%20&%20Design&metro=Houston
2161,Mission Valley Dentists,Dental & Medical,San Diego,CA,San Diego,4.4,429,(619) 220-0159,https://www.missionvalleydentists.com/?sc_cid=GBP%3AO%3AGP%3A270%3AOrganic_Search%3AGeneral%3Ana&_vsrefdom=organic_gbp&y_source=1_MTEwMjgzNS03MTUtbG9jYXRpb24ud2Vic2l0ZQ%3D%3D,https://rovenhr.com/business/san_diego/mission-valley-dentists-chijq6,https://rovenhr.com/contact.html?claim=Mission%20Valley%20Dentists&metro=San%20Diego
2162,Paradigm Wedding Films,Wedding & Events,Plano,TX,Dallas–Fort Worth,5,37,(936) 524-6346,http://www.paradigmweddingfilms.com/,https://rovenhr.com/business/dfw/paradigm-wedding-films-chijqz,https://rovenhr.com/contact.html?claim=Paradigm%20Wedding%20Films&metro=Dallas–Fort%20Worth
2163,Reliant Plumbing - Dallas,Home Services,Dallas,TX,Dallas–Fort Worth,4.5,233,(214) 550-0028,https://reliantplumbing.com/areas-we-serve/dallas?utm_source=google&utm_medium=GBP&utm_campaign=GBPDallas,https://rovenhr.com/business/dfw/reliant-plumbing-dallas-chij69,https://rovenhr.com/contact.html?claim=Reliant%20Plumbing%20-%20Dallas&metro=Dallas–Fort%20Worth
2164,Max Photography,Wedding & Events,Austin,TX,Austin,4.9,48,(512) 964-8709,https://www.maxphotography.com/,https://rovenhr.com/business/austin/max-photography-chij-q,https://rovenhr.com/contact.html?claim=Max%20Photography&metro=Austin
2165,Father and Son Air Conditioning and Duct Orlando,Home Services,Orlando,FL,Orlando,4.9,48,(407) 929-3535,https://fatherandsonac.com/,https://rovenhr.com/business/orlando/father-and-son-air-conditioning-and-duct-orlando-chijyx,https://rovenhr.com/contact.html?claim=Father%20and%20Son%20Air%20Conditioning%20and%20Duct%20Orlando&metro=Orlando
2166,Biltmore Mechanical Heating And Cooling LLC,Home Services,Phoenix,AZ,Phoenix,4.9,48,(602) 885-7328,http://www.biltmoremechanical.com/,https://rovenhr.com/business/phoenix/biltmore-mechanical-heating-and-cooling-llc-chijuu,https://rovenhr.com/contact.html?claim=Biltmore%20Mechanical%20Heating%20And%20Cooling%20LLC&metro=Phoenix
2167,Westgate Events,Wedding & Events,Scottsdale,AZ,Phoenix,5,43,,http://www.westgateeventplanning.com/,https://rovenhr.com/business/phoenix/westgate-events-chijhf,https://rovenhr.com/contact.html?claim=Westgate%20Events&metro=Phoenix
2168,Prism Health North Texas Dental Care,Dental & Medical,Dallas,TX,Dallas–Fort Worth,4.6,139,(214) 257-1082,https://www.phntx.org/locations/phntx-dental-care-east-dallas/,https://rovenhr.com/business/dfw/prism-health-north-texas-dental-care-chijzw,https://rovenhr.com/contact.html?claim=Prism%20Health%20North%20Texas%20Dental%20Care&metro=Dallas–Fort%20Worth
2169,East Austin Dental,Dental & Medical,Austin,TX,Austin,4.7,91,(512) 499-0067,http://www.eastaustindental.com/,https://rovenhr.com/business/austin/east-austin-dental-chijtz,https://rovenhr.com/contact.html?claim=East%20Austin%20Dental&metro=Austin
2170,South Beach Dental,Dental & Medical,San Francisco,CA,San Francisco,4.5,226,(415) 618-0890,https://southbeachdental.net/,https://rovenhr.com/business/sf/south-beach-dental-chijor,https://rovenhr.com/contact.html?claim=South%20Beach%20Dental&metro=San%20Francisco
2171,Whittier Dental Group,Dental & Medical,Los Angeles,CA,Los Angeles,4.4,414,(323) 526-1992,https://whittierdentalgroup.com/,https://rovenhr.com/business/la/whittier-dental-group-chijz-,https://rovenhr.com/contact.html?claim=Whittier%20Dental%20Group&metro=Los%20Angeles
2172,Sasha Photography,Wedding & Events,San Francisco,CA,San Francisco,4.9,47,(415) 763-5063,https://sashaweddingphotography.com/,https://rovenhr.com/business/sf/sasha-photography-chij3q,https://rovenhr.com/contact.html?claim=Sasha%20Photography&metro=San%20Francisco
2173,New Dental Care,Dental & Medical,Miami,FL,Miami,4.9,47,(305) 649-9443,http://newdentalcaremiami.com/,https://rovenhr.com/business/miami/new-dental-care-chijt9,https://rovenhr.com/contact.html?claim=New%20Dental%20Care&metro=Miami
2174,Sensational Events,Wedding & Events,Phoenix,AZ,Phoenix,4.9,47,(602) 696-4646,http://www.sensationalevents.com/,https://rovenhr.com/business/phoenix/sensational-events-chijvb,https://rovenhr.com/contact.html?claim=Sensational%20Events&metro=Phoenix
2175,"Dr. A. Viviana Santos, Orlando Dental Care",Dental & Medical,Orlando,FL,Orlando,4.9,47,(407) 737-9444,http://www.odcare.com,https://rovenhr.com/business/orlando/dr-a-viviana-santos-orlando-dental-care-chijw7,"https://rovenhr.com/contact.html?claim=Dr.%20A.%20Viviana%20Santos,%20Orlando%20Dental%20Care&metro=Orlando"
2176,Jessica Paige Photo Co,Wedding & Events,San Diego,CA,San Diego,5,36,(770) 864-0117,https://www.jessicapaigephoto.com/,https://rovenhr.com/business/san_diego/jessica-paige-photo-co-chij59,https://rovenhr.com/contact.html?claim=Jessica%20Paige%20Photo%20Co&metro=San%20Diego
2177,SoDo Smiles Dentistry,Dental & Medical,Orlando,FL,Orlando,4.4,410,(407) 392-1521,https://www.sodosmilesdentistry.com/?sc_cid=GBP%3AO%3AGP%3A962%3AOrganic_Search%3AGeneral%3Ana&_vsrefdom=organic_gbp&y_source=1_MTE1OTMxMjMtNzE1LWxvY2F0aW9uLndlYnNpdGU%3D,https://rovenhr.com/business/orlando/sodo-smiles-dentistry-chij87,https://rovenhr.com/contact.html?claim=SoDo%20Smiles%20Dentistry&metro=Orlando
2178,Air Conditioning & Heating Austin,Home Services,Austin,TX,Austin,5,36,(512) 601-5254,https://hvac-austin.com/,https://rovenhr.com/business/austin/air-conditioning-heating-austin-chiji7,https://rovenhr.com/contact.html?claim=Air%20Conditioning%20&%20Heating%20Austin&metro=Austin
2179,Capitola Media,Wedding & Events,San Francisco,CA,San Francisco,5,36,(415) 381-0595,https://capitolamedia.com/,https://rovenhr.com/business/sf/capitola-media-chijk2,https://rovenhr.com/contact.html?claim=Capitola%20Media&metro=San%20Francisco
2180,Beachside AC Repair 24 hour,Home Services,Miami,FL,Miami,5,36,(510) 264-7593,https://acrepair24seven.com/,https://rovenhr.com/business/miami/beachside-ac-repair-24-hour-chijlf,https://rovenhr.com/contact.html?claim=Beachside%20AC%20Repair%2024%20hour&metro=Miami
2181,Zak Dental - San Diego,Dental & Medical,San Diego,CA,San Diego,4.3,869,(858) 569-9651,https://www.zakdental.com/clinic/san-diego/?utm_source=google&utm_medium=Yext&y_source=1_MTk2ODAzODEtNzE1LWxvY2F0aW9uLndlYnNpdGU%3D,https://rovenhr.com/business/san_diego/zak-dental-san-diego-chijqy,https://rovenhr.com/contact.html?claim=Zak%20Dental%20-%20San%20Diego&metro=San%20Diego
2182,KV PHOTOGRAPHY,Wedding & Events,Winter Park,FL,Orlando,5,36,(407) 923-0183,http://www.kvphotographyonline.com/,https://rovenhr.com/business/orlando/kv-photography-chijrc,https://rovenhr.com/contact.html?claim=KV%20PHOTOGRAPHY&metro=Orlando
2183,DEKO 37 Video Production,Wedding & Events,San Antonio,TX,San Antonio,5,36,(210) 573-7386,http://www.deko37.com/,https://rovenhr.com/business/san_antonio/deko-37-video-production-chije9,https://rovenhr.com/contact.html?claim=DEKO%2037%20Video%20Production&metro=San%20Antonio
2184,AAD Heating & Air Conditioning,Home Services,Houston,TX,Houston,5,36,(713) 379-1862,https://aadheatingairconditioning.xyz/,https://rovenhr.com/business/houston/aad-heating-air-conditioning-chijlf,https://rovenhr.com/contact.html?claim=AAD%20Heating%20&%20Air%20Conditioning&metro=Houston
2185,Jacqueline Hallgarth Events,Wedding & Events,Los Angeles,CA,Los Angeles,5,36,(213) 290-1729,http://www.jacquelinehallgarth.com/,https://rovenhr.com/business/la/jacqueline-hallgarth-events-chiju7,https://rovenhr.com/contact.html?claim=Jacqueline%20Hallgarth%20Events&metro=Los%20Angeles
2186,Houston Heating & Cooling Air Conditioning,Home Services,Houston,TX,Houston,4.7,120,(713) 280-5840,,https://rovenhr.com/business/houston/houston-heating-cooling-air-conditioning-chij36,https://rovenhr.com/contact.html?claim=Houston%20Heating%20&%20Cooling%20Air%20Conditioning&metro=Houston
2187,Aerotech Heating & Cooling,Home Services,Sacramento,CA,Sacramento,4.9,46,(916) 479-4787,http://www.aerotechsac.com/,https://rovenhr.com/business/sacramento/aerotech-heating-cooling-chij3q,https://rovenhr.com/contact.html?claim=Aerotech%20Heating%20&%20Cooling&metro=Sacramento
2188,N & Q Electric & Plumbing Miami,Home Services,Miami,FL,Miami,4.9,46,(305) 602-5615,https://www.nandqelectricandplumbing.com/,https://rovenhr.com/business/miami/n-q-electric-plumbing-miami-chijaq,https://rovenhr.com/contact.html?claim=N%20&%20Q%20Electric%20&%20Plumbing%20Miami&metro=Miami
2189,Grade A Studios,Wedding & Events,Houston,TX,Houston,4.9,46,(832) 535-2423,https://gradeamediaproductions.com/,https://rovenhr.com/business/houston/grade-a-studios-chij__,https://rovenhr.com/contact.html?claim=Grade%20A%20Studios&metro=Houston
2190,Head Over Heels Photography,Wedding & Events,Tampa,FL,Tampa,4.8,62,(813) 675-7140,http://headoverheelsphoto.com/,https://rovenhr.com/business/tampa/head-over-heels-photography-chijle,https://rovenhr.com/contact.html?claim=Head%20Over%20Heels%20Photography&metro=Tampa
2191,Mandy Marie Events,Wedding & Events,Scottsdale,AZ,Phoenix,5,41,,https://mandymarieevents.com/,https://rovenhr.com/business/phoenix/mandy-marie-events-chijm5,https://rovenhr.com/contact.html?claim=Mandy%20Marie%20Events&metro=Phoenix
2192,Andyworks Studio,Wedding & Events,Los Angeles,CA,Los Angeles,5,41,,http://www.andyworks-studio.com/,https://rovenhr.com/business/la/andyworks-studio-chijrb,https://rovenhr.com/contact.html?claim=Andyworks%20Studio&metro=Los%20Angeles
2193,Nichols Photographers,Wedding & Events,Sacramento,CA,Sacramento,5,35,(512) 585-9786,http://www.nicholsphotographers.com/,https://rovenhr.com/business/sacramento/nichols-photographers-chijaq,https://rovenhr.com/contact.html?claim=Nichols%20Photographers&metro=Sacramento
2194,Beverly Weddings Videography,Wedding & Events,Austin,TX,Austin,5,35,(347) 941-1626,https://beverlyweddings.com/,https://rovenhr.com/business/austin/beverly-weddings-videography-chijax,https://rovenhr.com/contact.html?claim=Beverly%20Weddings%20Videography&metro=Austin
2195,Ashlee Hamon Photography,Wedding & Events,Tampa,FL,Tampa,5,35,(813) 758-9407,http://www.ashleehamon.com/,https://rovenhr.com/business/tampa/ashlee-hamon-photography-chijn0,https://rovenhr.com/contact.html?claim=Ashlee%20Hamon%20Photography&metro=Tampa
2196,Urban Dental,Dental & Medical,Houston,TX,Houston,5,35,(713) 528-9002,http://www.urban-dental.com/,https://rovenhr.com/business/houston/urban-dental-chijns,https://rovenhr.com/contact.html?claim=Urban%20Dental&metro=Houston
2197,Video Production Company,Wedding & Events,Tampa,FL,Tampa,5,35,(813) 492-8468,https://videoproduction-company.com/video-production-tampa/?utm_campaign=GMB&utm_medium=tampa,https://rovenhr.com/business/tampa/video-production-company-chijt0,https://rovenhr.com/contact.html?claim=Video%20Production%20Company&metro=Tampa
2198,Justice Photography,Wedding & Events,San Diego,CA,San Diego,5,35,(760) 936-7854,https://www.justicephoto.com/,https://rovenhr.com/business/san_diego/justice-photography-chijvd,https://rovenhr.com/contact.html?claim=Justice%20Photography&metro=San%20Diego
2199,Bryan Anderson Weddings,Wedding & Events,Houston,TX,Houston,5,35,(832) 277-0122,https://www.bryanandersonweddings.com/,https://rovenhr.com/business/houston/bryan-anderson-weddings-chijz_,https://rovenhr.com/contact.html?claim=Bryan%20Anderson%20Weddings&metro=Houston
2200,Mai Plumbing Co Inc,Home Services,Dallas,TX,Dallas–Fort Worth,4.8,61,(214) 878-1062,https://maiplumbing.com/,https://rovenhr.com/business/dfw/mai-plumbing-co-inc-chij_0,https://rovenhr.com/contact.html?claim=Mai%20Plumbing%20Co%20Inc&metro=Dallas–Fort%20Worth
2201,MatchBox Event Co,Wedding & Events,Phoenix,AZ,Phoenix,4.9,45,(480) 710-0261,http://www.matchboxeventco.com/,https://rovenhr.com/business/phoenix/matchbox-event-co-chij1y,https://rovenhr.com/contact.html?claim=MatchBox%20Event%20Co&metro=Phoenix
2202,"Lantz Home Services, Plumbing - AC - Electrical",Home Services,Austin,TX,Austin,4.9,45,(512) 881-1841,https://www.lantzhomeservices.com/,https://rovenhr.com/business/austin/lantz-home-services-plumbing-ac-electrical-chijuy,"https://rovenhr.com/contact.html?claim=Lantz%20Home%20Services,%20Plumbing%20-%20AC%20-%20Electrical&metro=Austin"
2203,Scott Aleman Photography,Wedding & Events,Dallas,TX,Dallas–Fort Worth,4.9,45,(214) 616-6407,https://scottaleman.com/,https://rovenhr.com/business/dfw/scott-aleman-photography-chijjd,https://rovenhr.com/contact.html?claim=Scott%20Aleman%20Photography&metro=Dallas–Fort%20Worth
2204,"The Dental Express Point Loma - Dentist in Point Loma, CA",Dental & Medical,San Diego,CA,San Diego,4.4,385,(619) 701-6622,https://thedentalexpress.com/dental-express-point-loma,https://rovenhr.com/business/san_diego/the-dental-express-point-loma-dentist-in-point-loma-ca-chijrc,"https://rovenhr.com/contact.html?claim=The%20Dental%20Express%20Point%20Loma%20-%20Dentist%20in%20Point%20Loma,%20CA&metro=San%20Diego"
2205,Alpine Heating & Air Conditioning,Home Services,Austin,TX,Austin,4.8,60,(512) 759-4247,https://www.austinalpine.com/,https://rovenhr.com/business/austin/alpine-heating-air-conditioning-chijq8,https://rovenhr.com/contact.html?claim=Alpine%20Heating%20&%20Air%20Conditioning&metro=Austin
2206,California Dental Innovations: Mina Levi DDS,Dental & Medical,San Francisco,CA,San Francisco,4.5,207,(415) 513-5066,https://minalevidds.com/,https://rovenhr.com/business/sf/california-dental-innovations-mina-levi-dds-chijkf,https://rovenhr.com/contact.html?claim=California%20Dental%20Innovations:%20Mina%20Levi%20DDS&metro=San%20Francisco
2207,Heating Ventilation & Air Conditioning Phoenix,Home Services,Phoenix,AZ,Phoenix,5,34,(602) 932-7280,https://www.heatingventilationairconditioningphoenix.com/,https://rovenhr.com/business/phoenix/heating-ventilation-air-conditioning-phoenix-chij66,https://rovenhr.com/contact.html?claim=Heating%20Ventilation%20&%20Air%20Conditioning%20Phoenix&metro=Phoenix
2208,Team Enoch: AC Repair,Home Services,Orlando,FL,Orlando,5,34,(407) 336-8000,https://teamenoch.com/orlando/?utm_source=omg-gbp&utm_medium=webclick,https://rovenhr.com/business/orlando/team-enoch-ac-repair-chijp-,https://rovenhr.com/contact.html?claim=Team%20Enoch:%20AC%20Repair&metro=Orlando
2209,Sweet Gardenia Weddings - San Antonio Wedding Planner,Wedding & Events,San Antonio,TX,San Antonio,5,34,(210) 954-5780,http://mysanantoniowedding.org/,https://rovenhr.com/business/san_antonio/sweet-gardenia-weddings-san-antonio-wedding-planner-chijpw,https://rovenhr.com/contact.html?claim=Sweet%20Gardenia%20Weddings%20-%20San%20Antonio%20Wedding%20Planner&metro=San%20Antonio
2210,Chris Brake Photo Video,Wedding & Events,San Diego,CA,San Diego,5,34,(619) 569-5557,https://www.chrisbrakephotovideo.com/,https://rovenhr.com/business/san_diego/chris-brake-photo-video-chijqx,https://rovenhr.com/contact.html?claim=Chris%20Brake%20Photo%20Video&metro=San%20Diego
2211,Dental Care of South Florida Inc.,Dental & Medical,Miami,FL,Miami,5,34,(786) 696-8001,https://dentalcarem.com/,https://rovenhr.com/business/miami/dental-care-of-south-florida-inc-chijz4,https://rovenhr.com/contact.html?claim=Dental%20Care%20of%20South%20Florida%20Inc.&metro=Miami
2212,Miami Leak Detection Plumbing,Home Services,Miami Springs,FL,Miami,4.9,44,(305) 564-4197,http://miamileakdetectionplumbing.com/,https://rovenhr.com/business/miami/miami-leak-detection-plumbing-chijov,https://rovenhr.com/contact.html?claim=Miami%20Leak%20Detection%20Plumbing&metro=Miami
2213,Weddings by Diana Boucher,Wedding & Events,Helotes,TX,San Antonio,4.9,44,(210) 854-8721,http://weddingsbydianaboucher.com/,https://rovenhr.com/business/san_antonio/weddings-by-diana-boucher-chijvd,https://rovenhr.com/contact.html?claim=Weddings%20by%20Diana%20Boucher&metro=San%20Antonio
2214,Annamae Photo,Wedding & Events,San Francisco,CA,San Francisco,4.9,44,(941) 374-1772,http://www.annamaephoto.com/,https://rovenhr.com/business/sf/annamae-photo-chije8,https://rovenhr.com/contact.html?claim=Annamae%20Photo&metro=San%20Francisco
2215,Jacksonville Orthodontics,Dental & Medical,Jacksonville,FL,Jacksonville,4.5,201,(904) 766-6000,https://www.jacksonvilleorthodontics.net/,https://rovenhr.com/business/jacksonville/jacksonville-orthodontics-chijq7,https://rovenhr.com/contact.html?claim=Jacksonville%20Orthodontics&metro=Jacksonville
2216,Jacksonville Dental Specialists,Dental & Medical,Jacksonville,FL,Jacksonville,4.6,123,(904) 683-4781,https://www.jacksonvilledentalspecialists.com/,https://rovenhr.com/business/jacksonville/jacksonville-dental-specialists-chijxy,https://rovenhr.com/contact.html?claim=Jacksonville%20Dental%20Specialists&metro=Jacksonville
2217,Ally HVAC,Home Services,Tampa,FL,Tampa,4.8,58,(813) 544-0082,https://allyac.com/,https://rovenhr.com/business/tampa/ally-hvac-chijrs,https://rovenhr.com/contact.html?claim=Ally%20HVAC&metro=Tampa
2218,"John Houston Films, LLC",Wedding & Events,Maricopa,AZ,Phoenix,4.9,43,(360) 989-4743,http://www.johnhoustonfilms.com/,https://rovenhr.com/business/phoenix/john-houston-films-llc-chij5y,"https://rovenhr.com/contact.html?claim=John%20Houston%20Films,%20LLC&metro=Phoenix"
2219,Velvet Alley Events,Wedding & Events,Agoura Hills,CA,Los Angeles,4.9,43,(805) 555-1212,http://www.velvetalleyevents.com/,https://rovenhr.com/business/la/velvet-alley-events-chijbr,https://rovenhr.com/contact.html?claim=Velvet%20Alley%20Events&metro=Los%20Angeles
2220,Elite Event Planning,Wedding & Events,San Antonio,TX,San Antonio,4.9,43,(210) 426-1998,http://www.elite-eventplanning.com/,https://rovenhr.com/business/san_antonio/elite-event-planning-chijqs,https://rovenhr.com/contact.html?claim=Elite%20Event%20Planning&metro=San%20Antonio
2221,Howe Dental Care,Dental & Medical,Sacramento,CA,Sacramento,4.9,43,(916) 929-8928,http://howedentalcare.com/,https://rovenhr.com/business/sacramento/howe-dental-care-chijvz,https://rovenhr.com/contact.html?claim=Howe%20Dental%20Care&metro=Sacramento
2222,Alt AC Heating and Cooling,Home Services,Sacramento,CA,Sacramento,5,42,(916) 279-9618,,https://rovenhr.com/business/sacramento/alt-ac-heating-and-cooling-chijat,https://rovenhr.com/contact.html?claim=Alt%20AC%20Heating%20and%20Cooling&metro=Sacramento
2223,Smith Air Conditioning & AC Repair,Home Services,Los Angeles,CA,Los Angeles,5,33,(213) 724-2172,https://smithairlosangeles.com/,https://rovenhr.com/business/la/smith-air-conditioning-ac-repair-chij9e,https://rovenhr.com/contact.html?claim=Smith%20Air%20Conditioning%20&%20AC%20Repair&metro=Los%20Angeles
2224,HER Plumbing Co.,Home Services,Dallas,TX,Dallas–Fort Worth,5,33,(469) 770-7555,http://www.herplumbingco.com/,https://rovenhr.com/business/dfw/her-plumbing-co-chijn5,https://rovenhr.com/contact.html?claim=HER%20Plumbing%20Co.&metro=Dallas–Fort%20Worth
2225,The Chill Brothers,Home Services,Houston,TX,Houston,4.4,356,(844) 512-4455,https://thechillbrothers.com/hvac-services-in-houston-tx/,https://rovenhr.com/business/houston/the-chill-brothers-chijtz,https://rovenhr.com/contact.html?claim=The%20Chill%20Brothers&metro=Houston
2226,Jaybird Media LLC,Wedding & Events,Phoenix,AZ,Phoenix,5,33,(858) 829-2573,https://jaybirdmediagroup.com/,https://rovenhr.com/business/phoenix/jaybird-media-llc-chijvd,https://rovenhr.com/contact.html?claim=Jaybird%20Media%20LLC&metro=Phoenix
2227,Your Phoenix HVAC,Home Services,Phoenix,AZ,Phoenix,5,33,(480) 426-9664,https://yourphoenixhvac.net/?utm_source=google&utm_medium=google-profile&utm_id=gmb,https://rovenhr.com/business/phoenix/your-phoenix-hvac-chijq6,https://rovenhr.com/contact.html?claim=Your%20Phoenix%20HVAC&metro=Phoenix
2228,Heating Alternatives LLC,Home Services,Los Angeles,CA,Los Angeles,5,33,(323) 450-7774,http://www.heatingalt.com/,https://rovenhr.com/business/la/heating-alternatives-llc-chijty,https://rovenhr.com/contact.html?claim=Heating%20Alternatives%20LLC&metro=Los%20Angeles
2229,"Aspen Dental - San Antonio, TX - Med Center",Dental & Medical,San Antonio,TX,San Antonio,4.3,738,(210) 839-1899,"https://www.aspendental.com/dentist/tx/san-antonio/2323-babcock-road?utm_source=googleplaces&utm_medium=lociqgoogleplaces&utm_campaign=San-Antonio,TX-San-Antonio_TX-3152&utm_content=listing",https://rovenhr.com/business/san_antonio/aspen-dental-san-antonio-tx-med-center-chijib,"https://rovenhr.com/contact.html?claim=Aspen%20Dental%20-%20San%20Antonio,%20TX%20-%20Med%20Center&metro=San%20Antonio"
2230,Bliss Dental SF,Dental & Medical,San Francisco,CA,San Francisco,4.5,193,(415) 200-1283,https://www.blissdentalsf.com/?utm_source=GMB&utm_medium=organic&utm_campaign=DevOptimization&utm_content=Website,https://rovenhr.com/business/sf/bliss-dental-sf-chijj0,https://rovenhr.com/contact.html?claim=Bliss%20Dental%20SF&metro=San%20Francisco
2231,AIR CONDITIONING CONTRACTORS / AC REPAIR ORLANDO,Home Services,Orlando,FL,Orlando,4.9,42,(407) 863-9245,https://airconditioning-orlando.com/,https://rovenhr.com/business/orlando/air-conditioning-contractors-ac-repair-orlando-chij-a,https://rovenhr.com/contact.html?claim=AIR%20CONDITIONING%20CONTRACTORS%20/%20AC%20REPAIR%20ORLANDO&metro=Orlando
2232,Newwavescinema,Wedding & Events,Tampa,FL,Tampa,4.9,42,(813) 325-3576,https://www.newwavescinema.com/,https://rovenhr.com/business/tampa/newwavescinema-chijry,https://rovenhr.com/contact.html?claim=Newwavescinema&metro=Tampa
2233,Cinema Art Studios,Wedding & Events,Citrus Heights,CA,Sacramento,5,38,,http://cinemaartstudios.net/,https://rovenhr.com/business/sacramento/cinema-art-studios-chijt_,https://rovenhr.com/contact.html?claim=Cinema%20Art%20Studios&metro=Sacramento
2234,Miracle Works Plumbing & Drain,Home Services,Sacramento,CA,Sacramento,4.8,56,(916) 647-7269,https://miracleworksplumbing.com/,https://rovenhr.com/business/sacramento/miracle-works-plumbing-drain-chij1_,https://rovenhr.com/contact.html?claim=Miracle%20Works%20Plumbing%20&%20Drain&metro=Sacramento
2235,San Diego Dental Health Center,Dental & Medical,San Diego,CA,San Diego,4.8,56,(858) 242-0187,https://sd-dhc.com/,https://rovenhr.com/business/san_diego/san-diego-dental-health-center-chij3u,https://rovenhr.com/contact.html?claim=San%20Diego%20Dental%20Health%20Center&metro=San%20Diego
2236,VizTV Media Services,Wedding & Events,Houston,TX,Houston,4.8,56,(713) 443-7578,https://viztvmedia.com/,https://rovenhr.com/business/houston/viztv-media-services-chij8s,https://rovenhr.com/contact.html?claim=VizTV%20Media%20Services&metro=Houston
2237,Caldera Films Video Production,Wedding & Events,Miami,FL,Miami,4.8,56,(424) 527-3000,http://calderafilms.com/,https://rovenhr.com/business/miami/caldera-films-video-production-chijk0,https://rovenhr.com/contact.html?claim=Caldera%20Films%20Video%20Production&metro=Miami
2238,San Diego wedding Videographers,Wedding & Events,San Diego,CA,San Diego,5,32,(951) 282-5732,http://www.astrayphotography.com/,https://rovenhr.com/business/san_diego/san-diego-wedding-videographers-chij7y,https://rovenhr.com/contact.html?claim=San%20Diego%20wedding%20Videographers&metro=San%20Diego
2239,Straight Shooter Heating & Cooling,Home Services,San Diego,CA,San Diego,5,32,(619) 304-2863,https://www.bestsandiegohvac.com/mission-hills-ac-installation-repair,https://rovenhr.com/business/san_diego/straight-shooter-heating-cooling-chijfr,https://rovenhr.com/contact.html?claim=Straight%20Shooter%20Heating%20&%20Cooling&metro=San%20Diego
2240,Houston Event Planning,Wedding & Events,Houston,TX,Houston,5,32,(713) 541-1000,https://www.houstoneventplanning.com/,https://rovenhr.com/business/houston/houston-event-planning-chijl1,https://rovenhr.com/contact.html?claim=Houston%20Event%20Planning&metro=Houston
2241,Water to Wine Hospitality,Wedding & Events,San Antonio,TX,San Antonio,5,32,(361) 537-2915,http://www.watertowinehospitality.com/,https://rovenhr.com/business/san_antonio/water-to-wine-hospitality-chijtw,https://rovenhr.com/contact.html?claim=Water%20to%20Wine%20Hospitality&metro=San%20Antonio
2242,Original Weddings Photo & Video,Wedding & Events,San Diego,CA,San Diego,5,32,(213) 698-8820,https://www.originalweddings.com/locations/california/san-diego/,https://rovenhr.com/business/san_diego/original-weddings-photo-video-chija5,https://rovenhr.com/contact.html?claim=Original%20Weddings%20Photo%20&%20Video&metro=San%20Diego
2243,NZ WEDDING STUDIO Los Angeles Wedding Photographer,Wedding & Events,Los Angeles,CA,Los Angeles,5,32,(312) 522-9708,https://nzweddingstudio.com/,https://rovenhr.com/business/la/nz-wedding-studio-los-angeles-wedding-photographer-chijd7,https://rovenhr.com/contact.html?claim=NZ%20WEDDING%20STUDIO%20Los%20Angeles%20Wedding%20Photographer&metro=Los%20Angeles
2244,VOLARE Planning & Design,Wedding & Events,San Antonio,TX,San Antonio,5,32,(210) 749-5004,https://volareplanning.com/,https://rovenhr.com/business/san_antonio/volare-planning-design-chijxb,https://rovenhr.com/contact.html?claim=VOLARE%20Planning%20&%20Design&metro=San%20Antonio
2245,Sabrina Autumn Photography,Wedding & Events,St. Petersburg,FL,Tampa,5,32,(727) 433-1320,https://smautumnphoto.com/,https://rovenhr.com/business/tampa/sabrina-autumn-photography-chijyv,https://rovenhr.com/contact.html?claim=Sabrina%20Autumn%20Photography&metro=Tampa
2246,South Dallas Smiles,Dental & Medical,Dallas,TX,Dallas–Fort Worth,4.6,116,(214) 565-4330,http://www.sdsmiles.biz/,https://rovenhr.com/business/dfw/south-dallas-smiles-chijpy,https://rovenhr.com/contact.html?claim=South%20Dallas%20Smiles&metro=Dallas–Fort%20Worth
2247,Photo By J. Garcia,Wedding & Events,Miami,FL,Miami,4.9,41,(305) 460-4085,http://photobyjgarcia.com/,https://rovenhr.com/business/miami/photo-by-j-garcia-chijfq,https://rovenhr.com/contact.html?claim=Photo%20By%20J.%20Garcia&metro=Miami
2248,"Professional, Inc.",Home Services,Orlando,FL,Orlando,4.7,77,(407) 736-1061,http://professionalacandheating.com/,https://rovenhr.com/business/orlando/professional-inc-chij17,"https://rovenhr.com/contact.html?claim=Professional,%20Inc.&metro=Orlando"
2249,Jason Kindig Photography,Wedding & Events,Dallas,TX,Dallas–Fort Worth,5,37,,http://www.jasonkindig.com/,https://rovenhr.com/business/dfw/jason-kindig-photography-chijaz,https://rovenhr.com/contact.html?claim=Jason%20Kindig%20Photography&metro=Dallas–Fort%20Worth
2250,Justine Berges Photography,Wedding & Events,Miami,FL,Miami,5,37,,https://www.justineberges.com/,https://rovenhr.com/business/miami/justine-berges-photography-chijra,https://rovenhr.com/contact.html?claim=Justine%20Berges%20Photography&metro=Miami
2251,Community Smiles Dental Clinic,Dental & Medical,Miami,FL,Miami,4.4,332,(305) 363-2222,http://www.csmiles.org/,https://rovenhr.com/business/miami/community-smiles-dental-clinic-chijfr,https://rovenhr.com/contact.html?claim=Community%20Smiles%20Dental%20Clinic&metro=Miami
2252,Saul Ramirez Heating & A/C,Home Services,Dallas,TX,Dallas–Fort Worth,5,40,(469) 450-0614,,https://rovenhr.com/business/dfw/saul-ramirez-heating-a-c-chij7c,https://rovenhr.com/contact.html?claim=Saul%20Ramirez%20Heating%20&%20A/C&metro=Dallas–Fort%20Worth
2253,Bluebonnet Events,Wedding & Events,San Antonio,TX,San Antonio,4.8,54,(210) 255-2370,http://www.bluebonnetevents.com/,https://rovenhr.com/business/san_antonio/bluebonnet-events-chijrz,https://rovenhr.com/contact.html?claim=Bluebonnet%20Events&metro=San%20Antonio
2254,Malcolm Plumbing & Mechanical,Home Services,San Francisco,CA,San Francisco,4.8,54,(415) 621-1985,https://www.malcolmplumbingandmech.com/,https://rovenhr.com/business/sf/malcolm-plumbing-mechanical-chijn-,https://rovenhr.com/contact.html?claim=Malcolm%20Plumbing%20&%20Mechanical&metro=San%20Francisco
2255,Sunrise Family Dental,Dental & Medical,San Antonio,TX,San Antonio,4.5,180,(210) 923-8066,https://www.sunrisedentistrysa.com/?y_source=1_NzQ1NDE4NjMtNzE1LWxvY2F0aW9uLndlYnNpdGU%3D,https://rovenhr.com/business/san_antonio/sunrise-family-dental-chij00,https://rovenhr.com/contact.html?claim=Sunrise%20Family%20Dental&metro=San%20Antonio
2256,Jwayne Productions,Wedding & Events,Pearland,TX,Houston,5,31,(832) 785-4236,http://www.jwayneproductions.com/,https://rovenhr.com/business/houston/jwayne-productions-chij7y,https://rovenhr.com/contact.html?claim=Jwayne%20Productions&metro=Houston
2257,San Francisco City Hall Wedding Photography,Wedding & Events,San Francisco,CA,San Francisco,4.9,40,(415) 735-6385,https://www.sanfranciscocityhallweddingphotography.com/,https://rovenhr.com/business/sf/san-francisco-city-hall-wedding-photography-chijaq,https://rovenhr.com/contact.html?claim=San%20Francisco%20City%20Hall%20Wedding%20Photography&metro=San%20Francisco
2258,Walk In Her Shoes Planner,Wedding & Events,San Carlos,CA,San Francisco,4.9,40,(415) 505-9502,http://tellezphoto.com/,https://rovenhr.com/business/sf/walk-in-her-shoes-planner-chijaq,https://rovenhr.com/contact.html?claim=Walk%20In%20Her%20Shoes%20Planner&metro=San%20Francisco
2259,Mcneile Photography,Wedding & Events,St. Petersburg,FL,Tampa,5,31,(727) 237-4583,http://mcneilephotography.com/,https://rovenhr.com/business/tampa/mcneile-photography-chijov,https://rovenhr.com/contact.html?claim=Mcneile%20Photography&metro=Tampa
2260,Houston HVAC,Home Services,Houston,TX,Houston,4.9,40,(346) 772-7120,http://www.callhoustonhvac.com/,https://rovenhr.com/business/houston/houston-hvac-chijpa,https://rovenhr.com/contact.html?claim=Houston%20HVAC&metro=Houston
2261,Maxime Photo and Video,Wedding & Events,Miami,FL,Miami,5,31,(305) 300-5065,https://maximes.net/,https://rovenhr.com/business/miami/maxime-photo-and-video-chijxt,https://rovenhr.com/contact.html?claim=Maxime%20Photo%20and%20Video&metro=Miami
2262,Fallen Leaf Films,Wedding & Events,Sacramento,CA,Sacramento,5,31,(800) 988-3713,http://www.fallenleaffilms.com/,https://rovenhr.com/business/sacramento/fallen-leaf-films-chijy6,https://rovenhr.com/contact.html?claim=Fallen%20Leaf%20Films&metro=Sacramento
2263,San Francisco City Hall Wedding Photographer,Wedding & Events,San Francisco,CA,San Francisco,5,31,(415) 570-4085,https://www.sanfranciscocityhallweddingphotographer.com/,https://rovenhr.com/business/sf/san-francisco-city-hall-wedding-photographer-chijbd,https://rovenhr.com/contact.html?claim=San%20Francisco%20City%20Hall%20Wedding%20Photographer&metro=San%20Francisco
2264,Bonnie Burke Weddings,Wedding & Events,Austin,TX,Austin,5,31,(609) 332-7668,https://www.bonnieburkeweddings.com/,https://rovenhr.com/business/austin/bonnie-burke-weddings-chiji8,https://rovenhr.com/contact.html?claim=Bonnie%20Burke%20Weddings&metro=Austin
2265,Lindsey Thorne Photography - Austin Wedding & Boudoir Photographer,Wedding & Events,Austin,TX,Austin,5,31,(512) 221-0605,https://www.lindseythorne.com/,https://rovenhr.com/business/austin/lindsey-thorne-photography-austin-wedding-boudoir-photograph-chijkx,https://rovenhr.com/contact.html?claim=Lindsey%20Thorne%20Photography%20-%20Austin%20Wedding%20&%20Boudoir%20Photographer&metro=Austin
2266,Brookklyn Photo,Wedding & Events,Phoenix,AZ,Phoenix,5,31,(218) 213-3399,https://www.brookklyn.com/,https://rovenhr.com/business/phoenix/brookklyn-photo-chijt6,https://rovenhr.com/contact.html?claim=Brookklyn%20Photo&metro=Phoenix
2267,"Level 2 Productions, LLC",Wedding & Events,San Francisco,CA,San Francisco,5,31,(650) 273-2464,http://www.level2p.com/,https://rovenhr.com/business/sf/level-2-productions-llc-chijvw,"https://rovenhr.com/contact.html?claim=Level%202%20Productions,%20LLC&metro=San%20Francisco"
2268,Liz Zimbelman Photography,Wedding & Events,Sacramento,CA,Sacramento,5,31,(707) 290-0859,http://www.lizzimbelman.com/,https://rovenhr.com/business/sacramento/liz-zimbelman-photography-chijya,https://rovenhr.com/contact.html?claim=Liz%20Zimbelman%20Photography&metro=Sacramento
2269,The Good Vibe Media,Wedding & Events,Phoenix,AZ,Phoenix,5,36,,http://thegoodvibemedia.com/,https://rovenhr.com/business/phoenix/the-good-vibe-media-chij4s,https://rovenhr.com/contact.html?claim=The%20Good%20Vibe%20Media&metro=Phoenix
2270,Beverly Hills Orthodontics Downtown LA,Dental & Medical,Los Angeles,CA,Los Angeles,4.8,53,(310) 785-0770,https://www.beverlyhillsortho.com/locations/dtla,https://rovenhr.com/business/la/beverly-hills-orthodontics-downtown-la-chijjz,https://rovenhr.com/contact.html?claim=Beverly%20Hills%20Orthodontics%20Downtown%20LA&metro=Los%20Angeles
2271,Reverent Wedding Films | Best Wedding Videography,Wedding & Events,Houston,TX,San Antonio,4.4,316,(832) 639-0587,https://www.wedding.film/locations/houston/,https://rovenhr.com/business/san_antonio/reverent-wedding-films-best-wedding-videography-chijlx,https://rovenhr.com/contact.html?claim=Reverent%20Wedding%20Films%20|%20Best%20Wedding%20Videography&metro=San%20Antonio
2272,San Francisco Dental Wellness,Dental & Medical,San Francisco,CA,San Francisco,4.5,177,(415) 781-1944,https://www.sanfranciscodentalwellness.com/?utm_source=gmb&utm_medium=organic,https://rovenhr.com/business/sf/san-francisco-dental-wellness-chij0b,https://rovenhr.com/contact.html?claim=San%20Francisco%20Dental%20Wellness&metro=San%20Francisco
2273,Herrell Plumbing,Home Services,Orlando,FL,Orlando,4.5,177,(407) 273-6260,https://www.herrellplumbing.com/,https://rovenhr.com/business/orlando/herrell-plumbing-chij6v,https://rovenhr.com/contact.html?claim=Herrell%20Plumbing&metro=Orlando
2274,The Elks Tower Events,Wedding & Events,Sacramento,CA,Sacramento,4.6,109,(916) 309-4529,https://www.elkstower.com/,https://rovenhr.com/business/sacramento/the-elks-tower-events-chijmu,https://rovenhr.com/contact.html?claim=The%20Elks%20Tower%20Events&metro=Sacramento
2275,Whimsical Creative,Wedding & Events,Houston,TX,Houston,4.7,73,(214) 771-1321,https://www.whimsical-creative.com/,https://rovenhr.com/business/houston/whimsical-creative-chij7-,https://rovenhr.com/contact.html?claim=Whimsical%20Creative&metro=Houston
2276,Plum Tree Studios,Wedding & Events,Houston,TX,Houston,4.9,39,(713) 874-4096,http://www.plumtreestudios.com/,https://rovenhr.com/business/houston/plum-tree-studios-chijuq,https://rovenhr.com/contact.html?claim=Plum%20Tree%20Studios&metro=Houston
2277,"Orthodontics in Austin, Dr. David Ensley",Dental & Medical,Austin,TX,Austin,4.9,39,(512) 521-7000,https://celebratedental.com/austin-orthodontics/,https://rovenhr.com/business/austin/orthodontics-in-austin-dr-david-ensley-chijbt,"https://rovenhr.com/contact.html?claim=Orthodontics%20in%20Austin,%20Dr.%20David%20Ensley&metro=Austin"
2278,The Confetti Studio,Wedding & Events,Phoenix,AZ,Phoenix,4.9,39,(602) 428-7118,http://www.theconfettistudio.com/,https://rovenhr.com/business/phoenix/the-confetti-studio-chijc1,https://rovenhr.com/contact.html?claim=The%20Confetti%20Studio&metro=Phoenix
2279,Wynwood Air Conditioning and Refrigeration,Home Services,Miami,FL,Miami,4.8,52,(786) 303-3739,http://wynwoodac.com/,https://rovenhr.com/business/miami/wynwood-air-conditioning-and-refrigeration-chijk0,https://rovenhr.com/contact.html?claim=Wynwood%20Air%20Conditioning%20and%20Refrigeration&metro=Miami
2280,Cali Soirée,Wedding & Events,Sacramento,CA,Sacramento,5,30,(916) 510-0999,http://calisoiree.com/,https://rovenhr.com/business/sacramento/cali-soir-e-chij-x,https://rovenhr.com/contact.html?claim=Cali%20Soirée&metro=Sacramento
2281,Bob Hoffman Photography & Video,Wedding & Events,San Diego,CA,San Diego,5,30,(858) 576-0046,http://www.hoffmanphotovideo.com/,https://rovenhr.com/business/san_diego/bob-hoffman-photography-video-chijb-,https://rovenhr.com/contact.html?claim=Bob%20Hoffman%20Photography%20&%20Video&metro=San%20Diego
2282,Sincerely Photo + Video,Wedding & Events,San Francisco,CA,San Francisco,5,30,(714) 742-4957,http://sincerely-photography.com/,https://rovenhr.com/business/sf/sincerely-photo-video-chijcu,https://rovenhr.com/contact.html?claim=Sincerely%20Photo%20+%20Video&metro=San%20Francisco
2283,Events By Touch Of Elegance,Wedding & Events,San Antonio,TX,San Antonio,5,30,(210) 273-9948,http://eventsbytouchofelegance.com/,https://rovenhr.com/business/san_antonio/events-by-touch-of-elegance-chijfw,https://rovenhr.com/contact.html?claim=Events%20By%20Touch%20Of%20Elegance&metro=San%20Antonio
2284,Works Plumbing Repair & Drain Cleaning,Home Services,San Francisco,CA,San Francisco,4.6,107,(415) 873-0306,https://worksplumbing.com/plumbing-san-francisco/,https://rovenhr.com/business/sf/works-plumbing-repair-drain-cleaning-chijzd,https://rovenhr.com/contact.html?claim=Works%20Plumbing%20Repair%20&%20Drain%20Cleaning&metro=San%20Francisco
2285,Smile LA Dental,Dental & Medical,Los Angeles,CA,Los Angeles,4.7,72,(323) 734-9333,http://www.smileladental.com/,https://rovenhr.com/business/la/smile-la-dental-chij4x,https://rovenhr.com/contact.html?claim=Smile%20LA%20Dental&metro=Los%20Angeles
2286,"Pacific Heat & Air, Inc.",Home Services,Sacramento,CA,Sacramento,4.7,72,(916) 249-7692,http://pacificheatandair.com/,https://rovenhr.com/business/sacramento/pacific-heat-air-inc-chijmq,"https://rovenhr.com/contact.html?claim=Pacific%20Heat%20&%20Air,%20Inc.&metro=Sacramento"
2287,HER Photography,Wedding & Events,Rowlett,TX,Dallas–Fort Worth,5,35,,http://herphotography.co/,https://rovenhr.com/business/dfw/her-photography-chijsq,https://rovenhr.com/contact.html?claim=HER%20Photography&metro=Dallas–Fort%20Worth
2288,Lakeview Estates & Winery,Wedding & Events,Sacramento,CA,Sacramento,4.8,51,(916) 758-8081,http://www.lakeviewestateweddings.com/,https://rovenhr.com/business/sacramento/lakeview-estates-winery-chijw_,https://rovenhr.com/contact.html?claim=Lakeview%20Estates%20&%20Winery&metro=Sacramento
2289,Western Dental & Orthodontics,Dental & Medical,Sacramento,CA,Sacramento,4.2,1526,(916) 576-1900,https://www.westerndental.com/en-us/find-a-location/california/sacramento/1701-watt-avenue/?utm_source=GMB&utm_medium=organic,https://rovenhr.com/business/sacramento/western-dental-orthodontics-chij4v,https://rovenhr.com/contact.html?claim=Western%20Dental%20&%20Orthodontics&metro=Sacramento
2290,Forever Peaceful Events,Wedding & Events,Roseville,CA,Sacramento,4.9,38,(916) 436-6465,http://foreverpeacefulevents.com/,https://rovenhr.com/business/sacramento/forever-peaceful-events-chijhs,https://rovenhr.com/contact.html?claim=Forever%20Peaceful%20Events&metro=Sacramento
2291,IG Video Production & Photography,Wedding & Events,Houston,TX,Houston,4.9,38,(713) 437-0871,https://itanigardens.com/,https://rovenhr.com/business/houston/ig-video-production-photography-chijr5,https://rovenhr.com/contact.html?claim=IG%20Video%20Production%20&%20Photography&metro=Houston
2292,Doyin Fash LLC,Wedding & Events,Houston,TX,Houston,4.9,38,(832) 278-6366,http://www.doyinfash.com/,https://rovenhr.com/business/houston/doyin-fash-llc-chijs0,https://rovenhr.com/contact.html?claim=Doyin%20Fash%20LLC&metro=Houston
2293,White Cloud Media Group,Wedding & Events,San Antonio,TX,San Antonio,4.9,38,(210) 920-0216,http://whitecloudmediagroup.com/?utm_source=google&utm_medium=wix_google_business_profile&utm_campaign=6394910180919603409,https://rovenhr.com/business/san_antonio/white-cloud-media-group-chijdv,https://rovenhr.com/contact.html?claim=White%20Cloud%20Media%20Group&metro=San%20Antonio
2294,Clark Patterson Photography & Videography,Wedding & Events,Austin,TX,Austin,4.9,38,(512) 784-0929,https://www.austinweddingphotographersix.com/,https://rovenhr.com/business/austin/clark-patterson-photography-videography-chijnw,https://rovenhr.com/contact.html?claim=Clark%20Patterson%20Photography%20&%20Videography&metro=Austin
2295,One Market Dental,Dental & Medical,San Francisco,CA,San Francisco,4.5,166,(415) 222-9600,http://onemarketdental.com/,https://rovenhr.com/business/sf/one-market-dental-chijx7,https://rovenhr.com/contact.html?claim=One%20Market%20Dental&metro=San%20Francisco
2296,Mission Bay Dental SF,Dental & Medical,San Francisco,CA,San Francisco,4.8,50,(415) 523-4939,https://www.missionbaydentalsf.com/,https://rovenhr.com/business/sf/mission-bay-dental-sf-chijc6,https://rovenhr.com/contact.html?claim=Mission%20Bay%20Dental%20SF&metro=San%20Francisco
2297,Austin Air Conditioning Repair,Home Services,Austin,TX,Austin,5,29,(737) 331-1764,https://austinairconditioningrepair.site/,https://rovenhr.com/business/austin/austin-air-conditioning-repair-chij0e,https://rovenhr.com/contact.html?claim=Austin%20Air%20Conditioning%20Repair&metro=Austin
2298,Firelit studios - Videography and Photography Los Angeles County,Wedding & Events,Los Angeles,CA,Los Angeles,5,29,(707) 293-3030,http://fire-lit.com/,https://rovenhr.com/business/la/firelit-studios-videography-and-photography-los-angeles-coun-chij31,https://rovenhr.com/contact.html?claim=Firelit%20studios%20-%20Videography%20and%20Photography%20Los%20Angeles%20County&metro=Los%20Angeles
2299,Love Pic Love,Wedding & Events,Dallas,TX,Dallas–Fort Worth,5,29,(214) 762-8330,http://www.lovepiclove.com/,https://rovenhr.com/business/dfw/love-pic-love-chij79,https://rovenhr.com/contact.html?claim=Love%20Pic%20Love&metro=Dallas–Fort%20Worth
2300,Ve memorias Photography,Wedding & Events,San Antonio,TX,San Antonio,5,29,(210) 410-3421,https://vememorias.myportfolio.com/,https://rovenhr.com/business/san_antonio/ve-memorias-photography-chijer,https://rovenhr.com/contact.html?claim=Ve%20memorias%20Photography&metro=San%20Antonio
2301,Jay Marroquin Photography,Wedding & Events,Houston,TX,Houston,5,29,(832) 640-8232,http://www.jaymarroquin.com/,https://rovenhr.com/business/houston/jay-marroquin-photography-chijgr,https://rovenhr.com/contact.html?claim=Jay%20Marroquin%20Photography&metro=Houston
2302,Aram Event Photography,Wedding & Events,Miami,FL,Miami,5,29,(305) 978-8184,https://arameventphotography.com/,https://rovenhr.com/business/miami/aram-event-photography-chijj8,https://rovenhr.com/contact.html?claim=Aram%20Event%20Photography&metro=Miami
2303,Bear Hands Media,Wedding & Events,Houston,TX,Houston,5,29,(970) 729-8799,https://www.bearhandsmedia.com/,https://rovenhr.com/business/houston/bear-hands-media-chijkq,https://rovenhr.com/contact.html?claim=Bear%20Hands%20Media&metro=Houston
2304,Air Conditioning & Heating Austin Pros,Home Services,Austin,TX,Austin,5,29,(512) 601-5254,https://hvac-austin.com/,https://rovenhr.com/business/austin/air-conditioning-heating-austin-pros-chijty,https://rovenhr.com/contact.html?claim=Air%20Conditioning%20&%20Heating%20Austin%20Pros&metro=Austin
2305,Buchanan Photography,Wedding & Events,Phoenix,AZ,Phoenix,5,29,(661) 483-6469,https://buchanan-photography.com/,https://rovenhr.com/business/phoenix/buchanan-photography-chijxw,https://rovenhr.com/contact.html?claim=Buchanan%20Photography&metro=Phoenix
2306,Scott Kelley Photography,Wedding & Events,Houston,TX,Houston,5,29,(507) 407-2050,http://www.scottkelleyphoto.com/,https://rovenhr.com/business/houston/scott-kelley-photography-chijfy,https://rovenhr.com/contact.html?claim=Scott%20Kelley%20Photography&metro=Houston
2307,Jade & Onyx Weddings,Wedding & Events,Austin,TX,Austin,5,29,(512) 337-9711,https://www.jadeandonyx.com/,https://rovenhr.com/business/austin/jade-onyx-weddings-chijo9,https://rovenhr.com/contact.html?claim=Jade%20&%20Onyx%20Weddings&metro=Austin
2308,Hyde Park Photography,Wedding & Events,Austin,TX,Austin,5,29,(512) 797-8326,https://www.hydeparkphoto.com/?utm_source=GMB%20link&utm_medium=Organic,https://rovenhr.com/business/austin/hyde-park-photography-chijox,https://rovenhr.com/contact.html?claim=Hyde%20Park%20Photography&metro=Austin
2309,REB6Studios,Wedding & Events,San Francisco,CA,San Francisco,5,29,(415) 370-9527,https://www.reb6studios.com/wedding-videography?utm_source=google&utm_medium=organic&utm_campaign=gmb-website&utm_content=website_button,https://rovenhr.com/business/sf/reb6studios-chijr3,https://rovenhr.com/contact.html?claim=REB6Studios&metro=San%20Francisco
2310,Min Photography Studio - Houston Wedding Photographer,Wedding & Events,Houston,TX,Houston,5,29,(832) 738-9036,https://www.minphotographystudio.com/,https://rovenhr.com/business/houston/min-photography-studio-houston-wedding-photographer-chijwa,https://rovenhr.com/contact.html?claim=Min%20Photography%20Studio%20-%20Houston%20Wedding%20Photographer&metro=Houston
2311,DA Event Planning,Wedding & Events,Tampa,FL,Tampa,5,29,(407) 747-0292,https://daeventplanning.com/,https://rovenhr.com/business/tampa/da-event-planning-chijww,https://rovenhr.com/contact.html?claim=DA%20Event%20Planning&metro=Tampa
2312,Nona Entwined Events,Wedding & Events,Orlando,FL,Orlando,4.9,37,(407) 473-3589,https://orlandopartyplannerfl.com/,https://rovenhr.com/business/orlando/nona-entwined-events-chijvr,https://rovenhr.com/contact.html?claim=Nona%20Entwined%20Events&metro=Orlando
2313,Hatfield Productions,Wedding & Events,Tampa,FL,Tampa,4.9,37,(513) 444-5055,http://1357media.com/,https://rovenhr.com/business/tampa/hatfield-productions-chijk4,https://rovenhr.com/contact.html?claim=Hatfield%20Productions&metro=Tampa
2314,Rogy Productions,Wedding & Events,San Antonio,TX,San Antonio,4.9,37,(210) 418-4644,https://rogyproductions.com/,https://rovenhr.com/business/san_antonio/rogy-productions-chijrs,https://rovenhr.com/contact.html?claim=Rogy%20Productions&metro=San%20Antonio
2315,University Park Heating and Air Conditioning,Home Services,Los Angeles,CA,Los Angeles,4.8,49,(949) 239-0307,http://university-parkheatingandairconditioning.com/,https://rovenhr.com/business/la/university-park-heating-and-air-conditioning-chijky,https://rovenhr.com/contact.html?claim=University%20Park%20Heating%20and%20Air%20Conditioning&metro=Los%20Angeles
2316,"Braces San Diego, Dr. Brian Asbury",Dental & Medical,San Diego,CA,San Diego,4.8,49,(619) 461-4310,http://www.bracessandiego.com/,https://rovenhr.com/business/san_diego/braces-san-diego-dr-brian-asbury-chijtf,"https://rovenhr.com/contact.html?claim=Braces%20San%20Diego,%20Dr.%20Brian%20Asbury&metro=San%20Diego"
2317,Bay Park Smiles Dentistry,Dental & Medical,San Diego,CA,San Diego,4.5,159,(858) 200-0827,https://www.bayparkdentistry.com/?sc_cid=GBP%3AO%3AGP%3A429%3AOrganic_Search%3AGeneral%3Ana&_vsrefdom=organic_gbp&y_source=1_MzQ3NzQ4Ny03MTUtbG9jYXRpb24ud2Vic2l0ZQ%3D%3D,https://rovenhr.com/business/san_diego/bay-park-smiles-dentistry-chijcb,https://rovenhr.com/contact.html?claim=Bay%20Park%20Smiles%20Dentistry&metro=San%20Diego
2318,Ocean Dental,Dental & Medical,San Antonio,TX,San Antonio,4.5,158,(210) 541-8780,http://www.oceandental.net/,https://rovenhr.com/business/san_antonio/ocean-dental-chijo1,https://rovenhr.com/contact.html?claim=Ocean%20Dental&metro=San%20Antonio
2319,LB Dental,Dental & Medical,Phoenix,AZ,Phoenix,4.7,67,(602) 831-2099,https://www.lbdental.net/,https://rovenhr.com/business/phoenix/lb-dental-chij2r,https://rovenhr.com/contact.html?claim=LB%20Dental&metro=Phoenix
2320,Liberation Boudoir,Wedding & Events,Miami,FL,Miami,4.9,36,(954) 951-9005,http://www.liberationboudoir.com/,https://rovenhr.com/business/miami/liberation-boudoir-chij4x,https://rovenhr.com/contact.html?claim=Liberation%20Boudoir&metro=Miami
2321,Phoenix HVAC Air Conditioning,Home Services,Phoenix,AZ,Phoenix,4.9,36,(928) 433-0801,https://www.phoenixhvacairconditioning.com/,https://rovenhr.com/business/phoenix/phoenix-hvac-air-conditioning-chijbd,https://rovenhr.com/contact.html?claim=Phoenix%20HVAC%20Air%20Conditioning&metro=Phoenix
2322,Dirt Cheap Wedding Photography San Diego,Wedding & Events,San Diego,CA,San Diego,4.9,36,(858) 208-3562,http://www.dirtcheapweddingphotography.com/,https://rovenhr.com/business/san_diego/dirt-cheap-wedding-photography-san-diego-chijib,https://rovenhr.com/contact.html?claim=Dirt%20Cheap%20Wedding%20Photography%20San%20Diego&metro=San%20Diego
2323,Service First HVAC & Electrical,Home Services,Austin,TX,Austin,4.9,36,(512) 882-1100,https://www.servicefirst-hvac.com/,https://rovenhr.com/business/austin/service-first-hvac-electrical-chijkx,https://rovenhr.com/contact.html?claim=Service%20First%20HVAC%20&%20Electrical&metro=Austin
2324,Ford's Plumbing and Heating,Home Services,Los Angeles,CA,Los Angeles,4.9,36,(310) 815-1515,https://www.fordsplumbingandheating.com/?utm_source=google&utm_medium=organic&utm_campaign=gbp-website-link-fords-plumbing-and-heating,https://rovenhr.com/business/la/ford-s-plumbing-and-heating-chijyy,https://rovenhr.com/contact.html?claim=Ford's%20Plumbing%20and%20Heating&metro=Los%20Angeles
2325,IKON FILMS,Wedding & Events,Miami Beach,FL,Miami,5,28,(646) 420-8424,https://www.ikon-films.com/,https://rovenhr.com/business/miami/ikon-films-chijh9,https://rovenhr.com/contact.html?claim=IKON%20FILMS&metro=Miami
2326,Precision Comfort HVAC Services,Home Services,Orlando,FL,Orlando,5,28,(321) 917-3668,https://www.comfortrequiresprecision.com/,https://rovenhr.com/business/orlando/precision-comfort-hvac-services-chijkc,https://rovenhr.com/contact.html?claim=Precision%20Comfort%20HVAC%20Services&metro=Orlando
2327,Two Stories Media,Wedding & Events,Clearwater,FL,Tampa,5,28,(727) 307-1095,http://www.twostoriesmedia.com/,https://rovenhr.com/business/tampa/two-stories-media-chijp8,https://rovenhr.com/contact.html?claim=Two%20Stories%20Media&metro=Tampa
2328,Creative24,Wedding & Events,San Antonio,TX,San Antonio,5,28,(253) 241-9272,http://creative24.net/,https://rovenhr.com/business/san_antonio/creative24-chijz2,https://rovenhr.com/contact.html?claim=Creative24&metro=San%20Antonio
2329,Bay Area V D O Production,Wedding & Events,San Francisco,CA,San Francisco,5,28,(650) 273-7491,https://www.bestbayareaweddingvideographer.com/,https://rovenhr.com/business/sf/bay-area-v-d-o-production-chijzw,https://rovenhr.com/contact.html?claim=Bay%20Area%20V%20D%20O%20Production&metro=San%20Francisco
2330,Nicole Piper Photography,Wedding & Events,Jacksonville,FL,Jacksonville,5,28,(561) 602-3320,http://www.nicolepiperphotography.com/,https://rovenhr.com/business/jacksonville/nicole-piper-photography-chijbw,https://rovenhr.com/contact.html?claim=Nicole%20Piper%20Photography&metro=Jacksonville
2331,"D'Perfect Touch Weddings and Events, LLC",Wedding & Events,Orlando,FL,Orlando,5,28,(407) 283-7525,http://www.dperfecttouchevents.com/,https://rovenhr.com/business/orlando/d-perfect-touch-weddings-and-events-llc-chijd9,"https://rovenhr.com/contact.html?claim=D'Perfect%20Touch%20Weddings%20and%20Events,%20LLC&metro=Orlando"
2332,Tevents,Wedding & Events,Houston,TX,Houston,5,28,(832) 938-4222,https://www.teventsus.com/,https://rovenhr.com/business/houston/tevents-chijyw,https://rovenhr.com/contact.html?claim=Tevents&metro=Houston
2333,Nima Film: Photo & Video Services,Wedding & Events,Tampa,FL,Tampa,4.6,97,(813) 404-3666,http://www.nimafilm.com/,https://rovenhr.com/business/tampa/nima-film-photo-video-services-chijp7,https://rovenhr.com/contact.html?claim=Nima%20Film:%20Photo%20&%20Video%20Services&metro=Tampa
2334,Air Flow Pros Heating and Air Conditioning,Home Services,San Francisco,CA,San Francisco,4.8,47,(415) 400-5140,https://www.afpheating.com/?utm_source=google&utm_medium=organic&utm_campaign=gbp,https://rovenhr.com/business/sf/air-flow-pros-heating-and-air-conditioning-chijws,https://rovenhr.com/contact.html?claim=Air%20Flow%20Pros%20Heating%20and%20Air%20Conditioning&metro=San%20Francisco
2335,Residential & Commercial Plumbing Diagnostics of Miami,Home Services,Miami,FL,Miami,4.8,47,(786) 250-4557,http://plumbing-diagnostics.com/,https://rovenhr.com/business/miami/residential-commercial-plumbing-diagnostics-of-miami-chijcy,https://rovenhr.com/contact.html?claim=Residential%20&%20Commercial%20Plumbing%20Diagnostics%20of%20Miami&metro=Miami
2336,houston medical center dental.,Dental & Medical,Houston,TX,Houston,4.8,47,(713) 795-0608,http://www.houstonmedicalcenterdental.com/,https://rovenhr.com/business/houston/houston-medical-center-dental-chijtx,https://rovenhr.com/contact.html?claim=houston%20medical%20center%20dental.&metro=Houston
2337,The Balcony Orlando,Wedding & Events,Orlando,FL,Orlando,4.5,152,(407) 730-9547,https://thebalconyorlando.com/,https://rovenhr.com/business/orlando/the-balcony-orlando-chijmx,https://rovenhr.com/contact.html?claim=The%20Balcony%20Orlando&metro=Orlando
2338,Delta Shores Dentistry,Dental & Medical,Sacramento,CA,Sacramento,4.4,263,(916) 277-9069,https://www.deltashoresdentistry.com/?sc_cid=GBP%3AO%3AGP%3A433%3AOrganic_Search%3AGeneral%3Ana&_vsrefdom=organic_gbp&y_source=1_ODQ1ODI1Ny03MTUtbG9jYXRpb24ud2Vic2l0ZQ%3D%3D,https://rovenhr.com/business/sacramento/delta-shores-dentistry-chij-v,https://rovenhr.com/contact.html?claim=Delta%20Shores%20Dentistry&metro=Sacramento
2339,Dr. Ductless Heating & Cooling,Home Services,Los Angeles,CA,Los Angeles,4.9,35,(213) 916-0003,https://www.drductless.com/?utm_source=google&utm_medium=organic&utm_campaign=gbplosangeles,https://rovenhr.com/business/la/dr-ductless-heating-cooling-chijaf,https://rovenhr.com/contact.html?claim=Dr.%20Ductless%20Heating%20&%20Cooling&metro=Los%20Angeles
2340,Infinite Photography SA,Wedding & Events,San Antonio,TX,San Antonio,4.9,35,(210) 956-0588,https://www.infinitephotographysa.com/,https://rovenhr.com/business/san_antonio/infinite-photography-sa-chijiv,https://rovenhr.com/contact.html?claim=Infinite%20Photography%20SA&metro=San%20Antonio
2341,becphotography,Wedding & Events,Jacksonville,FL,Jacksonville,4.9,35,(904) 472-5699,https://www.becphotography.com/,https://rovenhr.com/business/jacksonville/becphotography-chijyu,https://rovenhr.com/contact.html?claim=becphotography&metro=Jacksonville
2342,SF City Hall Wedding Photographer by Michael,Wedding & Events,San Francisco,CA,San Francisco,4.9,35,(415) 307-5309,https://www.weddingphotographersanfranciscocityhall.com/,https://rovenhr.com/business/sf/sf-city-hall-wedding-photographer-by-michael-chiju6,https://rovenhr.com/contact.html?claim=SF%20City%20Hall%20Wedding%20Photographer%20by%20Michael&metro=San%20Francisco
2343,Pure Plush Photography,Wedding & Events,Houston,TX,Houston,5,32,,http://www.pureplushphotography.com/,https://rovenhr.com/business/houston/pure-plush-photography-chijyx,https://rovenhr.com/contact.html?claim=Pure%20Plush%20Photography&metro=Houston
2344,Samantha Look,Wedding & Events,San Francisco,CA,San Francisco,5,32,,https://samanthalook.com/,https://rovenhr.com/business/sf/samantha-look-chijn4,https://rovenhr.com/contact.html?claim=Samantha%20Look&metro=San%20Francisco
2345,Alex & Cammy Photography,Wedding & Events,Jacksonville,FL,Jacksonville,4.8,46,(904) 583-8390,http://www.alexandcammy.com/,https://rovenhr.com/business/jacksonville/alex-cammy-photography-chijx6,https://rovenhr.com/contact.html?claim=Alex%20&%20Cammy%20Photography&metro=Jacksonville
2346,Atlas Plumbing & Heating Co,Home Services,Dallas,TX,Dallas–Fort Worth,4.5,210,(972) 243-8051,,https://rovenhr.com/business/dfw/atlas-plumbing-heating-co-chiju-,https://rovenhr.com/contact.html?claim=Atlas%20Plumbing%20&%20Heating%20Co&metro=Dallas–Fort%20Worth
2347,Kristin Ashley Events,Wedding & Events,Austin,TX,Austin,5,27,(618) 946-0936,http://kristinashleyevents.com/,https://rovenhr.com/business/austin/kristin-ashley-events-chij34,https://rovenhr.com/contact.html?claim=Kristin%20Ashley%20Events&metro=Austin
2348,Infinity Plumbing Inc.,Home Services,Los Angeles,CA,Los Angeles,5,27,(323) 549-0643,http://www.infinityplumbinginc.com/,https://rovenhr.com/business/la/infinity-plumbing-inc-chij72,https://rovenhr.com/contact.html?claim=Infinity%20Plumbing%20Inc.&metro=Los%20Angeles
2349,Eye Connoisseur Photography,Wedding & Events,Sacramento,CA,Sacramento,5,27,(916) 444-1222,http://www.eyeconnoisseur.com/,https://rovenhr.com/business/sacramento/eye-connoisseur-photography-chij7s,https://rovenhr.com/contact.html?claim=Eye%20Connoisseur%20Photography&metro=Sacramento
2350,Inspired By You Photography,Wedding & Events,Navarre,FL,Jacksonville,5,27,(904) 385-9227,http://www.inspiredbyouphotography.com/,https://rovenhr.com/business/jacksonville/inspired-by-you-photography-chijbb,https://rovenhr.com/contact.html?claim=Inspired%20By%20You%20Photography&metro=Jacksonville
2351,Suit and Tie Photography,Wedding & Events,Jacksonville,FL,Jacksonville,5,27,(954) 594-7604,http://suitandtiephotos.com/,https://rovenhr.com/business/jacksonville/suit-and-tie-photography-chijfe,https://rovenhr.com/contact.html?claim=Suit%20and%20Tie%20Photography&metro=Jacksonville
2352,Kyle Loftus Studios,Wedding & Events,Orlando,FL,Orlando,5,27,(513) 544-1181,https://kyleloftusstudios.com/,https://rovenhr.com/business/orlando/kyle-loftus-studios-chijxv,https://rovenhr.com/contact.html?claim=Kyle%20Loftus%20Studios&metro=Orlando
2353,All HVAC Services Inc,Home Services,West Sacramento,CA,Sacramento,5,27,(530) 482-2776,http://allhvacinsac.com/,https://rovenhr.com/business/sacramento/all-hvac-services-inc-chijg9,https://rovenhr.com/contact.html?claim=All%20HVAC%20Services%20Inc&metro=Sacramento
2354,Original Weddings Photo & Video,Wedding & Events,Dallas,TX,Dallas–Fort Worth,5,27,(469) 224-5014,https://www.originalweddings.com/locations/texas/dallas/,https://rovenhr.com/business/dfw/original-weddings-photo-video-chijg9,https://rovenhr.com/contact.html?claim=Original%20Weddings%20Photo%20&%20Video&metro=Dallas–Fort%20Worth
2355,Josh & Dana Fernandez Photography,Wedding & Events,Houston,TX,Houston,5,27,(832) 628-2680,http://www.danafernandezphotography.com/,https://rovenhr.com/business/houston/josh-dana-fernandez-photography-chijl0,https://rovenhr.com/contact.html?claim=Josh%20&%20Dana%20Fernandez%20Photography&metro=Houston
2356,San Diego Life Events,Wedding & Events,San Diego,CA,San Diego,5,27,(619) 786-6996,http://www.sandiegolifeevents.com/,https://rovenhr.com/business/san_diego/san-diego-life-events-chijmz,https://rovenhr.com/contact.html?claim=San%20Diego%20Life%20Events&metro=San%20Diego
2357,This Bliss Photography,Wedding & Events,Jacksonville,FL,Jacksonville,5,27,(352) 317-2491,https://www.thisblissphoto.com/,https://rovenhr.com/business/jacksonville/this-bliss-photography-chijyt,https://rovenhr.com/contact.html?claim=This%20Bliss%20Photography&metro=Jacksonville
2358,PREMAIR HVAC & AC Repair Los Angeles,Home Services,Los Angeles,CA,Los Angeles,5,34,(213) 567-9142,,https://rovenhr.com/business/la/premair-hvac-ac-repair-los-angeles-chijg-,https://rovenhr.com/contact.html?claim=PREMAIR%20HVAC%20&%20AC%20Repair%20Los%20Angeles&metro=Los%20Angeles
2359,"Bright Now! Dental & Orthodontics - Phoenix, AZ (N Cave Creek Rd)",Dental & Medical,Phoenix,AZ,Phoenix,4.3,506,(602) 971-6622,https://www.brightnow.com/dental-office/phoenix-dentist/40100/?utm_source=generic&utm_medium=profiles&utm_campaign=local_profiles,https://rovenhr.com/business/phoenix/bright-now-dental-orthodontics-phoenix-az-n-cave-creek-rd-chijht,"https://rovenhr.com/contact.html?claim=Bright%20Now!%20Dental%20&%20Orthodontics%20-%20Phoenix,%20AZ%20(N%20Cave%20Creek%20Rd)&metro=Phoenix"
2360,"Building Efficiency, Inc.",Home Services,San Francisco,CA,San Francisco,4.9,34,(415) 831-4535,http://buildingefficiency.net/,https://rovenhr.com/business/sf/building-efficiency-inc-chij6x,"https://rovenhr.com/contact.html?claim=Building%20Efficiency,%20Inc.&metro=San%20Francisco"
2361,C Baron Photography,Wedding & Events,Houston,TX,Houston,4.9,34,(281) 774-8794,https://www.cbaronphotography.com/,https://rovenhr.com/business/houston/c-baron-photography-chij__,https://rovenhr.com/contact.html?claim=C%20Baron%20Photography&metro=Houston
2362,Inner Sunset Top Heating and Air,Home Services,San Francisco,CA,San Francisco,4.9,34,(415) 592-6313,http://innersunsettophvacrepair.com/,https://rovenhr.com/business/sf/inner-sunset-top-heating-and-air-chiju-,https://rovenhr.com/contact.html?claim=Inner%20Sunset%20Top%20Heating%20and%20Air&metro=San%20Francisco
2363,"Acacias Plumbing | Emergency Plumber, Drain Cleaning, Sewer Repair and Water Heater Installation Houston, TX",Home Services,Houston,TX,Houston,4.7,62,(832) 281-5575,https://www.acaciasplumbing.com/?utm_source=google&utm_medium=search_engine&utm_campaign=gmb,https://rovenhr.com/business/houston/acacias-plumbing-emergency-plumber-drain-cleaning-sewer-repa-chij-s,"https://rovenhr.com/contact.html?claim=Acacias%20Plumbing%20|%20Emergency%20Plumber,%20Drain%20Cleaning,%20Sewer%20Repair%20and%20Water%20Heater%20Installation%20Houston,%20TX&metro=Houston"
2364,Serendipity Cinema,Wedding & Events,Gilbert,AZ,Phoenix,5,31,,http://www.serendipitycinema.com/,https://rovenhr.com/business/phoenix/serendipity-cinema-chij27,https://rovenhr.com/contact.html?claim=Serendipity%20Cinema&metro=Phoenix
2365,Aire Serv of Houston Midtown,Home Services,Houston,TX,Houston,4.9,40,,https://www.aireserv.com/houston-midtown/?cid=LSTL_ASV-US000187&utm_source=gmb&utm_campaign=local&utm_medium=organic,https://rovenhr.com/business/houston/aire-serv-of-houston-midtown-chij5w,https://rovenhr.com/contact.html?claim=Aire%20Serv%20of%20Houston%20Midtown&metro=Houston
2366,Anna Wu Photography,Wedding & Events,San Francisco,CA,San Francisco,5,31,,http://annawu.com/,https://rovenhr.com/business/sf/anna-wu-photography-chijt5,https://rovenhr.com/contact.html?claim=Anna%20Wu%20Photography&metro=San%20Francisco
2367,Ten Ten Creative,Wedding & Events,Dallas,TX,Dallas–Fort Worth,5,31,,https://www.tentencreative.com/,https://rovenhr.com/business/dfw/ten-ten-creative-chijyx,https://rovenhr.com/contact.html?claim=Ten%20Ten%20Creative&metro=Dallas–Fort%20Worth
2368,The Cottage on Lake Fairview,Wedding & Events,Orlando,FL,Orlando,4.6,90,(407) 312-2321,http://www.thecottageonlakefairview.com/,https://rovenhr.com/business/orlando/the-cottage-on-lake-fairview-chij-5,https://rovenhr.com/contact.html?claim=The%20Cottage%20on%20Lake%20Fairview&metro=Orlando
2369,Reliable Air Conditioning,Home Services,Miami Beach,FL,Miami,4.5,141,(305) 325-9283,https://www.acreliable.com/,https://rovenhr.com/business/miami/reliable-air-conditioning-chijs5,https://rovenhr.com/contact.html?claim=Reliable%20Air%20Conditioning&metro=Miami
2370,Photography by Leanna,Wedding & Events,Phoenix,AZ,Phoenix,4.7,61,(602) 909-9477,https://photographybyleanna.com/,https://rovenhr.com/business/phoenix/photography-by-leanna-chijl6,https://rovenhr.com/contact.html?claim=Photography%20by%20Leanna&metro=Phoenix
2371,BH Brothers Air Solutions,Home Services,Miami,FL,Miami,4.8,44,(786) 905-5632,https://bhbas.com/,https://rovenhr.com/business/miami/bh-brothers-air-solutions-chij1y,https://rovenhr.com/contact.html?claim=BH%20Brothers%20Air%20Solutions&metro=Miami
2372,Valentina Weddings & Events,Wedding & Events,San Diego,CA,San Diego,5,26,(858) 252-5791,http://www.valentinaweddingsandevents.com/,https://rovenhr.com/business/san_diego/valentina-weddings-events-chij96,https://rovenhr.com/contact.html?claim=Valentina%20Weddings%20&%20Events&metro=San%20Diego
2373,Events Unleashed,Wedding & Events,Austin,TX,Austin,5,26,(512) 270-8796,https://www.eventsunleashed.com/,https://rovenhr.com/business/austin/events-unleashed-chijaq,https://rovenhr.com/contact.html?claim=Events%20Unleashed&metro=Austin
2374,Veil & Vow Photography,Wedding & Events,Houston,TX,Houston,5,26,(936) 363-6424,http://www.theveilandvow.com/,https://rovenhr.com/business/houston/veil-vow-photography-chijdy,https://rovenhr.com/contact.html?claim=Veil%20&%20Vow%20Photography&metro=Houston
2375,Dallas Event Photographers,Wedding & Events,Dallas,TX,Dallas–Fort Worth,5,26,(972) 863-1045,http://www.dallaseventphoto.com/,https://rovenhr.com/business/dfw/dallas-event-photographers-chijsa,https://rovenhr.com/contact.html?claim=Dallas%20Event%20Photographers&metro=Dallas–Fort%20Worth
2376,Simply Weddings by Amanda,Wedding & Events,Jacksonville,FL,Jacksonville,5,26,(904) 303-9588,http://simplyweddingsbyamanda.com/,https://rovenhr.com/business/jacksonville/simply-weddings-by-amanda-chijwy,https://rovenhr.com/contact.html?claim=Simply%20Weddings%20by%20Amanda&metro=Jacksonville
2377,Mr Eddie Flores,Wedding & Events,Chula Vista,CA,San Diego,5,26,(619) 948-5781,https://mreddieflores.com/,https://rovenhr.com/business/san_diego/mr-eddie-flores-chijy7,https://rovenhr.com/contact.html?claim=Mr%20Eddie%20Flores&metro=San%20Diego
2378,Lee Media Weddings,Wedding & Events,Tempe,AZ,Phoenix,5,26,(480) 716-7156,https://leemediaweddings.com/,https://rovenhr.com/business/phoenix/lee-media-weddings-chijz5,https://rovenhr.com/contact.html?claim=Lee%20Media%20Weddings&metro=Phoenix
2379,Jacinda Weddings & Events,Wedding & Events,San Francisco,CA,San Francisco,5,26,(415) 237-3331,https://jacindaweddingsandevents.com/,https://rovenhr.com/business/sf/jacinda-weddings-events-chijzz,https://rovenhr.com/contact.html?claim=Jacinda%20Weddings%20&%20Events&metro=San%20Francisco
2380,Magnetic Memories,Wedding & Events,Dallas,TX,Dallas–Fort Worth,5,26,(945) 399-3576,https://magneticmemories.com/,https://rovenhr.com/business/dfw/magnetic-memories-chijiy,https://rovenhr.com/contact.html?claim=Magnetic%20Memories&metro=Dallas–Fort%20Worth
2381,Callaway Gable,Wedding & Events,Los Angeles,CA,Los Angeles,5,26,(323) 394-9997,https://callawaygable.com/,https://rovenhr.com/business/la/callaway-gable-chijo3,https://rovenhr.com/contact.html?claim=Callaway%20Gable&metro=Los%20Angeles
2382,Rene Porto Photography,Wedding & Events,Los Angeles,CA,Los Angeles,5,26,(310) 990-6183,https://www.reneportophoto.com/,https://rovenhr.com/business/la/rene-porto-photography-chijp_,https://rovenhr.com/contact.html?claim=Rene%20Porto%20Photography&metro=Los%20Angeles
2383,Eric & Jenn Photography,Wedding & Events,Richmond,TX,Houston,5,26,(832) 217-6448,https://ericandjennphotography.com/,https://rovenhr.com/business/houston/eric-jenn-photography-chijve,https://rovenhr.com/contact.html?claim=Eric%20&%20Jenn%20Photography&metro=Houston
2384,Beregovoy Studios,Wedding & Events,Miami,FL,Miami,4.9,33,(305) 771-0040,http://www.beregovoystudios.com/,https://rovenhr.com/business/miami/beregovoy-studios-chijq1,https://rovenhr.com/contact.html?claim=Beregovoy%20Studios&metro=Miami
2385,Rogue Cinematography,Wedding & Events,Orlando,FL,Orlando,4.9,33,(415) 528-7767,https://www.roguecinematography.com/,https://rovenhr.com/business/orlando/rogue-cinematography-chijsq,https://rovenhr.com/contact.html?claim=Rogue%20Cinematography&metro=Orlando
2386,Park Cities Family Dentistry,Dental & Medical,Dallas,TX,Dallas–Fort Worth,4.4,236,(214) 851-8832,http://www.cosmeticdentistindallas.com/,https://rovenhr.com/business/dfw/park-cities-family-dentistry-chijzs,https://rovenhr.com/contact.html?claim=Park%20Cities%20Family%20Dentistry&metro=Dallas–Fort%20Worth
2387,Veranda Elegant Events,Wedding & Events,Orlando,FL,Orlando,4.7,59,(407) 757-2975,https://www.eleganteventsatveranda.com/,https://rovenhr.com/business/orlando/veranda-elegant-events-chij-6,https://rovenhr.com/contact.html?claim=Veranda%20Elegant%20Events&metro=Orlando
2388,Outstanding Occasions,Wedding & Events,Phoenix,AZ,Phoenix,4.9,32,(480) 478-0079,http://www.outstanding-occasions.com/,https://rovenhr.com/business/phoenix/outstanding-occasions-chijfv,https://rovenhr.com/contact.html?claim=Outstanding%20Occasions&metro=Phoenix
2389,Pop the Cork Productions,Wedding & Events,Tempe,AZ,Phoenix,5,25,(480) 330-9609,https://popthecorkproductions.com/,https://rovenhr.com/business/phoenix/pop-the-cork-productions-chij5y,https://rovenhr.com/contact.html?claim=Pop%20the%20Cork%20Productions&metro=Phoenix
2390,Texas Air Conditioning and Heating,Home Services,San Antonio,TX,San Antonio,5,25,(210) 462-3102,http://acpro210.com/,https://rovenhr.com/business/san_antonio/texas-air-conditioning-and-heating-chij85,https://rovenhr.com/contact.html?claim=Texas%20Air%20Conditioning%20and%20Heating&metro=San%20Antonio
2391,PLAN PREP PARTY,Wedding & Events,San Diego,CA,San Diego,5,25,(707) 583-6238,http://planprepparty.com/,https://rovenhr.com/business/san_diego/plan-prep-party-chiji6,https://rovenhr.com/contact.html?claim=PLAN%20PREP%20PARTY&metro=San%20Diego
2392,HVAC Repair Champions,Home Services,Houston,TX,Houston,5,25,(713) 885-9043,https://usmapid.org/details/hvac-repair-champions-ChIJKZN,https://rovenhr.com/business/houston/hvac-repair-champions-chijkz,https://rovenhr.com/contact.html?claim=HVAC%20Repair%20Champions&metro=Houston
2393,Full Swing Studios,Wedding & Events,Phoenix,AZ,Phoenix,5,25,(480) 305-3560,http://www.fullswingstudios.com/,https://rovenhr.com/business/phoenix/full-swing-studios-chijmb,https://rovenhr.com/contact.html?claim=Full%20Swing%20Studios&metro=Phoenix
2394,Motive Cinemas - Videography Company,Wedding & Events,Miami,FL,Miami,5,25,(305) 702-7989,http://www.motivecinemas.com/,https://rovenhr.com/business/miami/motive-cinemas-videography-company-chijq4,https://rovenhr.com/contact.html?claim=Motive%20Cinemas%20-%20Videography%20Company&metro=Miami
2395,Jordan Ramay Photography,Wedding & Events,Los Angeles,CA,Los Angeles,5,25,(619) 518-7080,https://www.jramayphotography.com/,https://rovenhr.com/business/la/jordan-ramay-photography-chijqw,https://rovenhr.com/contact.html?claim=Jordan%20Ramay%20Photography&metro=Los%20Angeles
2396,Complete Weddings + Events,Wedding & Events,Scottsdale,AZ,Phoenix,5,25,(623) 303-5683,https://www.completewedo.com/phoenix/,https://rovenhr.com/business/phoenix/complete-weddings-events-chijrz,https://rovenhr.com/contact.html?claim=Complete%20Weddings%20+%20Events&metro=Phoenix
2397,175 Productions,Wedding & Events,Sacramento,CA,Sacramento,5,25,(888) 992-9391,https://175productions.com/,https://rovenhr.com/business/sacramento/175-productions-chijk5,https://rovenhr.com/contact.html?claim=175%20Productions&metro=Sacramento
2398,n2 Productions Miami Video production Company,Wedding & Events,Miami,FL,Miami,5,25,(305) 559-7858,http://n2productions.com/,https://rovenhr.com/business/miami/n2-productions-miami-video-production-company-chijzy,https://rovenhr.com/contact.html?claim=n2%20Productions%20Miami%20Video%20production%20Company&metro=Miami
2399,My Emma Photography,Wedding & Events,San Antonio,TX,San Antonio,5,29,,http://www.myemmaphotography.com/,https://rovenhr.com/business/san_antonio/my-emma-photography-chijd4,https://rovenhr.com/contact.html?claim=My%20Emma%20Photography&metro=San%20Antonio
2400,Living Pictures | wedding photography,Wedding & Events,San Francisco,CA,San Francisco,5,29,,https://livingpictures.pro/,https://rovenhr.com/business/sf/living-pictures-wedding-photography-chijhw,https://rovenhr.com/contact.html?claim=Living%20Pictures%20|%20wedding%20photography&metro=San%20Francisco
2401,Jazmín Hayes Photography,Wedding & Events,San Francisco,CA,San Francisco,5,29,,http://www.jazminhayes.com/,https://rovenhr.com/business/sf/jazm-n-hayes-photography-chijkq,https://rovenhr.com/contact.html?claim=Jazmín%20Hayes%20Photography&metro=San%20Francisco
2402,Elli Lauren Photography,Wedding & Events,Los Angeles,CA,Los Angeles,5,29,,https://www.ellilaurenweddings.com/,https://rovenhr.com/business/la/elli-lauren-photography-chijix,https://rovenhr.com/contact.html?claim=Elli%20Lauren%20Photography&metro=Los%20Angeles
2403,So Smitten Special Events,Wedding & Events,Long Beach,CA,Los Angeles,4.9,31,(805) 748-8636,http://www.sosmittenevents.com/,https://rovenhr.com/business/la/so-smitten-special-events-chijdz,https://rovenhr.com/contact.html?claim=So%20Smitten%20Special%20Events&metro=Los%20Angeles
2404,Miami AC Experts,Home Services,Miami,FL,Miami,4.8,53,(305) 488-2037,,https://rovenhr.com/business/miami/miami-ac-experts-chijo5,https://rovenhr.com/contact.html?claim=Miami%20AC%20Experts&metro=Miami
2405,Hermann Park Smiles (Family & Cosmetic Dentistry),Dental & Medical,Houston,TX,Houston,4.4,214,(713) 522-1717,https://www.hermannparksmiles.com/?utm_source=GMB&utm_medium=organic&utm_campaign=DevOptimization&utm_content=Website,https://rovenhr.com/business/houston/hermann-park-smiles-family-cosmetic-dentistry-chijp8,https://rovenhr.com/contact.html?claim=Hermann%20Park%20Smiles%20(Family%20&%20Cosmetic%20Dentistry)&metro=Houston
2406,Dream Light Visuals,Wedding & Events,Miami,FL,Miami,5,24,(305) 741-3693,http://www.dreamlightvisuals.com/,https://rovenhr.com/business/miami/dream-light-visuals-chij5f,https://rovenhr.com/contact.html?claim=Dream%20Light%20Visuals&metro=Miami
2407,Sakowitz Smiles Orthodontics Dr. Phillips (Orlando),Dental & Medical,Orlando,FL,Orlando,4.8,40,(407) 627-1187,https://orlandoorthodontics.com/location/orthodontist-in-dr-phillips-fl/,https://rovenhr.com/business/orlando/sakowitz-smiles-orthodontics-dr-phillips-orlando-chijcy,https://rovenhr.com/contact.html?claim=Sakowitz%20Smiles%20Orthodontics%20Dr.%20Phillips%20(Orlando)&metro=Orlando
2408,Zip In Media Productions LLC - Miami Video Production Company,Wedding & Events,Miami,FL,Miami,5,24,(305) 723-9961,https://zipinmedia.com/?utm_source=gmb&utm_medium=organic&utm_campaign=miami,https://rovenhr.com/business/miami/zip-in-media-productions-llc-miami-video-production-company-chijjz,https://rovenhr.com/contact.html?claim=Zip%20In%20Media%20Productions%20LLC%20-%20Miami%20Video%20Production%20Company&metro=Miami
2409,KJ 2 Productions,Wedding & Events,Sacramento,CA,Sacramento,5,24,(916) 524-0184,https://kj2productions.com/,https://rovenhr.com/business/sacramento/kj-2-productions-chijl9,https://rovenhr.com/contact.html?claim=KJ%202%20Productions&metro=Sacramento
2410,Diamond View,Wedding & Events,Tampa,FL,Tampa,4.8,40,(813) 972-5400,https://diamondview.io/,https://rovenhr.com/business/tampa/diamond-view-chijoc,https://rovenhr.com/contact.html?claim=Diamond%20View&metro=Tampa
2411,Photography by Vee,Wedding & Events,San Francisco,CA,San Francisco,5,24,(415) 745-1021,http://www.photographybyvee.com/,https://rovenhr.com/business/sf/photography-by-vee-chijrx,https://rovenhr.com/contact.html?claim=Photography%20by%20Vee&metro=San%20Francisco
2412,Said Yes Studios,Wedding & Events,Houston,TX,Houston,5,24,(281) 310-1670,https://saidyesstudios.com/?utm_source=GoogleMyBusiness&utm_medium=organic,https://rovenhr.com/business/houston/said-yes-studios-chijsx,https://rovenhr.com/contact.html?claim=Said%20Yes%20Studios&metro=Houston
2413,Outlive Creative,Wedding & Events,Phoenix,AZ,Phoenix,5,24,(503) 572-1037,http://www.outlivecreative.com/,https://rovenhr.com/business/phoenix/outlive-creative-chijdw,https://rovenhr.com/contact.html?claim=Outlive%20Creative&metro=Phoenix
2414,Le Moment Capturer,Wedding & Events,San Francisco,CA,San Francisco,5,24,(717) 683-9094,https://lemomentcapturer.com/,https://rovenhr.com/business/sf/le-moment-capturer-chijf2,https://rovenhr.com/contact.html?claim=Le%20Moment%20Capturer&metro=San%20Francisco
2415,Miami Film House,Wedding & Events,Miami,FL,Miami,4.8,40,(305) 833-8582,https://miamifilmhouse.com/,https://rovenhr.com/business/miami/miami-film-house-chijh4,https://rovenhr.com/contact.html?claim=Miami%20Film%20House&metro=Miami
2416,Say I Do to Details,Wedding & Events,Redondo Beach,CA,Los Angeles,5,24,(310) 619-8983,http://www.sayidotodetails.com/,https://rovenhr.com/business/la/say-i-do-to-details-chijks,https://rovenhr.com/contact.html?claim=Say%20I%20Do%20to%20Details&metro=Los%20Angeles
2417,A. Harris Photography,Wedding & Events,Orlando,FL,Orlando,5,24,(407) 766-1655,http://aharrisphotography.com/,https://rovenhr.com/business/orlando/a-harris-photography-chijrz,https://rovenhr.com/contact.html?claim=A.%20Harris%20Photography&metro=Orlando
2418,The Shalom Imaginative,Wedding & Events,Los Angeles,CA,Los Angeles,5,28,,https://theshalomimaginative.com/,https://rovenhr.com/business/la/the-shalom-imaginative-chijd1,https://rovenhr.com/contact.html?claim=The%20Shalom%20Imaginative&metro=Los%20Angeles
2419,The Dental Express,Dental & Medical,San Diego,CA,San Diego,4.4,209,(619) 701-6628,https://thedentalexpress.com/dental-express-downtown,https://rovenhr.com/business/san_diego/the-dental-express-chijw2,https://rovenhr.com/contact.html?claim=The%20Dental%20Express&metro=San%20Diego
2420,The Dental Docs,Dental & Medical,San Diego,CA,San Diego,4.7,54,(619) 297-2949,http://www.thedentaldocs.com/,https://rovenhr.com/business/san_diego/the-dental-docs-chijaq,https://rovenhr.com/contact.html?claim=The%20Dental%20Docs&metro=San%20Diego
2421,Lake Lucy Estate,Wedding & Events,Orlando,FL,Orlando,4.9,30,(352) 717-7872,https://weddings.orlandoepicrentals.com/,https://rovenhr.com/business/orlando/lake-lucy-estate-chijr4,https://rovenhr.com/contact.html?claim=Lake%20Lucy%20Estate&metro=Orlando
2422,Straight Shooter Heating & Cooling,Home Services,San Diego,CA,San Diego,4.8,39,(619) 604-9096,https://www.bestsandiegohvac.com/north-park-ac-installation-repair,https://rovenhr.com/business/san_diego/straight-shooter-heating-cooling-chijm4,https://rovenhr.com/contact.html?claim=Straight%20Shooter%20Heating%20&%20Cooling&metro=San%20Diego
2423,Dream Photography DFW,Wedding & Events,Dallas,TX,Dallas–Fort Worth,4.7,53,(469) 926-2610,https://dream-photography-dfw.zoca.com/?utm_source=googlemaps&utm_medium=googlemapsprofile&utm_campaign=website_link,https://rovenhr.com/business/dfw/dream-photography-dfw-chijcx,https://rovenhr.com/contact.html?claim=Dream%20Photography%20DFW&metro=Dallas–Fort%20Worth
2424,Snappr Photography,Wedding & Events,Phoenix,AZ,Phoenix,4.6,76,(623) 377-7704,https://www.snappr.co/best-photographers/phoenix-az?utm_source=google&utm_medium=organic_gmb&utm_campaign=gmb&utm_term=na&utm_content=na,https://rovenhr.com/business/phoenix/snappr-photography-chijp5,https://rovenhr.com/contact.html?claim=Snappr%20Photography&metro=Phoenix
2425,San Bruno Avenue Dental Group,Dental & Medical,San Francisco,CA,San Francisco,4.3,387,(415) 656-2868,https://www.sfdentalgroup.com/,https://rovenhr.com/business/sf/san-bruno-avenue-dental-group-chij3z,https://rovenhr.com/contact.html?claim=San%20Bruno%20Avenue%20Dental%20Group&metro=San%20Francisco
2426,Mish Mash Photography & Videography,Wedding & Events,Dallas,TX,Dallas–Fort Worth,5,27,,https://www.mishmashpv.com/,https://rovenhr.com/business/dfw/mish-mash-photography-videography-chijxw,https://rovenhr.com/contact.html?claim=Mish%20Mash%20Photography%20&%20Videography&metro=Dallas–Fort%20Worth
2427,A Day To Remember,Wedding & Events,Houston,TX,Houston,5,23,(713) 862-1751,http://www.daytoremember.net/,https://rovenhr.com/business/houston/a-day-to-remember-chij-f,https://rovenhr.com/contact.html?claim=A%20Day%20To%20Remember&metro=Houston
2428,JCDesigns Weddings & Events LLC,Wedding & Events,Poway,CA,San Diego,5,23,(413) 441-7933,https://www.jcdweddings.com/,https://rovenhr.com/business/san_diego/jcdesigns-weddings-events-llc-chij4w,https://rovenhr.com/contact.html?claim=JCDesigns%20Weddings%20&%20Events%20LLC&metro=San%20Diego
2429,Digital Perception Media,Wedding & Events,Phoenix,AZ,Phoenix,5,23,(480) 250-2110,https://www.digitalperceptionphotography.com/,https://rovenhr.com/business/phoenix/digital-perception-media-chijaz,https://rovenhr.com/contact.html?claim=Digital%20Perception%20Media&metro=Phoenix
2430,Marion Matrimony Events LLC,Wedding & Events,San Antonio,TX,San Antonio,5,23,(832) 680-4153,http://www.marion-events.com/,https://rovenhr.com/business/san_antonio/marion-matrimony-events-llc-chijeb,https://rovenhr.com/contact.html?claim=Marion%20Matrimony%20Events%20LLC&metro=San%20Antonio
2431,Waterloo Films,Wedding & Events,Round Rock,TX,Austin,5,23,(512) 293-0151,https://waterloofilms.com/,https://rovenhr.com/business/austin/waterloo-films-chijfe,https://rovenhr.com/contact.html?claim=Waterloo%20Films&metro=Austin
2432,Apropos Creations,Wedding & Events,Chandler,AZ,Phoenix,5,23,(480) 216-4630,https://www.aproposcreations.com/,https://rovenhr.com/business/phoenix/apropos-creations-chijj7,https://rovenhr.com/contact.html?claim=Apropos%20Creations&metro=Phoenix
2433,Your Phoenix HVAC Contractor,Home Services,Phoenix,AZ,Phoenix,5,23,(602) 753-4851,https://www.heatingcoolingphoenix.com/?utm_source=google&utm_medium=google-profile&utm_campaign=gmb,https://rovenhr.com/business/phoenix/your-phoenix-hvac-contractor-chijjw,https://rovenhr.com/contact.html?claim=Your%20Phoenix%20HVAC%20Contractor&metro=Phoenix
2434,LA HVAC SERVICE PRO,Home Services,Inglewood,CA,Los Angeles,5,23,(310) 703-8806,https://marvelous-fudge-9fbc5e.netlify.app/,https://rovenhr.com/business/la/la-hvac-service-pro-chijpb,https://rovenhr.com/contact.html?claim=LA%20HVAC%20SERVICE%20PRO&metro=Los%20Angeles
2435,Brandy Grace Photography,Wedding & Events,Orlando,FL,Orlando,5,23,(863) 605-4912,http://www.brandygracephotography.com/,https://rovenhr.com/business/orlando/brandy-grace-photography-chijvv,https://rovenhr.com/contact.html?claim=Brandy%20Grace%20Photography&metro=Orlando
2436,AZ Home Services Group AC Repair & Plumbing Services of Phoenix,Home Services,Phoenix,AZ,Phoenix,5,23,(602) 844-7757,https://azhomeservices.group/service-areas/phoenix-arizona-air-conditioner-plumbing-services/,https://rovenhr.com/business/phoenix/az-home-services-group-ac-repair-plumbing-services-of-phoeni-chijxr,https://rovenhr.com/contact.html?claim=AZ%20Home%20Services%20Group%20AC%20Repair%20&%20Plumbing%20Services%20of%20Phoenix&metro=Phoenix
2437,Emergency Air Conditioning Experts,Home Services,San Diego,CA,San Diego,5,23,(562) 512-4447,https://emergency-air-conditioning-experts.ueniweb.com/?utm_campaign=gmb,https://rovenhr.com/business/san_diego/emergency-air-conditioning-experts-chijfr,https://rovenhr.com/contact.html?claim=Emergency%20Air%20Conditioning%20Experts&metro=San%20Diego
2438,REYNOLDS HEAT N AIR,Home Services,Dallas,TX,Dallas–Fort Worth,5,23,(972) 725-4105,https://www.reynoldsheatnair.com/?utm_source=google&utm_medium=google_business_profile&utm_campaign=gbp-listing,https://rovenhr.com/business/dfw/reynolds-heat-n-air-chijpf,https://rovenhr.com/contact.html?claim=REYNOLDS%20HEAT%20N%20AIR&metro=Dallas–Fort%20Worth
2439,Dangerfield Weddings,Wedding & Events,Phoenix,AZ,Phoenix,4.9,29,(406) 261-9923,https://www.dangerfieldweddings.co/,https://rovenhr.com/business/phoenix/dangerfield-weddings-chijn6,https://rovenhr.com/contact.html?claim=Dangerfield%20Weddings&metro=Phoenix
2440,Hidden Picnics,Wedding & Events,San Diego,CA,San Diego,4.9,29,(619) 955-2920,http://www.hiddenpicnics.com/,https://rovenhr.com/business/san_diego/hidden-picnics-chijox,https://rovenhr.com/contact.html?claim=Hidden%20Picnics&metro=San%20Diego
2441,Magic Weddings and Events/ Gemar Assosiate,Wedding & Events,Jacksonville,FL,Jacksonville,4.9,29,(904) 651-5980,http://www.magicweddingevents.com/,https://rovenhr.com/business/jacksonville/magic-weddings-and-events-gemar-assosiate-chijw1,https://rovenhr.com/contact.html?claim=Magic%20Weddings%20and%20Events/%20Gemar%20Assosiate&metro=Jacksonville
2442,Mitch & Sons HVAC,Home Services,San Francisco,CA,San Francisco,4.9,37,(415) 358-8923,,https://rovenhr.com/business/sf/mitch-sons-hvac-chijpz,https://rovenhr.com/contact.html?claim=Mitch%20&%20Sons%20HVAC&metro=San%20Francisco
2443,AKO Plumbing Corp.,Home Services,Miami,FL,Miami,4.8,37,(305) 269-8033,http://akoplumbing.com/,https://rovenhr.com/business/miami/ako-plumbing-corp-chijn3,https://rovenhr.com/contact.html?claim=AKO%20Plumbing%20Corp.&metro=Miami
2444,Elite Videographer Orlando,Wedding & Events,Orlando,FL,Orlando,4.9,28,(407) 504-1941,https://videographer-orlando.com/,https://rovenhr.com/business/orlando/elite-videographer-orlando-chijcf,https://rovenhr.com/contact.html?claim=Elite%20Videographer%20Orlando&metro=Orlando
2445,Earth and Honey Studio,Wedding & Events,Miami,FL,Miami,5,26,,http://www.earthandhoney.studio/,https://rovenhr.com/business/miami/earth-and-honey-studio-chijg9,https://rovenhr.com/contact.html?claim=Earth%20and%20Honey%20Studio&metro=Miami
2446,RACHEL EVANS HVAC,Home Services,Descanso,CA,San Diego,4.9,28,(619) 335-6797,https://www.evanshvac-sandiego.com/,https://rovenhr.com/business/san_diego/rachel-evans-hvac-chijiy,https://rovenhr.com/contact.html?claim=RACHEL%20EVANS%20HVAC&metro=San%20Diego
2447,Rachel Richards Photo + Film,Wedding & Events,Phoenix,AZ,Phoenix,5,22,(623) 210-3252,https://rachelrichardsphotofilm.com/,https://rovenhr.com/business/phoenix/rachel-richards-photo-film-chij0f,https://rovenhr.com/contact.html?claim=Rachel%20Richards%20Photo%20+%20Film&metro=Phoenix
2448,Original Weddings Photo & Video,Wedding & Events,Houston,TX,Houston,5,22,(832) 780-3706,https://www.originalweddings.com/locations/texas/houston/,https://rovenhr.com/business/houston/original-weddings-photo-video-chiju6,https://rovenhr.com/contact.html?claim=Original%20Weddings%20Photo%20&%20Video&metro=Houston
2449,EricFilm,Wedding & Events,Glendale,CA,Los Angeles,5,22,(818) 298-7046,http://ericfilm.com/,https://rovenhr.com/business/la/ericfilm-chijzv,https://rovenhr.com/contact.html?claim=EricFilm&metro=Los%20Angeles
2450,Rapidfix Plumber San Francisco,Home Services,San Francisco,CA,San Francisco,5,22,(628) 227-9382,https://rapidfixplumbersanfrancisco.com/,https://rovenhr.com/business/sf/rapidfix-plumber-san-francisco-chijdx,https://rovenhr.com/contact.html?claim=Rapidfix%20Plumber%20San%20Francisco&metro=San%20Francisco
2451,Duct Dynasty Heating & Air - HVAC Repair & AC Installation in San Diego,Home Services,San Diego,CA,San Diego,5,22,(858) 349-3571,https://ductdynastysd.com/?utm_source=google&utm_medium=organic&utm_campaign=gbp&utm_term=san_diego,https://rovenhr.com/business/san_diego/duct-dynasty-heating-air-hvac-repair-ac-installation-in-san--chijey,https://rovenhr.com/contact.html?claim=Duct%20Dynasty%20Heating%20&%20Air%20-%20HVAC%20Repair%20&%20AC%20Installation%20in%20San%20Diego&metro=San%20Diego
2452,Blue Barn Creative,Wedding & Events,San Diego,CA,San Diego,5,22,(619) 770-1896,https://www.bluebarncreative.com/,https://rovenhr.com/business/san_diego/blue-barn-creative-chijfu,https://rovenhr.com/contact.html?claim=Blue%20Barn%20Creative&metro=San%20Diego
2453,Teshorn Jackson Studio,Wedding & Events,Fort Worth,TX,Dallas–Fort Worth,5,22,(214) 669-8282,http://www.teshornjackson.com/,https://rovenhr.com/business/dfw/teshorn-jackson-studio-chijgz,https://rovenhr.com/contact.html?claim=Teshorn%20Jackson%20Studio&metro=Dallas–Fort%20Worth
2454,Lisa Eley Photography,Wedding & Events,Phoenix,AZ,Phoenix,4.8,36,(480) 234-8971,https://www.lisaeleyphotography.com/,https://rovenhr.com/business/phoenix/lisa-eley-photography-chijcz,https://rovenhr.com/contact.html?claim=Lisa%20Eley%20Photography&metro=Phoenix
2455,Newcastle Wedding Gardens,Wedding & Events,Newcastle,CA,Sacramento,4.5,108,(916) 417-9765,http://www.newcastlebnb.com/,https://rovenhr.com/business/sacramento/newcastle-wedding-gardens-chijz2,https://rovenhr.com/contact.html?claim=Newcastle%20Wedding%20Gardens&metro=Sacramento
2456,Majestic Dental Practice,Dental & Medical,Sacramento,CA,Sacramento,4.6,69,(916) 263-9724,http://www.majesticdentalpractice.com/,https://rovenhr.com/business/sacramento/majestic-dental-practice-chijpy,https://rovenhr.com/contact.html?claim=Majestic%20Dental%20Practice&metro=Sacramento
2457,THA Heating Air & Plumbing Inc.,Home Services,San Diego,CA,San Diego,4.5,106,(858) 571-8865,https://www.thaheatingandair.com/,https://rovenhr.com/business/san_diego/tha-heating-air-plumbing-inc-chij6s,https://rovenhr.com/contact.html?claim=THA%20Heating%20Air%20&%20Plumbing%20Inc.&metro=San%20Diego
2458,Key Ideas - Video Production in San Antonio,Wedding & Events,San Antonio,TX,San Antonio,4.9,27,(210) 601-4332,http://www.keyideas.net/,https://rovenhr.com/business/san_antonio/key-ideas-video-production-in-san-antonio-chijhd,https://rovenhr.com/contact.html?claim=Key%20Ideas%20-%20Video%20Production%20in%20San%20Antonio&metro=San%20Antonio
2459,XSiGHT Photography & Video,Wedding & Events,Sacramento,CA,Sacramento,4.8,35,(916) 444-9100,https://xsightusa.com/,https://rovenhr.com/business/sacramento/xsight-photography-video-chijkv,https://rovenhr.com/contact.html?claim=XSiGHT%20Photography%20&%20Video&metro=Sacramento
2460,Bella Collina Weddings & Events,Wedding & Events,Montverde,FL,Orlando,5,25,,https://www.bellacollina.com/weddings-events/weddings,https://rovenhr.com/business/orlando/bella-collina-weddings-events-chijua,https://rovenhr.com/contact.html?claim=Bella%20Collina%20Weddings%20&%20Events&metro=Orlando
2461,Picnic,Wedding & Events,Sacramento,CA,Sacramento,5,21,(916) 399-3635,https://www.picnic.productions/,https://rovenhr.com/business/sacramento/picnic-chij1_,https://rovenhr.com/contact.html?claim=Picnic&metro=Sacramento
2462,Solar Space,Wedding & Events,Los Angeles,CA,Los Angeles,5,21,(510) 980-3447,https://www.instagram.com/solar.dtla/,https://rovenhr.com/business/la/solar-space-chij9u,https://rovenhr.com/contact.html?claim=Solar%20Space&metro=Los%20Angeles
2463,Paul Michael Film,Wedding & Events,Dallas,TX,Dallas–Fort Worth,5,21,(972) 798-3284,https://www.paulmichaelfilm.com/,https://rovenhr.com/business/dfw/paul-michael-film-chijib,https://rovenhr.com/contact.html?claim=Paul%20Michael%20Film&metro=Dallas–Fort%20Worth
2464,Luxury Wedding Videography,Wedding & Events,Sunny Isles Beach,FL,Miami,5,21,(786) 504-6030,https://lwvideography.com/,https://rovenhr.com/business/miami/luxury-wedding-videography-chijuq,https://rovenhr.com/contact.html?claim=Luxury%20Wedding%20Videography&metro=Miami
2465,Land Park Modern Dentistry,Dental & Medical,Sacramento,CA,Sacramento,4.3,325,(916) 550-9429,https://www.landparkmoderndentistry.com/?sc_cid=GBP%3AO%3AGP%3A457%3AOrganic_Search%3AGeneral%3Ana&_vsrefdom=organic_gbp&y_source=1_MTE1OTMxNDEtNzE1LWxvY2F0aW9uLndlYnNpdGU%3D,https://rovenhr.com/business/sacramento/land-park-modern-dentistry-chijm-,https://rovenhr.com/contact.html?claim=Land%20Park%20Modern%20Dentistry&metro=Sacramento
2466,Arizona Studios,Wedding & Events,Phoenix,AZ,Phoenix,4.6,66,(602) 275-9100,http://www.arizonastudios.com/,https://rovenhr.com/business/phoenix/arizona-studios-chijmz,https://rovenhr.com/contact.html?claim=Arizona%20Studios&metro=Phoenix
2467,Arizona Dental,Dental & Medical,Phoenix,AZ,Phoenix,4.6,66,(602) 788-4040,https://arizonadental.com/,https://rovenhr.com/business/phoenix/arizona-dental-chijd2,https://rovenhr.com/contact.html?claim=Arizona%20Dental&metro=Phoenix
2468,"Turbo Plumbing , Air Conditioning, Electrical & HVAC Repair Services Austin",Home Services,Austin,TX,Austin,4.8,34,(512) 553-4999,https://turbohomeservices.com/,https://rovenhr.com/business/austin/turbo-plumbing-air-conditioning-electrical-hvac-repair-servi-chij-a,"https://rovenhr.com/contact.html?claim=Turbo%20Plumbing%20,%20Air%20Conditioning,%20Electrical%20&%20HVAC%20Repair%20Services%20Austin&metro=Austin"
2469,Original Weddings,Wedding & Events,Austin,TX,Austin,4.7,46,(512) 233-6377,https://www.originalweddings.com/locations/texas/austin/,https://rovenhr.com/business/austin/original-weddings-chijzf,https://rovenhr.com/contact.html?claim=Original%20Weddings&metro=Austin
2470,WHITT ROSS,Wedding & Events,Austin,TX,Austin,4.9,26,(512) 763-2766,http://whittross.com/,https://rovenhr.com/business/austin/whitt-ross-chijif,https://rovenhr.com/contact.html?claim=WHITT%20ROSS&metro=Austin
2471,"Bay Area Plumbing, Inc.",Home Services,Tampa,FL,Tampa,4.4,166,(813) 620-0044,https://bayareaplumbinginc.com/,https://rovenhr.com/business/tampa/bay-area-plumbing-inc-chijlw,"https://rovenhr.com/contact.html?claim=Bay%20Area%20Plumbing,%20Inc.&metro=Tampa"
2472,SoCal Plumber San Diego,Home Services,San Diego,CA,San Diego,5,26,(619) 486-5672,,https://rovenhr.com/business/san_diego/socal-plumber-san-diego-chijpt,https://rovenhr.com/contact.html?claim=SoCal%20Plumber%20San%20Diego&metro=San%20Diego
2473,Monica Salazar Photography,Wedding & Events,Grand Prairie,TX,Dallas–Fort Worth,4.8,33,(972) 746-3557,https://www.monicasalazarphotography.com/,https://rovenhr.com/business/dfw/monica-salazar-photography-chijby,https://rovenhr.com/contact.html?claim=Monica%20Salazar%20Photography&metro=Dallas–Fort%20Worth
2474,Stay Cool Air Conditioning & Heating,Home Services,San Antonio,TX,San Antonio,4.8,33,(726) 263-0191,https://www.staycoolsatx.com/,https://rovenhr.com/business/san_antonio/stay-cool-air-conditioning-heating-chijiw,https://rovenhr.com/contact.html?claim=Stay%20Cool%20Air%20Conditioning%20&%20Heating&metro=San%20Antonio
2475,Acosta Plumbing Service,Home Services,Miami,FL,Miami,4.7,54,,http://acostaplumbing.com/,https://rovenhr.com/business/miami/acosta-plumbing-service-chijxc,https://rovenhr.com/contact.html?claim=Acosta%20Plumbing%20Service&metro=Miami
2476,Christopher Innes Films,Wedding & Events,Glendale,AZ,Phoenix,5,20,(818) 967-1106,http://www.christopherinnesfilms.com/,https://rovenhr.com/business/phoenix/christopher-innes-films-chijes,https://rovenhr.com/contact.html?claim=Christopher%20Innes%20Films&metro=Phoenix
2477,Social Graces Weddings and Events,Wedding & Events,Dallas,TX,Dallas–Fort Worth,5,20,(214) 808-1043,http://www.socialgracesdallas.com/,https://rovenhr.com/business/dfw/social-graces-weddings-and-events-chijg3,https://rovenhr.com/contact.html?claim=Social%20Graces%20Weddings%20and%20Events&metro=Dallas–Fort%20Worth
2478,CNC Film Productions | Wedding Videography Dallas Fort-Worth,Wedding & Events,Frisco,TX,Dallas–Fort Worth,5,20,(940) 784-3229,https://cncfilmprod.com/,https://rovenhr.com/business/dfw/cnc-film-productions-wedding-videography-dallas-fort-worth-chijjc,https://rovenhr.com/contact.html?claim=CNC%20Film%20Productions%20|%20Wedding%20Videography%20Dallas%20Fort-Worth&metro=Dallas–Fort%20Worth
2479,DreamWorld Prime Events LLC,Wedding & Events,Jacksonville,FL,Jacksonville,5,20,(904) 414-9015,https://dreamworldprimeevents.com/,https://rovenhr.com/business/jacksonville/dreamworld-prime-events-llc-chijtv,https://rovenhr.com/contact.html?claim=DreamWorld%20Prime%20Events%20LLC&metro=Jacksonville
2480,San Diego Invisalign,Dental & Medical,San Diego,CA,San Diego,5,20,(858) 771-2911,https://sandiego-invisalign.com/,https://rovenhr.com/business/san_diego/san-diego-invisalign-chijva,https://rovenhr.com/contact.html?claim=San%20Diego%20Invisalign&metro=San%20Diego
2481,Amour Creations by G’Bre LLC,Wedding & Events,Jacksonville,FL,Jacksonville,5,20,(877) 866-9010,http://amourcreates.com/,https://rovenhr.com/business/jacksonville/amour-creations-by-g-bre-llc-chijfy,https://rovenhr.com/contact.html?claim=Amour%20Creations%20by%20G’Bre%20LLC&metro=Jacksonville
2482,True Love Photo,Wedding & Events,Sacramento,CA,Sacramento,5,20,(916) 223-2384,https://truelovephoto.com/,https://rovenhr.com/business/sacramento/true-love-photo-chijgz,https://rovenhr.com/contact.html?claim=True%20Love%20Photo&metro=Sacramento
2483,Exciting Productions,Wedding & Events,Jacksonville,FL,Jacksonville,5,20,(734) 645-7600,https://excitingproductions.com/,https://rovenhr.com/business/jacksonville/exciting-productions-chijjx,https://rovenhr.com/contact.html?claim=Exciting%20Productions&metro=Jacksonville
2484,Robert Godridge Photography,Wedding & Events,Phoenix,AZ,Phoenix,5,20,(602) 334-5170,http://www.robertgodridgephotography.com/,https://rovenhr.com/business/phoenix/robert-godridge-photography-chijlf,https://rovenhr.com/contact.html?claim=Robert%20Godridge%20Photography&metro=Phoenix
2485,Bella Mia Exclusive Events,Wedding & Events,San Diego,CA,San Diego,5,20,(619) 248-0786,http://www.bellamiaexclusiveevents.com/,https://rovenhr.com/business/san_diego/bella-mia-exclusive-events-chijrt,https://rovenhr.com/contact.html?claim=Bella%20Mia%20Exclusive%20Events&metro=San%20Diego
2486,Ivy Weddings and Events,Wedding & Events,La Mesa,CA,San Diego,5,20,(805) 302-1501,http://www.ivyweddingsandevents.com/,https://rovenhr.com/business/san_diego/ivy-weddings-and-events-chijwf,https://rovenhr.com/contact.html?claim=Ivy%20Weddings%20and%20Events&metro=San%20Diego
2487,Cosmo Dental,Dental & Medical,San Francisco,CA,San Francisco,4.4,157,(628) 209-6959,https://cosmodentalsf.com/,https://rovenhr.com/business/sf/cosmo-dental-chijht,https://rovenhr.com/contact.html?claim=Cosmo%20Dental&metro=San%20Francisco
2488,Freon HVAC & Electrical Service - San Francisco,Home Services,San Francisco,CA,San Francisco,4.8,32,(415) 915-9945,https://freonhvacservice.com/?utm_source=google&utm_medium=organic&utm_campaign=gmb&utm_content=sf,https://rovenhr.com/business/sf/freon-hvac-electrical-service-san-francisco-chijud,https://rovenhr.com/contact.html?claim=Freon%20HVAC%20&%20Electrical%20Service%20-%20San%20Francisco&metro=San%20Francisco
2489,Double Knot Pictures,Wedding & Events,Austin,TX,Austin,4.7,43,(512) 730-0343,https://doubleknotpictures.com/,https://rovenhr.com/business/austin/double-knot-pictures-chijaq,https://rovenhr.com/contact.html?claim=Double%20Knot%20Pictures&metro=Austin
2490,Transcendent Visionz Photography & Film,Wedding & Events,San Antonio,TX,San Antonio,5,25,(210) 441-0382,,https://rovenhr.com/business/san_antonio/transcendent-visionz-photography-film-chijq7,https://rovenhr.com/contact.html?claim=Transcendent%20Visionz%20Photography%20&%20Film&metro=San%20Antonio
2491,Midtown Modern Dental Group,Dental & Medical,Sacramento,CA,Sacramento,4.4,153,(916) 246-0889,https://www.midtownmoderndentalgroup.com/?sc_cid=GBP%3AO%3AGP%3A437%3AOrganic_Search%3AGeneral%3Ana&_vsrefdom=organic_gbp&y_source=1_MzU1Nzg0My03MTUtbG9jYXRpb24ud2Vic2l0ZQ%3D%3D,https://rovenhr.com/business/sacramento/midtown-modern-dental-group-chijxc,https://rovenhr.com/contact.html?claim=Midtown%20Modern%20Dental%20Group&metro=Sacramento
2492,Mugwump Productions,Wedding & Events,Jacksonville,FL,Jacksonville,4.7,42,(904) 398-9971,http://www.mugwumpproductions.com/,https://rovenhr.com/business/jacksonville/mugwump-productions-chijca,https://rovenhr.com/contact.html?claim=Mugwump%20Productions&metro=Jacksonville
2493,Crenshaw Heating and Air Conditioning,Home Services,Los Angeles,CA,Los Angeles,4.8,31,(323) 215-1266,http://crenshawheatingandairconditioning.com/,https://rovenhr.com/business/la/crenshaw-heating-and-air-conditioning-chij9q,https://rovenhr.com/contact.html?claim=Crenshaw%20Heating%20and%20Air%20Conditioning&metro=Los%20Angeles
2494,Associated Heating of San Francisco,Home Services,San Francisco,CA,San Francisco,4.8,31,(415) 585-0145,http://www.associatedheatingsf.com/,https://rovenhr.com/business/sf/associated-heating-of-san-francisco-chijk5,https://rovenhr.com/contact.html?claim=Associated%20Heating%20of%20San%20Francisco&metro=San%20Francisco
2495,Iconic Dental,Dental & Medical,Phoenix,AZ,Phoenix,4.8,31,(602) 485-0505,http://iconicdentalaz.com/,https://rovenhr.com/business/phoenix/iconic-dental-chijh1,https://rovenhr.com/contact.html?claim=Iconic%20Dental&metro=Phoenix
2496,Precision Mechanical and Plumbing,Home Services,Miami,FL,Miami,4.6,59,(786) 485-4994,https://precisionmechanicaltech.com/,https://rovenhr.com/business/miami/precision-mechanical-and-plumbing-chijgx,https://rovenhr.com/contact.html?claim=Precision%20Mechanical%20and%20Plumbing&metro=Miami
2497,Two Be Wed,Wedding & Events,Houston,TX,Houston,5,19,(832) 689-8485,http://www.twobewed.com/,https://rovenhr.com/business/houston/two-be-wed-chij09,https://rovenhr.com/contact.html?claim=Two%20Be%20Wed&metro=Houston
2498,Moonbeam Video LLC,Wedding & Events,San Diego,CA,San Diego,5,19,(619) 320-8286,https://moonbeamvideo.com/,https://rovenhr.com/business/san_diego/moonbeam-video-llc-chij45,https://rovenhr.com/contact.html?claim=Moonbeam%20Video%20LLC&metro=San%20Diego
2499,The Perfect Pebble,Wedding & Events,Fleming Island,FL,Jacksonville,5,19,(904) 385-0191,https://www.theperfectpebble.com/,https://rovenhr.com/business/jacksonville/the-perfect-pebble-chij50,https://rovenhr.com/contact.html?claim=The%20Perfect%20Pebble&metro=Jacksonville
2500,The Customer Story - San Antonio Video Production,Wedding & Events,San Antonio,TX,San Antonio,5,19,(210) 253-1481,https://www.thecustomerstory.com/,https://rovenhr.com/business/san_antonio/the-customer-story-san-antonio-video-production-chij7y,https://rovenhr.com/contact.html?claim=The%20Customer%20Story%20-%20San%20Antonio%20Video%20Production&metro=San%20Antonio
2501,HVAC of Los Angeles,Home Services,Los Angeles,CA,Los Angeles,5,19,(408) 469-4844,https://hvac-of-los-angeles.ueniweb.com/?utm_campaign=gmb,https://rovenhr.com/business/la/hvac-of-los-angeles-chijax,https://rovenhr.com/contact.html?claim=HVAC%20of%20Los%20Angeles&metro=Los%20Angeles
2502,Relive Your Day Wedding Videos,Wedding & Events,St. Augustine,FL,Jacksonville,5,19,(386) 569-4087,http://www.reliveyourday.com/,https://rovenhr.com/business/jacksonville/relive-your-day-wedding-videos-chijf0,https://rovenhr.com/contact.html?claim=Relive%20Your%20Day%20Wedding%20Videos&metro=Jacksonville
2503,Elsie Event Co.,Wedding & Events,Austin,TX,Austin,5,19,(512) 228-0468,http://www.elsieeventco.com/,https://rovenhr.com/business/austin/elsie-event-co-chijs5,https://rovenhr.com/contact.html?claim=Elsie%20Event%20Co.&metro=Austin
2504,Blazer Video,Wedding & Events,San Francisco,CA,San Francisco,5,19,(415) 269-6347,https://www.blazervideo.com/?utm_source=google&utm_medium=gbp&utm_campaign=local,https://rovenhr.com/business/sf/blazer-video-chijf1,https://rovenhr.com/contact.html?claim=Blazer%20Video&metro=San%20Francisco
2505,J. Bell Photography,Wedding & Events,Austin,TX,Austin,5,19,(512) 632-9688,http://jbellatx.com/,https://rovenhr.com/business/austin/j-bell-photography-chijfw,https://rovenhr.com/contact.html?claim=J.%20Bell%20Photography&metro=Austin
2506,JCanelas Photo & Film,Wedding & Events,Tampa,FL,Tampa,5,19,(813) 810-6976,http://www.jcanelas.com/,https://rovenhr.com/business/tampa/jcanelas-photo-film-chijl8,https://rovenhr.com/contact.html?claim=JCanelas%20Photo%20&%20Film&metro=Tampa
2507,My Nguyen Photography | Jacksonville Florida & Destination Portrait Photographer,Wedding & Events,Jacksonville,FL,Jacksonville,5,19,(904) 859-4536,https://mynguyenphotography.com/,https://rovenhr.com/business/jacksonville/my-nguyen-photography-jacksonville-florida-destination-portr-chijr4,https://rovenhr.com/contact.html?claim=My%20Nguyen%20Photography%20|%20Jacksonville%20Florida%20&%20Destination%20Portrait%20Photographer&metro=Jacksonville
2508,FRESH DENTAL CARE 45 North,Dental & Medical,Houston,TX,Houston,4.1,1775,(281) 771-1111,http://www.freshdentalcare.com/,https://rovenhr.com/business/houston/fresh-dental-care-45-north-chijke,https://rovenhr.com/contact.html?claim=FRESH%20DENTAL%20CARE%2045%20North&metro=Houston
2509,Couture Events,Wedding & Events,San Diego,CA,San Diego,5,24,(619) 206-2905,,https://rovenhr.com/business/san_diego/couture-events-chijb-,https://rovenhr.com/contact.html?claim=Couture%20Events&metro=San%20Diego
2510,Always Avery Photography,Wedding & Events,San Diego,CA,San Diego,5,22,,https://alwaysaveryphotography.com/,https://rovenhr.com/business/san_diego/always-avery-photography-chijpd,https://rovenhr.com/contact.html?claim=Always%20Avery%20Photography&metro=San%20Diego
2511,Country Sugar Events,Wedding & Events,San Antonio,TX,San Antonio,5,23,(210) 347-6383,,https://rovenhr.com/business/san_antonio/country-sugar-events-chijaw,https://rovenhr.com/contact.html?claim=Country%20Sugar%20Events&metro=San%20Antonio
2512,Pearl Event Hall,Wedding & Events,Sacramento,CA,Sacramento,4.9,29,(916) 709-7157,,https://rovenhr.com/business/sacramento/pearl-event-hall-chij-a,https://rovenhr.com/contact.html?claim=Pearl%20Event%20Hall&metro=Sacramento
2513,Tristan Schmoldt Media LLC,Wedding & Events,Phoenix,AZ,Phoenix,5,18,(815) 790-1095,https://www.tristanschmoldtmedia.com/,https://rovenhr.com/business/phoenix/tristan-schmoldt-media-llc-chij83,https://rovenhr.com/contact.html?claim=Tristan%20Schmoldt%20Media%20LLC&metro=Phoenix
2514,Amor Wedding Films | Houston Wedding Photographer and Videographer,Wedding & Events,Houston,TX,Houston,5,18,(713) 331-5155,https://amortexas.com/?utm_source=ORGANIC&utm_medium=GMB&utm_campaign=SEO,https://rovenhr.com/business/houston/amor-wedding-films-houston-wedding-photographer-and-videogra-chijcx,https://rovenhr.com/contact.html?claim=Amor%20Wedding%20Films%20|%20Houston%20Wedding%20Photographer%20and%20Videographer&metro=Houston
2515,Acosta Heating & Sheet Metal,Home Services,San Francisco,CA,San Francisco,5,18,(415) 751-0732,https://acostaheatingandair.com/,https://rovenhr.com/business/sf/acosta-heating-sheet-metal-chijh5,https://rovenhr.com/contact.html?claim=Acosta%20Heating%20&%20Sheet%20Metal&metro=San%20Francisco
2516,Whitney's Wedding and Decor LLC,Wedding & Events,Natalia,TX,San Antonio,5,18,(210) 630-5803,https://www.wweddingsanddecor.com/#!,https://rovenhr.com/business/san_antonio/whitney-s-wedding-and-decor-llc-chijnu,https://rovenhr.com/contact.html?claim=Whitney's%20Wedding%20and%20Decor%20LLC&metro=San%20Antonio
2517,Occasions By Hiba,Wedding & Events,Jacksonville,FL,Jacksonville,5,18,(720) 829-5735,https://www.occasionsbyhiba.com/,https://rovenhr.com/business/jacksonville/occasions-by-hiba-chijoy,https://rovenhr.com/contact.html?claim=Occasions%20By%20Hiba&metro=Jacksonville
2518,FotoBohemia,Wedding & Events,Tampa,FL,Tampa,5,18,(813) 695-2441,http://www.fotoboho.com/,https://rovenhr.com/business/tampa/fotobohemia-chijcz,https://rovenhr.com/contact.html?claim=FotoBohemia&metro=Tampa
2519,Joie de Vie Weddings & Events,Wedding & Events,Orlando,FL,Orlando,5,18,(321) 662-9125,http://www.joiedevieevents.com/,https://rovenhr.com/business/orlando/joie-de-vie-weddings-events-chijew,https://rovenhr.com/contact.html?claim=Joie%20de%20Vie%20Weddings%20&%20Events&metro=Orlando
2520,The House of Weddings,Wedding & Events,Miami Beach,FL,Miami,5,18,(918) 852-2814,https://www.thehouseofweddings.net/,https://rovenhr.com/business/miami/the-house-of-weddings-chijtx,https://rovenhr.com/contact.html?claim=The%20House%20of%20Weddings&metro=Miami
2521,Vibrant Media Productions,Wedding & Events,Tampa,FL,Tampa,5,18,(321) 328-7199,https://vibrantmediaproductions.com/tampa-video-production/,https://rovenhr.com/business/tampa/vibrant-media-productions-chijv-,https://rovenhr.com/contact.html?claim=Vibrant%20Media%20Productions&metro=Tampa
2522,Picturesque Photo Video,Wedding & Events,Dallas,TX,Dallas–Fort Worth,4.6,54,(972) 210-6469,http://www.rockasnapbaby.com/,https://rovenhr.com/business/dfw/picturesque-photo-video-chij-b,https://rovenhr.com/contact.html?claim=Picturesque%20Photo%20Video&metro=Dallas–Fort%20Worth
2523,TERRY VEREEN PLUMBING,Home Services,Jacksonville,FL,Jacksonville,4.3,243,(904) 384-5661,https://www.terryvereenplumbing.com/about-us/,https://rovenhr.com/business/jacksonville/terry-vereen-plumbing-chijxc,https://rovenhr.com/contact.html?claim=TERRY%20VEREEN%20PLUMBING&metro=Jacksonville
2524,Eleakis & Elder Photography,Wedding & Events,Sacramento,CA,Sacramento,4.9,22,(916) 451-4892,http://www.eleakis.com/,https://rovenhr.com/business/sacramento/eleakis-elder-photography-chijsd,https://rovenhr.com/contact.html?claim=Eleakis%20&%20Elder%20Photography&metro=Sacramento
2525,PS Photography and Films,Wedding & Events,Coral Gables,FL,Miami,4.9,22,(305) 801-0551,https://psphotographyandfilms.com/,https://rovenhr.com/business/miami/ps-photography-and-films-chijtx,https://rovenhr.com/contact.html?claim=PS%20Photography%20and%20Films&metro=Miami
2526,Gateway Dental of Coral Way,Dental & Medical,Miami,FL,Miami,4.3,230,(305) 856-2300,https://gatewaydentalinc.com/,https://rovenhr.com/business/miami/gateway-dental-of-coral-way-chijp6,https://rovenhr.com/contact.html?claim=Gateway%20Dental%20of%20Coral%20Way&metro=Miami
2527,Harris Health Dental Center,Dental & Medical,Houston,TX,Houston,4.4,125,(713) 757-0572,https://www.harrishealth.org/locations-hh/pages/dental-program.aspx,https://rovenhr.com/business/houston/harris-health-dental-center-chijy_,https://rovenhr.com/contact.html?claim=Harris%20Health%20Dental%20Center&metro=Houston
2528,Dentists at Midtown,Dental & Medical,Miami,FL,Miami,4.2,499,(786) 724-0418,https://www.dentistsatmidtown.com/?sc_cid=GBP%3AO%3AGP%3A979%3AOrganic_Search%3AGeneral%3Ana&_vsrefdom=organic_gbp&y_source=1_MTIwMzA0NDgtNzE1LWxvY2F0aW9uLndlYnNpdGU%3D,https://rovenhr.com/business/miami/dentists-at-midtown-chijp5,https://rovenhr.com/contact.html?claim=Dentists%20at%20Midtown&metro=Miami
2529,Babcock Family Dental,Dental & Medical,San Antonio,TX,San Antonio,4.5,76,(210) 732-3333,http://www.babcockfamilydental.com/,https://rovenhr.com/business/san_antonio/babcock-family-dental-chijt8,https://rovenhr.com/contact.html?claim=Babcock%20Family%20Dental&metro=San%20Antonio
2530,Vice Mechanical LLC,Home Services,Miami,FL,Miami,5,17,(786) 841-1011,http://vice-mechanical.com/,https://rovenhr.com/business/miami/vice-mechanical-llc-chij-s,https://rovenhr.com/contact.html?claim=Vice%20Mechanical%20LLC&metro=Miami
2531,Breezin' Weddings,Wedding & Events,Tampa,FL,Tampa,5,17,(813) 348-4998,https://breezinweddings.com/,https://rovenhr.com/business/tampa/breezin-weddings-chij03,https://rovenhr.com/contact.html?claim=Breezin'%20Weddings&metro=Tampa
2532,Original Weddings,Wedding & Events,Miami,FL,Miami,5,17,(786) 917-6073,https://www.originalweddings.com/locations/florida/miami/,https://rovenhr.com/business/miami/original-weddings-chij39,https://rovenhr.com/contact.html?claim=Original%20Weddings&metro=Miami
2533,Caitlin Rose Photography,Wedding & Events,Austin,TX,Austin,5,17,(832) 746-2092,http://www.caitlinrosephoto.com/,https://rovenhr.com/business/austin/caitlin-rose-photography-chij3f,https://rovenhr.com/contact.html?claim=Caitlin%20Rose%20Photography&metro=Austin
2534,Alliance United Plumber Los Angeles,Home Services,Los Angeles,CA,Los Angeles,5,17,(310) 362-9413,https://allianceunitedplumberlosangeles.com/,https://rovenhr.com/business/la/alliance-united-plumber-los-angeles-chij9f,https://rovenhr.com/contact.html?claim=Alliance%20United%20Plumber%20Los%20Angeles&metro=Los%20Angeles
2535,BLUDREAMZ MEDIA,Wedding & Events,Phoenix,AZ,Phoenix,5,17,(602) 638-8046,https://bdmediaaz.com/,https://rovenhr.com/business/phoenix/bludreamz-media-chijaf,https://rovenhr.com/contact.html?claim=BLUDREAMZ%20MEDIA&metro=Phoenix
2536,San Francisco Proposal Photographer,Wedding & Events,San Francisco,CA,San Francisco,5,17,(415) 570-4085,https://www.sanfranciscoproposalphotographer.com/,https://rovenhr.com/business/sf/san-francisco-proposal-photographer-chijdw,https://rovenhr.com/contact.html?claim=San%20Francisco%20Proposal%20Photographer&metro=San%20Francisco
2537,Marvin Anthony Wedding Photography,Wedding & Events,San Antonio,TX,San Antonio,5,17,(210) 900-0096,http://www.marvinanthonyweddings.com/,https://rovenhr.com/business/san_antonio/marvin-anthony-wedding-photography-chijkw,https://rovenhr.com/contact.html?claim=Marvin%20Anthony%20Wedding%20Photography&metro=San%20Antonio
2538,"Jazz Heating, Air Conditioning and Plumbing",Home Services,Sacramento,CA,Sacramento,5,17,(925) 940-2603,https://www.calljazz.com/sacramento/?utm_source=google-gbp&utm_medium=organic&utm_campaign=*492*jazz-sacramento,https://rovenhr.com/business/sacramento/jazz-heating-air-conditioning-and-plumbing-chijnz,"https://rovenhr.com/contact.html?claim=Jazz%20Heating,%20Air%20Conditioning%20and%20Plumbing&metro=Sacramento"
2539,Stylish Events By Lisa,Wedding & Events,Phoenix,AZ,Phoenix,5,17,(480) 209-2559,https://stylisheventsbylisa.com/,https://rovenhr.com/business/phoenix/stylish-events-by-lisa-chijov,https://rovenhr.com/contact.html?claim=Stylish%20Events%20By%20Lisa&metro=Phoenix
2540,Cruz Media,Wedding & Events,Austin,TX,Austin,5,17,(512) 256-1464,http://cruzmediaproductions.com/,https://rovenhr.com/business/austin/cruz-media-chijpy,https://rovenhr.com/contact.html?claim=Cruz%20Media&metro=Austin
2541,Pacific air duct LLC,Home Services,Sacramento,CA,Sacramento,5,17,(916) 619-7749,https://pacificairductllc.com/,https://rovenhr.com/business/sacramento/pacific-air-duct-llc-chijqq,https://rovenhr.com/contact.html?claim=Pacific%20air%20duct%20LLC&metro=Sacramento
2542,AlignBar Orthodontics in San Diego,Dental & Medical,San Diego,CA,San Diego,5,17,(619) 500-6881,https://alignbar.com/?UTM_source=GMB_listing&UTM_medium=organic,https://rovenhr.com/business/san_diego/alignbar-orthodontics-in-san-diego-chijrx,https://rovenhr.com/contact.html?claim=AlignBar%20Orthodontics%20in%20San%20Diego&metro=San%20Diego
2543,Trusted Tampa HVAC Repair,Home Services,Tampa,FL,Tampa,5,17,(656) 250-5687,http://trustedtampahvacservices.com/,https://rovenhr.com/business/tampa/trusted-tampa-hvac-repair-chijta,https://rovenhr.com/contact.html?claim=Trusted%20Tampa%20HVAC%20Repair&metro=Tampa
2544,Haley Nyal Events,Wedding & Events,Sacramento,CA,Sacramento,5,17,(916) 276-8362,https://www.haleynyalevents.com/,https://rovenhr.com/business/sacramento/haley-nyal-events-chijtz,https://rovenhr.com/contact.html?claim=Haley%20Nyal%20Events&metro=Sacramento
2545,Tone Production | Orlando Video Production Company,Wedding & Events,Orlando,FL,Orlando,5,17,(504) 913-9291,https://toneproduction.net/orlando-video-production,https://rovenhr.com/business/orlando/tone-production-orlando-video-production-company-chijvq,https://rovenhr.com/contact.html?claim=Tone%20Production%20|%20Orlando%20Video%20Production%20Company&metro=Orlando
2546,South Mountain Films,Wedding & Events,Phoenix,AZ,Phoenix,5,17,(480) 482-1945,http://www.southmountainfilms.com/,https://rovenhr.com/business/phoenix/south-mountain-films-chijvv,https://rovenhr.com/contact.html?claim=South%20Mountain%20Films&metro=Phoenix
2547,"SkyPoint Productions, LLC.",Wedding & Events,Scottsdale,AZ,Phoenix,5,17,(602) 421-1381,http://www.skypointproductions.com/,https://rovenhr.com/business/phoenix/skypoint-productions-llc-chijwt,"https://rovenhr.com/contact.html?claim=SkyPoint%20Productions,%20LLC.&metro=Phoenix"
2548,Madison The Guy,Wedding & Events,San Diego,CA,San Diego,5,17,(717) 434-8515,http://www.madisontheguy.com/,https://rovenhr.com/business/san_diego/madison-the-guy-chijxw,https://rovenhr.com/contact.html?claim=Madison%20The%20Guy&metro=San%20Diego
2549,Reel Insight Productions,Wedding & Events,Jacksonville,FL,Jacksonville,5,17,(424) 234-9749,https://www.reelinsightproductions.com/,https://rovenhr.com/business/jacksonville/reel-insight-productions-chij_q,https://rovenhr.com/contact.html?claim=Reel%20Insight%20Productions&metro=Jacksonville
2550,Trusty AC Repair Austin,Home Services,Austin,TX,Austin,5,17,(512) 518-2252,http://trustyacrepairaustin.com/,https://rovenhr.com/business/austin/trusty-ac-repair-austin-chijh6,https://rovenhr.com/contact.html?claim=Trusty%20AC%20Repair%20Austin&metro=Austin
2551,Andreo Studio,Wedding & Events,Miami,FL,Miami,5,17,(855) 926-3736,http://www.andreostudio.com/,https://rovenhr.com/business/miami/andreo-studio-chijm5,https://rovenhr.com/contact.html?claim=Andreo%20Studio&metro=Miami
2552,Stephen Alberts Videography,Wedding & Events,San Diego,CA,San Diego,5,17,(646) 642-4505,https://stephenalbertsvideography.com/,https://rovenhr.com/business/san_diego/stephen-alberts-videography-chijmc,https://rovenhr.com/contact.html?claim=Stephen%20Alberts%20Videography&metro=San%20Diego
2553,"Martinez Family Dental, Oral Surgery & Implant Center",Dental & Medical,Los Angeles,CA,Los Angeles,4.4,122,(213) 381-7400,http://www.martinezfamilydentalla.com/,https://rovenhr.com/business/la/martinez-family-dental-oral-surgery-implant-center-chiju4,"https://rovenhr.com/contact.html?claim=Martinez%20Family%20Dental,%20Oral%20Surgery%20&%20Implant%20Center&metro=Los%20Angeles"
2554,La Jolla Cove Rooftop by Wedgewood Weddings,Wedding & Events,San Diego,CA,San Diego,4.6,50,(866) 966-3009,https://www.wedgewoodweddings.com/lajollacoverooftop?utm_source=google&utm_medium=organic&utm_campaign=gmb&utm_content=la-jolla-cove-rooftop,https://rovenhr.com/business/san_diego/la-jolla-cove-rooftop-by-wedgewood-weddings-chij9s,https://rovenhr.com/contact.html?claim=La%20Jolla%20Cove%20Rooftop%20by%20Wedgewood%20Weddings&metro=San%20Diego
2555,San Francisco Dental Spa,Dental & Medical,San Francisco,CA,San Francisco,4.3,215,(415) 644-0644,http://www.dentalspasanfrancisco.com/,https://rovenhr.com/business/sf/san-francisco-dental-spa-chijjy,https://rovenhr.com/contact.html?claim=San%20Francisco%20Dental%20Spa&metro=San%20Francisco
2556,Candid Studios Photography & Videography - Miami,Wedding & Events,Miami,FL,Miami,4.8,26,(844) 522-6343,https://www.candidstudios.net/locations/miami/,https://rovenhr.com/business/miami/candid-studios-photography-videography-miami-chijgx,https://rovenhr.com/contact.html?claim=Candid%20Studios%20Photography%20&%20Videography%20-%20Miami&metro=Miami
2557,Film Crew SF,Wedding & Events,San Francisco,CA,San Francisco,4.8,26,(415) 505-5046,https://rockerlook.com/,https://rovenhr.com/business/sf/film-crew-sf-chijrw,https://rovenhr.com/contact.html?claim=Film%20Crew%20SF&metro=San%20Francisco
2558,Your Jubilee Weddings and Events,Wedding & Events,Scottsdale,AZ,Phoenix,4.8,26,(602) 885-2645,https://yourjubilee.com/,https://rovenhr.com/business/phoenix/your-jubilee-weddings-and-events-chijt7,https://rovenhr.com/contact.html?claim=Your%20Jubilee%20Weddings%20and%20Events&metro=Phoenix
2559,Amal Khay - Exclusive Event Planner / MSBeventsLA,Wedding & Events,Los Angeles,CA,Los Angeles,4.8,26,(323) 798-9710,https://www.msbeventsla.com/,https://rovenhr.com/business/la/amal-khay-exclusive-event-planner-msbeventsla-chijke,https://rovenhr.com/contact.html?claim=Amal%20Khay%20-%20Exclusive%20Event%20Planner%20/%20MSBeventsLA&metro=Los%20Angeles
2560,All Year Heating and Air,Home Services,Sacramento,CA,Sacramento,4.7,34,(916) 922-7796,https://allyearah.com/?utm_source=google&utm_medium=local&utm_campaign=gmbp&utm_term=allyearah&utm_content=website_btn,https://rovenhr.com/business/sacramento/all-year-heating-and-air-chijcw,https://rovenhr.com/contact.html?claim=All%20Year%20Heating%20and%20Air&metro=Sacramento
2561,WestbyWest.co - Sacramento Based Wedding Photographer,Wedding & Events,Sacramento,CA,Sacramento,5,19,,https://www.westbywest.co/,https://rovenhr.com/business/sacramento/westbywest-co-sacramento-based-wedding-photographer-chij-6,https://rovenhr.com/contact.html?claim=WestbyWest.co%20-%20Sacramento%20Based%20Wedding%20Photographer&metro=Sacramento
2562,itla photo,Wedding & Events,Los Angeles,CA,Los Angeles,5,19,,http://itlaphoto.com/,https://rovenhr.com/business/la/itla-photo-chij93,https://rovenhr.com/contact.html?claim=itla%20photo&metro=Los%20Angeles
2563,San Diego Emergency Family Dentist Reza Kasiri,Dental & Medical,San Diego,CA,San Diego,4.4,113,(619) 550-1111,https://24-7emergencydental.com/,https://rovenhr.com/business/san_diego/san-diego-emergency-family-dentist-reza-kasiri-chijts,https://rovenhr.com/contact.html?claim=San%20Diego%20Emergency%20Family%20Dentist%20Reza%20Kasiri&metro=San%20Diego
2564,Infinity Video & Photo,Wedding & Events,San Antonio,TX,San Antonio,4.6,47,(210) 744-5566,https://infinityweddings.com/,https://rovenhr.com/business/san_antonio/infinity-video-photo-chij29,https://rovenhr.com/contact.html?claim=Infinity%20Video%20&%20Photo&metro=San%20Antonio
2565,"Kestum Bilt, Video Production",Wedding & Events,Tampa,FL,Tampa,5,16,(813) 336-5233,https://www.kestumbilt.com/location/tampa-video-production,https://rovenhr.com/business/tampa/kestum-bilt-video-production-chij9b,"https://rovenhr.com/contact.html?claim=Kestum%20Bilt,%20Video%20Production&metro=Tampa"
2566,Lilia Photography,Wedding & Events,San Francisco,CA,San Francisco,5,16,(415) 489-0098,https://www.liliaphoto.com/,https://rovenhr.com/business/sf/lilia-photography-chija4,https://rovenhr.com/contact.html?claim=Lilia%20Photography&metro=San%20Francisco
2567,Darkroomfoto,Wedding & Events,San Antonio,TX,San Antonio,5,16,(210) 748-2982,http://www.darkroomfoto.com/,https://rovenhr.com/business/san_antonio/darkroomfoto-chijcz,https://rovenhr.com/contact.html?claim=Darkroomfoto&metro=San%20Antonio
2568,Buena Lane Photography,Wedding & Events,San Francisco,CA,San Francisco,5,16,(415) 418-9866,http://buenalane.com/,https://rovenhr.com/business/sf/buena-lane-photography-chijeu,https://rovenhr.com/contact.html?claim=Buena%20Lane%20Photography&metro=San%20Francisco
2569,Brad Hall Studios,Wedding & Events,Tampa,FL,Tampa,5,16,(727) 386-9610,http://www.bradhallstudios.com/,https://rovenhr.com/business/tampa/brad-hall-studios-chijey,https://rovenhr.com/contact.html?claim=Brad%20Hall%20Studios&metro=Tampa
2570,West Films - Los Angeles Wedding Videographer,Wedding & Events,Los Angeles,CA,Los Angeles,5,16,(424) 744-6549,https://weddingvideocalifornia.com/,https://rovenhr.com/business/la/west-films-los-angeles-wedding-videographer-chij_9,https://rovenhr.com/contact.html?claim=West%20Films%20-%20Los%20Angeles%20Wedding%20Videographer&metro=Los%20Angeles
2571,Perfect Sky Productions,Wedding & Events,Orlando,FL,Orlando,5,16,(407) 810-8037,http://perfectskyproductions.com/,https://rovenhr.com/business/orlando/perfect-sky-productions-chijdx,https://rovenhr.com/contact.html?claim=Perfect%20Sky%20Productions&metro=Orlando
2572,Kameraman Studios,Wedding & Events,Los Angeles,CA,Los Angeles,5,16,(425) 770-3044,http://www.kameramanstudios.com/,https://rovenhr.com/business/la/kameraman-studios-chijix,https://rovenhr.com/contact.html?claim=Kameraman%20Studios&metro=Los%20Angeles
2573,SF City Hall Photographer,Wedding & Events,San Francisco,CA,San Francisco,5,16,(415) 672-6023,http://www.sfcityhallphotographer.com/,https://rovenhr.com/business/sf/sf-city-hall-photographer-chijq1,https://rovenhr.com/contact.html?claim=SF%20City%20Hall%20Photographer&metro=San%20Francisco
2574,Burke Events,Wedding & Events,San Francisco,CA,San Francisco,5,16,(415) 518-1400,http://www.burkevents.com/,https://rovenhr.com/business/sf/burke-events-chijq6,https://rovenhr.com/contact.html?claim=Burke%20Events&metro=San%20Francisco
2575,Next Exit Photography,Wedding & Events,Los Angeles,CA,Los Angeles,5,16,(310) 474-7871,http://www.nextexitphotography.com/,https://rovenhr.com/business/la/next-exit-photography-chijs0,https://rovenhr.com/contact.html?claim=Next%20Exit%20Photography&metro=Los%20Angeles
2576,My RockStar Wedding Videography & Photography in Los Angeles,Wedding & Events,Los Angeles,CA,Los Angeles,5,16,(424) 485-4123,http://myrockstarvideography.com/?utm_source=google&utm_medium=wix_google_business_profile&utm_campaign=470648262163749072,https://rovenhr.com/business/la/my-rockstar-wedding-videography-photography-in-los-angeles-chijzc,https://rovenhr.com/contact.html?claim=My%20RockStar%20Wedding%20Videography%20&%20Photography%20in%20Los%20Angeles&metro=Los%20Angeles
2577,Southpark Meadows Dental Group and Orthodontics,Dental & Medical,Austin,TX,Austin,4.2,425,(512) 291-8012,https://www.southparkmeadowsdentalgroup.com/?sc_cid=GBP%3AO%3AGP%3A780%3AOrganic_Search%3AGeneral%3Ana&_vsrefdom=organic_gbp&y_source=1_MTE0Njg5Mi03MTUtbG9jYXRpb24ud2Vic2l0ZQ%3D%3D,https://rovenhr.com/business/austin/southpark-meadows-dental-group-and-orthodontics-chij_0,https://rovenhr.com/contact.html?claim=Southpark%20Meadows%20Dental%20Group%20and%20Orthodontics&metro=Austin
2578,Lona Weddings,Wedding & Events,Austin,TX,Austin,4.7,33,(210) 872-4257,https://lonaweddings.com/,https://rovenhr.com/business/austin/lona-weddings-chijv5,https://rovenhr.com/contact.html?claim=Lona%20Weddings&metro=Austin
2579,Arenlace Events - San Diego Wedding Planner & Coordinator,Wedding & Events,Oceanside,CA,San Diego,4.7,33,(858) 295-3300,https://www.arenlace.com/collections/events,https://rovenhr.com/business/san_diego/arenlace-events-san-diego-wedding-planner-coordinator-chije4,https://rovenhr.com/contact.html?claim=Arenlace%20Events%20-%20San%20Diego%20Wedding%20Planner%20&%20Coordinator&metro=San%20Diego
2580,Events by Vrushali,Wedding & Events,San Antonio,TX,San Antonio,4.7,33,(210) 284-3095,http://www.eventsbyvrushali.com/,https://rovenhr.com/business/san_antonio/events-by-vrushali-chijwx,https://rovenhr.com/contact.html?claim=Events%20by%20Vrushali&metro=San%20Antonio
2581,San Diego HVAC & Airduct Cleaning,Home Services,San Diego,CA,San Diego,5,20,(619) 272-9793,,https://rovenhr.com/business/san_diego/san-diego-hvac-airduct-cleaning-chijga,https://rovenhr.com/contact.html?claim=San%20Diego%20HVAC%20&%20Airduct%20Cleaning&metro=San%20Diego
2582,Houston Heating & Air Conditioning,Home Services,Houston,TX,Houston,5,20,(346) 340-0342,,https://rovenhr.com/business/houston/houston-heating-air-conditioning-chijvx,https://rovenhr.com/contact.html?claim=Houston%20Heating%20&%20Air%20Conditioning&metro=Houston
2583,Florida Dental Clinic,Dental & Medical,Miami,FL,Miami,4.6,45,(786) 312-9649,https://www.floridadentalclinic.us/,https://rovenhr.com/business/miami/florida-dental-clinic-chijrx,https://rovenhr.com/contact.html?claim=Florida%20Dental%20Clinic&metro=Miami
2584,East Village Dental Group,Dental & Medical,San Diego,CA,San Diego,4.3,191,(619) 324-4981,https://www.eastvillagedentalgroup.com/?sc_cid=GBP%3AO%3AGP%3A406%3AOrganic_Search%3AGeneral%3Ana&_vsrefdom=organic_gbp&y_source=1_MjcwMDcyNS03MTUtbG9jYXRpb24ud2Vic2l0ZQ%3D%3D,https://rovenhr.com/business/san_diego/east-village-dental-group-chijry,https://rovenhr.com/contact.html?claim=East%20Village%20Dental%20Group&metro=San%20Diego
2585,DavidZ Photographer,Wedding & Events,Miami,FL,Miami,5,18,,http://www.wedding-davidz.com/,https://rovenhr.com/business/miami/davidz-photographer-chijox,https://rovenhr.com/contact.html?claim=DavidZ%20Photographer&metro=Miami
2586,Vanessa Lain Photography,Wedding & Events,San Antonio,TX,San Antonio,4.8,24,(512) 289-1388,https://www.vanessalain.com/,https://rovenhr.com/business/san_antonio/vanessa-lain-photography-chij2c,https://rovenhr.com/contact.html?claim=Vanessa%20Lain%20Photography&metro=San%20Antonio
2587,"Premium Heating and Air Conditioning, Inc.",Home Services,Sacramento,CA,Sacramento,4.8,24,(916) 944-8829,https://www.premiumairconditioningandheating.com/,https://rovenhr.com/business/sacramento/premium-heating-and-air-conditioning-inc-chij8a,"https://rovenhr.com/contact.html?claim=Premium%20Heating%20and%20Air%20Conditioning,%20Inc.&metro=Sacramento"
2588,Odom Media LLC,Wedding & Events,San Diego,CA,San Diego,4.8,24,(619) 962-6115,http://www.odommedia.com/,https://rovenhr.com/business/san_diego/odom-media-llc-chij9-,https://rovenhr.com/contact.html?claim=Odom%20Media%20LLC&metro=San%20Diego
2589,Cooper Oates Air Conditioning,Home Services,Sacramento,CA,Sacramento,4.8,24,(916) 381-4611,https://www.coacair.com/,https://rovenhr.com/business/sacramento/cooper-oates-air-conditioning-chiju4,https://rovenhr.com/contact.html?claim=Cooper%20Oates%20Air%20Conditioning&metro=Sacramento
2590,Atlantic Dental,Dental & Medical,Phoenix,AZ,Phoenix,4.4,103,(602) 923-0700,https://www.atlanticdentalphoenix.org/,https://rovenhr.com/business/phoenix/atlantic-dental-chijgc,https://rovenhr.com/contact.html?claim=Atlantic%20Dental&metro=Phoenix
2591,San Francisco Heating & Air Conditioning Services,Home Services,San Francisco,CA,San Francisco,4.8,31,(415) 935-8149,,https://rovenhr.com/business/sf/san-francisco-heating-air-conditioning-services-chij63,https://rovenhr.com/contact.html?claim=San%20Francisco%20Heating%20&%20Air%20Conditioning%20Services&metro=San%20Francisco
2592,Carography Studios Wedding Photographer,Wedding & Events,Tampa,FL,Tampa,5,15,(813) 399-0847,http://www.carographystudios.com/,https://rovenhr.com/business/tampa/carography-studios-wedding-photographer-chij0s,https://rovenhr.com/contact.html?claim=Carography%20Studios%20Wedding%20Photographer&metro=Tampa
2593,Tone Production | Tampa FL Video Production Company,Wedding & Events,Tampa,FL,Tampa,5,15,(504) 913-9291,http://toneproduction.net/tampa-video-production/,https://rovenhr.com/business/tampa/tone-production-tampa-fl-video-production-company-chij10,https://rovenhr.com/contact.html?claim=Tone%20Production%20|%20Tampa%20FL%20Video%20Production%20Company&metro=Tampa
2594,Kristine Smith Designs,Wedding & Events,El Cajon,CA,San Diego,5,15,(559) 287-2108,http://www.kristinesmithdesigns.com/,https://rovenhr.com/business/san_diego/kristine-smith-designs-chij1z,https://rovenhr.com/contact.html?claim=Kristine%20Smith%20Designs&metro=San%20Diego
2595,Relevé Films,Wedding & Events,Jacksonville,FL,Jacksonville,5,15,(904) 994-0652,http://www.relevefilms.com/,https://rovenhr.com/business/jacksonville/relev-films-chij4u,https://rovenhr.com/contact.html?claim=Relevé%20Films&metro=Jacksonville
2596,HauteFetes Fine Weddings & Events,Wedding & Events,Rancho Santa Fe,CA,San Diego,5,15,(858) 775-6083,https://hautefetes.com/,https://rovenhr.com/business/san_diego/hautefetes-fine-weddings-events-chija_,https://rovenhr.com/contact.html?claim=HauteFetes%20Fine%20Weddings%20&%20Events&metro=San%20Diego
2597,American River Orthodontics: Dr. Michael H. Payne,Dental & Medical,Sacramento,CA,Sacramento,4.5,63,(916) 486-4233,https://www.americanriverorthodontics.com/,https://rovenhr.com/business/sacramento/american-river-orthodontics-dr-michael-h-payne-chijl3,https://rovenhr.com/contact.html?claim=American%20River%20Orthodontics:%20Dr.%20Michael%20H.%20Payne&metro=Sacramento
2598,Tone Production | Jacksonville Video Production Company,Wedding & Events,Jacksonville,FL,Jacksonville,5,15,(504) 913-9291,http://toneproduction.net/jacksonville-video-production/,https://rovenhr.com/business/jacksonville/tone-production-jacksonville-video-production-company-chijq6,https://rovenhr.com/contact.html?claim=Tone%20Production%20|%20Jacksonville%20Video%20Production%20Company&metro=Jacksonville
2599,"Affordable Wedding Planner San Diego / Cheap DJ, Photography, Videography & More!",Wedding & Events,San Diego,CA,San Diego,5,15,(858) 754-8887,https://cheapweddingplannersandiego.com/,https://rovenhr.com/business/san_diego/affordable-wedding-planner-san-diego-cheap-dj-photography-vi-chijzy,"https://rovenhr.com/contact.html?claim=Affordable%20Wedding%20Planner%20San%20Diego%20/%20Cheap%20DJ,%20Photography,%20Videography%20&%20More!&metro=San%20Diego"
2600,Two Hearts Photography and Films,Wedding & Events,Houston,TX,Houston,5,15,(832) 329-3042,http://www.twoheartsphotographyandfilms.com/,https://rovenhr.com/business/houston/two-hearts-photography-and-films-chijlc,https://rovenhr.com/contact.html?claim=Two%20Hearts%20Photography%20and%20Films&metro=Houston
2601,Austin Plumbing,Home Services,Austin,TX,Austin,5,15,(512) 900-4663,https://www.austinplumbing.com/,https://rovenhr.com/business/austin/austin-plumbing-chijt1,https://rovenhr.com/contact.html?claim=Austin%20Plumbing&metro=Austin
2602,Monarch Studios LA,Wedding & Events,Los Angeles,CA,Los Angeles,5,15,(818) 486-3931,https://monarchstudiosla.com/,https://rovenhr.com/business/la/monarch-studios-la-chijvz,https://rovenhr.com/contact.html?claim=Monarch%20Studios%20LA&metro=Los%20Angeles
2603,David Pressman Events,Wedding & Events,Los Angeles,CA,Los Angeles,5,15,(310) 498-5511,http://www.davidpressmanevents.com/,https://rovenhr.com/business/la/david-pressman-events-chijwu,https://rovenhr.com/contact.html?claim=David%20Pressman%20Events&metro=Los%20Angeles
2604,Wedding photographer Rosylove,Wedding & Events,Sacramento,CA,Sacramento,5,19,(415) 361-1389,,https://rovenhr.com/business/sacramento/wedding-photographer-rosylove-chijr0,https://rovenhr.com/contact.html?claim=Wedding%20photographer%20Rosylove&metro=Sacramento
2605,Miami Wedding Cinema,Wedding & Events,Miami,FL,Miami,4.6,42,(786) 340-1353,http://www.miamiweddingscinema.com/,https://rovenhr.com/business/miami/miami-wedding-cinema-chijiw,https://rovenhr.com/contact.html?claim=Miami%20Wedding%20Cinema&metro=Miami
2606,Sage Dental of Jacksonville at Town Center,Dental & Medical,Jacksonville,FL,Jacksonville,4.2,365,(904) 590-2714,https://mysagedental.com/jax-at-town-center?utm_source=Google&utm_medium=Business_Listing,https://rovenhr.com/business/jacksonville/sage-dental-of-jacksonville-at-town-center-chijxb,https://rovenhr.com/contact.html?claim=Sage%20Dental%20of%20Jacksonville%20at%20Town%20Center&metro=Jacksonville
2607,Mission Dental Group,Dental & Medical,San Francisco,CA,San Francisco,4.5,60,(415) 849-9991,https://www.growneydental.com/locations/mission,https://rovenhr.com/business/sf/mission-dental-group-chij9y,https://rovenhr.com/contact.html?claim=Mission%20Dental%20Group&metro=San%20Francisco
2608,Mina wedding photography and videography,Wedding & Events,Phoenix,AZ,Phoenix,4.5,60,(602) 349-8944,https://www.minavideoproduction.com/,https://rovenhr.com/business/phoenix/mina-wedding-photography-and-videography-chijbq,https://rovenhr.com/contact.html?claim=Mina%20wedding%20photography%20and%20videography&metro=Phoenix
2609,Giverny Wedding Photo & Film,Wedding & Events,Houston,TX,Houston,5,17,,https://www.givernywedding.com/,https://rovenhr.com/business/houston/giverny-wedding-photo-film-chijaq,https://rovenhr.com/contact.html?claim=Giverny%20Wedding%20Photo%20&%20Film&metro=Houston
2610,Sterling Hotel by Wedgewood Weddings,Wedding & Events,Sacramento,CA,Sacramento,4.3,165,(866) 966-3009,https://www.wedgewoodweddings.com/sterlinghotel?utm_source=google&utm_medium=organic&utm_campaign=gmb&utm_content=sterling-hotel,https://rovenhr.com/business/sacramento/sterling-hotel-by-wedgewood-weddings-chij65,https://rovenhr.com/contact.html?claim=Sterling%20Hotel%20by%20Wedgewood%20Weddings&metro=Sacramento
2611,PDS Foundation Dentists for Special Needs,Dental & Medical,Phoenix,AZ,Phoenix,4.3,162,(602) 344-9530,https://www.dentistsforspecialneeds.com/?sc_cid=GBP%3AO%3AGP%3A389%3AOrganic_Search%3AGeneral%3Ana&_vsrefdom=organic_gbp&y_source=1_MTIxMDQ5ODctNzE1LWxvY2F0aW9uLndlYnNpdGU%3D,https://rovenhr.com/business/phoenix/pds-foundation-dentists-for-special-needs-chij1s,https://rovenhr.com/contact.html?claim=PDS%20Foundation%20Dentists%20for%20Special%20Needs&metro=Phoenix
2612,Aurora,Wedding & Events,Sacramento,CA,Sacramento,4.8,22,(916) 243-8345,http://www.aurorasac.com/,https://rovenhr.com/business/sacramento/aurora-chijtc,https://rovenhr.com/contact.html?claim=Aurora&metro=Sacramento
2613,Wedding Videography by Devad,Wedding & Events,Sacramento,CA,Sacramento,5,14,(916) 288-7909,http://devadweddings.com/,https://rovenhr.com/business/sacramento/wedding-videography-by-devad-chij5s,https://rovenhr.com/contact.html?claim=Wedding%20Videography%20by%20Devad&metro=Sacramento
2614,San Diego Video Production Company,Wedding & Events,El Cajon,CA,San Diego,5,14,(858) 754-8887,https://www.sandiegovideoproductioncompany.com/,https://rovenhr.com/business/san_diego/san-diego-video-production-company-chij8y,https://rovenhr.com/contact.html?claim=San%20Diego%20Video%20Production%20Company&metro=San%20Diego
2615,Expert Plumbing Solutions,Home Services,San Francisco,CA,San Francisco,5,14,(415) 531-5340,https://www.eplumbingsolutions.com/,https://rovenhr.com/business/sf/expert-plumbing-solutions-chijmb,https://rovenhr.com/contact.html?claim=Expert%20Plumbing%20Solutions&metro=San%20Francisco
2616,AC Repair Miami Beach Pros,Home Services,Miami Beach,FL,Miami,5,14,(786) 481-1049,https://acrepairmiamibeach.pro/location/ac-repairs-in-miami-beach-your-comprehensive-guide,https://rovenhr.com/business/miami/ac-repair-miami-beach-pros-chijn2,https://rovenhr.com/contact.html?claim=AC%20Repair%20Miami%20Beach%20Pros&metro=Miami
2617,Affordable Wedding Photographer San Diego,Wedding & Events,San Diego,CA,San Diego,5,14,(858) 208-3562,https://www.affordableweddingphotographersandiego.com/,https://rovenhr.com/business/san_diego/affordable-wedding-photographer-san-diego-chijqq,https://rovenhr.com/contact.html?claim=Affordable%20Wedding%20Photographer%20San%20Diego&metro=San%20Diego
2618,Creative Affairs Inc,Wedding & Events,San Diego,CA,San Diego,5,14,(619) 993-0710,http://www.creativeaffairsinc.com/,https://rovenhr.com/business/san_diego/creative-affairs-inc-chijv_,https://rovenhr.com/contact.html?claim=Creative%20Affairs%20Inc&metro=San%20Diego
2619,Capture Create Studios Photography,Wedding & Events,Sacramento,CA,Sacramento,5,14,(707) 888-1388,https://www.capturecreatestudios.com/?utm_source=google&utm_medium=organic&utm_campaign=gmb-listing,https://rovenhr.com/business/sacramento/capture-create-studios-photography-chijab,https://rovenhr.com/contact.html?claim=Capture%20Create%20Studios%20Photography&metro=Sacramento
2620,Amy Karp Photography,Wedding & Events,Dallas,TX,Dallas–Fort Worth,5,14,(214) 519-9687,http://www.amykarp.com/,https://rovenhr.com/business/dfw/amy-karp-photography-chijce,https://rovenhr.com/contact.html?claim=Amy%20Karp%20Photography&metro=Dallas–Fort%20Worth
2621,Nahid's Global Events,Wedding & Events,San Diego,CA,San Diego,5,14,(619) 920-2976,https://nahidglobal.com/,https://rovenhr.com/business/san_diego/nahid-s-global-events-chijvw,https://rovenhr.com/contact.html?claim=Nahid's%20Global%20Events&metro=San%20Diego
2622,Texas HVAC Heating LLC,Home Services,San Antonio,TX,San Antonio,5,14,(210) 564-4846,https://texashvacheatingllc.com/,https://rovenhr.com/business/san_antonio/texas-hvac-heating-llc-chijyw,https://rovenhr.com/contact.html?claim=Texas%20HVAC%20Heating%20LLC&metro=San%20Antonio
2623,Austin Plumbing,Home Services,Austin,TX,Austin,4.8,21,(512) 900-4663,https://austinplumbing.com/,https://rovenhr.com/business/austin/austin-plumbing-chijq0,https://rovenhr.com/contact.html?claim=Austin%20Plumbing&metro=Austin
2624,Midtown Dental Miami,Dental & Medical,Miami,FL,Miami,4.3,147,(305) 598-6070,http://www.midtowndentalmiami.com/,https://rovenhr.com/business/miami/midtown-dental-miami-chijqz,https://rovenhr.com/contact.html?claim=Midtown%20Dental%20Miami&metro=Miami
2625,Lovelit Films,Wedding & Events,Los Angeles,CA,Los Angeles,5,17,(213) 357-0934,,https://rovenhr.com/business/la/lovelit-films-chij2t,https://rovenhr.com/contact.html?claim=Lovelit%20Films&metro=Los%20Angeles
2626,AC Air Conditioning & Heating Contractor,Home Services,National City,CA,San Diego,5,17,(619) 326-6689,,https://rovenhr.com/business/san_diego/ac-air-conditioning-heating-contractor-chijcr,https://rovenhr.com/contact.html?claim=AC%20Air%20Conditioning%20&%20Heating%20Contractor&metro=San%20Diego
2627,Los Angeles HVAC & Wall Heater Repair,Home Services,Los Angeles,CA,Los Angeles,5,17,(424) 305-6544,,https://rovenhr.com/business/la/los-angeles-hvac-wall-heater-repair-chijay,https://rovenhr.com/contact.html?claim=Los%20Angeles%20HVAC%20&%20Wall%20Heater%20Repair&metro=Los%20Angeles
2628,Original Weddings Tampa,Wedding & Events,Tampa,FL,Tampa,4.9,16,(813) 579-2460,https://www.originalweddings.com/locations/florida/tampa/,https://rovenhr.com/business/tampa/original-weddings-tampa-chij-x,https://rovenhr.com/contact.html?claim=Original%20Weddings%20Tampa&metro=Tampa
2629,"MVMNT Productions | Audio, Video, Lighting, Photography for Events & Film",Wedding & Events,Dallas,TX,Dallas–Fort Worth,4.9,16,(972) 765-5862,http://mvmntcreative.com/,https://rovenhr.com/business/dfw/mvmnt-productions-audio-video-lighting-photography-for-event-chijs5,"https://rovenhr.com/contact.html?claim=MVMNT%20Productions%20|%20Audio,%20Video,%20Lighting,%20Photography%20for%20Events%20&%20Film&metro=Dallas–Fort%20Worth"
2630,Marcelo Argento Photography,Wedding & Events,San Antonio,TX,San Antonio,4.9,16,(830) 329-0805,https://www.marceloargentophotography.com/,https://rovenhr.com/business/san_antonio/marcelo-argento-photography-chijbd,https://rovenhr.com/contact.html?claim=Marcelo%20Argento%20Photography&metro=San%20Antonio
2631,Teresa K photography,Wedding & Events,Sacramento,CA,Sacramento,5,13,(916) 217-2911,http://teresakphotography.com/,https://rovenhr.com/business/sacramento/teresa-k-photography-chij2e,https://rovenhr.com/contact.html?claim=Teresa%20K%20photography&metro=Sacramento
2632,"Social Llama Events, LLC",Wedding & Events,Dallas,TX,Dallas–Fort Worth,4.8,20,(214) 960-1151,http://socialllamaevents.com/,https://rovenhr.com/business/dfw/social-llama-events-llc-chij4y,"https://rovenhr.com/contact.html?claim=Social%20Llama%20Events,%20LLC&metro=Dallas–Fort%20Worth"
2633,Quality HVAC Repair Sacramento CA,Home Services,Sacramento,CA,Sacramento,5,13,(279) 237-1157,http://qualityhvacrepairsacramentoca.com/,https://rovenhr.com/business/sacramento/quality-hvac-repair-sacramento-ca-chijb5,https://rovenhr.com/contact.html?claim=Quality%20HVAC%20Repair%20Sacramento%20CA&metro=Sacramento
2634,Lovesaver Weddings,Wedding & Events,Los Angeles,CA,Los Angeles,5,13,(845) 705-4271,https://lovesaverweddings.com/,https://rovenhr.com/business/la/lovesaver-weddings-chijit,https://rovenhr.com/contact.html?claim=Lovesaver%20Weddings&metro=Los%20Angeles
2635,"7 Days Heating & A/C, Inc.",Home Services,Sacramento,CA,Sacramento,5,13,(916) 519-9292,https://www.7daysheatingandair.com/,https://rovenhr.com/business/sacramento/7-days-heating-a-c-inc-chijnt,"https://rovenhr.com/contact.html?claim=7%20Days%20Heating%20&%20A/C,%20Inc.&metro=Sacramento"
2636,Silver Tree Videography,Wedding & Events,Dallas,TX,Dallas–Fort Worth,5,13,(469) 389-1973,https://silvertreeproductions.com/,https://rovenhr.com/business/dfw/silver-tree-videography-chijub,https://rovenhr.com/contact.html?claim=Silver%20Tree%20Videography&metro=Dallas–Fort%20Worth
2637,Wild Horse Productions,Wedding & Events,San Francisco,CA,San Francisco,5,13,(415) 340-2651,http://www.wildhorseproductions.com/,https://rovenhr.com/business/sf/wild-horse-productions-chijmt,https://rovenhr.com/contact.html?claim=Wild%20Horse%20Productions&metro=San%20Francisco
2638,Dr. Sonny Aryan Emergency Dentist San Diego 24 Hours,Dental & Medical,San Diego,CA,San Diego,5,13,(858) 878-2009,https://www.emergencydentalservice.com/emergencydentist24-7/san-diego-ca-92101,https://rovenhr.com/business/san_diego/dr-sonny-aryan-emergency-dentist-san-diego-24-hours-chijt2,https://rovenhr.com/contact.html?claim=Dr.%20Sonny%20Aryan%20Emergency%20Dentist%20San%20Diego%2024%20Hours&metro=San%20Diego
2639,Joshua k photo,Wedding & Events,Los Angeles,CA,Los Angeles,5,13,(213) 214-5167,http://www.joshuakphoto.com/,https://rovenhr.com/business/la/joshua-k-photo-chijt6,https://rovenhr.com/contact.html?claim=Joshua%20k%20photo&metro=Los%20Angeles
2640,Mike Olbinski Photography,Wedding & Events,Phoenix,AZ,Phoenix,5,13,(480) 220-1604,http://www.mikeolbinski.com/,https://rovenhr.com/business/phoenix/mike-olbinski-photography-chijv1,https://rovenhr.com/contact.html?claim=Mike%20Olbinski%20Photography&metro=Phoenix
2641,Karen Campbell Photography,Wedding & Events,Dallas,TX,Dallas–Fort Worth,4.8,20,(214) 215-8666,http://www.campbellimages.com/,https://rovenhr.com/business/dfw/karen-campbell-photography-chijvq,https://rovenhr.com/contact.html?claim=Karen%20Campbell%20Photography&metro=Dallas–Fort%20Worth
2642,Galaxy Heating & Air Conditioning,Home Services,San Francisco,CA,San Francisco,4.7,26,(415) 918-6892,https://galaxyservices.com/,https://rovenhr.com/business/sf/galaxy-heating-air-conditioning-chijc8,https://rovenhr.com/contact.html?claim=Galaxy%20Heating%20&%20Air%20Conditioning&metro=San%20Francisco
2643,Serendipity Events byTina,Wedding & Events,Waxahachie,TX,Dallas–Fort Worth,4.8,24,,http://serendipityeventsbytina.com/,https://rovenhr.com/business/dfw/serendipity-events-bytina-chijht,https://rovenhr.com/contact.html?claim=Serendipity%20Events%20byTina&metro=Dallas–Fort%20Worth
2644,All In The Details Events,Wedding & Events,San Antonio,TX,San Antonio,4.6,35,(210) 865-6150,http://allinthedetails.events/,https://rovenhr.com/business/san_antonio/all-in-the-details-events-chij-u,https://rovenhr.com/contact.html?claim=All%20In%20The%20Details%20Events&metro=San%20Antonio
2645,VUMEDIA Group,Wedding & Events,Tampa,FL,Tampa,5,15,,https://vumediagroup.com/,https://rovenhr.com/business/tampa/vumedia-group-chij_4,https://rovenhr.com/contact.html?claim=VUMEDIA%20Group&metro=Tampa
2646,Sage Dental of Downtown Orlando,Dental & Medical,Orlando,FL,Orlando,4.1,696,(407) 326-0755,https://mysagedental.com/downtown-orlando/?utm_source=Google&utm_medium=Business_Listing,https://rovenhr.com/business/orlando/sage-dental-of-downtown-orlando-chijex,https://rovenhr.com/contact.html?claim=Sage%20Dental%20of%20Downtown%20Orlando&metro=Orlando
2647,Orthodontic Specialists of Dallas,Dental & Medical,Dallas,TX,Dallas–Fort Worth,4.7,25,(214) 361-4528,http://www.osdsmiles.com/,https://rovenhr.com/business/dfw/orthodontic-specialists-of-dallas-chije0,https://rovenhr.com/contact.html?claim=Orthodontic%20Specialists%20of%20Dallas&metro=Dallas–Fort%20Worth
2648,Gateway Dental of Civic Center,Dental & Medical,Miami,FL,Miami,4.2,262,(305) 856-2300,https://gatewaydentalinc.com/,https://rovenhr.com/business/miami/gateway-dental-of-civic-center-chij3q,https://rovenhr.com/contact.html?claim=Gateway%20Dental%20of%20Civic%20Center&metro=Miami
2649,Houston Air Conditioning AC & Heating Repair Co.,Home Services,Houston,TX,Houston,4.8,19,(346) 460-6556,https://airconditioningandheatingofhoustonco.com/?utm_source=google&utm_medium=organic,https://rovenhr.com/business/houston/houston-air-conditioning-ac-heating-repair-co-chija-,https://rovenhr.com/contact.html?claim=Houston%20Air%20Conditioning%20AC%20&%20Heating%20Repair%20Co.&metro=Houston
2650,Flaire Weddings and Events,Wedding & Events,Jacksonville,FL,Jacksonville,4.8,19,(904) 352-1832,http://www.flaireweddings.com/,https://rovenhr.com/business/jacksonville/flaire-weddings-and-events-chijmz,https://rovenhr.com/contact.html?claim=Flaire%20Weddings%20and%20Events&metro=Jacksonville
2651,South River Dental Group and Orthodontics,Dental & Medical,West Sacramento,CA,Sacramento,4.2,259,(916) 372-8062,https://www.southriverdentalgroup.com/?sc_cid=GBP%3AO%3AGP%3A228%3AOrganic_Search%3AGeneral%3Ana&_vsrefdom=organic_gbp&y_source=1_MTEwMjgwMC03MTUtbG9jYXRpb24ud2Vic2l0ZQ%3D%3D,https://rovenhr.com/business/sacramento/south-river-dental-group-and-orthodontics-chij--,https://rovenhr.com/contact.html?claim=South%20River%20Dental%20Group%20and%20Orthodontics&metro=Sacramento
2652,Oasis heating and air inc,Home Services,Tampa,FL,Tampa,4.9,15,(813) 205-5280,https://oasisprohvacinc.com/,https://rovenhr.com/business/tampa/oasis-heating-and-air-inc-chijjb,https://rovenhr.com/contact.html?claim=Oasis%20heating%20and%20air%20inc&metro=Tampa
2653,31Films,Wedding & Events,Magnolia,TX,Houston,4.9,15,(281) 259-1220,http://www.31films.com/,https://rovenhr.com/business/houston/31films-chijex,https://rovenhr.com/contact.html?claim=31Films&metro=Houston
2654,Reverent Wedding Films | Best Wedding Videography,Wedding & Events,Dallas,TX,Dallas–Fort Worth,4.3,126,(972) 737-4161,https://www.wedding.film/locations/dallas-tx/,https://rovenhr.com/business/dfw/reverent-wedding-films-best-wedding-videography-chijl5,https://rovenhr.com/contact.html?claim=Reverent%20Wedding%20Films%20|%20Best%20Wedding%20Videography&metro=Dallas–Fort%20Worth
2655,Mars Media,Wedding & Events,Phoenix,AZ,Phoenix,5,12,(480) 685-7678,https://marsmediallc.com/,https://rovenhr.com/business/phoenix/mars-media-chij31,https://rovenhr.com/contact.html?claim=Mars%20Media&metro=Phoenix
2656,Phoenix HVAC Repair Authority,Home Services,Phoenix,AZ,Phoenix,5,12,(480) 520-3392,https://phoenixheatingcoolingauthority.com/,https://rovenhr.com/business/phoenix/phoenix-hvac-repair-authority-chijb1,https://rovenhr.com/contact.html?claim=Phoenix%20HVAC%20Repair%20Authority&metro=Phoenix
2657,"Cassanas - Photographers And Videographers for Real Estate, Architecture and Social Media",Wedding & Events,Miami,FL,Miami,5,12,(786) 667-5105,https://cassanas.com/,https://rovenhr.com/business/miami/cassanas-photographers-and-videographers-for-real-estate-arc-chijb3,"https://rovenhr.com/contact.html?claim=Cassanas%20-%20Photographers%20And%20Videographers%20for%20Real%20Estate,%20Architecture%20and%20Social%20Media&metro=Miami"
2658,hvacMENSCH,Home Services,Austin,TX,Austin,5,12,(888) 591-4822,http://hvacmensch.com/,https://rovenhr.com/business/austin/hvacmensch-chijev,https://rovenhr.com/contact.html?claim=hvacMENSCH&metro=Austin
2659,PhotoSynthesis Wedding Photography & Videography,Wedding & Events,Dallas,TX,Dallas–Fort Worth,5,12,(214) 563-1993,http://www.dallasweddingphotographersix.com/,https://rovenhr.com/business/dfw/photosynthesis-wedding-photography-videography-chijew,https://rovenhr.com/contact.html?claim=PhotoSynthesis%20Wedding%20Photography%20&%20Videography&metro=Dallas–Fort%20Worth
2660,Horyzon Pictures – Film Production Studio,Wedding & Events,Phoenix,AZ,Phoenix,5,12,(602) 881-3326,https://www.horyzonpictures.com/,https://rovenhr.com/business/phoenix/horyzon-pictures-film-production-studio-chijcv,https://rovenhr.com/contact.html?claim=Horyzon%20Pictures%20–%20Film%20Production%20Studio&metro=Phoenix
2661,John Cain Photography,Wedding & Events,Dallas,TX,Dallas–Fort Worth,5,12,(214) 520-6771,http://www.johncainphotography.com/,https://rovenhr.com/business/dfw/john-cain-photography-chijdd,https://rovenhr.com/contact.html?claim=John%20Cain%20Photography&metro=Dallas–Fort%20Worth
2662,The Wedding Producer,Wedding & Events,San Antonio,TX,San Antonio,5,12,(832) 891-8833,http://www.theweddingproducer.net/,https://rovenhr.com/business/san_antonio/the-wedding-producer-chije1,https://rovenhr.com/contact.html?claim=The%20Wedding%20Producer&metro=San%20Antonio
2663,Angel Photography San Antonio,Wedding & Events,San Antonio,TX,San Antonio,5,12,(210) 771-5032,https://angelphotography36.mypixieset.com/,https://rovenhr.com/business/san_antonio/angel-photography-san-antonio-chijma,https://rovenhr.com/contact.html?claim=Angel%20Photography%20San%20Antonio&metro=San%20Antonio
2664,Fantasy Events Planning & Design of San Antonio,Wedding & Events,Boerne,TX,San Antonio,5,12,(210) 560-3835,http://www.myfantasyevents.com/,https://rovenhr.com/business/san_antonio/fantasy-events-planning-design-of-san-antonio-chijqu,https://rovenhr.com/contact.html?claim=Fantasy%20Events%20Planning%20&%20Design%20of%20San%20Antonio&metro=San%20Antonio
2665,People's Plumbing & Mechanical Inc,Home Services,Miami,FL,Miami,5,12,(305) 885-7473,http://peoplesplumbing.com/,https://rovenhr.com/business/miami/people-s-plumbing-mechanical-inc-chijrr,https://rovenhr.com/contact.html?claim=People's%20Plumbing%20&%20Mechanical%20Inc&metro=Miami
2666,AB Motion Photo & Video,Wedding & Events,Houston,TX,Houston,5,12,(832) 888-4661,http://www.abmotionvideo.com/,https://rovenhr.com/business/houston/ab-motion-photo-video-chijua,https://rovenhr.com/contact.html?claim=AB%20Motion%20Photo%20&%20Video&metro=Houston
2667,Elite Videographer Tampa,Wedding & Events,Tampa,FL,Tampa,5,12,(813) 807-3325,https://videographer-tampa.com/,https://rovenhr.com/business/tampa/elite-videographer-tampa-chijv5,https://rovenhr.com/contact.html?claim=Elite%20Videographer%20Tampa&metro=Tampa
2668,Magnolia Avenue Events,Wedding & Events,Sacramento,CA,Sacramento,5,12,(916) 807-4505,https://magnoliaavenueevents.com/,https://rovenhr.com/business/sacramento/magnolia-avenue-events-chijvs,https://rovenhr.com/contact.html?claim=Magnolia%20Avenue%20Events&metro=Sacramento
2669,Julie Wilhite Photography,Wedding & Events,Austin,TX,Austin,5,12,(832) 428-3367,https://juliewilhite.com/,https://rovenhr.com/business/austin/julie-wilhite-photography-chijze,https://rovenhr.com/contact.html?claim=Julie%20Wilhite%20Photography&metro=Austin
2670,Cheap Wedding Videography,Wedding & Events,San Diego,CA,San Diego,4.8,18,(858) 208-3562,https://www.cheapweddingvideography.com/,https://rovenhr.com/business/san_diego/cheap-wedding-videography-chij3-,https://rovenhr.com/contact.html?claim=Cheap%20Wedding%20Videography&metro=San%20Diego
2671,New Plumbing Phoenix,Home Services,Phoenix,AZ,Phoenix,5,15,(480) 956-6332,,https://rovenhr.com/business/phoenix/new-plumbing-phoenix-chijif,https://rovenhr.com/contact.html?claim=New%20Plumbing%20Phoenix&metro=Phoenix
2672,"A&E Digital Productions, LLC",Wedding & Events,Sacramento,CA,Sacramento,4.7,23,(916) 539-9191,https://aedigitalproductions.com/,https://rovenhr.com/business/sacramento/a-e-digital-productions-llc-chijj3,"https://rovenhr.com/contact.html?claim=A&E%20Digital%20Productions,%20LLC&metro=Sacramento"
2673,Josh Skehan Productions,Wedding & Events,Scottsdale,AZ,Phoenix,5,15,(480) 703-4031,,https://rovenhr.com/business/phoenix/josh-skehan-productions-chijlz,https://rovenhr.com/contact.html?claim=Josh%20Skehan%20Productions&metro=Phoenix
2674,Deja Vu Productions,Wedding & Events,Los Angeles,CA,Los Angeles,4.6,31,(323) 823-5691,http://www.mydejavuvideo.com/,https://rovenhr.com/business/la/deja-vu-productions-chijpy,https://rovenhr.com/contact.html?claim=Deja%20Vu%20Productions&metro=Los%20Angeles
2675,South Austin Family Dental,Dental & Medical,Austin,TX,Austin,4.5,44,(512) 280-1117,http://www.saustindentist.com/,https://rovenhr.com/business/austin/south-austin-family-dental-chijw6,https://rovenhr.com/contact.html?claim=South%20Austin%20Family%20Dental&metro=Austin
2676,Brickell Dental,Dental & Medical,Miami,FL,Miami,4.2,227,(305) 377-8004,http://www.brickelldental.com/,https://rovenhr.com/business/miami/brickell-dental-chijf3,https://rovenhr.com/contact.html?claim=Brickell%20Dental&metro=Miami
2677,"Wedding Event Planners of Houston, LLC",Wedding & Events,Tomball,TX,Houston,4.8,17,(281) 716-5566,http://www.wepoh.com/,https://rovenhr.com/business/houston/wedding-event-planners-of-houston-llc-chijze,"https://rovenhr.com/contact.html?claim=Wedding%20Event%20Planners%20of%20Houston,%20LLC&metro=Houston"
2678,Thomas Bui Lifestyle,Wedding & Events,San Diego,CA,San Diego,4.8,17,(858) 663-8516,http://www.thomasbuilifestyle.com/,https://rovenhr.com/business/san_diego/thomas-bui-lifestyle-chijwy,https://rovenhr.com/contact.html?claim=Thomas%20Bui%20Lifestyle&metro=San%20Diego
2679,Event Solutions San Francisco,Wedding & Events,San Francisco,CA,San Francisco,4.8,17,(415) 816-5555,https://www.eventsolutions-sf.com/,https://rovenhr.com/business/sf/event-solutions-san-francisco-chijz_,https://rovenhr.com/contact.html?claim=Event%20Solutions%20San%20Francisco&metro=San%20Francisco
2680,Revision Photography,Wedding & Events,Los Angeles,CA,Los Angeles,5,11,(424) 274-2563,https://revision.photography/,https://rovenhr.com/business/la/revision-photography-chij-v,https://rovenhr.com/contact.html?claim=Revision%20Photography&metro=Los%20Angeles
2681,Photography and Videography by Bretlee Blair,Wedding & Events,Phoenix,AZ,Phoenix,5,11,(704) 500-4106,http://bretleeblair.myportfolio.com/,https://rovenhr.com/business/phoenix/photography-and-videography-by-bretlee-blair-chij-z,https://rovenhr.com/contact.html?claim=Photography%20and%20Videography%20by%20Bretlee%20Blair&metro=Phoenix
2682,JBJ Pictures,Wedding & Events,San Francisco,CA,San Francisco,5,13,,http://www.jbjpictures.com/,https://rovenhr.com/business/sf/jbj-pictures-chij7z,https://rovenhr.com/contact.html?claim=JBJ%20Pictures&metro=San%20Francisco
2683,Daniel K. Films,Wedding & Events,Dallas,TX,Dallas–Fort Worth,5,11,(972) 439-2924,https://www.danielkfilms.com/,https://rovenhr.com/business/dfw/daniel-k-films-chij7z,https://rovenhr.com/contact.html?claim=Daniel%20K.%20Films&metro=Dallas–Fort%20Worth
2684,Wedding Bliss Events,Wedding & Events,Houston,TX,Houston,5,11,(832) 887-8885,http://weddingblissevents.com/,https://rovenhr.com/business/houston/wedding-bliss-events-chijc1,https://rovenhr.com/contact.html?claim=Wedding%20Bliss%20Events&metro=Houston
2685,San Francisco Corporate Photo and Video,Wedding & Events,San Francisco,CA,San Francisco,5,11,(408) 577-3000,http://www.sfphotovideo.com/,https://rovenhr.com/business/sf/san-francisco-corporate-photo-and-video-chijeq,https://rovenhr.com/contact.html?claim=San%20Francisco%20Corporate%20Photo%20and%20Video&metro=San%20Francisco
2686,Fable Photo and Video,Wedding & Events,Phoenix,AZ,Phoenix,5,11,(480) 262-9894,https://fablephotoandvideo.com/,https://rovenhr.com/business/phoenix/fable-photo-and-video-chijgs,https://rovenhr.com/contact.html?claim=Fable%20Photo%20and%20Video&metro=Phoenix
2687,Artisan Rose Event Co.,Wedding & Events,Dallas,TX,Dallas–Fort Worth,5,11,(214) 727-0785,http://artisanroseeventco.com/,https://rovenhr.com/business/dfw/artisan-rose-event-co-chijiz,https://rovenhr.com/contact.html?claim=Artisan%20Rose%20Event%20Co.&metro=Dallas–Fort%20Worth
2688,Vision 4 Productions,Wedding & Events,Houston,TX,Houston,5,11,(832) 780-9426,https://vision4productions.wixsite.com/vportfolio/epk,https://rovenhr.com/business/houston/vision-4-productions-chijkd,https://rovenhr.com/contact.html?claim=Vision%204%20Productions&metro=Houston
2689,Elite Video of Phoenix,Wedding & Events,Phoenix,AZ,Phoenix,5,11,(520) 436-9293,https://videographer-phoenix.com/,https://rovenhr.com/business/phoenix/elite-video-of-phoenix-chiju0,https://rovenhr.com/contact.html?claim=Elite%20Video%20of%20Phoenix&metro=Phoenix
2690,Trusted San Diego AC Repair,Home Services,Del Mar,CA,San Diego,5,11,(858) 394-8559,https://trustedsandiegoairconditioningexperts.com/,https://rovenhr.com/business/san_diego/trusted-san-diego-ac-repair-chijxx,https://rovenhr.com/contact.html?claim=Trusted%20San%20Diego%20AC%20Repair&metro=San%20Diego
2691,Pierpoint Studios,Wedding & Events,Scottsdale,AZ,Phoenix,5,11,(602) 884-4600,https://pierpointstudios.com/,https://rovenhr.com/business/phoenix/pierpoint-studios-chijae,https://rovenhr.com/contact.html?claim=Pierpoint%20Studios&metro=Phoenix
2692,Visuals by the bay,Wedding & Events,San Francisco,CA,San Francisco,5,11,(408) 785-0816,http://visualsbythebay.com/,https://rovenhr.com/business/sf/visuals-by-the-bay-chijh_,https://rovenhr.com/contact.html?claim=Visuals%20by%20the%20bay&metro=San%20Francisco
2693,Memory Mill Media,Wedding & Events,Houston,TX,Houston,5,11,(832) 356-6956,https://www.memorymillmedia.com/contact/,https://rovenhr.com/business/houston/memory-mill-media-chijsw,https://rovenhr.com/contact.html?claim=Memory%20Mill%20Media&metro=Houston
2694,Bay Area Plumbing,Home Services,San Francisco,CA,San Francisco,4.6,28,(415) 668-8000,https://www.bayareaplumbingsf.com/,https://rovenhr.com/business/sf/bay-area-plumbing-chijd-,https://rovenhr.com/contact.html?claim=Bay%20Area%20Plumbing&metro=San%20Francisco
2695,Grit & Gold Event Co. - Dallas,Wedding & Events,Dallas,TX,Dallas–Fort Worth,4.9,13,(214) 223-3866,http://lottieandcoevents.com/,https://rovenhr.com/business/dfw/grit-gold-event-co-dallas-chijkc,https://rovenhr.com/contact.html?claim=Grit%20&%20Gold%20Event%20Co.%20-%20Dallas&metro=Dallas–Fort%20Worth
2696,Patel Creative,Wedding & Events,Tampa,FL,Tampa,4.8,16,(202) 302-5797,http://www.patelcreative.com/,https://rovenhr.com/business/tampa/patel-creative-chij5c,https://rovenhr.com/contact.html?claim=Patel%20Creative&metro=Tampa
2697,"Royal Escape Productions, LLP",Wedding & Events,Phoenix,AZ,Phoenix,4.8,16,(480) 442-3654,http://repweddings.com/,https://rovenhr.com/business/phoenix/royal-escape-productions-llp-chijc-,"https://rovenhr.com/contact.html?claim=Royal%20Escape%20Productions,%20LLP&metro=Phoenix"
2698,Signature Dental,Dental & Medical,Sacramento,CA,Sacramento,4.9,16,(916) 515-1588,,https://rovenhr.com/business/sacramento/signature-dental-chijeu,https://rovenhr.com/contact.html?claim=Signature%20Dental&metro=Sacramento
2699,Qualita Films LLC,Wedding & Events,Miami Beach,FL,Miami,5,13,(202) 373-4141,,https://rovenhr.com/business/miami/qualita-films-llc-chijec,https://rovenhr.com/contact.html?claim=Qualita%20Films%20LLC&metro=Miami
2700,Strawberry Creek Dental Group,Dental & Medical,Sacramento,CA,Sacramento,4.2,170,(916) 525-7635,https://www.strawberrycreekdental.com/?sc_cid=GBP%3AO%3AGP%3A104%3AOrganic_Search%3AGeneral%3Ana&_vsrefdom=organic_gbp&y_source=1_MTEwMjcwNC03MTUtbG9jYXRpb24ud2Vic2l0ZQ%3D%3D,https://rovenhr.com/business/sacramento/strawberry-creek-dental-group-chijj7,https://rovenhr.com/contact.html?claim=Strawberry%20Creek%20Dental%20Group&metro=Sacramento
2701,Jacksonville Wedding Creative,Wedding & Events,Jacksonville,FL,Jacksonville,5,10,(904) 583-8390,http://www.jacksonvilleweddingcreative.com/,https://rovenhr.com/business/jacksonville/jacksonville-wedding-creative-chijna,https://rovenhr.com/contact.html?claim=Jacksonville%20Wedding%20Creative&metro=Jacksonville
2702,One Hour Heating & Air Conditioning,Home Services,San Diego,CA,San Diego,5,10,(619) 736-2038,https://onehoursd.com/,https://rovenhr.com/business/san_diego/one-hour-heating-air-conditioning-chijr3,https://rovenhr.com/contact.html?claim=One%20Hour%20Heating%20&%20Air%20Conditioning&metro=San%20Diego
2703,Cielo Designs,Wedding & Events,San Antonio,TX,San Antonio,5,10,(210) 350-6376,http://cielodesigns.com/,https://rovenhr.com/business/san_antonio/cielo-designs-chijwt,https://rovenhr.com/contact.html?claim=Cielo%20Designs&metro=San%20Antonio
2704,Luxe Special Events,Wedding & Events,Del Mar,CA,San Diego,5,10,(858) 232-8987,https://luxespecialevents.com/,https://rovenhr.com/business/san_diego/luxe-special-events-chijwt,https://rovenhr.com/contact.html?claim=Luxe%20Special%20Events&metro=San%20Diego
2705,Brilliant Event Design,Wedding & Events,San Diego,CA,San Diego,5,10,(305) 588-2761,https://brillianteventdesign.com/,https://rovenhr.com/business/san_diego/brilliant-event-design-chijj4,https://rovenhr.com/contact.html?claim=Brilliant%20Event%20Design&metro=San%20Diego
2706,The Event Concierge,Wedding & Events,Phoenix,AZ,Phoenix,5,10,(602) 569-5333,http://eventconcierge.com/,https://rovenhr.com/business/phoenix/the-event-concierge-chijwv,https://rovenhr.com/contact.html?claim=The%20Event%20Concierge&metro=Phoenix
2707,Estate Farms,Wedding & Events,Sacramento,CA,Sacramento,4.4,53,(707) 342-3405,http://www.estatesfarms.com/,https://rovenhr.com/business/sacramento/estate-farms-chij86,https://rovenhr.com/contact.html?claim=Estate%20Farms&metro=Sacramento
2708,Dental Care 24/7 Orlando,Dental & Medical,Kissimmee,FL,Orlando,4.1,378,(321) 209-8939,https://www.dentalcare247.com/locations/dental-care-24-7-orlando,https://rovenhr.com/business/orlando/dental-care-24-7-orlando-chijb1,https://rovenhr.com/contact.html?claim=Dental%20Care%2024/7%20Orlando&metro=Orlando
2709,My Dentist in Miami,Dental & Medical,Miami,FL,Miami,4.3,81,(305) 222-9899,https://www.mydentistinmiami.com/,https://rovenhr.com/business/miami/my-dentist-in-miami-chijv-,https://rovenhr.com/contact.html?claim=My%20Dentist%20in%20Miami&metro=Miami
2710,Complete Weddings + Events,Wedding & Events,Jacksonville,FL,Jacksonville,4.3,79,(904) 871-7600,https://completewedo.com/jacksonville/?utm_source=google&utm_medium=organic&utm_campaign=gmb,https://rovenhr.com/business/jacksonville/complete-weddings-events-chijpy,https://rovenhr.com/contact.html?claim=Complete%20Weddings%20+%20Events&metro=Jacksonville
2711,One Hour HVAC Los Angeles,Home Services,Los Angeles,CA,Los Angeles,5,12,(213) 875-5919,,https://rovenhr.com/business/la/one-hour-hvac-los-angeles-chijl0,https://rovenhr.com/contact.html?claim=One%20Hour%20HVAC%20Los%20Angeles&metro=Los%20Angeles
2712,Love Loud Events Los Angeles - Wedding & Event Planners,Wedding & Events,Los Angeles,CA,Los Angeles,5,9,(818) 284-5382,http://www.loveloudevents.com/,https://rovenhr.com/business/la/love-loud-events-los-angeles-wedding-event-planners-chij0r,https://rovenhr.com/contact.html?claim=Love%20Loud%20Events%20Los%20Angeles%20-%20Wedding%20&%20Event%20Planners&metro=Los%20Angeles
2713,Vibrant Films,Wedding & Events,San Francisco,CA,San Francisco,5,9,(951) 236-0557,http://www.vibrantfilms.com/,https://rovenhr.com/business/sf/vibrant-films-chij49,https://rovenhr.com/contact.html?claim=Vibrant%20Films&metro=San%20Francisco
2714,1st HVAC Repair Houston TX,Home Services,Houston,TX,Houston,5,9,(281) 892-8998,http://1sthvacrepairhoustontx.com/,https://rovenhr.com/business/houston/1st-hvac-repair-houston-tx-chij4x,https://rovenhr.com/contact.html?claim=1st%20HVAC%20Repair%20Houston%20TX&metro=Houston
2715,San Francisco RG Solution,Home Services,San Francisco,CA,San Francisco,5,9,(650) 713-7516,https://www.sanfranciscorgsolution.com/,https://rovenhr.com/business/sf/san-francisco-rg-solution-chij4z,https://rovenhr.com/contact.html?claim=San%20Francisco%20RG%20Solution&metro=San%20Francisco
2716,Perfect Party Planner,Wedding & Events,Chandler,AZ,Phoenix,5,9,(480) 673-8207,https://perfectpartyplanner.com/,https://rovenhr.com/business/phoenix/perfect-party-planner-chij59,https://rovenhr.com/contact.html?claim=Perfect%20Party%20Planner&metro=Phoenix
2717,Santa Barbara Wedding Films,Wedding & Events,Santa Barbara,CA,Los Angeles,5,9,(805) 886-3463,http://santabarbaraweddingfilms.com/,https://rovenhr.com/business/la/santa-barbara-wedding-films-chij_q,https://rovenhr.com/contact.html?claim=Santa%20Barbara%20Wedding%20Films&metro=Los%20Angeles
2718,DTX Weddings,Wedding & Events,Dallas,TX,Dallas–Fort Worth,5,9,(214) 810-5570,http://dtxweddings.com/,https://rovenhr.com/business/dfw/dtx-weddings-chijez,https://rovenhr.com/contact.html?claim=DTX%20Weddings&metro=Dallas–Fort%20Worth
2719,Gold HVAC Repair San Francisco,Home Services,San Francisco,CA,San Francisco,5,9,(628) 287-9704,http://goldhvacrepairsanfrancisco.com/,https://rovenhr.com/business/sf/gold-hvac-repair-san-francisco-chijkr,https://rovenhr.com/contact.html?claim=Gold%20HVAC%20Repair%20San%20Francisco&metro=San%20Francisco
2720,Coulter Productions,Wedding & Events,West Sacramento,CA,Sacramento,5,9,(916) 224-2150,https://www.coulterproductions.com/,https://rovenhr.com/business/sacramento/coulter-productions-chijt3,https://rovenhr.com/contact.html?claim=Coulter%20Productions&metro=Sacramento
2721,Park Place Dental Group,Dental & Medical,Sacramento,CA,Sacramento,4.1,311,(916) 515-4500,https://www.parkplacedg.com/?sc_cid=GBP%3AO%3AGP%3A96%3AOrganic_Search%3AGeneral%3Ana&_vsrefdom=organic_gbp&y_source=1_MTEwMjY5Ny03MTUtbG9jYXRpb24ud2Vic2l0ZQ%3D%3D,https://rovenhr.com/business/sacramento/park-place-dental-group-chijxc,https://rovenhr.com/contact.html?claim=Park%20Place%20Dental%20Group&metro=Sacramento
2722,Premier Orthodontics - San Francisco,Dental & Medical,San Francisco,CA,San Francisco,4.1,311,(415) 648-3200,https://www.premierorthodontics.com/,https://rovenhr.com/business/sf/premier-orthodontics-san-francisco-chijz1,https://rovenhr.com/contact.html?claim=Premier%20Orthodontics%20-%20San%20Francisco&metro=San%20Francisco
2723,Downtown SD Modern Dentistry,Dental & Medical,San Diego,CA,San Diego,4.1,298,(619) 850-2550,https://www.downtownsdmoderndentistry.com/?sc_cid=GBP%3AO%3AGP%3A420%3AOrganic_Search%3AGeneral%3Ana&_vsrefdom=organic_gbp&y_source=1_MjY2MDk0MS03MTUtbG9jYXRpb24ud2Vic2l0ZQ%3D%3D,https://rovenhr.com/business/san_diego/downtown-sd-modern-dentistry-chijha,https://rovenhr.com/contact.html?claim=Downtown%20SD%20Modern%20Dentistry&metro=San%20Diego
2724,Elite Events Sacramento,Wedding & Events,Sacramento,CA,Sacramento,4.8,17,(916) 796-9361,,https://rovenhr.com/business/sacramento/elite-events-sacramento-chij2_,https://rovenhr.com/contact.html?claim=Elite%20Events%20Sacramento&metro=Sacramento
2725,Mission Hills Dental Group,Dental & Medical,San Diego,CA,San Diego,4.1,287,(619) 699-9008,https://www.missionhillsdentalgroup.com/?sc_cid=GBP%3AO%3AGP%3A423%3AOrganic_Search%3AGeneral%3Ana&_vsrefdom=organic_gbp&y_source=1_MjM1OTEzNi03MTUtbG9jYXRpb24ud2Vic2l0ZQ%3D%3D,https://rovenhr.com/business/san_diego/mission-hills-dental-group-chijz9,https://rovenhr.com/contact.html?claim=Mission%20Hills%20Dental%20Group&metro=San%20Diego
2726,Action Heating & Air Conditioning Sacramento CA,Home Services,Sacramento,CA,Sacramento,5,11,(916) 644-8731,,https://rovenhr.com/business/sacramento/action-heating-air-conditioning-sacramento-ca-chijqu,https://rovenhr.com/contact.html?claim=Action%20Heating%20&%20Air%20Conditioning%20Sacramento%20CA&metro=Sacramento
2727,Dependable Heating & AC Repair Los Angeles,Home Services,Los Angeles,CA,Los Angeles,5,11,(424) 328-1971,,https://rovenhr.com/business/la/dependable-heating-ac-repair-los-angeles-chijtt,https://rovenhr.com/contact.html?claim=Dependable%20Heating%20&%20AC%20Repair%20Los%20Angeles&metro=Los%20Angeles
2728,Skilled Heating And AC Contractor Los Angeles,Home Services,Los Angeles,CA,Los Angeles,5,11,(323) 524-3132,,https://rovenhr.com/business/la/skilled-heating-and-ac-contractor-los-angeles-chijsx,https://rovenhr.com/contact.html?claim=Skilled%20Heating%20And%20AC%20Contractor%20Los%20Angeles&metro=Los%20Angeles
2729,Best AC Service San Francisco,Home Services,San Francisco,CA,San Francisco,5,11,(415) 534-2170,,https://rovenhr.com/business/sf/best-ac-service-san-francisco-chijy-,https://rovenhr.com/contact.html?claim=Best%20AC%20Service%20San%20Francisco&metro=San%20Francisco
2730,Fat Eye Studios,Wedding & Events,Los Angeles,CA,Los Angeles,4.9,10,(213) 255-0726,http://www.fateyestudios.com/,https://rovenhr.com/business/la/fat-eye-studios-chij-7,https://rovenhr.com/contact.html?claim=Fat%20Eye%20Studios&metro=Los%20Angeles
2731,ALIANA EVENTS.,Wedding & Events,Los Angeles,CA,Los Angeles,4.9,10,(310) 210-3406,http://www.alianaevents.com/,https://rovenhr.com/business/la/aliana-events-chijjc,https://rovenhr.com/contact.html?claim=ALIANA%20EVENTS.&metro=Los%20Angeles
2732,Beth Helmstetter Events Inc.,Wedding & Events,Los Angeles,CA,Los Angeles,4.7,15,(323) 653-5929,http://bethhelmstetter.com/,https://rovenhr.com/business/la/beth-helmstetter-events-inc-chijmz,https://rovenhr.com/contact.html?claim=Beth%20Helmstetter%20Events%20Inc.&metro=Los%20Angeles
2733,Schmitt Heating & Air Conditioning,Home Services,San Francisco,CA,San Francisco,4.3,63,(415) 522-0966,https://www.schmittheating.com/,https://rovenhr.com/business/sf/schmitt-heating-air-conditioning-chijzx,https://rovenhr.com/contact.html?claim=Schmitt%20Heating%20&%20Air%20Conditioning&metro=San%20Francisco
2734,Century City Dental Group,Dental & Medical,Los Angeles,CA,Los Angeles,4.4,38,(310) 557-1704,http://www.dentalcheckuplosangeles.com/,https://rovenhr.com/business/la/century-city-dental-group-chije0,https://rovenhr.com/contact.html?claim=Century%20City%20Dental%20Group&metro=Los%20Angeles
2735,Big Day Service,Wedding & Events,San Francisco,CA,San Francisco,5,8,(415) 613-1434,http://www.bigdayservice.com/,https://rovenhr.com/business/sf/big-day-service-chijar,https://rovenhr.com/contact.html?claim=Big%20Day%20Service&metro=San%20Francisco
2736,Elite Miami HVAC Repair,Home Services,Miami,FL,Miami,5,8,(645) 236-8247,http://elitemiamihvacrepair.com/,https://rovenhr.com/business/miami/elite-miami-hvac-repair-chijeq,https://rovenhr.com/contact.html?claim=Elite%20Miami%20HVAC%20Repair&metro=Miami
2737,Awesome HVAC Repair San Diego,Home Services,San Diego,CA,San Diego,5,8,(858) 392-4284,http://awesomehvacrepairsandiego.com/,https://rovenhr.com/business/san_diego/awesome-hvac-repair-san-diego-chijpw,https://rovenhr.com/contact.html?claim=Awesome%20HVAC%20Repair%20San%20Diego&metro=San%20Diego
2738,Rich Lee Photography,Wedding & Events,Tampa,FL,Tampa,5,8,(813) 240-9160,https://www.richleephotography.com/,https://rovenhr.com/business/tampa/rich-lee-photography-chijkt,https://rovenhr.com/contact.html?claim=Rich%20Lee%20Photography&metro=Tampa
2739,"DESIRE PHOTOGRAPHY + FILMS, LLC",Wedding & Events,Jacksonville,FL,Jacksonville,5,8,(904) 257-5234,http://www.desirephotographs.com/,https://rovenhr.com/business/jacksonville/desire-photography-films-llc-chijod,"https://rovenhr.com/contact.html?claim=DESIRE%20PHOTOGRAPHY%20+%20FILMS,%20LLC&metro=Jacksonville"
2740,Shannon Leahy Events,Wedding & Events,San Francisco,CA,San Francisco,5,8,(415) 644-5922,http://www.shannonleahy.com/,https://rovenhr.com/business/sf/shannon-leahy-events-chijzx,https://rovenhr.com/contact.html?claim=Shannon%20Leahy%20Events&metro=San%20Francisco
2741,Southtown Dental Group,Dental & Medical,San Antonio,TX,San Antonio,4.3,92,(210) 227-0101,,https://rovenhr.com/business/san_antonio/southtown-dental-group-chij0a,https://rovenhr.com/contact.html?claim=Southtown%20Dental%20Group&metro=San%20Antonio
2742,Hillcrest Glow Dental Office,Dental & Medical,San Diego,CA,San Diego,4.2,104,(619) 543-0112,https://hillcrestglowdental.com/,https://rovenhr.com/business/san_diego/hillcrest-glow-dental-office-chijj9,https://rovenhr.com/contact.html?claim=Hillcrest%20Glow%20Dental%20Office&metro=San%20Diego
2743,Dream A Little Dream Events,Wedding & Events,San Francisco,CA,San Francisco,4.7,14,(415) 484-3777,http://www.dreamalittledreamevents.com/,https://rovenhr.com/business/sf/dream-a-little-dream-events-chij1y,https://rovenhr.com/contact.html?claim=Dream%20A%20Little%20Dream%20Events&metro=San%20Francisco
2744,InstantChill AC San Francisco,Home Services,San Francisco,CA,San Francisco,4.9,12,(209) 224-9733,,https://rovenhr.com/business/sf/instantchill-ac-san-francisco-chijr5,https://rovenhr.com/contact.html?claim=InstantChill%20AC%20San%20Francisco&metro=San%20Francisco
2745,Cal Dental Group,Dental & Medical,Los Angeles,CA,Los Angeles,4.1,216,(323) 934-2804,https://caldentalgroup.com/,https://rovenhr.com/business/la/cal-dental-group-chij1y,https://rovenhr.com/contact.html?claim=Cal%20Dental%20Group&metro=Los%20Angeles
2746,michael nguyen photography,Wedding & Events,San Antonio,TX,San Antonio,5,9,,https://michaelnguyenphotos.com/,https://rovenhr.com/business/san_antonio/michael-nguyen-photography-chijbx,https://rovenhr.com/contact.html?claim=michael%20nguyen%20photography&metro=San%20Antonio
2747,Jennifer Buono Events,Wedding & Events,Tampa,FL,Tampa,4.9,9,(813) 344-9116,https://jenniferbuono.com/,https://rovenhr.com/business/tampa/jennifer-buono-events-chijcu,https://rovenhr.com/contact.html?claim=Jennifer%20Buono%20Events&metro=Tampa
2748,West Coast Dental of East Los Angeles,Dental & Medical,Los Angeles,CA,Los Angeles,4,628,(323) 415-6161,https://www.westcoastdental.com/locations/east-los-angeles/?utm_source=gmb&utm_medium=organic&utm_campaign=ela,https://rovenhr.com/business/la/west-coast-dental-of-east-los-angeles-chijt8,https://rovenhr.com/contact.html?claim=West%20Coast%20Dental%20of%20East%20Los%20Angeles&metro=Los%20Angeles
2749,Aperina Studios,Wedding & Events,Citrus Heights,CA,Sacramento,4.3,54,(916) 862-1431,https://aperina.com/,https://rovenhr.com/business/sacramento/aperina-studios-chijq3,https://rovenhr.com/contact.html?claim=Aperina%20Studios&metro=Sacramento
2750,Piper & Muse,Wedding & Events,Houston,TX,Houston,4.4,34,(503) 729-4566,http://www.piperandmuse.com/,https://rovenhr.com/business/houston/piper-muse-chijwe,https://rovenhr.com/contact.html?claim=Piper%20&%20Muse&metro=Houston
2751,Thunderbird Plumbing Co.,Home Services,Austin,TX,Austin,4.4,34,(512) 378-0566,http://bestaustinplumber.com/,https://rovenhr.com/business/austin/thunderbird-plumbing-co-chijcr,https://rovenhr.com/contact.html?claim=Thunderbird%20Plumbing%20Co.&metro=Austin
2752,Heating & Air Conditioning Miami,Home Services,Miami,FL,Miami,4.7,18,(645) 225-1048,,https://rovenhr.com/business/miami/heating-air-conditioning-miami-chijf1,https://rovenhr.com/contact.html?claim=Heating%20&%20Air%20Conditioning%20Miami&metro=Miami
2753,Paramount Plumbing Inc,Home Services,Orlando,FL,Orlando,4.3,52,(407) 292-9891,https://paramountplumbing.com/,https://rovenhr.com/business/orlando/paramount-plumbing-inc-chijp8,https://rovenhr.com/contact.html?claim=Paramount%20Plumbing%20Inc&metro=Orlando
2754,Greg Reese Events,Wedding & Events,San Antonio,TX,San Antonio,4.7,13,(210) 340-4088,https://www.gregreeseevents.com/,https://rovenhr.com/business/san_antonio/greg-reese-events-chijdw,https://rovenhr.com/contact.html?claim=Greg%20Reese%20Events&metro=San%20Antonio
2755,Haute Media - Photography+Videography+Digital,Wedding & Events,Phoenix,AZ,Phoenix,4.7,13,(602) 920-7495,https://www.hautephotovideo.com/,https://rovenhr.com/business/phoenix/haute-media-photography-videography-digital-chijg0,https://rovenhr.com/contact.html?claim=Haute%20Media%20-%20Photography+Videography+Digital&metro=Phoenix
2756,G.G. Events,Wedding & Events,Jacksonville,FL,Jacksonville,5,7,(904) 318-4334,http://www.ggevents.net/,https://rovenhr.com/business/jacksonville/g-g-events-chij19,https://rovenhr.com/contact.html?claim=G.G.%20Events&metro=Jacksonville
2757,Dreambook Productions,Wedding & Events,San Francisco,CA,San Francisco,5,7,(415) 971-6295,http://dreambookproductions.com/,https://rovenhr.com/business/sf/dreambook-productions-chij1f,https://rovenhr.com/contact.html?claim=Dreambook%20Productions&metro=San%20Francisco
2758,Parish Photography,Wedding & Events,San Antonio,TX,San Antonio,5,7,(210) 828-5167,http://www.parishphoto.com/,https://rovenhr.com/business/san_antonio/parish-photography-chijis,https://rovenhr.com/contact.html?claim=Parish%20Photography&metro=San%20Antonio
2759,Bluebird Wedding Videography - DFW,Wedding & Events,Duncanville,TX,Dallas–Fort Worth,5,7,(972) 400-1414,https://bluebirdvideography.com/,https://rovenhr.com/business/dfw/bluebird-wedding-videography-dfw-chijvx,https://rovenhr.com/contact.html?claim=Bluebird%20Wedding%20Videography%20-%20DFW&metro=Dallas–Fort%20Worth
2760,Horizon HVAC Repair San Francisco,Home Services,San Francisco,CA,San Francisco,5,7,(628) 303-3605,http://horizonhvacrepairsanfrancisco.com/,https://rovenhr.com/business/sf/horizon-hvac-repair-san-francisco-chijww,https://rovenhr.com/contact.html?claim=Horizon%20HVAC%20Repair%20San%20Francisco&metro=San%20Francisco
2761,Wayfarer Film Co.,Wedding & Events,St. Augustine,FL,Jacksonville,5,7,(904) 760-2881,https://www.wayfarerfilmco.com/,https://rovenhr.com/business/jacksonville/wayfarer-film-co-chijdr,https://rovenhr.com/contact.html?claim=Wayfarer%20Film%20Co.&metro=Jacksonville
2762,Ama Photography & Cinema,Wedding & Events,Houston,TX,Houston,5,7,(832) 413-3580,http://www.amabyaisha.com/,https://rovenhr.com/business/houston/ama-photography-cinema-chijlw,https://rovenhr.com/contact.html?claim=Ama%20Photography%20&%20Cinema&metro=Houston
2763,Two Twenty Photos,Wedding & Events,Sacramento,CA,Sacramento,5,7,(916) 475-3346,http://www.twotwentyphotos.com/,https://rovenhr.com/business/sacramento/two-twenty-photos-chijq3,https://rovenhr.com/contact.html?claim=Two%20Twenty%20Photos&metro=Sacramento
2764,Weddings In Color,Wedding & Events,San Francisco,CA,San Francisco,5,7,(415) 489-0143,https://weddingsincolor.com/,https://rovenhr.com/business/sf/weddings-in-color-chijzt,https://rovenhr.com/contact.html?claim=Weddings%20In%20Color&metro=San%20Francisco
2765,Westcoast Dentistry,Dental & Medical,San Diego,CA,San Diego,5,9,(866) 228-4181,,https://rovenhr.com/business/san_diego/westcoast-dentistry-chij23,https://rovenhr.com/contact.html?claim=Westcoast%20Dentistry&metro=San%20Diego
2766,Orlando HVAC Cooling Service,Home Services,Orlando,FL,Orlando,5,9,(321) 463-6930,,https://rovenhr.com/business/orlando/orlando-hvac-cooling-service-chijc4,https://rovenhr.com/contact.html?claim=Orlando%20HVAC%20Cooling%20Service&metro=Orlando
2767,Air Conditioning Contractors of San Diego,Home Services,San Diego,CA,San Diego,5,9,(858) 384-8690,,https://rovenhr.com/business/san_diego/air-conditioning-contractors-of-san-diego-chijze,https://rovenhr.com/contact.html?claim=Air%20Conditioning%20Contractors%20of%20San%20Diego&metro=San%20Diego
2768,Elite AC Heating Repair Miami,Home Services,Miami,FL,Miami,5,9,(305) 239-8487,,https://rovenhr.com/business/miami/elite-ac-heating-repair-miami-chij__,https://rovenhr.com/contact.html?claim=Elite%20AC%20Heating%20Repair%20Miami&metro=Miami
2769,Greenhouse Entertainment,Wedding & Events,San Antonio,TX,San Antonio,4.8,13,(210) 685-7002,,https://rovenhr.com/business/san_antonio/greenhouse-entertainment-chijd2,https://rovenhr.com/contact.html?claim=Greenhouse%20Entertainment&metro=San%20Antonio
2770,"Castle Dental & Orthodontics - Austin, TX (Central Austin)",Dental & Medical,Austin,TX,Austin,4,419,(512) 458-3600,https://www.castledental.com/dental-office/austin-dentist/35080/?utm_source=generic&utm_medium=profiles&utm_campaign=local_profiles,https://rovenhr.com/business/austin/castle-dental-orthodontics-austin-tx-central-austin-chijw1,"https://rovenhr.com/contact.html?claim=Castle%20Dental%20&%20Orthodontics%20-%20Austin,%20TX%20(Central%20Austin)&metro=Austin"
2771,"Plumber Los Angeles, Los Angeles Plumbing, A.C. Company🔧",Home Services,Los Angeles,CA,Los Angeles,4.9,10,(323) 441-6168,,https://rovenhr.com/business/la/plumber-los-angeles-los-angeles-plumbing-a-c-company-chijux,"https://rovenhr.com/contact.html?claim=Plumber%20Los%20Angeles,%20Los%20Angeles%20Plumbing,%20A.C.%20Company🔧&metro=Los%20Angeles"
2772,Dalco Air Conditioning & Plumbing,Home Services,Dallas,TX,Dallas–Fort Worth,4.3,40,(214) 381-1445,http://www.dalcoac.com/,https://rovenhr.com/business/dfw/dalco-air-conditioning-plumbing-chij4w,https://rovenhr.com/contact.html?claim=Dalco%20Air%20Conditioning%20&%20Plumbing&metro=Dallas–Fort%20Worth
2773,Los Angeles HVAC Repair Service,Home Services,Los Angeles,CA,Los Angeles,5,8,(213) 376-1525,,https://rovenhr.com/business/la/los-angeles-hvac-repair-service-chijkf,https://rovenhr.com/contact.html?claim=Los%20Angeles%20HVAC%20Repair%20Service&metro=Los%20Angeles
2774,Crazy Cool Studios,Wedding & Events,San Antonio,TX,San Antonio,5,6,(210) 421-2916,http://www.crazycoolstudios.com/,https://rovenhr.com/business/san_antonio/crazy-cool-studios-chij0w,https://rovenhr.com/contact.html?claim=Crazy%20Cool%20Studios&metro=San%20Antonio
2775,Galaxy Heating & Air Conditioning,Home Services,San Francisco,CA,San Francisco,5,6,(415) 918-6892,https://galaxyservices.com/,https://rovenhr.com/business/sf/galaxy-heating-air-conditioning-chij1f,https://rovenhr.com/contact.html?claim=Galaxy%20Heating%20&%20Air%20Conditioning&metro=San%20Francisco
2776,Celestial Wedding Video,Wedding & Events,San Antonio,TX,San Antonio,5,6,(210) 370-2323,https://www.celestialweddingvideo.com/,https://rovenhr.com/business/san_antonio/celestial-wedding-video-chij70,https://rovenhr.com/contact.html?claim=Celestial%20Wedding%20Video&metro=San%20Antonio
2777,The Freckled Photographer,Wedding & Events,Sacramento,CA,Sacramento,5,6,(916) 224-4294,http://www.thefreckledphotographer.com/,https://rovenhr.com/business/sacramento/the-freckled-photographer-chija9,https://rovenhr.com/contact.html?claim=The%20Freckled%20Photographer&metro=Sacramento
2778,DKCinema Videography,Wedding & Events,Rancho Cordova,CA,Sacramento,5,6,(916) 940-7010,https://dkcinema.com/,https://rovenhr.com/business/sacramento/dkcinema-videography-chijpz,https://rovenhr.com/contact.html?claim=DKCinema%20Videography&metro=Sacramento
2779,Out of the Box Films,Wedding & Events,San Diego,CA,San Diego,5,6,(747) 229-5499,https://www.outoftheboxfilms.info/,https://rovenhr.com/business/san_diego/out-of-the-box-films-chijpd,https://rovenhr.com/contact.html?claim=Out%20of%20the%20Box%20Films&metro=San%20Diego
2780,IGOR Photography & Films,Wedding & Events,Dallas,TX,Dallas–Fort Worth,5,6,(817) 381-4400,https://www.igorweddingphoto.com/,https://rovenhr.com/business/dfw/igor-photography-films-chijvx,https://rovenhr.com/contact.html?claim=IGOR%20Photography%20&%20Films&metro=Dallas–Fort%20Worth
2781,Big Video Production,Wedding & Events,Scottsdale,AZ,Phoenix,5,6,(480) 252-3972,https://bigvideoproduction.com/,https://rovenhr.com/business/phoenix/big-video-production-chijw0,https://rovenhr.com/contact.html?claim=Big%20Video%20Production&metro=Phoenix
2782,Chris Bailey Photography,Wedding & Events,Houston,TX,Houston,5,6,(713) 518-1452,http://cbaileyphotography.com/,https://rovenhr.com/business/houston/chris-bailey-photography-chijis,https://rovenhr.com/contact.html?claim=Chris%20Bailey%20Photography&metro=Houston
2783,Andrian Video Pro,Wedding & Events,Gold River,CA,Sacramento,5,6,(916) 969-5307,https://www.andrianvideopro.com/,https://rovenhr.com/business/sacramento/andrian-video-pro-chijmr,https://rovenhr.com/contact.html?claim=Andrian%20Video%20Pro&metro=Sacramento
2784,AdamQ.media,Wedding & Events,Miami,FL,Miami,5,6,(305) 490-1346,https://www.adamq.media/,https://rovenhr.com/business/miami/adamq-media-chijmb,https://rovenhr.com/contact.html?claim=AdamQ.media&metro=Miami
2785,Miami Air Conditioning Installation & Service Co,Home Services,Miami,FL,Miami,5,6,(645) 241-4253,https://airconditioninginstallationsvs.com/,https://rovenhr.com/business/miami/miami-air-conditioning-installation-service-co-chijn4,https://rovenhr.com/contact.html?claim=Miami%20Air%20Conditioning%20Installation%20&%20Service%20Co&metro=Miami
2786,Wing Woman Events,Wedding & Events,Sacramento,CA,Sacramento,5,6,(916) 761-8585,http://wingwomanweddingplanner.com/,https://rovenhr.com/business/sacramento/wing-woman-events-chijss,https://rovenhr.com/contact.html?claim=Wing%20Woman%20Events&metro=Sacramento
2787,Florida HVAC Cooling Service,Home Services,Orlando,FL,Orlando,5,7,(321) 463-6766,,https://rovenhr.com/business/orlando/florida-hvac-cooling-service-chijix,https://rovenhr.com/contact.html?claim=Florida%20HVAC%20Cooling%20Service&metro=Orlando
2788,Prime HVAC Repair Orlando,Home Services,Orlando,FL,Orlando,5,7,(407) 505-3540,,https://rovenhr.com/business/orlando/prime-hvac-repair-orlando-chijcq,https://rovenhr.com/contact.html?claim=Prime%20HVAC%20Repair%20Orlando&metro=Orlando
2789,Alaric HVAC AC Service Loss Angeless,Home Services,Los Angeles,CA,Los Angeles,5,7,(213) 474-4475,,https://rovenhr.com/business/la/alaric-hvac-ac-service-loss-angeless-chijdq,https://rovenhr.com/contact.html?claim=Alaric%20HVAC%20AC%20Service%20Loss%20Angeless&metro=Los%20Angeles
2790,1800 Emergency Dentist Los Angeles 24 Hour,Dental & Medical,Los Angeles,CA,Los Angeles,4.4,20,(336) 234-5441,https://1800dentist.com/emergency-dentist-los-angeles-ca-512/,https://rovenhr.com/business/la/1800-emergency-dentist-los-angeles-24-hour-chijbx,https://rovenhr.com/contact.html?claim=1800%20Emergency%20Dentist%20Los%20Angeles%2024%20Hour&metro=Los%20Angeles
2791,Shark Pig,Wedding & Events,Los Angeles,CA,Los Angeles,5,6,,http://www.sharkpig.com/,https://rovenhr.com/business/la/shark-pig-chijvy,https://rovenhr.com/contact.html?claim=Shark%20Pig&metro=Los%20Angeles
2792,Glow Events,Wedding & Events,San Francisco,CA,San Francisco,5,5,(707) 652-9881,http://www.glowevents.com/,https://rovenhr.com/business/sf/glow-events-chij46,https://rovenhr.com/contact.html?claim=Glow%20Events&metro=San%20Francisco
2793,Verve Austin Event Planning,Wedding & Events,Austin,TX,Austin,5,5,(737) 212-9474,https://www.verveaustin.com/,https://rovenhr.com/business/austin/verve-austin-event-planning-chij85,https://rovenhr.com/contact.html?claim=Verve%20Austin%20Event%20Planning&metro=Austin
2794,Kate Siegel Fine Events,Wedding & Events,San Francisco,CA,San Francisco,5,5,(415) 596-3729,https://www.katesiegel.com/,https://rovenhr.com/business/sf/kate-siegel-fine-events-chijbz,https://rovenhr.com/contact.html?claim=Kate%20Siegel%20Fine%20Events&metro=San%20Francisco
2795,Elegant Weddings by Lisa,Wedding & Events,Jacksonville,FL,Jacksonville,5,5,(904) 268-1429,http://www.elegantweddingsbylisa.com/,https://rovenhr.com/business/jacksonville/elegant-weddings-by-lisa-chijid,https://rovenhr.com/contact.html?claim=Elegant%20Weddings%20by%20Lisa&metro=Jacksonville
2796,Ace Los Angeles AC Repair CA,Home Services,Los Angeles,CA,Los Angeles,5,5,(424) 550-8256,http://acelosangelesacrepairca.com/,https://rovenhr.com/business/la/ace-los-angeles-ac-repair-ca-chijoz,https://rovenhr.com/contact.html?claim=Ace%20Los%20Angeles%20AC%20Repair%20CA&metro=Los%20Angeles
2797,Candid Studios Photography & Videography - Jacksonville,Wedding & Events,Jacksonville,FL,Jacksonville,5,5,(844) 522-6343,https://www.candidstudios.net/locations/jacksonville/,https://rovenhr.com/business/jacksonville/candid-studios-photography-videography-jacksonville-chijp2,https://rovenhr.com/contact.html?claim=Candid%20Studios%20Photography%20&%20Videography%20-%20Jacksonville&metro=Jacksonville
2798,Sacramento Precision HVAC Repair,Home Services,Sacramento,CA,Sacramento,5,5,(916) 269-3884,https://hvacrepairsacramento2.com/,https://rovenhr.com/business/sacramento/sacramento-precision-hvac-repair-chijrw,https://rovenhr.com/contact.html?claim=Sacramento%20Precision%20HVAC%20Repair&metro=Sacramento
2799,2 Chic Events & Design,Wedding & Events,Sacramento,CA,Sacramento,5,5,(888) 542-2442,http://www.2chicevents.com/,https://rovenhr.com/business/sacramento/2-chic-events-design-chijj-,https://rovenhr.com/contact.html?claim=2%20Chic%20Events%20&%20Design&metro=Sacramento
2800,Eager Plumbing Miami,Home Services,Miami,FL,Miami,5,5,(645) 233-2626,https://enosplumbingserviceco.com/,https://rovenhr.com/business/miami/eager-plumbing-miami-chijls,https://rovenhr.com/contact.html?claim=Eager%20Plumbing%20Miami&metro=Miami
2801,Luxe Wedding Videographer Tampa,Wedding & Events,Tampa,FL,Tampa,5,5,(813) 686-5773,https://luxeweddingvideographerstampa.com/,https://rovenhr.com/business/tampa/luxe-wedding-videographer-tampa-chijnz,https://rovenhr.com/contact.html?claim=Luxe%20Wedding%20Videographer%20Tampa&metro=Tampa
2802,Mechanical System Contractors - MSC HVAC,Home Services,San Diego,CA,San Diego,4.5,13,(858) 279-4700,https://mschvac.com/,https://rovenhr.com/business/san_diego/mechanical-system-contractors-msc-hvac-chij9b,https://rovenhr.com/contact.html?claim=Mechanical%20System%20Contractors%20-%20MSC%20HVAC&metro=San%20Diego
2803,Sweet Simplicity Events,Wedding & Events,Phoenix,AZ,Phoenix,4.6,10,(480) 577-4718,http://www.sweetsimplicityevents.com/,https://rovenhr.com/business/phoenix/sweet-simplicity-events-chiji1,https://rovenhr.com/contact.html?claim=Sweet%20Simplicity%20Events&metro=Phoenix
2804,AC Heating and Cooling Service Inc.,Home Services,San Francisco,CA,San Francisco,4.4,17,(415) 333-9903,https://www.acheatingandair.net/,https://rovenhr.com/business/sf/ac-heating-and-cooling-service-inc-chijvv,https://rovenhr.com/contact.html?claim=AC%20Heating%20and%20Cooling%20Service%20Inc.&metro=San%20Francisco
2805,Sacramento Braces and Wisdom Teeth,Dental & Medical,Sacramento,CA,Sacramento,4.2,40,(916) 975-6009,https://www.sacbraceswisdomteeth.com/,https://rovenhr.com/business/sacramento/sacramento-braces-and-wisdom-teeth-chije9,https://rovenhr.com/contact.html?claim=Sacramento%20Braces%20and%20Wisdom%20Teeth&metro=Sacramento
2806,new Universal HVAC Contractors Austin.,Home Services,Austin,TX,Austin,5,6,(847) 200-3508,,https://rovenhr.com/business/austin/new-universal-hvac-contractors-austin-chij1y,https://rovenhr.com/contact.html?claim=new%20Universal%20HVAC%20Contractors%20Austin.&metro=Austin
2807,Sacramento Heating & Air,Home Services,Sacramento,CA,Sacramento,5,6,(916) 659-5119,,https://rovenhr.com/business/sacramento/sacramento-heating-air-chijl-,https://rovenhr.com/contact.html?claim=Sacramento%20Heating%20&%20Air&metro=Sacramento
2808,SF Family Dentistry,Dental & Medical,San Francisco,CA,San Francisco,4.1,71,(415) 636-0883,http://www.familydentistsanfrancisco.com/,https://rovenhr.com/business/sf/sf-family-dentistry-chijje,https://rovenhr.com/contact.html?claim=SF%20Family%20Dentistry&metro=San%20Francisco
2809,"CeceTay Productions - Tampa Wedding Photographer, Tampa Wedding Videographer, St. Pete Wedding Photographer",Wedding & Events,Tampa,FL,Tampa,4.6,9,(813) 410-4925,https://www.cecetayproductions.com/,https://rovenhr.com/business/tampa/cecetay-productions-tampa-wedding-photographer-tampa-wedding-chijdq,"https://rovenhr.com/contact.html?claim=CeceTay%20Productions%20-%20Tampa%20Wedding%20Photographer,%20Tampa%20Wedding%20Videographer,%20St.%20Pete%20Wedding%20Photographer&metro=Tampa"
2810,Monroe Films,Wedding & Events,Los Angeles,CA,Los Angeles,5,5,,http://www.monroe-films.com/,https://rovenhr.com/business/la/monroe-films-chij9f,https://rovenhr.com/contact.html?claim=Monroe%20Films&metro=Los%20Angeles
2811,Open Wide San Francisco Dentistry,Dental & Medical,San Francisco,CA,San Francisco,4.1,57,(415) 400-3854,https://openwidesf.com/,https://rovenhr.com/business/sf/open-wide-san-francisco-dentistry-chijj-,https://rovenhr.com/contact.html?claim=Open%20Wide%20San%20Francisco%20Dentistry&metro=San%20Francisco
2812,Alejandra Espinoza Productions,Wedding & Events,Phoenix,AZ,Phoenix,4.6,8,(480) 529-0055,https://www.alejandraespinozaproductions.com/,https://rovenhr.com/business/phoenix/alejandra-espinoza-productions-chijhy,https://rovenhr.com/contact.html?claim=Alejandra%20Espinoza%20Productions&metro=Phoenix
2813,Silhouette Creative Films,Wedding & Events,Los Angeles,CA,Los Angeles,5,4,(562) 454-7061,https://silhouettecreative.film/,https://rovenhr.com/business/la/silhouette-creative-films-chij91,https://rovenhr.com/contact.html?claim=Silhouette%20Creative%20Films&metro=Los%20Angeles
2814,HVAC HVACIR FAMILY COMPANY,Home Services,Tampa,FL,Tampa,5,4,(844) 578-0750,http://mechanicalhvacsolutionsinc.shop/,https://rovenhr.com/business/tampa/hvac-hvacir-family-company-chijk1,https://rovenhr.com/contact.html?claim=HVAC%20HVACIR%20FAMILY%20COMPANY&metro=Tampa
2815,San Diego Event Planning Made Easy - San Diego,Wedding & Events,San Diego,CA,San Diego,5,4,(858) 630-4928,https://sandiegoevents.co/?utm_source=googlebusinessprofile&utm_medium=organic&utm_campaign=Google+Business+Profile,https://rovenhr.com/business/san_diego/san-diego-event-planning-made-easy-san-diego-chijru,https://rovenhr.com/contact.html?claim=San%20Diego%20Event%20Planning%20Made%20Easy%20-%20San%20Diego&metro=San%20Diego
2816,HingisCreates,Wedding & Events,Jacksonville,FL,Jacksonville,5,4,(508) 524-0901,https://hingiscreates.com/,https://rovenhr.com/business/jacksonville/hingiscreates-chijxw,https://rovenhr.com/contact.html?claim=HingisCreates&metro=Jacksonville
2817,Candid Studios Photography & Videography - Orlando,Wedding & Events,Orlando,FL,Orlando,4.3,18,(844) 522-6343,https://www.candidstudios.net/locations/orlando/,https://rovenhr.com/business/orlando/candid-studios-photography-videography-orlando-chijmr,https://rovenhr.com/contact.html?claim=Candid%20Studios%20Photography%20&%20Videography%20-%20Orlando&metro=Orlando
2818,Los Angeles Dental Care,Dental & Medical,Los Angeles,CA,Los Angeles,4.4,19,(209) 391-7425,,https://rovenhr.com/business/la/los-angeles-dental-care-chijxs,https://rovenhr.com/contact.html?claim=Los%20Angeles%20Dental%20Care&metro=Los%20Angeles
2819,Onsite Dental,Dental & Medical,San Francisco,CA,San Francisco,4,108,(628) 222-5450,https://sftransit.onsitedental.com/,https://rovenhr.com/business/sf/onsite-dental-chijly,https://rovenhr.com/contact.html?claim=Onsite%20Dental&metro=San%20Francisco
2820,Sacramento HVAC Services,Home Services,Sacramento,CA,Sacramento,5,5,(916) 404-4350,,https://rovenhr.com/business/sacramento/sacramento-hvac-services-chij2c,https://rovenhr.com/contact.html?claim=Sacramento%20HVAC%20Services&metro=Sacramento
2821,AZ Party of Two - Wedding Planning and Design,Wedding & Events,Phoenix,AZ,Phoenix,5,5,(480) 788-6331,,https://rovenhr.com/business/phoenix/az-party-of-two-wedding-planning-and-design-chijqy,https://rovenhr.com/contact.html?claim=AZ%20Party%20of%20Two%20-%20Wedding%20Planning%20and%20Design&metro=Phoenix
2822,"Sip and Twirl Weddings and Events--Scottsdale, Arizona",Wedding & Events,Scottsdale,AZ,Phoenix,5,5,(480) 648-0663,,https://rovenhr.com/business/phoenix/sip-and-twirl-weddings-and-events-scottsdale-arizona-chij_e,"https://rovenhr.com/contact.html?claim=Sip%20and%20Twirl%20Weddings%20and%20Events--Scottsdale,%20Arizona&metro=Phoenix"
2823,Heating & Air Conditioning San Francisco,Home Services,San Francisco,CA,San Francisco,4.6,10,(415) 825-6648,,https://rovenhr.com/business/sf/heating-air-conditioning-san-francisco-chijbx,https://rovenhr.com/contact.html?claim=Heating%20&%20Air%20Conditioning%20San%20Francisco&metro=San%20Francisco
2824,DENTALSource of California - Downtown Sacramento,Dental & Medical,Sacramento,CA,Sacramento,4.3,16,(916) 393-7336,https://www.dentalsourceofca.com/sacramento-downtown/,https://rovenhr.com/business/sacramento/dentalsource-of-california-downtown-sacramento-chijku,https://rovenhr.com/contact.html?claim=DENTALSource%20of%20California%20-%20Downtown%20Sacramento&metro=Sacramento
2825,Ritz Plumbing,Home Services,Los Angeles,CA,Los Angeles,3.9,278,(323) 935-1255,http://ritzplumbing.com/?utm_campaign=gmb,https://rovenhr.com/business/la/ritz-plumbing-chijnr,https://rovenhr.com/contact.html?claim=Ritz%20Plumbing&metro=Los%20Angeles
2826,Emergеncy Dеntist Sacramеnto,Dental & Medical,Sacramento,CA,Sacramento,4.5,8,(916) 460-9383,https://1800dentist.com/emergency-dentist-sacramento-ca-532313/,https://rovenhr.com/business/sacramento/emerg-ncy-d-ntist-sacram-nto-chijiz,https://rovenhr.com/contact.html?claim=Emergеncy%20Dеntist%20Sacramеnto&metro=Sacramento
2827,"USA Plumbing & Septic, Inc. - Plumber Miami",Home Services,Miami,FL,Miami,4.2,21,(305) 856-1696,https://www.usaplumbingandseptic.com/,https://rovenhr.com/business/miami/usa-plumbing-septic-inc-plumber-miami-chijnx,"https://rovenhr.com/contact.html?claim=USA%20Plumbing%20&%20Septic,%20Inc.%20-%20Plumber%20Miami&metro=Miami"
2828,San Francisco City Hall Wedding Photographer,Wedding & Events,San Francisco,CA,San Francisco,5,3,(310) 689-4861,http://www.sanfranciscocityhallweddingphotographs.com/,https://rovenhr.com/business/sf/san-francisco-city-hall-wedding-photographer-chij5y,https://rovenhr.com/contact.html?claim=San%20Francisco%20City%20Hall%20Wedding%20Photographer&metro=San%20Francisco
2829,"Flow Masters Plumbing, Drain and Water Heater",Home Services,San Francisco,CA,San Francisco,5,3,(415) 488-8628,https://flowmastersplumbing.com/?utm_source=organic&utm_medium=gbp_listing_location-San-Francisco,https://rovenhr.com/business/sf/flow-masters-plumbing-drain-and-water-heater-chij6z,"https://rovenhr.com/contact.html?claim=Flow%20Masters%20Plumbing,%20Drain%20and%20Water%20Heater&metro=San%20Francisco"
2830,Reverent Wedding Films | Best Wedding Videography,Wedding & Events,San Antonio,TX,San Antonio,5,3,(210) 987-9050,https://www.wedding.film/locations/san-antonio-tx/,https://rovenhr.com/business/san_antonio/reverent-wedding-films-best-wedding-videography-chijea,https://rovenhr.com/contact.html?claim=Reverent%20Wedding%20Films%20|%20Best%20Wedding%20Videography&metro=San%20Antonio
2831,"BEST CHOICE HVAC, INC",Home Services,San Francisco,CA,San Francisco,5,3,(415) 251-1736,http://bestchoicehvac.shop/,https://rovenhr.com/business/sf/best-choice-hvac-inc-chijfz,"https://rovenhr.com/contact.html?claim=BEST%20CHOICE%20HVAC,%20INC&metro=San%20Francisco"
2832,Green Future HVAC,Home Services,San Diego,CA,San Diego,5,3,(855) 818-0888,https://greenfuturehvac.com/,https://rovenhr.com/business/san_diego/green-future-hvac-chijpt,https://rovenhr.com/contact.html?claim=Green%20Future%20HVAC&metro=San%20Diego
2833,Diamond Video & Photography,Wedding & Events,San Diego,CA,San Diego,5,3,(858) 333-7200,http://www.diamondbridessd.com/,https://rovenhr.com/business/san_diego/diamond-video-photography-chijxc,https://rovenhr.com/contact.html?claim=Diamond%20Video%20&%20Photography&metro=San%20Diego
2834,Heating & Cooling San Francisco,Home Services,San Francisco,CA,San Francisco,4.6,8,(415) 825-6649,,https://rovenhr.com/business/sf/heating-cooling-san-francisco-chijpq,https://rovenhr.com/contact.html?claim=Heating%20&%20Cooling%20San%20Francisco&metro=San%20Francisco
2835,Quality HVAC Services Sacramento CA,Home Services,Sacramento,CA,Sacramento,5,4,(916) 222-7798,,https://rovenhr.com/business/sacramento/quality-hvac-services-sacramento-ca-chijhz,https://rovenhr.com/contact.html?claim=Quality%20HVAC%20Services%20Sacramento%20CA&metro=Sacramento
2836,Bryce Jackson Photography,Wedding & Events,Sacramento,CA,Sacramento,5,4,(916) 420-8675,,https://rovenhr.com/business/sacramento/bryce-jackson-photography-chijav,https://rovenhr.com/contact.html?claim=Bryce%20Jackson%20Photography&metro=Sacramento
2837,Emergency Dentistry,Dental & Medical,San Diego,CA,San Diego,5,4,(855) 234-9795,,https://rovenhr.com/business/san_diego/emergency-dentistry-chijl4,https://rovenhr.com/contact.html?claim=Emergency%20Dentistry&metro=San%20Diego
2838,Plumbing Pure San Francisco CA,Home Services,San Francisco,CA,San Francisco,5,4,(844) 332-1335,,https://rovenhr.com/business/sf/plumbing-pure-san-francisco-ca-chijp7,https://rovenhr.com/contact.html?claim=Plumbing%20Pure%20San%20Francisco%20CA&metro=San%20Francisco
2839,Arcade Underground - Old Sacramento Waterfront Venue Rental,Wedding & Events,Sacramento,CA,Sacramento,4.1,29,(916) 329-2098,http://www.auvenues.com/,https://rovenhr.com/business/sacramento/arcade-underground-old-sacramento-waterfront-venue-rental-chijjy,https://rovenhr.com/contact.html?claim=Arcade%20Underground%20-%20Old%20Sacramento%20Waterfront%20Venue%20Rental&metro=Sacramento
2840,HVAC Mechanical Miami,Home Services,Miami,FL,Miami,4.7,6,(239) 497-5610,,https://rovenhr.com/business/miami/hvac-mechanical-miami-chijv5,https://rovenhr.com/contact.html?claim=HVAC%20Mechanical%20Miami&metro=Miami
2841,San Francisco Heating And Air Conditioning,Home Services,San Francisco,CA,San Francisco,4.7,6,(888) 240-2058,,https://rovenhr.com/business/sf/san-francisco-heating-and-air-conditioning-chijv8,https://rovenhr.com/contact.html?claim=San%20Francisco%20Heating%20And%20Air%20Conditioning&metro=San%20Francisco
2842,Joseph West Photography,Wedding & Events,Houston,TX,Houston,4.5,8,,https://www.josephwashere.com/,https://rovenhr.com/business/houston/joseph-west-photography-chijlz,https://rovenhr.com/contact.html?claim=Joseph%20West%20Photography&metro=Houston
2843,Great Expressions Dental Centers - Tampa Bay,Dental & Medical,Tampa,FL,Tampa,3.8,451,(813) 257-9425,https://www.greatexpressions.com/dental-offices/dentist-in-tampa-florida-w-dr-martin-luther-king-jr-boulevard/,https://rovenhr.com/business/tampa/great-expressions-dental-centers-tampa-bay-chijjw,https://rovenhr.com/contact.html?claim=Great%20Expressions%20Dental%20Centers%20-%20Tampa%20Bay&metro=Tampa
2844,Affordable Plumbing,Home Services,Jacksonville,FL,Jacksonville,3.9,94,(904) 288-9003,http://www.affordableplumbingjacksonville.com/,https://rovenhr.com/business/jacksonville/affordable-plumbing-chijh1,https://rovenhr.com/contact.html?claim=Affordable%20Plumbing&metro=Jacksonville
2845,Unite Here Health Center Dental Office,Dental & Medical,Los Angeles,CA,Los Angeles,5,3,(310) 894-8095,,https://rovenhr.com/business/la/unite-here-health-center-dental-office-chij91,https://rovenhr.com/contact.html?claim=Unite%20Here%20Health%20Center%20Dental%20Office&metro=Los%20Angeles
2846,San Diego HVAC Cooling Solution.,Home Services,San Diego,CA,San Diego,5,3,(858) 392-4129,,https://rovenhr.com/business/san_diego/san-diego-hvac-cooling-solution-chijcy,https://rovenhr.com/contact.html?claim=San%20Diego%20HVAC%20Cooling%20Solution.&metro=San%20Diego
2847,ClimateFix HVAC,Home Services,Miami,FL,Miami,5,3,(773) 461-1864,,https://rovenhr.com/business/miami/climatefix-hvac-chijxb,https://rovenhr.com/contact.html?claim=ClimateFix%20HVAC&metro=Miami
2848,Labrot Studios,Wedding & Events,Sacramento,CA,Sacramento,5,2,(530) 933-9316,http://www.labrotstudios.com/,https://rovenhr.com/business/sacramento/labrot-studios-chij2c,https://rovenhr.com/contact.html?claim=Labrot%20Studios&metro=Sacramento
2849,Candlelight Films,Wedding & Events,Farmersville,TX,Dallas–Fort Worth,5,2,(214) 725-1075,http://www.candlelightfilms.com/,https://rovenhr.com/business/dfw/candlelight-films-chijdt,https://rovenhr.com/contact.html?claim=Candlelight%20Films&metro=Dallas–Fort%20Worth
2850,Orlando Video Production Company,Wedding & Events,Orlando,FL,Orlando,5,2,(321) 529-1741,https://orlandovideoproductioncompany.com/?utm_campaign=gmb&utm_medium=organic&utm_source=gmb,https://rovenhr.com/business/orlando/orlando-video-production-company-chijit,https://rovenhr.com/contact.html?claim=Orlando%20Video%20Production%20Company&metro=Orlando
2851,Orlando HVAC Services,Home Services,Orlando,FL,Orlando,5,2,(407) 710-9060,https://hvacservicesorlando.com/,https://rovenhr.com/business/orlando/orlando-hvac-services-chijl5,https://rovenhr.com/contact.html?claim=Orlando%20HVAC%20Services&metro=Orlando
2852,MovieWhip - 4K Wedding Videographer | 360 Photo Booth | Photographer | Drone Service,Wedding & Events,Houston,TX,Houston,5,2,(855) 858-7643,https://moviewhip.com/weddings/moviewhip-weddings.htm,https://rovenhr.com/business/houston/moviewhip-4k-wedding-videographer-360-photo-booth-photograph-chijx7,https://rovenhr.com/contact.html?claim=MovieWhip%20-%204K%20Wedding%20Videographer%20|%20360%20Photo%20Booth%20|%20Photographer%20|%20Drone%20Service&metro=Houston
2853,Videographer Miami,Wedding & Events,Miami,FL,Miami,5,2,(305) 768-1227,https://www.videographermiami.com/,https://rovenhr.com/business/miami/videographer-miami-chijxq,https://rovenhr.com/contact.html?claim=Videographer%20Miami&metro=Miami
2854,Phoenix hvac Repair,Home Services,Phoenix,AZ,Phoenix,5,2,(480) 520-0772,https://phoenixhvacrepairpro.com/,https://rovenhr.com/business/phoenix/phoenix-hvac-repair-chijcb,https://rovenhr.com/contact.html?claim=Phoenix%20hvac%20Repair&metro=Phoenix
2855,Albina Wedding Films,Wedding & Events,San Diego,CA,San Diego,5,2,(619) 362-6245,https://www.instagram.com/albina_movie,https://rovenhr.com/business/san_diego/albina-wedding-films-chijd7,https://rovenhr.com/contact.html?claim=Albina%20Wedding%20Films&metro=San%20Diego
2856,Two Roads Event Co.,Wedding & Events,Sacramento,CA,Sacramento,5,2,(818) 519-0249,http://www.tworoadseventco.com/,https://rovenhr.com/business/sacramento/two-roads-event-co-chijfa,https://rovenhr.com/contact.html?claim=Two%20Roads%20Event%20Co.&metro=Sacramento
2857,Stephanie Rose Events,Wedding & Events,San Diego,CA,San Diego,5,2,(858) 461-8423,http://stephanieroseevents.com/,https://rovenhr.com/business/san_diego/stephanie-rose-events-chijpw,https://rovenhr.com/contact.html?claim=Stephanie%20Rose%20Events&metro=San%20Diego
2858,Videographers in Miami - Cinema Videography,Wedding & Events,Miami,FL,Miami,5,2,(888) 415-6630,https://cinemavideography.com/,https://rovenhr.com/business/miami/videographers-in-miami-cinema-videography-chijqc,https://rovenhr.com/contact.html?claim=Videographers%20in%20Miami%20-%20Cinema%20Videography&metro=Miami
2859,Amid Films,Wedding & Events,Citrus Heights,CA,Sacramento,5,2,(916) 521-5299,https://amidfilms.com/,https://rovenhr.com/business/sacramento/amid-films-chijw6,https://rovenhr.com/contact.html?claim=Amid%20Films&metro=Sacramento
2860,RMI Mechanical Contractors,Home Services,San Francisco,CA,San Francisco,4.4,8,(650) 583-6200,,https://rovenhr.com/business/sf/rmi-mechanical-contractors-chijvt,https://rovenhr.com/contact.html?claim=RMI%20Mechanical%20Contractors&metro=San%20Francisco
2861,Quince Y Era Films & Photography (Quinceañeras & Bodas),Wedding & Events,San Francisco,CA,San Francisco,3.9,56,(650) 440-0516,http://www.quinceyera.com/,https://rovenhr.com/business/sf/quince-y-era-films-photography-quincea-eras-bodas-chijky,https://rovenhr.com/contact.html?claim=Quince%20Y%20Era%20Films%20&%20Photography%20(Quinceañeras%20&%20Bodas)&metro=San%20Francisco
2862,Candid Studios Photography & Videography - Tampa,Wedding & Events,Tampa,FL,Tampa,4.3,6,(844) 522-6343,https://www.candidstudios.net/locations/tampa/,https://rovenhr.com/business/tampa/candid-studios-photography-videography-tampa-chij0t,https://rovenhr.com/contact.html?claim=Candid%20Studios%20Photography%20&%20Videography%20-%20Tampa&metro=Tampa
2863,1800 Emergency Dentist Sacramento 24 Hour,Dental & Medical,Sacramento,CA,Sacramento,4.3,6,(279) 212-0307,https://1800dentist.com/emergency-dentist-sacramento-ca-532313/,https://rovenhr.com/business/sacramento/1800-emergency-dentist-sacramento-24-hour-chijyb,https://rovenhr.com/contact.html?claim=1800%20Emergency%20Dentist%20Sacramento%2024%20Hour&metro=Sacramento
2864,Air Conditioning Specialists,Home Services,Austin,TX,Austin,4,20,(512) 458-1175,https://aircondspecialists.com/,https://rovenhr.com/business/austin/air-conditioning-specialists-chij2w,https://rovenhr.com/contact.html?claim=Air%20Conditioning%20Specialists&metro=Austin
2865,Leak experts,Home Services,Miami,FL,Miami,4,16,(786) 400-4362,http://leakexpertsmiami.com/,https://rovenhr.com/business/miami/leak-experts-chijid,https://rovenhr.com/contact.html?claim=Leak%20experts&metro=Miami
2866,Dental Health of San Francisco,Dental & Medical,San Francisco,CA,San Francisco,3.9,33,(415) 889-0968,https://www.dentalhealthsf.com/,https://rovenhr.com/business/sf/dental-health-of-san-francisco-chijo6,https://rovenhr.com/contact.html?claim=Dental%20Health%20of%20San%20Francisco&metro=San%20Francisco
2867,Miami Shores Plumbing,Home Services,Miami,FL,Miami,3.8,77,(305) 751-2446,http://miamishoresplumbing.com/,https://rovenhr.com/business/miami/miami-shores-plumbing-chijza,https://rovenhr.com/contact.html?claim=Miami%20Shores%20Plumbing&metro=Miami
2868,Heating & Air Conditioning San Francisco,Home Services,San Francisco,CA,San Francisco,5,2,(415) 942-9881,,https://rovenhr.com/business/sf/heating-air-conditioning-san-francisco-chij2c,https://rovenhr.com/contact.html?claim=Heating%20&%20Air%20Conditioning%20San%20Francisco&metro=San%20Francisco
2869,Heating & Cooling San Francisco,Home Services,San Francisco,CA,San Francisco,5,2,(415) 825-6828,,https://rovenhr.com/business/sf/heating-cooling-san-francisco-chijc5,https://rovenhr.com/contact.html?claim=Heating%20&%20Cooling%20San%20Francisco&metro=San%20Francisco
2870,Heating & Cooling San Francisco,Home Services,San Francisco,CA,San Francisco,5,2,(415) 855-7160,,https://rovenhr.com/business/sf/heating-cooling-san-francisco-chijmz,https://rovenhr.com/contact.html?claim=Heating%20&%20Cooling%20San%20Francisco&metro=San%20Francisco
2871,Sacramento HVAC Services,Home Services,Sacramento,CA,Sacramento,4.4,7,,,https://rovenhr.com/business/sacramento/sacramento-hvac-services-chijqz,https://rovenhr.com/contact.html?claim=Sacramento%20HVAC%20Services&metro=Sacramento
2872,Bright Now! Dental – Los Angeles (Central LA),Dental & Medical,Los Angeles,CA,Los Angeles,3.7,447,(323) 602-0590,https://www.brightnow.com/dental-office/los-angeles/10710/?utm_source=generic&utm_medium=profiles&utm_campaign=local_profiles,https://rovenhr.com/business/la/bright-now-dental-los-angeles-central-la-chijzz,https://rovenhr.com/contact.html?claim=Bright%20Now!%20Dental%20–%20Los%20Angeles%20(Central%20LA)&metro=Los%20Angeles
2873,Kate Whelan Events,Wedding & Events,Sacramento,CA,Sacramento,5,1,(888) 808-5283,https://www.katewhelanevents.com/,https://rovenhr.com/business/sacramento/kate-whelan-events-chij5y,https://rovenhr.com/contact.html?claim=Kate%20Whelan%20Events&metro=Sacramento
2874,Miami Video Production Company,Wedding & Events,Miami,FL,Miami,5,1,(954) 998-0231,https://miamivideoproductionscompany.com/,https://rovenhr.com/business/miami/miami-video-production-company-chij6b,https://rovenhr.com/contact.html?claim=Miami%20Video%20Production%20Company&metro=Miami
2875,HVACPros Air Conditioning Repair Miami,Home Services,Miami,FL,Miami,5,1,(645) 219-1463,https://hvacprosairconditioning.com/,https://rovenhr.com/business/miami/hvacpros-air-conditioning-repair-miami-chij6b,https://rovenhr.com/contact.html?claim=HVACPros%20Air%20Conditioning%20Repair%20Miami&metro=Miami
2876,Photographer Wedding San Francisco City Hall,Wedding & Events,San Francisco,CA,San Francisco,5,1,(415) 706-9350,http://photographerweddingsanfranciscocityhall.com/,https://rovenhr.com/business/sf/photographer-wedding-san-francisco-city-hall-chij71,https://rovenhr.com/contact.html?claim=Photographer%20Wedding%20San%20Francisco%20City%20Hall&metro=San%20Francisco
2877,ProHVAC AC Repair & Heating,Home Services,Austin,TX,Austin,5,1,(737) 316-5407,https://prohvacacrepairheating.com/,https://rovenhr.com/business/austin/prohvac-ac-repair-heating-chijcq,https://rovenhr.com/contact.html?claim=ProHVAC%20AC%20Repair%20&%20Heating&metro=Austin
2878,San Francisco Heating and Cooling,Home Services,San Francisco,CA,San Francisco,5,1,(415) 286-2540,https://sfheatingcooling.com/,https://rovenhr.com/business/sf/san-francisco-heating-and-cooling-chijcu,https://rovenhr.com/contact.html?claim=San%20Francisco%20Heating%20and%20Cooling&metro=San%20Francisco
2879,AC Installation Los Angeles Pro,Home Services,Los Angeles,CA,Los Angeles,5,1,(424) 550-2842,https://acinstallla.com/,https://rovenhr.com/business/la/ac-installation-los-angeles-pro-chiji1,https://rovenhr.com/contact.html?claim=AC%20Installation%20Los%20Angeles%20Pro&metro=Los%20Angeles
2880,AC Repair Coral Gables Pros,Home Services,Miami,FL,Miami,5,1,(786) 386-4559,https://acrepaircoralgables.pro/,https://rovenhr.com/business/miami/ac-repair-coral-gables-pros-chijlr,https://rovenhr.com/contact.html?claim=AC%20Repair%20Coral%20Gables%20Pros&metro=Miami
2881,Video Production Company Austin,Wedding & Events,Austin,TX,Austin,5,1,(512) 882-0741,https://videoproductioncompanyaustin.com/,https://rovenhr.com/business/austin/video-production-company-austin-chijmd,https://rovenhr.com/contact.html?claim=Video%20Production%20Company%20Austin&metro=Austin
2882,Sweetface Photography,Wedding & Events,Scottsdale,AZ,Phoenix,5,1,(480) 628-7061,http://www.sweetfacephoto.com/,https://rovenhr.com/business/phoenix/sweetface-photography-chijqt,https://rovenhr.com/contact.html?claim=Sweetface%20Photography&metro=Phoenix
2883,EC Films Weddings,Wedding & Events,Houston,TX,Houston,5,1,(713) 505-5435,http://www.ecfilmscinema.com/,https://rovenhr.com/business/houston/ec-films-weddings-chijty,https://rovenhr.com/contact.html?claim=EC%20Films%20Weddings&metro=Houston
2884,Austin Wedding Videographers,Wedding & Events,Austin,TX,Austin,5,1,(512) 767-8180,http://www.austinweddingvideographers.com/,https://rovenhr.com/business/austin/austin-wedding-videographers-chijy9,https://rovenhr.com/contact.html?claim=Austin%20Wedding%20Videographers&metro=Austin
2885,Video Productions Company Los Angeles,Wedding & Events,Los Angeles,CA,Los Angeles,5,1,(213) 319-1220,https://videoproductionscompanylosangeles.com/,https://rovenhr.com/business/la/video-productions-company-los-angeles-chijyw,https://rovenhr.com/contact.html?claim=Video%20Productions%20Company%20Los%20Angeles&metro=Los%20Angeles
2886,COOLVAC AC Repair Pros,Home Services,Miami,FL,Miami,5,1,(645) 238-2870,https://coolvacacrepairpros.com/,https://rovenhr.com/business/miami/coolvac-ac-repair-pros-chijcy,https://rovenhr.com/contact.html?claim=COOLVAC%20AC%20Repair%20Pros&metro=Miami
2887,Inloveness Photography,Wedding & Events,Phoenix,AZ,Phoenix,5,1,(602) 826-1233,https://inlovenessphotography.com/,https://rovenhr.com/business/phoenix/inloveness-photography-chijfv,https://rovenhr.com/contact.html?claim=Inloveness%20Photography&metro=Phoenix
2888,Altar Images AZ Wedding Videography,Wedding & Events,Mesa,AZ,Phoenix,5,1,(480) 264-8700,http://www.altarimagesaz.net/,https://rovenhr.com/business/phoenix/altar-images-az-wedding-videography-chijpx,https://rovenhr.com/contact.html?claim=Altar%20Images%20AZ%20Wedding%20Videography&metro=Phoenix
2889,HVAC & Heat Pump Installation San Francisco,Home Services,San Francisco,CA,San Francisco,5,1,(510) 857-8250,https://myorionhvac.top/,https://rovenhr.com/business/sf/hvac-heat-pump-installation-san-francisco-chijrx,https://rovenhr.com/contact.html?claim=HVAC%20&%20Heat%20Pump%20Installation%20San%20Francisco&metro=San%20Francisco
2890,Ambrosio Photography,Wedding & Events,Miami Beach,FL,Miami,5,1,(305) 534-5099,https://www.ambrosiophotography.com/?utm_source=google&utm_medium=organic&utm_campaign=google_business_profile,https://rovenhr.com/business/miami/ambrosio-photography-chijxx,https://rovenhr.com/contact.html?claim=Ambrosio%20Photography&metro=Miami
2891,South Jax Dental Clinic,Dental & Medical,Jacksonville,FL,Jacksonville,4,5,(904) 253-1240,https://duval.floridahealth.gov/programs-and-services/clinical-and-nutrition-services/dental/index.html,https://rovenhr.com/business/jacksonville/south-jax-dental-clinic-chijo-,https://rovenhr.com/contact.html?claim=South%20Jax%20Dental%20Clinic&metro=Jacksonville
2892,San Francisco Plumbing Company,Home Services,Brisbane,CA,San Francisco,3.9,8,(415) 664-2345,http://www.sfplumbingcompany.com/,https://rovenhr.com/business/sf/san-francisco-plumbing-company-chijks,https://rovenhr.com/contact.html?claim=San%20Francisco%20Plumbing%20Company&metro=San%20Francisco
2893,Emergеncy Dеntist Sacramеnto,Dental & Medical,Sacramento,CA,Sacramento,3.9,7,(916) 460-9371,https://1800dentist.com/emergency-dentist-sacramento-ca-532313/,https://rovenhr.com/business/sacramento/emerg-ncy-d-ntist-sacram-nto-chije3,https://rovenhr.com/contact.html?claim=Emergеncy%20Dеntist%20Sacramеnto&metro=Sacramento
2894,Solarshot Weddings - Photography And Videography,Wedding & Events,San Antonio,TX,San Antonio,3.9,7,(726) 610-4511,https://www.solarshotweddings.com/,https://rovenhr.com/business/san_antonio/solarshot-weddings-photography-and-videography-chijt8,https://rovenhr.com/contact.html?claim=Solarshot%20Weddings%20-%20Photography%20And%20Videography&metro=San%20Antonio
2895,"Ivy Weddings, Matt and Ivy Photography",Wedding & Events,Dallas,TX,Dallas–Fort Worth,5,1,,http://www.ivyweddings.com/,https://rovenhr.com/business/dfw/ivy-weddings-matt-and-ivy-photography-chijaq,"https://rovenhr.com/contact.html?claim=Ivy%20Weddings,%20Matt%20and%20Ivy%20Photography&metro=Dallas–Fort%20Worth"
2896,Wedding Planners LLC,Wedding & Events,San Antonio,TX,San Antonio,5,1,,http://www.weddingplannersllc.com/,https://rovenhr.com/business/san_antonio/wedding-planners-llc-chijis,https://rovenhr.com/contact.html?claim=Wedding%20Planners%20LLC&metro=San%20Antonio
2897,Gentle Smile,Dental & Medical,Phoenix,AZ,Phoenix,3.9,14,(602) 494-3000,,https://rovenhr.com/business/phoenix/gentle-smile-chijl2,https://rovenhr.com/contact.html?claim=Gentle%20Smile&metro=Phoenix
2898,Pacheco Wedding Films,Wedding & Events,Sacramento,CA,Sacramento,5,1,(916) 277-3740,,https://rovenhr.com/business/sacramento/pacheco-wedding-films-chijg0,https://rovenhr.com/contact.html?claim=Pacheco%20Wedding%20Films&metro=Sacramento
2899,Quality HVAC Repair Service San Francisco,Home Services,San Francisco,CA,San Francisco,5,1,(415) 363-1808,,https://rovenhr.com/business/sf/quality-hvac-repair-service-san-francisco-chijka,https://rovenhr.com/contact.html?claim=Quality%20HVAC%20Repair%20Service%20San%20Francisco&metro=San%20Francisco
2900,"Barry White, Videographer",Wedding & Events,Sacramento,CA,Sacramento,5,1,(916) 698-6327,,https://rovenhr.com/business/sacramento/barry-white-videographer-chijs7,"https://rovenhr.com/contact.html?claim=Barry%20White,%20Videographer&metro=Sacramento"
2901,Air Conditioning Repair Downtown Miami LLC,Home Services,Miami,FL,Miami,5,1,(786) 432-6002,,https://rovenhr.com/business/miami/air-conditioning-repair-downtown-miami-llc-chijv_,https://rovenhr.com/contact.html?claim=Air%20Conditioning%20Repair%20Downtown%20Miami%20LLC&metro=Miami
2902,PolarEdge AC Repair Tampa,Home Services,Tampa,FL,Tampa,5,1,(656) 254-5635,,https://rovenhr.com/business/tampa/polaredge-ac-repair-tampa-chijy-,https://rovenhr.com/contact.html?claim=PolarEdge%20AC%20Repair%20Tampa&metro=Tampa
2903,San Francisco Heating and Air Conditioning Inc..,Home Services,San Francisco,CA,San Francisco,5,1,(628) 229-3860,,https://rovenhr.com/business/sf/san-francisco-heating-and-air-conditioning-inc-chijjv,https://rovenhr.com/contact.html?claim=San%20Francisco%20Heating%20and%20Air%20Conditioning%20Inc..&metro=San%20Francisco
2904,Longen Films,Wedding & Events,Tampa,FL,Tampa,5,1,(813) 310-8415,,https://rovenhr.com/business/tampa/longen-films-chijpf,https://rovenhr.com/contact.html?claim=Longen%20Films&metro=Tampa
2905,SmartFlow HVAC Solutions,Home Services,San Francisco,CA,San Francisco,5,1,(415) 463-8836,,https://rovenhr.com/business/sf/smartflow-hvac-solutions-chijrv,https://rovenhr.com/contact.html?claim=SmartFlow%20HVAC%20Solutions&metro=San%20Francisco
2906,Wedding Videos by Serrano San Antonio,Wedding & Events,San Antonio,TX,San Antonio,5,1,(210) 723-2899,,https://rovenhr.com/business/san_antonio/wedding-videos-by-serrano-san-antonio-chijzx,https://rovenhr.com/contact.html?claim=Wedding%20Videos%20by%20Serrano%20San%20Antonio&metro=San%20Antonio
2907,West Coast Dental of 6th Street,Dental & Medical,Los Angeles,CA,Los Angeles,3.6,828,(213) 413-5151,https://www.westcoastdental.com/,https://rovenhr.com/business/la/west-coast-dental-of-6th-street-chijg2,https://rovenhr.com/contact.html?claim=West%20Coast%20Dental%20of%206th%20Street&metro=Los%20Angeles
2908,Greater San Diego Air Conditioning Inc,Home Services,San Diego,CA,San Diego,3.7,28,(619) 469-7818,https://www.gsdac.com/,https://rovenhr.com/business/san_diego/greater-san-diego-air-conditioning-inc-chijv6,https://rovenhr.com/contact.html?claim=Greater%20San%20Diego%20Air%20Conditioning%20Inc&metro=San%20Diego
2909,Valley Dental Center./,Dental & Medical,Phoenix,AZ,Phoenix,3.8,27,(602) 867-8837,,https://rovenhr.com/business/phoenix/valley-dental-center-chija-,https://rovenhr.com/contact.html?claim=Valley%20Dental%20Center./&metro=Phoenix
2910,NEW ERA HVAC,Home Services,San Diego,CA,San Diego,5,1,,,https://rovenhr.com/business/san_diego/new-era-hvac-chijmc,https://rovenhr.com/contact.html?claim=NEW%20ERA%20HVAC&metro=San%20Diego
2911,dental office,Dental & Medical,Miami,FL,Miami,3.7,26,(305) 846-9082,,https://rovenhr.com/business/miami/dental-office-chijc7,https://rovenhr.com/contact.html?claim=dental%20office&metro=Miami
2912,Emergency Dental Service,Dental & Medical,Phoenix,AZ,Phoenix,3.7,3,(602) 362-7038,https://emergencydentalservicephoenixaz.net/,https://rovenhr.com/business/phoenix/emergency-dental-service-chij5v,https://rovenhr.com/contact.html?claim=Emergency%20Dental%20Service&metro=Phoenix
2913,1800 Emergency Dentist Sacramento 24 Hours,Dental & Medical,Sacramento,CA,Sacramento,3.7,3,(916) 744-6060,https://www.emergencydentalservice.com/emergencydentist24-7/sacramento-ca-95814,https://rovenhr.com/business/sacramento/1800-emergency-dentist-sacramento-24-hours-chijca,https://rovenhr.com/contact.html?claim=1800%20Emergency%20Dentist%20Sacramento%2024%20Hours&metro=Sacramento
2914,Dentist in Austin.,Dental & Medical,Austin,TX,Austin,3.4,343,(512) 430-4472,https://dentistinaustintx.com/,https://rovenhr.com/business/austin/dentist-in-austin-chij3y,https://rovenhr.com/contact.html?claim=Dentist%20in%20Austin.&metro=Austin
2915,West Coast Dental of Los Angeles,Dental & Medical,Los Angeles,CA,Los Angeles,3.5,1332,(323) 731-3333,https://www.westcoastdental.com/,https://rovenhr.com/business/la/west-coast-dental-of-los-angeles-chij7q,https://rovenhr.com/contact.html?claim=West%20Coast%20Dental%20of%20Los%20Angeles&metro=Los%20Angeles
2916,HVAC & Heating Systems Installation San Francisco,Home Services,San Francisco,CA,San Francisco,,,(510) 359-4177,https://myorionhvac.top/,https://rovenhr.com/business/sf/hvac-heating-systems-installation-san-francisco-chijk2,https://rovenhr.com/contact.html?claim=HVAC%20&%20Heating%20Systems%20Installation%20San%20Francisco&metro=San%20Francisco
2917,UT Dentists,Dental & Medical,Houston,TX,Houston,3.5,48,(713) 486-4444,http://www.utdentists.com/,https://rovenhr.com/business/houston/ut-dentists-chijk6,https://rovenhr.com/contact.html?claim=UT%20Dentists&metro=Houston
2918,The Rooftop,Wedding & Events,Orlando,FL,Orlando,3.5,4,(407) 988-2372,https://orlandorooftop.com/,https://rovenhr.com/business/orlando/the-rooftop-chijmx,https://rovenhr.com/contact.html?claim=The%20Rooftop&metro=Orlando
2919,Florida Department Of Health Dental Office,Dental & Medical,Jacksonville,FL,Jacksonville,2.7,10,(904) 253-1240,http://duval.floridahealth.gov/,https://rovenhr.com/business/jacksonville/florida-department-of-health-dental-office-chijvf,https://rovenhr.com/contact.html?claim=Florida%20Department%20Of%20Health%20Dental%20Office&metro=Jacksonville
2920,West Films,Wedding & Events,San Francisco,CA,San Francisco,,,(424) 744-6549,https://weddingvideocalifornia.com/san-francisco-wedding-videographer/,https://rovenhr.com/business/sf/west-films-chijwx,https://rovenhr.com/contact.html?claim=West%20Films&metro=San%20Francisco
2921,White Lily Films,Wedding & Events,Phoenix,AZ,Phoenix,,,(562) 822-7127,http://www.whitelilyfilms.com/,https://rovenhr.com/business/phoenix/white-lily-films-chijb4,https://rovenhr.com/contact.html?claim=White%20Lily%20Films&metro=Phoenix
2922,First Coast Weddings and Events,Wedding & Events,Jacksonville,FL,Jacksonville,,,(904) 739-8003,https://www.firstcoastweddings.com/contact,https://rovenhr.com/business/jacksonville/first-coast-weddings-and-events-chijq6,https://rovenhr.com/contact.html?claim=First%20Coast%20Weddings%20and%20Events&metro=Jacksonville
2923,"APLA Health Dental Clinic, Downtown Los Angeles",Dental & Medical,Los Angeles,CA,Los Angeles,3.1,29,(213) 201-1388,https://aplahealth.org/services/dental-care/,https://rovenhr.com/business/la/apla-health-dental-clinic-downtown-los-angeles-chijqb,"https://rovenhr.com/contact.html?claim=APLA%20Health%20Dental%20Clinic,%20Downtown%20Los%20Angeles&metro=Los%20Angeles"
2924,Ever After Wedding Films & Photography,Wedding & Events,Sacramento,CA,Sacramento,,,(916) 276-8816,https://everafterweddingfilmsandphotography.com/,https://rovenhr.com/business/sacramento/ever-after-wedding-films-photography-chijt6,https://rovenhr.com/contact.html?claim=Ever%20After%20Wedding%20Films%20&%20Photography&metro=Sacramento
2925,S A Christian Dental Clinic,Dental & Medical,San Antonio,TX,San Antonio,3.1,80,(210) 220-2300,https://www.sachristiandental.org/,https://rovenhr.com/business/san_antonio/s-a-christian-dental-clinic-chijux,https://rovenhr.com/contact.html?claim=S%20A%20Christian%20Dental%20Clinic&metro=San%20Antonio
2926,Western Dental & Orthodontics,Dental & Medical,Los Angeles,CA,Los Angeles,3.5,435,(323) 406-5000,https://www.westerndental.com/en-us/find-a-location/california/los-angeles/906-south-soto-street/?utm_source=GMB&utm_medium=organic,https://rovenhr.com/business/la/western-dental-orthodontics-chijyr,https://rovenhr.com/contact.html?claim=Western%20Dental%20&%20Orthodontics&metro=Los%20Angeles
2927,A2Z HVAC Services San Francisco CA,Home Services,San Francisco,CA,San Francisco,,,(415) 323-5134,,https://rovenhr.com/business/sf/a2z-hvac-services-san-francisco-ca-chij28,https://rovenhr.com/contact.html?claim=A2Z%20HVAC%20Services%20San%20Francisco%20CA&metro=San%20Francisco
2928,HVAC Services: Heating & Air Conditioning San Francisco,Home Services,San Francisco,CA,San Francisco,1.7,11,(415) 684-1966,,https://rovenhr.com/business/sf/hvac-services-heating-air-conditioning-san-francisco-chij66,https://rovenhr.com/contact.html?claim=HVAC%20Services:%20Heating%20&%20Air%20Conditioning%20San%20Francisco&metro=San%20Francisco
2929,Static HVAC Repair San Francisco,Home Services,San Francisco,CA,San Francisco,,,(628) 316-9250,,https://rovenhr.com/business/sf/static-hvac-repair-san-francisco-chij6z,https://rovenhr.com/contact.html?claim=Static%20HVAC%20Repair%20San%20Francisco&metro=San%20Francisco
2930,Videography,Wedding & Events,San Francisco,CA,San Francisco,,,(415) 735-1876,,https://rovenhr.com/business/sf/videography-chijle,https://rovenhr.com/contact.html?claim=Videography&metro=San%20Francisco
2931,Dental Clinic,Dental & Medical,Sacramento,CA,Sacramento,1.8,56,(916) 481-1111,,https://rovenhr.com/business/sacramento/dental-clinic-chijx9,https://rovenhr.com/contact.html?claim=Dental%20Clinic&metro=Sacramento
