name,category,website,phone,address,city
Dallas Heating and Air Conditioning,HVAC company,http://www.dallasheatingac.com/,(972) 423-0012,"5050 Quorum Dr Ste 700, Dallas, TX 75254, USA","Dallas-Fort Worth, TX"
"AirCo Air Conditioning, Heating and Plumbing",HVAC company,https://www.airco.com/?utm_source=google&utm_medium=organic&utm_campaign=GMBListing-Fort-Worth-TX,(817) 618-9916,"1900 Robotics Pl, Fort Worth, TX 76118, USA","Dallas-Fort Worth, TX"
One Hour Air Conditioning & Heating of Dallas,HVAC company,https://www.onehourairdallas.com/?utm_source=organic&utm_medium=gbp,(682) 327-0948,"1608 Whitlock Ln Unit J, Carrollton, TX 75006, USA","Dallas-Fort Worth, TX"
Cowboy Air Condition & Heating Company TDLR:21299,HVAC company,https://cowboyair.com/,(214) 570-1540,"13575 Goldmark Ste A106, Dallas, TX 75240, USA","Dallas-Fort Worth, TX"
Matco Services,HVAC company,https://matcoservices.com/,(972) 292-1880,"202 E First St, Prosper, TX 75078, USA","Dallas-Fort Worth, TX"
"Harlen Johnson HVAC, Plumbing & Electrical",HVAC company,https://hjac.com/?utm_campaign=gmb,(972) 241-7771,"2643 Royal Ln, Dallas, TX 75229, USA","Dallas-Fort Worth, TX"
Texas AirZone LLC,HVAC company,https://www.texasairzone.com/?utm_source=Google&utm_medium=GBP&utm_campaign=Organic_GBP_TAZ,(214) 851-3886,"10763 Mapleridge Dr, Dallas, TX 75238, USA","Dallas-Fort Worth, TX"
billyGO Air Conditioning & Plumbing - Dallas,HVAC company,https://www.billygo.com/service-area/dallas-tx/,(214) 267-9944,"17430 Campbell Rd Ste 207, Dallas, TX 75252, USA","Dallas-Fort Worth, TX"
Aire Serv of Dallas,HVAC company,https://www.aireservdallas.com/,(214) 838-7191,"5930 Lyndon B Johnson Fwy #250, Dallas, TX 75240, USA","Dallas-Fort Worth, TX"
"Moss Heating, Cooling & Plumbing",HVAC company,https://www.askmoss.com/?utm_source=google&utm_medium=gbp-dallas&se_campaign=Ferocious-GBP,(972) 733-6802,"11145 Morrison Ln, Dallas, TX 75229, USA","Dallas-Fort Worth, TX"
Airtron Heating & Air Conditioning,HVAC company,https://airtron.com/dallas/?utm_source=gmb&utm_medium=gmb-organic&utm_campaign=gmb-dallas,(214) 556-6792,"10440 Olympic Dr, Dallas, TX 75220, USA","Dallas-Fort Worth, TX"
Varsity Zone HVAC of Frisco,HVAC company,https://www.varsityzone.com/frisco-tx/,(972) 914-3093,"6767 All Stars Ave #C-3, Frisco, TX 75033, USA","Dallas-Fort Worth, TX"
Air Cool Pro –Heating & Air Conditioning,HVAC company,https://sites.google.com/view/aircoolpro/home,(945) 232-8766,"18383 Gallery Dr, Dallas, TX 75252, USA","Dallas-Fort Worth, TX"
Quality 1 Energy Systems Heating & Air Conditioning,HVAC company,https://www.q1es.com/,(214) 856-6489,"10870 Plano Rd C, Dallas, TX 75238, USA","Dallas-Fort Worth, TX"
Alpha Heating & Cooling Llc.,HVAC company,https://alphahvac.site/,,"1910 Pacific Ave Ste 12000, Dallas, TX 75201, USA","Dallas-Fort Worth, TX"
"Astar Air Conditioning, Plumbing & Electric",HVAC company,https://astardfw.com/,(972) 278-7111,"9201 Forest Ln, Dallas, TX 75243, USA","Dallas-Fort Worth, TX"
DFW HVAC,HVAC company,http://www.dfwhvac.com/,(972) 777-2665,"556 S Coppell Rd Ste 103, Coppell, TX 75019, USA","Dallas-Fort Worth, TX"
Reliant Air Conditioning,HVAC company,https://reliantairconditioning.com/?utm_source=google&utm_medium=gmb&utm_campaign=zA501-Organic&se_campaign=zA501-Organic,(817) 831-3950,"3250 W Story Rd #106, Irving, TX 75038, USA","Dallas-Fort Worth, TX"
THT Air Solutions Heating & Cooling,HVAC company,,(214) 575-2323,"1241 Prosper Commons Blvd Ste. 111, Prosper, TX 75078, USA","Dallas-Fort Worth, TX"
The Chill Brothers,HVAC company,https://thechillbrothers.com/hvac-services-in-dallas-tx/,(844) 512-4455,"8131 Lyndon B Johnson Fwy Ste 790, Dallas, TX 75251, USA","Dallas-Fort Worth, TX"
Metro Air Conditioning Heating & Services,HVAC company,https://www.metroacs.com/,(214) 304-7658,"126 W Illinois Ave, Dallas, TX 75224, USA","Dallas-Fort Worth, TX"
Webb Air Heating & Cooling,HVAC company,https://webbair.com/?utm_source=google&utm_medium=organic&utm_campaign=gbp,(817) 535-0881,"115 S Riverside Dr, Fort Worth, TX 76104, USA","Dallas-Fort Worth, TX"
Coolinary Arts Heating & Cooling,HVAC company,https://callcoolinaryarts.com/,(972) 975-2665,"5200 McKinney Ave, Dallas, TX 75205, USA","Dallas-Fort Worth, TX"
Open To Public HVAC Parts,HVAC company,https://otp-hvac.com/,(214) 340-9421,"10226 Plano Rd #104, Dallas, TX 75238, USA","Dallas-Fort Worth, TX"
Service Experts Dallas,HVAC company,https://www.serviceexperts.com/dallas-tx/?&utm_campaign=listing&utm_medium=organic_search&utm_source=gmb&utm_content=brand,(972) 619-7607,"640 International Pkwy Ste 200, Richardson, TX 75081, USA","Dallas-Fort Worth, TX"
Prime Time Heating and Air Conditioning LLC | Fort Worth (AC and HVAC Installation and Repair),HVAC company,http://primetime-tx.com/,(817) 888-7313,"2744 SE Loop 820, Fort Worth, TX 76140, USA","Dallas-Fort Worth, TX"
Serveway Heating and Air Conditioning,HVAC company,https://www.servewayhvac.com/?utm_source=google&utm_medium=organic&utm_campaign=gbp,(469) 231-9379,"10120 Cayuga Dr Ste 107, Dallas, TX 75228, USA","Dallas-Fort Worth, TX"
Houk Air Conditioning DFW,HVAC company,https://houkac.com/service-areas/dallas-fort-worth/?utm_source=gbp&utm_medium=organic,(817) 775-3295,"1250 W Oakdale Rd, Grand Prairie, TX 75050, USA","Dallas-Fort Worth, TX"
TemperaturePro,HVAC company,https://temperatureprodallas.com/dallas-gaston-ave/,(469) 485-5115,"6301 Gaston Ave Ste 1314, Dallas, TX 75214, USA","Dallas-Fort Worth, TX"
"Paschal Air, Plumbing & Electric",HVAC company,https://gopaschal.com/service-areas/arlington-tx?utm_source=gbp-arlington,(214) 765-4817,"12054 Forestgate Dr, Dallas, TX 75243, USA","Dallas-Fort Worth, TX"
"Jade Air, LLC",HVAC company,http://jadeair.net/,(214) 923-7904,"2243 Vagas St, Dallas, TX 75219, USA","Dallas-Fort Worth, TX"
Vital Air Systems LLC,HVAC company,http://vitalairsystems.com/,(469) 833-1338,"290 S Preston Rd Ste 230, Prosper, TX 75078, USA","Dallas-Fort Worth, TX"
Service Experts Fort Worth,HVAC company,https://www.serviceexperts.com/fort-worth-tx/?&utm_campaign=listing&utm_medium=organic_search&utm_source=gmb&utm_content=brand,(817) 241-5893,"2725 Basswood Blvd Ste 241, Fort Worth, TX 76131, USA","Dallas-Fort Worth, TX"
Choice Air Care,HVAC company,https://www.choiceaircare.com/?utm_source=local&utm_medium=organic&utm_content=mckinney&utm_campaign=gmb,(972) 332-3927,"10015 Aeronca Ln, McKinney, TX 75071, USA","Dallas-Fort Worth, TX"
Fix My Air DFW AC Repair Fort Worth,HVAC company,https://www.hvacrepairfortworth.com/,(817) 839-3511,"600 W 6th St, W 4th St Floor – Suite 70, Fort Worth, TX 76102, USA","Dallas-Fort Worth, TX"
Fort Worth Mechanical Group,HVAC company,http://www.fortworthmechanicalgroup.com/,(817) 801-7084,"4801 N Sylvania Ave, Fort Worth, TX 76137, USA","Dallas-Fort Worth, TX"
One Hour Air Conditioning & Heating,HVAC company,https://www.onehourairftworth.com/?utm_source=organic&utm_medium=gbp,(817) 766-5706,"2535 Brennan Ave, Fort Worth, TX 76106, USA","Dallas-Fort Worth, TX"
Texan Heating & Air,HVAC company,https://www.texanhvac.com/,(817) 734-3073,"5608 Malvey Ave Ste 202, Fort Worth, TX 76107, USA","Dallas-Fort Worth, TX"
AC Genius,HVAC company,http://www.acgenius.com/,(817) 341-5134,"5208 Airport Fwy Ste 210-11, Fort Worth, TX 76117, USA","Dallas-Fort Worth, TX"
My HVAC Guy LLC,HVAC company,https://www.myhvacguytx.com/,(817) 217-3120,"3625 Lawnwood St, Fort Worth, TX 76111, USA","Dallas-Fort Worth, TX"
"Baker Brothers Plumbing, Air & Electric",HVAC company,https://bakerbrothersplumbing.com/?utm_campaign=gmb_bk-msq_home_everyone_gmb-mesquite&utm_medium=gmb&utm_source=google,(214) 324-8811,"2615 Big Town Blvd, Mesquite, TX 75150, USA","Dallas-Fort Worth, TX"
Eastin Heating and Air,HVAC company,http://www.eastinair.com/?utm_campaign=gmb,(972) 278-0613,"3838 Oak Lawn Ave Suite#1000, Dallas, TX 75219, USA","Dallas-Fort Worth, TX"
R-10 Heat & Air,HVAC company,https://www.r10heatandair.com/,(817) 330-4748,"3839 E Loop 820 S, Fort Worth, TX 76119, USA","Dallas-Fort Worth, TX"
ServicePro DFW - HVAC,HVAC company,https://serviceprodfw.com/,(682) 703-1242,"3134 SE Loop 820, Fort Worth, TX 76140, USA","Dallas-Fort Worth, TX"
Dalco Air Conditioning & Plumbing,HVAC company,http://www.dalcoac.com/,(214) 381-1445,"7310 Military Pkwy, Dallas, TX 75227, USA","Dallas-Fort Worth, TX"
"MillionAire Heating, Air, and Plumbing",HVAC company,http://www.millionairecooling.com/,(817) 203-3494,"206 W Bedford Euless Rd, Hurst, TX 76053, USA","Dallas-Fort Worth, TX"
Temp Pro Mechanical,HVAC company,https://temppromechanical.com/?utm_campaign=gmb,(972) 504-2079,"3643 Lawnwood St, Fort Worth, TX 76111, USA","Dallas-Fort Worth, TX"
Fort Worth Heat and Air,HVAC company,https://www.fortworthheatandair.com/,(817) 800-0340,"308 N Beach St, Fort Worth, TX 76111, USA","Dallas-Fort Worth, TX"
Fort Worth ACE HVAC & Airduct Services,HVAC company,http://acehvacandairductservices.com/hvac-repair-fort-worth,(817) 765-0740,"4500 Mercantile Plaza Dr Ste 770, Fort Worth, TX 76137, USA","Dallas-Fort Worth, TX"
Bellair Heating & Cooling Inc,HVAC company,http://www.bellairheatingandcooling.com/,(972) 731-0376,"12750 Preston Rd, Frisco, TX 75033, USA","Dallas-Fort Worth, TX"
Mike Reyes Heating and Air Conditioning Services,HVAC company,http://mikereyesac.com/,(817) 291-8559,"4609 Rockwood Dr, Fort Worth, TX 76114, USA","Dallas-Fort Worth, TX"
Drift HVAC Repair Fort Worth,HVAC company,http://drifthvacrepair.com/,(817) 623-8358,"3320 E Lancaster Ave, Fort Worth, TX 76103, USA","Dallas-Fort Worth, TX"
Thermal HVAC Repair Fort Worth,HVAC company,http://thermalhvacrepair.com/,(817) 623-8394,"3532 E Lancaster Ave, Fort Worth, TX 76103, USA","Dallas-Fort Worth, TX"
Suburban Heating & Air Conditioning,HVAC company,https://www.suburbanheatandair.com/,(214) 381-1127,"3918 Peachtree St, Dallas, TX 75227, USA","Dallas-Fort Worth, TX"
Legacy Plumbing,plumbing company,https://legacyplumbing.net/frisco-tx-plumber/,(972) 707-2184,"8765 Stockard Dr Ste 104, Frisco, TX 75034, USA","Dallas-Fort Worth, TX"
Dallas Plumbing & Air Conditioning,plumbing company,https://www.dallasplumbing.com/dallas/?utm_source=organic&utm_medium=organic&utm_campaign=dallas&utm_id=gbp,(469) 489-1061,"11055 Plano Rd, Dallas, TX 75238, USA","Dallas-Fort Worth, TX"
Metro Flow Plumbing - Dallas Emergency Plumbers,plumbing company,https://metroflowplumbing.com/,(214) 328-7371,"3730 Dilido Rd #422, Dallas, TX 75228, USA","Dallas-Fort Worth, TX"
"Cody & Sons Plumbing, Heating & Air",plumbing company,http://www.codyandsons.com/,(469) 200-3366,"209 W Clarendon Dr, Dallas, TX 75208, USA","Dallas-Fort Worth, TX"
Public Service Plumbers,plumbing company,https://publicserviceplumbers.com/?utm_source=google-gbp&utm_medium=organic&utm_campaign=*163*public-service-plumbers-dallas,(214) 831-1959,"5610 Dyer St, Dallas, TX 75206, USA","Dallas-Fort Worth, TX"
"Milestone Electric, A/C, & Plumbing",plumbing company,https://callmilestone.com/dallas/plumbing/,(214) 717-6708,"5414 Forest Ln, Dallas, TX 75229, USA","Dallas-Fort Worth, TX"
Anchor Plumbing Company,plumbing company,https://anchorplumbingcompany.com/?utm_source=google&utm_medium=gbp-website-button&utm_campaign=website,(214) 380-1579,"3008 Ross Ave Ste 119, Dallas, TX 75204, USA","Dallas-Fort Worth, TX"
Legacy Plumbing,plumbing company,https://legacyplumbing.net/,(972) 987-0753,"1101 E Eldorado Pkwy, Little Elm, TX 75068, USA","Dallas-Fort Worth, TX"
"Tribeca Plumbing, Inc.",plumbing company,https://www.tribecaplumbinginc.com/,(214) 402-5454,"6211 W Northwest Hwy c251, Dallas, TX 75225, USA","Dallas-Fort Worth, TX"
bluefrog Plumbing and Drain of North Dallas,plumbing company,https://www.bluefrogplumbingnorthdallas.com/,(469) 375-4580,"122 Rose Ln Ste. K1, Frisco, TX 75036, USA","Dallas-Fort Worth, TX"
"Porpoise Plumbing, LLC.",plumbing company,https://www.porpoiseplumbing.com/,(972) 430-6006,"1241 Prosper Commons Blvd #108, Prosper, TX 75078, USA","Dallas-Fort Worth, TX"
FPP Plumbing,plumbing company,https://fppplumbing.com/plumber-frisco-tx/,(469) 998-8999,"12800 Westridge Blvd suite 116, Frisco, TX 75035, USA","Dallas-Fort Worth, TX"
Workman Plumbing,plumbing company,https://www.workman-plumbing.com/,(817) 818-7813,"2310 N Henderson Ave #522, Dallas, TX 75206, USA","Dallas-Fort Worth, TX"
Blue Moon Plumbing,plumbing company,https://www.bluemoonplumbingdfw.com/,(469) 328-3243,"18725 Dallas Pkwy Unit 1821, Dallas, TX 75287, USA","Dallas-Fort Worth, TX"
GPS Plumbing,plumbing company,https://gps-plumbing.com/,(469) 777-0217,"3064 Kentshire Ln, Frisco, TX 75034, USA","Dallas-Fort Worth, TX"
Reliant Plumbing - Dallas,plumbing company,https://reliantplumbing.com/areas-we-serve/dallas?utm_source=google&utm_medium=GBP&utm_campaign=GBPDallas,(214) 550-0028,"2702 Manor Way, Dallas, TX 75235, USA","Dallas-Fort Worth, TX"
Jim's Plumbing Now,plumbing company,https://www.jimsplumbingnow.com/service-areas/plumbing-carrollton-tx/?utm_source=google&utm_medium=organic&utm_campaign=GMBListing-Carrollton-TX,(972) 478-1082,"2418 Marsh Ln #106, Carrollton, TX 75006, USA","Dallas-Fort Worth, TX"
HER Plumbing Co.,plumbing company,http://www.herplumbingco.com/,(469) 770-7555,"3010 Lyndon B Johnson Fwy #1200, Dallas, TX 75234, USA","Dallas-Fort Worth, TX"
"Mother Modern Plumbing, Sewer & Drain",plumbing company,https://www.callmother.com/locations/dallas,(469) 206-9515,"6060 N Central Expy Ste 770, Dallas, TX 75206, USA","Dallas-Fort Worth, TX"
Atlas Plumbing & Heating Co,plumbing company,,(972) 243-8051,"11311 Harry Hines Blvd Ste 505, Dallas, TX 75229, USA","Dallas-Fort Worth, TX"
Genzel Plumbing Company,plumbing company,https://genzelplumbing.com/,(972) 548-5188,"6851 Virginia Pkwy Ste 201, McKinney, TX 75071, USA","Dallas-Fort Worth, TX"
"Berkeys Plumbing, A/C & Electrical",plumbing company,https://www.berkeys.com/?utm_campaign=gmb_be_home_everyone_gmb-dallas&utm_medium=gmb&utm_source=google,(214) 612-0133,"4311 Belmont Ave Ste 125, Dallas, TX 75204, USA","Dallas-Fort Worth, TX"
Crown Plumbing Service,plumbing company,https://www.crownplumbingservice.com/?utm_source=gmb_Listing&utm_medium=organic,(972) 346-2332,"2115 W Yorkshire Building A, Prosper, TX 75078, USA","Dallas-Fort Worth, TX"
Earl's Plumbing,plumbing company,https://callearls.com/north-dallas/?utm_source=gbp,(469) 517-1532,"11625 Custer Rd #110, Frisco, TX 75035, USA","Dallas-Fort Worth, TX"
Trident Plumbing,plumbing company,https://trident-plumbing.com/,(972) 900-6660,"15222 King Rd Ste 301, Frisco, TX 75034, USA","Dallas-Fort Worth, TX"
Sewell Plumbing Services,plumbing company,https://sewellplumbingtx.com/,(214) 606-7648,"1971 Univ Business Dr Ste. 101, McKinney, TX 75071, USA","Dallas-Fort Worth, TX"
"Berkeys Plumbing, A/C & Electrical",plumbing company,https://www.berkeys.com/frisco-tx/?utm_campaign=gmb_be_home_everyone_gmb-frisco&utm_medium=gmb&utm_source=google,(214) 216-1727,"4645 Avon Ln Ste 260, Frisco, TX 75033, USA","Dallas-Fort Worth, TX"
Pure Plumbing,plumbing company,https://www.pureplumbingdfw.com/,(469) 525-0000,"521 Sterling Dr, Richardson, TX 75081, USA","Dallas-Fort Worth, TX"
Mother Modern Plumbing,plumbing company,https://www.callmother.com/locations/plano,(972) 662-8725,"2115 Teakwood Ln Suite 300, Plano, TX 75075, USA","Dallas-Fort Worth, TX"
Mr. Rooter Plumbing of Farmers Branch,plumbing company,https://www.mrrooterdallas.com/plumber-farmers-branch-tx-plumbing-repair-service,(972) 254-5600,"4250 Spring Valley Rd, Farmers Branch, TX 75244, USA","Dallas-Fort Worth, TX"
Lex's Plumbing,plumbing company,https://lexsplumbing.com/,(469) 336-3919,"7577 Lake Trail, Frisco, TX 75036, USA","Dallas-Fort Worth, TX"
CTX Plumbing & Electrical Company,plumbing company,https://ctxpc.com/,(972) 900-9959,"4211 S Preston Rd Ste 102, Celina, TX 75009, USA","Dallas-Fort Worth, TX"
"Mother Modern Plumbing, Sewer & Drain",plumbing company,https://www.callmother.com/locations/fort-worth,(817) 380-9662,"8350 Muirwood Trail, Fort Worth, TX 76137, USA","Dallas-Fort Worth, TX"
"Dial One Johnson Plumbing, Cooling & Heating",plumbing company,https://dial1plumbing.com/dallas/,(469) 723-6067,"830 S Hampton Rd, Dallas, TX 75208, USA","Dallas-Fort Worth, TX"
Jake the Plumbing Pro,plumbing company,https://jakeplumbingpro.com/,(214) 751-8381,"1410 Dragon St Ste 716, Dallas, TX 75207, USA","Dallas-Fort Worth, TX"
Precision Plumbing NTX,plumbing company,http://precision-plumbing.com/,(469) 248-2136,"809 Woodbridge Pkwy Ste 500-265, Wylie, TX 75098, USA","Dallas-Fort Worth, TX"
ABC Plumbing,plumbing company,https://www.abcplumbingtx.com/,(817) 427-3222,"5616 Main St, Watauga, TX 76148, USA","Dallas-Fort Worth, TX"
"Hat Plumbing, Heating & Air",plumbing company,https://www.hatplumbingheatingandair.com/,(817) 405-4575,"7630 Pebble Dr, Fort Worth, TX 76118, USA","Dallas-Fort Worth, TX"
Same Day Water Heaters,plumbing company,https://www.samedaywaterheaters.com/,(866) 616-2004,"14203 Proton Rd, Dallas, TX 75244, USA","Dallas-Fort Worth, TX"
Earl’s Plumbing - West Frisco,plumbing company,https://callearls.com/north-dallas/?utm_source=gbp,(469) 960-4849,"2770 Main St Ste 263, Frisco, TX 75033, USA","Dallas-Fort Worth, TX"
Garrison Plumbing Services,plumbing company,http://www.garrisonplumbingservices.com/,(972) 987-4255,"7576 Lake Trail, Frisco, TX 75036, USA","Dallas-Fort Worth, TX"
The Prosper Plumber,plumbing company,http://www.theprosperplumber.com/,(469) 408-0308,"16032 Crosslake Ct, Prosper, TX 75078, USA","Dallas-Fort Worth, TX"
AAA AUGER Plumbing Services,plumbing company,https://www.aaa-auger.com/,(972) 222-2843,"2437 E Union Bower Rd, Irving, TX 75061, USA","Dallas-Fort Worth, TX"
Mr. Rooter Plumbing of Dallas,plumbing company,https://www.mrrooterdallas.com/,(214) 339-9027,"10155 Plano Rd #104, Dallas, TX 75238, USA","Dallas-Fort Worth, TX"
Smith and Son Plumbing,plumbing company,https://www.crplumbingdfw.com/service-areas/mckinney/,(940) 360-5826,"6401 Eldorado Pkwy Ste 97, McKinney, TX 75070, USA","Dallas-Fort Worth, TX"
Go Pro Plumbing,plumbing company,https://goproplumbingtx.com/?utm_campaign=gmb,(469) 845-0305,"708 Silver Moon Dr, Little Elm, TX 75068, USA","Dallas-Fort Worth, TX"
Apex Supply Company,plumbing company,https://apexsupplyco.com/pages/location/dallas-design-district,(214) 741-5463,"180 Oak Lawn Ave, Dallas, TX 75207, USA","Dallas-Fort Worth, TX"
Genzel Plumbing Company,plumbing company,https://genzelplumbing.com/service-areas/plumbers-prosper-tx/?utm_source=google&utm_medium=organic&utm_campaign=gbp-prosper&utm_term=plumber-prosper,(469) 715-2046,"600 N Hays Rd Ste 111, Prosper, TX 75078, USA","Dallas-Fort Worth, TX"
"Koen Plumbing, Inc.",plumbing company,https://www.koenplumbing.com/,(972) 406-8076,"405 N Bowser Rd STE 4B, Richardson, TX 75081, USA","Dallas-Fort Worth, TX"
Woodie Woods Plumbing Heating and Air,plumbing company,http://www.woodiewoods.com/,(817) 923-5248,"1110 S Airport Cir ste 100, Euless, TX 76040, USA","Dallas-Fort Worth, TX"
"Ernie's Plumbing Service, Inc.",plumbing company,https://www.erniesplumbing.com/,(888) 802-0005,"1809 W Pioneer Pkwy, Arlington, TX 76013, USA","Dallas-Fort Worth, TX"
Reece Plumbing,plumbing company,https://www.reece.com/plumbing,(469) 680-3291,"15850 Dallas Pkwy Ste 180, Dallas, TX 75248, USA","Dallas-Fort Worth, TX"
Apex Supply Company,plumbing company,https://apexsupplyco.com/pages/location/oak-cliff,(214) 948-7547,"127 N Marsalis Ave #2349, Dallas, TX 75203, USA","Dallas-Fort Worth, TX"
Agave Plumbing Inc.,plumbing company,https://agaveplumbing.com/,(214) 689-0496,"2772 W Commerce St, Dallas, TX 75212, USA","Dallas-Fort Worth, TX"
True Line Plumbing Services,plumbing company,,(945) 262-8339,"2204 W Clarendon Dr, Dallas, TX 75208, USA","Dallas-Fort Worth, TX"
Earl's Plumbing,plumbing company,https://callearls.com/north-dallas/?utm_source=gbp,(469) 772-6218,"9696 Virginia Pkwy Suite 150, McKinney, TX 75071, USA","Dallas-Fort Worth, TX"
Flow Plumbing,plumbing company,https://flowplumbing.com/,(214) 388-8838,"2405 I-30 a, Mesquite, TX 75150, USA","Dallas-Fort Worth, TX"
VIP PLUMBING EXPERTS LLC,plumbing company,,(469) 486-0687,"5566 Main St, Frisco, TX 75033, USA","Dallas-Fort Worth, TX"
Reece Plumbing,plumbing company,https://www.reece.com/plumbing,(469) 804-0643,"3115 Halifax St, Dallas, TX 75247, USA","Dallas-Fort Worth, TX"
Electrician On Call,electrical contractor,https://www.electricianoncall.com/,(214) 235-7251,"6703 Levelland Rd Ste B, Dallas, TX 75252, USA","Dallas-Fort Worth, TX"
Resilient Power & Plumbing,electrical contractor,https://callrpp.com/?utm_source=google&utm_medium=organic&utm_campaign=gmb&utm_id=GBP,(214) 778-3899,"6950 Eubanks St A1, Frisco, TX 75034, USA","Dallas-Fort Worth, TX"
Mr. Electric of Dallas,electrical contractor,https://www.mrelectricdallas.com/,(469) 634-0316,"8500 N Stemmons Fwy Suite #3024, Dallas, TX 75247, USA","Dallas-Fort Worth, TX"
Tesla Electric DFW,electrical contractor,https://www.teslaelectricdfw.com/,(202) 400-9299,"13443 Bugatti Dr, Frisco, TX 75033, USA","Dallas-Fort Worth, TX"
EMSR Electrical Contractors,electrical contractor,https://emsr-ec.com/dallas-texas-electrical-contractor/,(817) 401-7841,"2626 Cole Ave suit 300, Dallas, TX 75204, USA","Dallas-Fort Worth, TX"
TX Dallas Electrician,electrical contractor,https://my-site-mf0386nb-anserelloa.wix-vibe.com/,(214) 257-7171,"400 S Hall St, Dallas, TX 75226, USA","Dallas-Fort Worth, TX"
"4G Electrician, LLC - Lake Dallas",electrical contractor,https://www.4gelectrician.com/,(972) 440-9952,"5304 Alpha Rd, Dallas, TX 75240, USA","Dallas-Fort Worth, TX"
W3 Electric Heating & AC,electrical contractor,https://www.callw3.com/,(214) 432-1383,"17250 Dallas Pkwy Ste G, Dallas, TX 75248, USA","Dallas-Fort Worth, TX"
ElectricMan,electrical contractor,https://www.electricmaninc.com/,(972) 362-1804,"13551 Floyd Cir, Dallas, TX 75243, USA","Dallas-Fort Worth, TX"
Excell Electric,electrical contractor,http://www.excellelectric.com/,(214) 391-0040,"11510 Data Dr, Dallas, TX 75218, USA","Dallas-Fort Worth, TX"
TLC Electrical Services,electrical contractor,https://www.tlcelectrical.com/?utm_source=google&utm_medium=gbp,(214) 519-8895,"7700 Preston Rd Ste 501, Frisco, TX 75034, USA","Dallas-Fort Worth, TX"
Mister Sparky Electrician DFW,electrical contractor,https://www.mistersparky-dfw.com/service-area/irving/?utm_source=google&utm_medium=organic&utm_campaign=gmb,(214) 613-0481,"4827 W Royal Ln Suite B, Irving, TX 75063, USA","Dallas-Fort Worth, TX"
Mr. Electric of Frisco,electrical contractor,https://mrelectric.com/frisco?cid=LSTL_MRE000196&utm_source=gmb&utm_campaign=local&utm_medium=organic,(214) 872-6210,"2770 Main St Ste 275, Frisco, TX 75033, USA","Dallas-Fort Worth, TX"
Light It Up Electric,electrical contractor,https://www.lightitupelectric.net/,(469) 261-1503,"6136 Frisco Square Blvd Ste 400, Frisco, TX 75034, USA","Dallas-Fort Worth, TX"
"Electricians of Dallas, LLC",electrical contractor,https://electriciansofdallas.net/,(972) 418-0691,"2327 Briarwood Ln, Carrollton, TX 75006, USA","Dallas-Fort Worth, TX"
"Electricowork, LLC",electrical contractor,http://www.electricowork.com/,(214) 468-4041,"919 N Peachtree Rd, Mesquite, TX 75149, USA","Dallas-Fort Worth, TX"
Dynamic Electrical Solutions | Residential & Commercial Electricians,electrical contractor,https://dynaelec.com/,(469) 583-8632,"4851 Keller Springs Rd, Addison, TX 75001, USA","Dallas-Fort Worth, TX"
Bright Light Electric,electrical contractor,https://www.brightlightec.com/,(214) 553-5333,"9932 Lakedale Dr, Dallas, TX 75218, USA","Dallas-Fort Worth, TX"
Gravity Electric,electrical contractor,http://gravityservicesmep.com/,(469) 833-2891,"13355 Noel Rd Ste 1450, Dallas, TX 75240, USA","Dallas-Fort Worth, TX"
Champion Electrical Services,electrical contractor,http://www.championelectricalservices.com/,(214) 766-9860,"3814 Spinnaker Run Point, Little Elm, TX 75068, USA","Dallas-Fort Worth, TX"
Buffalo Electric,electrical contractor,https://buffaloelectricdfw.com/,(817) 252-4847,"2353 Brennan Ave, Fort Worth, TX 76106, USA","Dallas-Fort Worth, TX"
Shadow Electrical Contractors,electrical contractor,http://shadowelectricalcontractors.com/,(972) 460-0264,"18120 Midway Rd, Dallas, TX 75287, USA","Dallas-Fort Worth, TX"
"Allied Electrical Group of Texas, Inc.",electrical contractor,http://www.aegtexas.com/,(214) 915-8773,"10445 Vista Park Rd, Dallas, TX 75238, USA","Dallas-Fort Worth, TX"
EMSR - Electrical Contractors - Fort Worth,electrical contractor,https://emsr-ec.com/,(817) 401-7841,"640 Taylor St Suite 1200, Fort Worth, TX 76102, USA","Dallas-Fort Worth, TX"
Benchmark Electrical Services,electrical contractor,https://www.benchmarkelectricaldfw.com/,(469) 214-5601,"8176 FM2478 BLDG 8636E, McKinney, TX 75071, USA","Dallas-Fort Worth, TX"
Douglas Electrical Services,electrical contractor,https://www.douglaselectricalservices.net/,(817) 657-1341,"731 N Commerce St, Fort Worth, TX 76164, USA","Dallas-Fort Worth, TX"
Electrician Near Me Experts LLC,electrical contractor,https://www.electriciannearmeexperts.com/?utm_source=google&utm_medium=organic&utm_campaign=gbp,(469) 790-2019,"1203 N Kentucky St Ste B, McKinney, TX 75069, USA","Dallas-Fort Worth, TX"
Hop2It Electrical Repair,electrical contractor,https://callhop2it.com/?utm_source=google&utm_medium=organic&utm_campaign=google-business-profile&utm_content=north-richland-hills,(817) 373-5093,"7510 Davis Blvd Ste a, North Richland Hills, TX 76182, USA","Dallas-Fort Worth, TX"
Dallas Electrics Contractor Pros,electrical contractor,,(214) 206-8435,"1810 High Hill Blvd, Dallas, TX 75203, USA","Dallas-Fort Worth, TX"
"SAME DAY ELECTRICIAN-DALLAS, TX",electrical contractor,https://samdayelectriciandallastx.com/,(682) 413-7355,"2423 Swiss Ave, Dallas, TX 75204, USA","Dallas-Fort Worth, TX"
Blue Line Electric,electrical contractor,http://bluelineelectrictx.com/?utm_source=google&utm_medium=organic&utm_campaign=gbp_mckinney,(469) 871-8114,"3342 FM1827 #1A, McKinney, TX 75071, USA","Dallas-Fort Worth, TX"
Scott-Del Electric Inc.,electrical contractor,http://www.scott-del.com/,(972) 484-0522,"2323 Fabens Rd, Dallas, TX 75229, USA","Dallas-Fort Worth, TX"
Caddell Electric,electrical contractor,https://www.dallaselectricrepair.com/,(214) 329-4567,"3730 Dilido Rd #209, Dallas, TX 75228, USA","Dallas-Fort Worth, TX"
Local Electrics Contractor,electrical contractor,,(469) 361-0780,"3400 Howell St, Dallas, TX 75204, USA","Dallas-Fort Worth, TX"
Leo electric services,electrical contractor,https://vm-7cliiwyg54mzun98whvzt3oo.vusercontent.net/,(214) 355-8429,"11705 Yarmouth Ln, Frisco, TX 75036, USA","Dallas-Fort Worth, TX"
Jones LLC,electrical contractor,,(972) 972-9680,"18333 Preston Rd #8750, Dallas, TX 75252, USA","Dallas-Fort Worth, TX"
DFW Longhorn Electric LLC,electrical contractor,http://dfwlonghornelectric.com/,(214) 683-2375,"330 W Simonds Rd, Seagoville, TX 75159, USA","Dallas-Fort Worth, TX"
Electrics Contractor Pros,electrical contractor,,(214) 276-8442,"501 Commerce St, Dallas, TX 75202, USA","Dallas-Fort Worth, TX"
New Electrician Services Fort Worth,electrical contractor,,(817) 580-5819,"1900 Homan Ave, Fort Worth, TX 76164, USA","Dallas-Fort Worth, TX"
Sparks Electricians Fort Worth,electrical contractor,,(817) 945-6287,"3870 Tulsa Way, Fort Worth, TX 76107, USA","Dallas-Fort Worth, TX"
BH3 Residential and Commercial Electricians,electrical contractor,https://www.bh3ind.com/,(972) 761-1973,"4111 US-80 Ste 206, Mesquite, TX 75150, USA","Dallas-Fort Worth, TX"
"A.V.A. Electric, LLC",electrical contractor,http://ava-electric.com/,(314) 960-9446,"7845 Kermit Ave, Fort Worth, TX 76116, USA","Dallas-Fort Worth, TX"
S&R Electrical Contractor LLC,electrical contractor,http://www.eleseco.com/,(214) 907-6761,"1816 Hickory Dr, Haltom City, TX 76117, USA","Dallas-Fort Worth, TX"
VoltEdge Electrician Services Dallas,electrical contractor,http://dallaselectricianservices.net/,(945) 303-8421,"325 North St. Paul Street Ste 8100, Dallas, TX 75201, USA","Dallas-Fort Worth, TX"
Arrow Electric,electrical contractor,https://arrowelectric.net/,(972) 926-7007,"2903 National Dr, Garland, TX 75041, USA","Dallas-Fort Worth, TX"
Electric Pros,electrical contractor,https://electric-pros.com/?utm_source=GMBlisting&utm_medium=organic,(972) 392-7767,"4110 Fairmount St #1147, Dallas, TX 75219, USA","Dallas-Fort Worth, TX"
"My Home Electrician, LLC",electrical contractor,https://myhomeelectrician.com/,(469) 901-4868,"434 Edward Rd, Pilot Point, TX 76258, USA","Dallas-Fort Worth, TX"
American Electrical Contractor,electrical contractor,,(972) 885-0987,"6009 W Parker Rd Ste 149-433, Plano, TX 75093, USA","Dallas-Fort Worth, TX"
"Sparks ""R"" Us Electrical Services",electrical contractor,http://sparksruselectrical.org/,(214) 730-0463,"5103 Skillman St #219, Dallas, TX 75206, USA","Dallas-Fort Worth, TX"
"Amber Electrical Contractors, Inc",electrical contractor,https://amberelectrical.com/,(972) 579-9333,"2251 Century Center Blvd, Irving, TX 75062, USA","Dallas-Fort Worth, TX"
New View Roofing,roofing company,https://newviewroofing.com/?utm_source=google&utm_medium=organic&utm_campaign=gmb,(469) 966-1196,"4722 Gaston Ave, Dallas, TX 75246, USA","Dallas-Fort Worth, TX"
Peak Roofing and Construction,roofing company,https://www.peakroofingconstruction.com/,(972) 335-7325,"6841 Ash St, Frisco, TX 75034, USA","Dallas-Fort Worth, TX"
Refined Roofing TX,roofing company,https://www.refinedroofingtx.com/,(469) 919-6925,"291 S Preston Rd #740, Prosper, TX 75078, USA","Dallas-Fort Worth, TX"
Elevated Roofing,roofing company,https://elevatedroofing.com/?utm_source=google&utm_medium=organic&utm_campaign=gmb-roof,(469) 305-0010,"15222 King Rd #402, Frisco, TX 75036, USA","Dallas-Fort Worth, TX"
T Rock Roofing & Contracting,roofing company,https://www.dallasroofer.com/,(469) 931-9867,"9330 Lyndon B Johnson Fwy #900, Dallas, TX 75243, USA","Dallas-Fort Worth, TX"
Built To Last Roofing,roofing company,https://btolroofing.com/?utm_source=google&utm_medium=organic&utm_campaign=gmb-primary-link-dallas,(469) 364-8198,"6537 Lyndon B Johnson Fwy, Dallas, TX 75240, USA","Dallas-Fort Worth, TX"
Bold Roofing - DFW's Best Roofing Contractor,roofing company,https://boldroofing.com/,(972) 380-9300,"10720 Miller Rd #303, Dallas, TX 75238, USA","Dallas-Fort Worth, TX"
Priority Roofing,roofing company,https://priorityroofs.com/location/dallas/,(469) 615-8193,"1420 W Mockingbird Ln Ste 540, Dallas, TX 75247, USA","Dallas-Fort Worth, TX"
High Performance Roofing,roofing company,https://hprtexas.com/,(469) 225-2559,"9061 3rd St, Frisco, TX 75033, USA","Dallas-Fort Worth, TX"
MD Roofing & Construction,roofing company,http://mdroofingpros.com/?utm_source=google-gmb-maps&utm_medium=gmb-website-button&utm_campaign=locl.io&utm_content=17967448-f406-4205-9d94-f685d229b7b1,(972) 834-3009,"2629 Eucalyptus Rd, Frisco, TX 75033, USA","Dallas-Fort Worth, TX"
Blue Hammer Roofing,roofing company,https://bluehammerroofing.com/areas-served/dallas/?utm_campaign=gmb&utm_medium=organic&utm_source=google,(469) 564-8357,"8330 Lyndon B Johnson Fwy B604, Dallas, TX 75243, USA","Dallas-Fort Worth, TX"
Kimber Services,roofing company,https://www.kimberservices.com/,(214) 538-0690,"9820 Corinth Ln, Frisco, TX 75035, USA","Dallas-Fort Worth, TX"
Dallas Custom Roofing,roofing company,http://www.dallascustomroofing.com/,(972) 827-7928,"5055 W Park Blvd, Plano, TX 75093, USA","Dallas-Fort Worth, TX"
Firehouse Roofing,roofing company,https://firehouseroofing.com/dallas/,(214) 310-0958,"5414 Forest Ln Ste B, Dallas, TX 75244, USA","Dallas-Fort Worth, TX"
Integrity First Roofing & Construction,roofing company,https://constructionwithintegrity.com/,(972) 836-9196,"5566 Main St Ste 208, Frisco, TX 75033, USA","Dallas-Fort Worth, TX"
Texas Premier Roofing,roofing company,https://www.txpremierroofing.com/,(888) 858-9010,"6500 Greenville Ave Ste 680, Dallas, TX 75206, USA","Dallas-Fort Worth, TX"
Viva Roofing Inc.,roofing company,https://viva-roofing.com/,(972) 402-5427,"9555 Lebanon Rd STE 901, Frisco, TX 75035, USA","Dallas-Fort Worth, TX"
Tx Platinum Construction,roofing company,https://txpworks.com/,(214) 682-3400,"9300 John Hickman Pkwy Ste 1303, Frisco, TX 75035, USA","Dallas-Fort Worth, TX"
Texas Star Roofing Inc,roofing company,https://www.texasstarroofing.com/,(972) 509-7570,"1000 18th Pl, Plano, TX 75074, USA","Dallas-Fort Worth, TX"
White Rock Roofing,roofing company,https://roofwhiterock.com/get-a-quote,(972) 362-9647,"3500 Oak Lawn Ave #460, Dallas, TX 75219, USA","Dallas-Fort Worth, TX"
A1 Roofing & Construction,roofing company,http://a1roofingdallas.com/,(469) 779-0606,"10920 Switzer Ave #100, Dallas, TX 75238, USA","Dallas-Fort Worth, TX"
Lifetime Quality Roofing Dallas Fort Worth,roofing company,https://lifetimequalityroofing.com/dallas-roofing/?utm_source=google&utm_medium=wix_google_business_profile&utm_campaign=5243975492538226309,(214) 833-7663,"8330 Lyndon B Johnson Fwy Ste B255, Dallas, TX 75243, USA","Dallas-Fort Worth, TX"
Trinity Roofing and Construction,roofing company,https://www.trinityroofingconstruction.com/frisco-roofing-company/,(945) 307-4948,"4645 Wyndham Ln Ste 200, Frisco, TX 75033, USA","Dallas-Fort Worth, TX"
Results Roofing,roofing company,https://resultsroofing.com/?utm_source=google&utm_medium=organic&utm_campaign=gmb&utm_content=carrollton,(469) 270-8037,"2828 E Trinity Mls Rd Ste 212, Carrollton, TX 75006, USA","Dallas-Fort Worth, TX"
Impression Roofing,roofing company,http://impressionroofing.com/?utm_source=google&utm_medium=organic&utm_campaign=gbp,(469) 905-5050,"3201 Dallas Pkwy #200, Frisco, TX 75034, USA","Dallas-Fort Worth, TX"
Arrington Roofing,roofing company,https://arringtonroofing.com/?utm_campaign=gmb&utm_medium=organic&utm_source=gbp,(214) 774-1972,"2203 Obenchain St, Dallas, TX 75208, USA","Dallas-Fort Worth, TX"
Major League Roofing,roofing company,https://mlroof.com/,(469) 708-7663,"2770 Main St #181, Frisco, TX 75033, USA","Dallas-Fort Worth, TX"
Bert Roofing Inc.,roofing company,https://bertroofing.com/?utm_campaign=gmb,(214) 239-2699,"10021 Cayuga Dr, Dallas, TX 75228, USA","Dallas-Fort Worth, TX"
AM Roofing Company,roofing company,https://amroofingcompany.com/?utm_source=Google_Maps&utm_medium=Website_Link-Click&utm_campaign=Google_Maps_Visits,(214) 980-4366,"5641 SMU Boulevard #106, Dallas, TX 75206, USA","Dallas-Fort Worth, TX"
"Baker Roofing & Construction, Inc",roofing company,https://baker-roofing.com/,(855) 766-3777,"6507 Trammel Dr, Dallas, TX 75214, USA","Dallas-Fort Worth, TX"
Home Quality Solutions Roofing,roofing company,https://homequalitysolutions.com/,(972) 743-0331,"3839 McKinney Ave Ste 155-2417, Dallas, TX 75204, USA","Dallas-Fort Worth, TX"
Infinite Roofing GC,roofing company,https://infiniteroofing.com/,(469) 300-5400,"6860 Dallas Pkwy Ste 450, Plano, TX 75024, USA","Dallas-Fort Worth, TX"
"Touchstone Roofing, LLC",roofing company,https://touchstoneroofing.com/,,"6160 Warren Pkwy #100, Frisco, TX 75034, USA","Dallas-Fort Worth, TX"
Supreme Roofing,roofing company,http://www.supremeroofing.com/?utm_campaign=gmb,(214) 330-8913,"1355 N Walton Walker Blvd, Dallas, TX 75211, USA","Dallas-Fort Worth, TX"
"DFW Roofers, LLC",roofing company,http://www.dfwroofers.com/,(469) 751-4018,"5900 S Lake Forest Dr Ste 300, McKinney, TX 75070, USA","Dallas-Fort Worth, TX"
Alpine Roofing Construction,roofing company,https://alpineroofingconstruction.com/?utm_source=google-business&utm_medium=organic,(214) 528-9897,"13528 Floyd Cir, Dallas, TX 75243, USA","Dallas-Fort Worth, TX"
Roofing Solutions DFW,roofing company,https://roofingsolutions.net/,(972) 378-7663,"538 Haggard St Ste 410, Plano, TX 75074, USA","Dallas-Fort Worth, TX"
"Town and Country Roofing, Inc.",roofing company,http://www.townandcountryroofingdfw.com/,(972) 377-8188,"4900 Preston Rd #101, Frisco, TX 75034, USA","Dallas-Fort Worth, TX"
Bumble Roofing of Greater Dallas,roofing company,https://bumbleroofing.com/greater-dallas/?utm_source=google&utm_medium=organic&utm_campaign=gbp,(469) 361-0900,"13747 Montfort Dr Ste 342, Dallas, TX 75240, USA","Dallas-Fort Worth, TX"
Sunshine Roofing & Remodeling,roofing company,https://sunshineroofingtx.com/,(214) 532-8878,"17215 Marianne Cir, Dallas, TX 75252, USA","Dallas-Fort Worth, TX"
Knox Roofing,roofing company,https://www.knoxroofingpros.com/,(214) 646-6625,"9659 Wendell Rd, Dallas, TX 75243, USA","Dallas-Fort Worth, TX"
Acorn Roofing & Construction,roofing company,https://acornroof.com/service-areas/dallas-roofing-company/,(214) 393-7066,"16990 Dallas Pkwy #215, Dallas, TX 75248, USA","Dallas-Fort Worth, TX"
Network Roofing & Construction,roofing company,https://networkroofingconstruction.com/,(972) 299-3070,"12222 Merit Dr Suite 130, Dallas, TX 75251, USA","Dallas-Fort Worth, TX"
"Uptown Roofing Systems & Con, LLC",roofing company,,(940) 279-2451,"1012 W Eldorado Pkwy #891, Little Elm, TX 75068, USA","Dallas-Fort Worth, TX"
"Authority Roofing, LLC.",roofing company,http://www.authorityroofing.com/,(972) 317-7663,"2591 Dallas Pkwy Ste. 300, Frisco, TX 75034, USA","Dallas-Fort Worth, TX"
Firehouse Roofing,roofing company,https://firehouseroofing.com/roof-repair-plano/,(972) 737-1451,"6010 W Spring Creek Pkwy Unit 253, Plano, TX 75024, USA","Dallas-Fort Worth, TX"
Designer Roofing,roofing company,https://designerroofing.com/?utm_source=GMBlisting&utm_medium=organic,(972) 644-6556,"199 N McKinley St, Prosper, TX 75078, USA","Dallas-Fort Worth, TX"
"We Roof Dallas, Inc",roofing company,https://weroofdallas.com/,(972) 600-8259,"1112 N Riverfront Blvd, Dallas, TX 75207, USA","Dallas-Fort Worth, TX"
Imperial Roofing and Construction,roofing company,https://imperialroofing.net/?utm_source=google&utm_medium=organic&utm_campaign=gmb-primary-link,(888) 215-4224,"400 Chisholm Pl #213, Plano, TX 75075, USA","Dallas-Fort Worth, TX"
Lon Smith Roofing & Construction,roofing company,https://www.lonsmith.com/,(817) 926-8400,"904 E Waggoman St, Fort Worth, TX 76110, USA","Dallas-Fort Worth, TX"
TopCraft Roofing,roofing company,https://topcraftroofs.com/,(469) 796-8979,"5445 La Sierra Dr #415, Dallas, TX 75231, USA","Dallas-Fort Worth, TX"
Blue Ribbon Roofing & Remodel,roofing company,https://blueribbondfw.com/?utm_source=google&utm_medium=organic&utm_campaign=gbp,(972) 464-1858,"6401 Eldorado Pkwy Ste D, McKinney, TX 75070, USA","Dallas-Fort Worth, TX"
Apogee Roofing Services DFW,roofing company,https://www.apogeeroofingdfw.com/,(214) 233-6330,"5473 Blair Rd #100, Dallas, TX 75231, USA","Dallas-Fort Worth, TX"
Founders Roofing & Construction,roofing company,https://www.foundersroofing.com/,(469) 799-0969,"8501 Wade Blvd Ste 560, Frisco, TX 75034, USA","Dallas-Fort Worth, TX"
Dynamic Roofing General Contractor LLC,roofing company,https://dynroofing.com/,(972) 449-9336,"6829 K Ave #101, Plano, TX 75074, USA","Dallas-Fort Worth, TX"
Outback Roofing LLC,roofing company,http://www.outbackroofing.com/,(972) 930-9990,"17618 Davenport Rd Ste 2, Dallas, TX 75252, USA","Dallas-Fort Worth, TX"
Al's Auto Repair Shop,auto repair shop,,(214) 946-4100,"2111 Fort Worth Ave #1812, Dallas, TX 75211, USA","Dallas-Fort Worth, TX"
Motor City Auto Repair,auto repair shop,,(214) 565-5550,"2939 S Ervay St, Dallas, TX 75215, USA","Dallas-Fort Worth, TX"
Lovefield Auto Repair,auto repair shop,,(214) 638-7660,"2444 Inwood Rd Ste A, Dallas, TX 75235, USA","Dallas-Fort Worth, TX"
Love Field Auto,auto repair shop,https://lovefieldauto.com/,(214) 902-9996,"8558 Denton Dr, Dallas, TX 75235, USA","Dallas-Fort Worth, TX"
Texas DFW Automotive Repair & Sales,auto repair shop,https://dallasfwautorepair.com/,,"902 N Riverfront Blvd, Dallas, TX 75207, USA","Dallas-Fort Worth, TX"
Young Automotive,auto repair shop,https://youngautomotivetexas.com/,(469) 986-1402,"19021 Midway Rd #900, Dallas, TX 75287, USA","Dallas-Fort Worth, TX"
Midway Auto Center,auto repair shop,http://www.mymidwayautocenter.com/,(972) 732-8049,"4020 Midway Rd, Carrollton, TX 75007, USA","Dallas-Fort Worth, TX"
Dee's Auto Garage,auto repair shop,,(469) 687-0003,"18226 Midway Rd, Dallas, TX 75287, USA","Dallas-Fort Worth, TX"
Auto Clinique,auto repair shop,http://theautoclinique.com/,(972) 930-9995,"17921 Preston Rd, Dallas, TX 75252, USA","Dallas-Fort Worth, TX"
Dallas Mobile Auto Repair,auto repair shop,http://www.dfwmautorepair.com/,(817) 501-6260,"10010 Forest Ln #131, Dallas, TX 75243, USA","Dallas-Fort Worth, TX"
Highlands Auto Center,auto repair shop,https://www.highlandsautocenterdallas.com/,(972) 233-8882,"10524 E NW Hwy, Dallas, TX 75238, USA","Dallas-Fort Worth, TX"
Mobile Auto Repair Pros of Dallas,auto repair shop,https://mobileautorepairpros.com/tx/mobile-mechanic-dallas-texas/,(469) 414-9790,"2325 N Fitzhugh Ave, Dallas, TX 75204, USA","Dallas-Fort Worth, TX"
Addison Automotive Service,auto repair shop,http://www.addisonautorepairdfw.com/,(972) 661-1300,"14735 Inwood Rd, Addison, TX 75001, USA","Dallas-Fort Worth, TX"
Southwest Auto,auto repair shop,https://www.southwestauto.com/?utm_campaign=gmb,(972) 829-2572,"11353 Mathis Ave, Dallas, TX 75229, USA","Dallas-Fort Worth, TX"
DTX Automotive,auto repair shop,https://www.dtxautomotive.com/,(214) 225-4407,"5417 Redfield St, Dallas, TX 75235, USA","Dallas-Fort Worth, TX"
Advanced Auto Repair Services,auto repair shop,,(972) 235-5782,"13444 Floyd Cir, Dallas, TX 75243, USA","Dallas-Fort Worth, TX"
Park Cities Auto Care,auto repair shop,https://parkcitiesautocare.com/,(214) 764-0400,"5020 Lemmon Ave, Dallas, TX 75209, USA","Dallas-Fort Worth, TX"
Taylor Auto Repair,auto repair shop,https://taylorautorepairdallas.com/,(682) 327-0099,"13654 Floyd Cir, Dallas, TX 75243, USA","Dallas-Fort Worth, TX"
Texas Auto Repair and Tire,auto repair shop,https://texasrepair.autos/,(972) 685-0968,"4870 Sunnyvale St, Dallas, TX 75216, USA","Dallas-Fort Worth, TX"
Elite Auto Solution,auto repair shop,https://eliteautosolution.com/,(214) 774-9407,"1101 N Riverfront Blvd, Dallas, TX 75207, USA","Dallas-Fort Worth, TX"
Skillman AutoCare,auto repair shop,http://www.texaco.com/,(214) 823-3544,"1803 Skillman St, Dallas, TX 75206, USA","Dallas-Fort Worth, TX"
Ace Auto Care,auto repair shop,http://aceautocaredallas.com/,(214) 349-0950,"9090 Forest Ln, Dallas, TX 75243, USA","Dallas-Fort Worth, TX"
Fuentes auto repair,auto repair shop,,(972) 503-5990,"5354 W Jefferson Blvd Suit 106, Dallas, TX 75211, USA","Dallas-Fort Worth, TX"
East Side Auto Repair,auto repair shop,,(469) 508-8974,"4210 East Side Ave, Dallas, TX 75226, USA","Dallas-Fort Worth, TX"
Automotive Specialties,auto repair shop,http://texasmg.com/,(214) 827-1130,"3235 Merrifield Ave, Dallas, TX 75223, USA","Dallas-Fort Worth, TX"
Mobile Mechanics Dallas TX,auto repair shop,http://www.mobilemechanicsdallastx.com/,(214) 881-6932,"800 Fulgham Rd #30, Plano, TX 75093, USA","Dallas-Fort Worth, TX"
M M M: Mobile Maintenance Mechanics,auto repair shop,https://www.mobilemmechanics.com/,(214) 998-8556,"350 North St. Paul Street #2905, Dallas, TX 75201, USA","Dallas-Fort Worth, TX"
P V Auto Services,auto repair shop,,(214) 828-9690,"1712 N Fitzhugh Ave, Dallas, TX 75204, USA","Dallas-Fort Worth, TX"
Dennis Road Automotive,auto repair shop,http://www.dennisroadautomotive.com/,(972) 241-1901,"11155 Dennis Rd, Dallas, TX 75229, USA","Dallas-Fort Worth, TX"
Automotive ER,auto repair shop,http://autoerfrisco.com/,(972) 989-9402,"7200 Meadow Hill Dr # B, Frisco, TX 75033, USA","Dallas-Fort Worth, TX"
Frisco Automotive & Transmission,auto repair shop,https://friscoauto.com/,(972) 779-9280,"6623 Main St, Frisco, TX 75034, USA","Dallas-Fort Worth, TX"
Sun Auto Tire & Service,auto repair shop,https://www.sunautoservice.com/locations/tx/frisco/auto-repair-11880-coit-rd?utm_source=local_listing&utm_medium=organic&utm_campaign=store_4253,(469) 971-2590,"11880 Coit Rd, Frisco, TX 75035, USA","Dallas-Fort Worth, TX"
Auto Repair Shop,auto repair shop,,(469) 970-3353,"4242 Harry Hines Blvd, Dallas, TX 75219, USA","Dallas-Fort Worth, TX"
Jp Auto Service,auto repair shop,,(214) 882-4898,"1602 Rowan Ave, Dallas, TX 75223, USA","Dallas-Fort Worth, TX"
AutoNation Mobile Service Plano,auto repair shop,https://www.autonationmobileservice.com/i/locations/texas/dallas/?utm_source=local&utm_medium=organic&utm_campaign=*000066856*GMB,(888) 906-3370,"4051 W Plano Pkwy Suite M, Plano, TX 75093, USA","Dallas-Fort Worth, TX"
Dallas Auto Repair,auto repair shop,,(214) 398-9911,"9110 Bruton Rd, Dallas, TX 75217, USA","Dallas-Fort Worth, TX"
DG's Auto Service Center,auto repair shop,https://m.facebook.com/profile.php?id=110578695690444,(214) 655-2800,"2212 N Hampton Rd, Dallas, TX 75208, USA","Dallas-Fort Worth, TX"
GBG Auto Repair & Inspection,auto repair shop,,(214) 370-0375,"110 N Peak St, Dallas, TX 75226, USA","Dallas-Fort Worth, TX"
Stonebriar Oil Change & Auto Service,auto repair shop,https://northtexasautoservices.com/stonebriar/,(469) 388-0830,"12600 Lebanon Rd, Frisco, TX 75035, USA","Dallas-Fort Worth, TX"
L.D. Automotive,auto repair shop,https://ldautorepair.com/locations/lakewood-village/,(469) 935-4968,"1228 Garza Ln, Lakewood Village, TX 75068, USA","Dallas-Fort Worth, TX"
Fort Worth Auto Garage,auto repair shop,http://www.fortworthautogarage.com/,(817) 818-8385,"8851 West Fwy #105, Fort Worth, TX 76116, USA","Dallas-Fort Worth, TX"
MYG AUTO REPAIR,auto repair shop,,(469) 660-8503,"650 S Walton Walker Blvd, Dallas, TX 75211, USA","Dallas-Fort Worth, TX"
Ross & Greenville Automotive,auto repair shop,https://rossandgreenvilleautomotive.com/,(972) 290-0555,"11051 Garland Rd, Dallas, TX 75218, USA","Dallas-Fort Worth, TX"
ALEJANDRO CARS REPAIR INC,auto repair shop,,(214) 434-5899,"5611 Maple Ave Suite B, Dallas, TX 75235, USA","Dallas-Fort Worth, TX"
L.D. Automotive,auto repair shop,https://ldautorepair.com/,(469) 579-5903,"6831 Ash St, Frisco, TX 75034, USA","Dallas-Fort Worth, TX"
Mustang Service Center.,auto repair shop,,(214) 824-6716,"3613 Live Oak St, Dallas, TX 75204, USA","Dallas-Fort Worth, TX"
Christian Brothers Automotive North Dallas,auto repair shop,https://www.cbac.com/north-dallas/?utm_source=GMB&utm_medium=organic&utm_campaign=north-dallas&utm_content=website-cta,(469) 267-6149,"11870 N Central Expy, Dallas, TX 75243, USA","Dallas-Fort Worth, TX"
AAMCO Transmissions & Total Car Care,auto repair shop,https://www.aamcodallastx.com/?utm_source=G&utm_medium=local&utm_campaign=google-local,(214) 972-0648,"2899 Irving Blvd, Dallas, TX 75207, USA","Dallas-Fort Worth, TX"
Auto Car Care Center,auto repair shop,https://www.autocarcarecenter.com/,(817) 332-8243,"2731 W 6th St, Fort Worth, TX 76107, USA","Dallas-Fort Worth, TX"
Auto Repair Excellence,auto repair shop,http://autorepairexcellence.com/,(469) 237-1015,"122 Rose Ln #402, Frisco, TX 75034, USA","Dallas-Fort Worth, TX"
Ross Auto & Tire Shop,auto repair shop,https://rossautotireshop.com/,(214) 826-4158,"5034 Ross Ave, Dallas, TX 75206, USA","Dallas-Fort Worth, TX"
Ruben's Auto Repair,auto repair shop,,(469) 648-9496,"304 S Peak St, Dallas, TX 75226, USA","Dallas-Fort Worth, TX"
Solutions Automotive,auto repair shop,http://www.solutionsautomotive.com/,(972) 978-8797,"9081 2nd St, Frisco, TX 75034, USA","Dallas-Fort Worth, TX"
Hinga's Automotive Co,auto repair shop,http://www.hingasauto.com/,(214) 827-1593,"1703 Chestnut St, Dallas, TX 75226, USA","Dallas-Fort Worth, TX"
HERCULES AUTO REPAIR,auto repair shop,,(214) 826-8886,"402 S Carroll Ave, Dallas, TX 75223, USA","Dallas-Fort Worth, TX"
El Mundo’s Auto Service,auto repair shop,,(214) 826-3688,"527 N Haskell Ave., Dallas, TX 75246, USA","Dallas-Fort Worth, TX"
Rexroad Mobile Auto Repair,auto repair shop,https://www.rexroadauto.com/,(469) 469-4521,"15922 Eldorado Pkwy Ste 500, Frisco, TX 75035, USA","Dallas-Fort Worth, TX"
MT Auto Repair,auto repair shop,https://mtautorepairdallas.com/,(731) 215-4463,"1602 Rowan Ave Bldg 108, Dallas, TX 75223, USA","Dallas-Fort Worth, TX"
Riverfront Wheels and Auto care,auto repair shop,https://www.riverfrontautodallas.com/,(682) 232-9909,"359 S Riverfront Blvd, Dallas, TX 75207, USA","Dallas-Fort Worth, TX"
Kessler Park Dental,dental office,https://www.kesslerparkdental.com/,(214) 303-9969,"2222 Fort Worth Ave #110, Dallas, TX 75211, USA","Dallas-Fort Worth, TX"
Dallas Dental Group,dental office,https://www.dallasdental.com/,(972) 581-9311,"15123 Prestonwood Blvd #140, Dallas, TX 75248, USA","Dallas-Fort Worth, TX"
Trinity Dental Loft - Dentist Dallas,dental office,https://trinitydentalloft.com/?utm_source=GmbListing&utm_medium=Organic,(214) 666-4616,"650 Fort Worth Ave #130, Dallas, TX 75208, USA","Dallas-Fort Worth, TX"
Dental Depot,dental office,https://dentaldepotdfw.com/locations/dallas/?y_source=1_Nzk3MzUwODYtNzE1LWxvY2F0aW9uLndlYnNpdGU%3D,(972) 619-9034,"3326 Forest Ln, Dallas, TX 75234, USA","Dallas-Fort Worth, TX"
Midtown Family Dentistry,dental office,https://www.midtowndentistrydallas.com/,(469) 529-6016,"13309 Montfort Dr, Dallas, TX 75240, USA","Dallas-Fort Worth, TX"
Clinica Dental of Texas,dental office,https://clinicadentaltx.com/,(214) 997-6831,"11411 E NW Hwy #101, Dallas, TX 75218, USA","Dallas-Fort Worth, TX"
Dental Defenders,dental office,https://www.dentaldefendersdallas.com/,(469) 677-2575,"13536 Preston Rd Ste 108, Dallas, TX 75240, USA","Dallas-Fort Worth, TX"
Valley View Dental,dental office,https://valleyview-dental.com/,(972) 241-4684,"2800 Valley View Ln, Dallas, TX 75234, USA","Dallas-Fort Worth, TX"
North Dallas Smiles,dental office,https://northdallassmiles.com/,(972) 233-9399,"17194 Preston Rd #224, Dallas, TX 75248, USA","Dallas-Fort Worth, TX"
North Dallas Dental Group,dental office,https://www.northdallasdentalgroup.com/,(972) 407-1333,"17120 Dallas Pkwy #150, Dallas, TX 75248, USA","Dallas-Fort Worth, TX"
Highland Park Dental,dental office,https://www.hpdentist.com/,(214) 521-3730,"6725 Hillcrest Ave Suite B&C, Dallas, TX 75205, USA","Dallas-Fort Worth, TX"
Jefferson Dental & Orthodontics - West Dallas Dentist,dental office,https://www.jeffersondentalclinics.com/locations/clinic/dallas-pinnacle-park/?utm_source=organic&utm_medium=gmb13-PP,(469) 517-3581,"4396 Tom Landry Fwy Interstate 30, Dallas, TX 75223, USA","Dallas-Fort Worth, TX"
Fort Worth Dental,dental office,https://fortworthdental.com/,(817) 592-8763,"4620 Citylake Blvd W, Fort Worth, TX 76132, USA","Dallas-Fort Worth, TX"
MINT dentistry | Fort Worth Horne,dental office,https://mintdentistry.com/dentist/dfw/ft-worth,(817) 310-2024,"2700 Horne St Ste 120, Fort Worth, TX 76107, USA","Dallas-Fort Worth, TX"
Affordable Dentist Near Me of Dallas,dental office,https://affordabledentistnearme.com/locations/dallas/,(817) 727-8039,"14902 Preston Rd Ste 401, Dallas, TX 75254, USA","Dallas-Fort Worth, TX"
Royal Lane Dental Center - Best Dentist in Dallas | Clear Aligners and Veneers in Dallas,dental office,https://www.royallanedental.com/,(469) 904-2080,"8499 Greenville Ave #210, Dallas, TX 75231, USA","Dallas-Fort Worth, TX"
Fort Dental,dental office,https://www.fortdentaltx.com/,(817) 292-5957,"4000 Bryant Irvin Rd, Fort Worth, TX 76109, USA","Dallas-Fort Worth, TX"
Frisco Dental Studio,dental office,https://friscodentalstudio.com/?utm_source=google&utm_medium=social&utm_term=dentist+frisco,(469) 770-7887,"13030 Preston Rd Ste 300, Frisco, TX 75035, USA","Dallas-Fort Worth, TX"
Knox Village Dentistry,dental office,https://1dentalgrouptx.com/locations/knox-village-dentists-in-dallas/,(214) 265-7771,"2325 N Fitzhugh Ave Ste 200, Dallas, TX 75204, USA","Dallas-Fort Worth, TX"
Fort Worth Dentist,dental office,https://www.fortworthdentist.com/,(817) 926-1300,"1612 Pennsylvania Ave, Fort Worth, TX 76104, USA","Dallas-Fort Worth, TX"
Affordable Dentist Near Me of Fort Worth,dental office,https://affordabledentistnearme.com/locations/fort-worth/?utm_source=yext&utm_medium=listings,(817) 496-2343,"6426 Meadowbrook Dr, Fort Worth, TX 76112, USA","Dallas-Fort Worth, TX"
Smile Fort Worth,dental office,https://smilefortworth.com/,(817) 732-6622,"2900 S Hulen St #30, Fort Worth, TX 76109, USA","Dallas-Fort Worth, TX"
Heritage Family Dentistry - North Dallas,dental office,https://yourheritagefamilydentistry.com/locations/north-dallas-dentist/,(214) 894-9247,"18111 Preston Rd Ste 100, Dallas, TX 75252, USA","Dallas-Fort Worth, TX"
Westmoreland Heights Dental,dental office,https://1dentalgrouptx.com/locations/top-dentist-in-oak-cliff/,(214) 333-3335,"3237 Dawes Dr, Dallas, TX 75211, USA","Dallas-Fort Worth, TX"
Texas A&M University College of Dentistry,dental office,https://dentistry.tamu.edu/,(214) 828-8100,"3302 Gaston Ave, Dallas, TX 75246, USA","Dallas-Fort Worth, TX"
7 Day Dental,dental office,http://www.7daydentalcenter.com/,(817) 529-1799,"2246 Jacksboro Hwy #112, Fort Worth, TX 76114, USA","Dallas-Fort Worth, TX"
Jefferson Dental & Orthodontics - Dallas Dentist,dental office,https://www.jeffersondentalclinics.com/locations/clinic/dallas-east-dallas/?utm_source=organic&utm_medium=gmb03-ED,(469) 501-9769,"5334a Ross Ave Ste 800, Dallas, TX 75206, USA","Dallas-Fort Worth, TX"
Dallas Laser Dentistry,dental office,http://www.dallascosmeticdentist.us/?utm_campaign=gmb,(214) 256-4858,"7557 Rambler Rd #1023, Dallas, TX 75231, USA","Dallas-Fort Worth, TX"
Fort Worth Cosmetic & Family Dentistry,dental office,https://www.ngreendental.com/,(817) 737-6601,"5720 Locke Ave, Fort Worth, TX 76107, USA","Dallas-Fort Worth, TX"
Jefferson Dental & Orthodontics,dental office,https://www.jeffersondentalclinics.com/locations/clinic/gran-plaza/?utm_source=organic&utm_medium=gmb,(682) 384-4678,"4200 South Fwy #2, Fort Worth, TX 76115, USA","Dallas-Fort Worth, TX"
Jefferson Dental & Orthodontics - Fort Worth Dentist,dental office,https://www.jeffersondentalclinics.com/locations/clinic/west-berry/?utm_source=organic&utm_medium=gmb29-TF,(817) 904-9162,"2800 8th Ave, Fort Worth, TX 76110, USA","Dallas-Fort Worth, TX"
Ideal Dental Uptown,dental office,https://www.myidealdental.com/uptown?utm_source=gbp&utm_medium=organic&utm_campaign=website,(214) 522-4444,"4253 Cedar Springs Rd, Dallas, TX 75219, USA","Dallas-Fort Worth, TX"
Renaissance Dental,dental office,https://www.rsqdental.com/,(817) 289-5200,"2906 E Berry St, Fort Worth, TX 76105, USA","Dallas-Fort Worth, TX"
Jefferson Dental & Orthodontics,dental office,https://www.jeffersondentalclinics.com/locations/clinic/stockyards/?utm_source=organic&utm_medium=gmb,(682) 356-6078,"301 NW 28th St, Fort Worth, TX 76164, USA","Dallas-Fort Worth, TX"
Montgomery Plaza Dental,dental office,http://montgomeryplazadental.com/?utm_source=gbp&utm_medium=organic&utm_campaign=yext_listing,(817) 518-8655,"2600 W 7th St Ste 184, Fort Worth, TX 76107, USA","Dallas-Fort Worth, TX"
Gentle Dental,dental office,https://www.gentledentalfortworth.com/,(817) 731-2179,"3613 Hulen St, Fort Worth, TX 76107, USA","Dallas-Fort Worth, TX"
Dentistry of Fort Worth,dental office,https://dentistryfw.com/,(817) 765-1600,"3401 Hulen St, Fort Worth, TX 76107, USA","Dallas-Fort Worth, TX"
Texas Smile Co.,dental office,https://familydentistfriscotx.com/,(972) 798-2404,"13355 Dallas Pkwy Ste 400, Frisco, TX 75033, USA","Dallas-Fort Worth, TX"
Today Dental,dental office,https://keller.todaydental.com/,(817) 660-4741,"8201 N Beach St #101, Fort Worth, TX 76244, USA","Dallas-Fort Worth, TX"
Rodeo Dental & Orthodontics of Fort Worth,dental office,https://www.rodeodental.com/locations/fortworth-tx?utm_source=gmb&utm_medium=organic&utm_campaign=fortworth-tx&y_source=1_MTA5NzI5MDA1Ni03MTUtbG9jYXRpb24ud2Vic2l0ZQ%3D%3D,(817) 380-5574,"3204 N Main St #120, Fort Worth, TX 76106, USA","Dallas-Fort Worth, TX"
Ideal Dental West 7th,dental office,https://www.myidealdental.com/west-7th?utm_source=gbp&utm_medium=organic&utm_campaign=website,(817) 741-6390,"628 Harrold St Ste 124, Fort Worth, TX 76107, USA","Dallas-Fort Worth, TX"
1800 24 Hour Dental Service,dental office,,,"1019 Burnett St #4, Fort Worth, TX 76102, USA","Dallas-Fort Worth, TX"
Jefferson Dental & Orthodontics,dental office,https://www.jeffersondentalclinics.com/locations/clinic/haltom-city/?utm_source=organic&utm_medium=gmb,(682) 356-6175,"3913 Wheeler St, Fort Worth, TX 76111, USA","Dallas-Fort Worth, TX"
Smile Muse Spa,dental office,https://smilemusespa.com/,(214) 699-7451,"609 Hemphill St #102, Fort Worth, TX 76104, USA","Dallas-Fort Worth, TX"
8th Avenue Dental,dental office,https://www.8thavenuedental.com/,(817) 945-5270,"2717 8th Ave, Fort Worth, TX 76110, USA","Dallas-Fort Worth, TX"
Cowtown Dental,dental office,https://www.cowtowndental.com/?utm_source=GMB&utm_medium=organic&utm_campaign=DevOptimization&utm_content=Website,(817) 735-4555,"4930 Camp Bowie Blvd, Fort Worth, TX 76107, USA","Dallas-Fort Worth, TX"
Fort Worth Dental Arts,dental office,http://fwdentalarts.com/,(817) 529-1600,"2421 W 7th St #103, Fort Worth, TX 76107, USA","Dallas-Fort Worth, TX"
Dr. Kim's Family Dentistry,dental office,http://www.drsoonkim.com/,(972) 243-0365,"2216 Royal Ln #115, Dallas, TX 75229, USA","Dallas-Fort Worth, TX"
Ellis Dental,dental office,https://ellis-dental-109237.square.site/,(817) 759-9858,"2725 Ellis Ave, Fort Worth, TX 76164, USA","Dallas-Fort Worth, TX"
Miller Dental & Orthodontics - Fort Worth,dental office,https://dfwmillerdental.com/,(817) 413-6000,"3307 Miller Ave, Fort Worth, TX 76119, USA","Dallas-Fort Worth, TX"
Rosedale Dental,dental office,https://www.rosedaledentalfortworth.com/,(817) 332-9393,"1124 S Lake St Ste A, Fort Worth, TX 76104, USA","Dallas-Fort Worth, TX"
Plush Dentistry,dental office,https://www.plushdentistry.com/,(469) 256-7098,"5285 Dallas Pkwy #515, Frisco, TX 75034, USA","Dallas-Fort Worth, TX"
Justyna S Laska DDS,dental office,https://www.drlaska.com/,(817) 737-9555,"4828 Bryant Irvin Ct, Fort Worth, TX 76107, USA","Dallas-Fort Worth, TX"
Frisco Dental Hub,dental office,https://www.friscodentalhub.com/,(972) 276-4888,"4500 Hillcrest Rd Suite 190, Frisco, TX 75035, USA","Dallas-Fort Worth, TX"
Brident Dental & Orthodontics,dental office,https://www.brident.com/en-us/find-a-location/texas/fort-worth/225-northeast-28th-street-225/?utm_source=GMB&utm_medium=organic,(817) 799-5069,"225 NE 28th St #225, Fort Worth, TX 76164, USA","Dallas-Fort Worth, TX"
Ideal Dental Waterside,dental office,https://www.myidealdental.com/waterside?utm_source=gbp&utm_medium=organic&utm_campaign=website,(817) 778-0418,"5925 Convair Dr Ste 505, Fort Worth, TX 76109, USA","Dallas-Fort Worth, TX"
Dental Associates of Fort Worth- Dr Rudy Santillana,dental office,https://dafw.help/,(817) 924-7670,"3548 S Hills Ave #17, Fort Worth, TX 76109, USA","Dallas-Fort Worth, TX"
The Dental Lounge,dental office,https://www.dentalloungefw.com/,(817) 704-0796,"1966 Ephriham Ave, Fort Worth, TX 76164, USA","Dallas-Fort Worth, TX"
Fort Worth Smile Dental Clinic,dental office,https://pamelakbradypc.com/,(844) 817-0182,"1010 N Main St, Fort Worth, TX 76164, USA","Dallas-Fort Worth, TX"
Silver Sage Family Dentistry,dental office,https://www.ourfortworthdentist.com/?utm_source=google&utm_medium=organic&utm_campaign=GBP-listing,(817) 383-0464,"6650 N Beach St #112, Fort Worth, TX 76137, USA","Dallas-Fort Worth, TX"
Hillside Veterinary Clinic,veterinary clinic,https://www.thrivepetcare.com/locations/texas/dallas/hillside-veterinary-clinic/?utm_source=gmb&utm_medium=web,(214) 824-0397,"6150 E Mockingbird Ln #201, Dallas, TX 75214, USA","Dallas-Fort Worth, TX"
Casa Linda Animal Clinic,veterinary clinic,https://casalindavets.com/?utm_source=gmb&utm_medium=organic,(214) 328-5445,"11434 Garland Rd, Dallas, TX 75218, USA","Dallas-Fort Worth, TX"
North Dallas Veterinary Hospital,veterinary clinic,https://northdallasvet.com/?utm_source=gmb&utm_medium=organic,(972) 620-9012,"3452 Forest Ln Ste 100, Dallas, TX 75234, USA","Dallas-Fort Worth, TX"
Dallas Animal Urgent Care,veterinary clinic,https://dallasanimalurgentcare.com/,(972) 910-2890,"12835 Preston Rd #405, Dallas, TX 75230, USA","Dallas-Fort Worth, TX"
Summertree Animal & Bird Clinic,veterinary clinic,https://summertreevet.com/?utm_source=gmb&utm_medium=organic,(972) 387-4168,"12300 Inwood Rd #102, Dallas, TX 75244, USA","Dallas-Fort Worth, TX"
MedVet Dallas,veterinary clinic,https://www.medvet.com/location/dallas/,(972) 994-9110,"11333 N Central Expy, Dallas, TX 75243, USA","Dallas-Fort Worth, TX"
Dallas Veterinary Clinic,veterinary clinic,https://www.dallasvet.net/,(214) 363-4561,"6125 Sherry Ln, Dallas, TX 75225, USA","Dallas-Fort Worth, TX"
Holt Veterinary Clinic,veterinary clinic,https://holtvet.com/?utm_source=gmb&utm_medium=organic,(214) 361-2834,"5619 SMU Boulevard, Dallas, TX 75206, USA","Dallas-Fort Worth, TX"
North Dallas Veterinary Emergency & Specialty Hospital,veterinary clinic,https://www.ndvesh.com/?y_source=1_MzY1NjQyMzYtNzE1LWxvY2F0aW9uLndlYnNpdGU%3D,(469) 598-1944,"9560 Legacy Dr Suite 200, Frisco, TX 75033, USA","Dallas-Fort Worth, TX"
Abrams Forest Veterinary Clinic,veterinary clinic,https://www.thrivepetcare.com/locations/texas/dallas/abrams-forest-veterinary-clinic?utm_source=google&utm_medium=gmb,(214) 553-8033,"9605 Abrams Rd, Dallas, TX 75243, USA","Dallas-Fort Worth, TX"
Metro Paws Animal Hospital - Oak Cliff,veterinary clinic,https://mpahvets.com/oak-cliff/?utm_source=google&utm_medium=organic&utm_campaign=google_business_profile,(214) 939-1600,"1021 Fort Worth Ave, Dallas, TX 75208, USA","Dallas-Fort Worth, TX"
Pet Vet,veterinary clinic,http://www.petvetdallas.com/,(469) 522-5100,"13881 Midway Rd #105, Dallas, TX 75244, USA","Dallas-Fort Worth, TX"
East Dallas Veterinary Clinic,veterinary clinic,https://eastdallasvetclinic.com/?utm_source=google&utm_medium=google_business_profile&utm_campaign=website_click,(214) 328-9935,"8541 Ferguson Rd, Dallas, TX 75228, USA","Dallas-Fort Worth, TX"
Northwood Veterinary Clinic,veterinary clinic,http://northwoodanimalclinic.com/,(972) 233-8161,"13949 Peyton Dr, Dallas, TX 75240, USA","Dallas-Fort Worth, TX"
Petfolk Veterinary & Urgent Care - North Dallas,veterinary clinic,https://petfolk.com/locations/dallas-tx/vet-clinics/north-dallas?utm_source=gbp&utm_medium=referral&utm_campaign=gbp_north-dallas&utm_content=website_link,(469) 205-3500,"17062 Preston Rd Ste 104, Dallas, TX 75248, USA","Dallas-Fort Worth, TX"
East Lake Veterinary Hospital,veterinary clinic,https://www.eastlakeveterinaryhospital.com/,(214) 342-3100,"10101 E NW Hwy, Dallas, TX 75238, USA","Dallas-Fort Worth, TX"
Animal Clinic of Farmers Branch,veterinary clinic,https://www.animalclinicoffarmersbranch.com/?utm_source=gmb&utm_medium=organic&y_source=1_MTE2Njg5NDMtNzE1LWxvY2F0aW9uLndlYnNpdGU%3D,(972) 247-2221,"13990 N Stemmons Fwy Ste 100, Farmers Branch, TX 75234, USA","Dallas-Fort Worth, TX"
VCA Dallas Animal Specialty Hospital,veterinary clinic,https://vcahospitals.com/dallas-animal-specialty?utm_source=maps&utm_medium=organic&utm_campaign=AU_759,(972) 267-8300,"17727 Dallas Pkwy #150, Dallas, TX 75287, USA","Dallas-Fort Worth, TX"
Blue Sky Veterinary Clinic,veterinary clinic,,(972) 335-1600,"7447 Hillcrest Rd, Frisco, TX 75035, USA","Dallas-Fort Worth, TX"
Mission Vet Clinic,veterinary clinic,,(214) 357-3573,"6125 Denton Dr, Dallas, TX 75235, USA","Dallas-Fort Worth, TX"
Vickery Place Animal Hospital,veterinary clinic,https://vickeryplaceanimalhospital.com/?utm_source=google&utm_medium=organic&utm_campaign=google_business_profile,(214) 252-0800,"2720 N Henderson Ave, Dallas, TX 75206, USA","Dallas-Fort Worth, TX"
VEG ER for Pets,veterinary clinic,https://www.veg.com/locations/texas/dallas?utm_source=organic_google&utm_medium=gbp_link&utm_campaign=locations_page&utm_content=dallas,(972) 544-7311,"4500 N Central Expy, Dallas, TX 75206, USA","Dallas-Fort Worth, TX"
Dallas Veterinary Surgical Center (DVSC) - North Dallas,veterinary clinic,https://www.dvsc.com/locations/north-dallas?y_source=1_MjkzNDQzMDctNzE1LWxvY2F0aW9uLndlYnNpdGU%3D,(972) 267-8100,"4444 Trinity Mills Rd Ste 203, Dallas, TX 75287, USA","Dallas-Fort Worth, TX"
A-Animal Clinic & Boarding Kennel,veterinary clinic,https://a-animalclinic.com/,(817) 731-1494,"4990 W Vickery Blvd, Fort Worth, TX 76107, USA","Dallas-Fort Worth, TX"
Rutherford Veterinary Hospital,veterinary clinic,https://rutherfordvet.com/?utm_source=google&utm_medium=organic&utm_campaign=gmb&utm_term=website,(214) 826-4166,"924 S Haskell Ave, Dallas, TX 75223, USA","Dallas-Fort Worth, TX"
North Tollway Pet Hospital,veterinary clinic,https://totalpetcare.net/,(972) 733-3340,"4727 Frankford Rd #365, Dallas, TX 75287, USA","Dallas-Fort Worth, TX"
"ReadiVet Dallas, Mobile Vet Services",veterinary clinic,https://www.readivet.com/locations/dallas/,(469) 369-2456,"2535 Cedar Springs Rd, Dallas, TX 75201, USA","Dallas-Fort Worth, TX"
Midway Hollow Pet Clinic,veterinary clinic,https://midwayhollowpetclinic.com/?utm_source=gmb&utm_medium=organic,(214) 902-0797,"3780 W Northwest Hwy, Dallas, TX 75220, USA","Dallas-Fort Worth, TX"
Stonebrook Family Pet Clinic,veterinary clinic,https://www.stonebrookfamilypet.com/,(972) 712-3200,"10727 Preston Rd, Frisco, TX 75033, USA","Dallas-Fort Worth, TX"
CityVet | Old East Dallas,veterinary clinic,https://www.cityvet.com/old-east-dallas/?utm_source=yext&utm_medium=organic&utm_campaign=old-east-dallas,(469) 676-0090,"3900 Ross Ave, Dallas, TX 75204, USA","Dallas-Fort Worth, TX"
Trail Pet Hospital,veterinary clinic,https://www.trailpethospital.com/,(972) 629-9766,"17194 Preston Rd #122, Dallas, TX 75248, USA","Dallas-Fort Worth, TX"
Love Freeway Animal Clinic,veterinary clinic,http://www.lovefreewayanimalhospital.com/,(214) 376-5431,"3435 Marvin D. Love Fwy, Dallas, TX 75224, USA","Dallas-Fort Worth, TX"
Metro Paws Animal Hospital - Skillman,veterinary clinic,https://mpahvets.com/skillman/?utm_source=google&utm_medium=organic&utm_campaign=google_business_profile,(214) 887-1400,"1910 Skillman St, Dallas, TX 75206, USA","Dallas-Fort Worth, TX"
Veterinary Referral Center,veterinary clinic,,,"4444 Trinity Mills Rd #202, Dallas, TX 75287, USA","Dallas-Fort Worth, TX"
Buckner Animal Clinic,veterinary clinic,https://www.buckneranimalclinic.com/?utm_source=gmb&utm_medium=organic&y_source=1_MjI0OTY2OTctNzE1LWxvY2F0aW9uLndlYnNpdGU%3D,(214) 388-4889,"2730 S Buckner Blvd, Dallas, TX 75227, USA","Dallas-Fort Worth, TX"
CityVet | White Rock Veterinary Clinic & Urgent Care,veterinary clinic,https://www.cityvet.com/white-rock/?utm_source=yext&utm_medium=organic&utm_campaign=white-rock,(214) 239-2348,"7324 Gaston Ave #126, Dallas, TX 75214, USA","Dallas-Fort Worth, TX"
Frisco Pet Hospital,veterinary clinic,https://friscopethospital.net/,(972) 433-6544,"13090 Preston Rd, Frisco, TX 75035, USA","Dallas-Fort Worth, TX"
Dallas Veterinary Hospice,veterinary clinic,https://www.dallasveterinaryhospice.com/,(972) 364-7282,"3824 Cedar Springs Rd PMB 708, Dallas, TX 75219, USA","Dallas-Fort Worth, TX"
Buckner Terrace Animal Clinic,veterinary clinic,http://www.bucknerterraceanimal.com/,(214) 324-5579,"3949 St Francis Ave, Dallas, TX 75228, USA","Dallas-Fort Worth, TX"
Modern Animal Park Cities,veterinary clinic,https://www.modernanimal.com/clinics/park-cities/,(469) 224-9839,"5301 W Lovers Ln, Dallas, TX 75209, USA","Dallas-Fort Worth, TX"
Highland Park Animal Hospital,veterinary clinic,https://www.hpanimalhospital.com/,(214) 528-3360,"5075 McKinney Ave, Dallas, TX 75205, USA","Dallas-Fort Worth, TX"
Lakewood Veterinary Center,veterinary clinic,https://lakewoodvetcenter.com/?utm_source=GMB&utm_medium=GMB%20Website&utm_campaign=GMB%20Website,(214) 826-4800,"5726 Belmont Ave, Dallas, TX 75206, USA","Dallas-Fort Worth, TX"
Dallas Veterinary Surgical Center (DVSC) - Fort Worth,veterinary clinic,https://www.dvsc.com/locations/fort-worth?y_source=1_MjkzNDQzMTEtNzE1LWxvY2F0aW9uLndlYnNpdGU%3D,(817) 370-8000,"4631 Citylake Blvd W, Fort Worth, TX 76132, USA","Dallas-Fort Worth, TX"
Metro Paws Animal Hospital - White Rock,veterinary clinic,https://mpahvets.com/white-rock/?utm_source=google&utm_medium=organic&utm_campaign=google_business_profile,(214) 324-1500,"7446 E Grand Ave, Dallas, TX 75214, USA","Dallas-Fort Worth, TX"
CityVet | Oak Lawn Veterinary Clinic & Urgent Care,veterinary clinic,https://www.cityvet.com/oak-lawn/?utm_source=yext&utm_medium=organic&utm_campaign=oak-lawn,(214) 219-2838,"2727 Oak Lawn Ave Ste 100, Dallas, TX 75219, USA","Dallas-Fort Worth, TX"
PetNest Animal Hospital,veterinary clinic,https://petnestanimalhospital.com/,(469) 956-6100,"11990 Coit Rd Ste 110, Frisco, TX 75035, USA","Dallas-Fort Worth, TX"
HEAL Vet,veterinary clinic,http://www.healvet.com/,(214) 329-9454,"4509 Lemmon Ave, Dallas, TX 75219, USA","Dallas-Fort Worth, TX"
Animal Medical & Surgical Hospital of Frisco,veterinary clinic,https://www.amshfrisco.com/?utm_source=gmb&utm_medium=organic&y_source=1_MTE2Njg5MzQtNzE1LWxvY2F0aW9uLndlYnNpdGU%3D,(972) 335-1234,"6451 Preston Rd, Frisco, TX 75034, USA","Dallas-Fort Worth, TX"
Preston Road Animal Hospital,veterinary clinic,https://www.chastainvets.info/locations/preston-road-animal-hospital-dallas-tx,(972) 239-1309,"6060 Lyndon B Johnson Fwy, Dallas, TX 75240, USA","Dallas-Fort Worth, TX"
Modern Animal Addison,veterinary clinic,https://www.modernanimal.com/clinics/addison,(469) 373-9338,"5290 Belt Line Rd #134, Dallas, TX 75254, USA","Dallas-Fort Worth, TX"
Edgefield Animal Clinic,veterinary clinic,http://edgefieldanimalclinic.org/,(214) 946-4146,"1827 S Edgefield Ave, Dallas, TX 75224, USA","Dallas-Fort Worth, TX"
VCA Katy Trail Animal Hospital,veterinary clinic,https://vcahospitals.com/katy-trail?utm_source=maps&utm_medium=organic&utm_campaign=AU_1160,(214) 363-4463,"4151 McKinney Ave, Dallas, TX 75204, USA","Dallas-Fort Worth, TX"
CHEW Animal Clinic,veterinary clinic,http://www.chewac.org/,(469) 620-2828,"8484 Walnut Hill Ln, Dallas, TX 75231, USA","Dallas-Fort Worth, TX"
Vetco Total Care,veterinary clinic,https://stores.petco.com/tx/plano/vet-hospital-plano-tx-2480.html?utm_source=google&utm_campaign=locallist_2480_vtc,(469) 366-0444,"4836 W Park Blvd Ste 245, Plano, TX 75093, USA","Dallas-Fort Worth, TX"
GoodVets Uptown (Dallas),veterinary clinic,https://goodvets.com/dallasuptown,(214) 783-0090,"2717 Howell St Suites B & C, Dallas, TX 75204, USA","Dallas-Fort Worth, TX"
VCA Lovers Lane Animal Hospital,veterinary clinic,https://vcahospitals.com/lovers-lane?utm_source=maps&utm_medium=organic&utm_campaign=AU_1319,(214) 350-5696,"4660 W Lovers Ln, Dallas, TX 75209, USA","Dallas-Fort Worth, TX"
Creekside Pet Care Center,veterinary clinic,http://creeksidepetcare.com/,(817) 421-5850,"8830 Davis Blvd, Keller, TX 76248, USA","Dallas-Fort Worth, TX"
Highlands-Eldorado Veterinary Hospital,veterinary clinic,http://www.hevh.net/,(214) 726-0838,"4201 Highlands Dr, McKinney, TX 75070, USA","Dallas-Fort Worth, TX"
Fort Worth Animal Emergency Hospital,veterinary clinic,http://fwanimalemergency.com/,(817) 263-2900,"4631 Citylake Blvd W, Fort Worth, TX 76132, USA","Dallas-Fort Worth, TX"
Family Pet Center,veterinary clinic,https://familypetcenterfrisco.com/,(214) 436-4551,"6349 Technology Dr, Frisco, TX 75033, USA","Dallas-Fort Worth, TX"
"At Home Personal Care - Home Health Care, In-Home Care, Caregivers, and Personal Care for Dallas and Fort Worth",home health agency,https://www.athomeprctexas.com/,(214) 997-6092,"8330 Lyndon B Johnson Fwy Ste B240, Dallas, TX 75243, USA","Dallas-Fort Worth, TX"
One You Love Homecare Dallas - Fort Worth Metroplex,home health agency,https://oneyoulovehomecare.com/locations/allen-tx/,(972) 327-3734,"7300 State Hwy 121 Ste 300, McKinney, TX 75070, USA","Dallas-Fort Worth, TX"
Divine Roses Home Health and Palliative Care,home health agency,http://northtexasbesthomehealth.com/,(469) 758-0070,"3000 Keller Springs Rd Apt 406, Carrollton, TX 75006, USA","Dallas-Fort Worth, TX"
"Aurora Home Health - Nursing & Elderly Care Services in Dallas, TX",home health agency,http://aurorahh.com/,(866) 934-7060,"5550 Granite Pkwy Ste 265, Plano, TX 75024, USA","Dallas-Fort Worth, TX"
All Is Well Home Care,home health agency,http://www.alliswelldfw.com/,(214) 426-1900,"4417 S Lancaster Rd #2280, Dallas, TX 75216, USA","Dallas-Fort Worth, TX"
Home Health Professionals - Dallas/Fort Worth,home health agency,http://www.hhpros.com/,(214) 368-1100,"8150 N Central Expy Suite #M2103, Dallas, TX 75206, USA","Dallas-Fort Worth, TX"
DFW Home Health,home health agency,https://lhcgroup.com/locations/dfw-home-health-of-dallas/?utm_source=GMB&utm_campaign=Google_Local_Listing&utm_medium=referral&utm_content=DFW_Home_Health_Fort_Worth_TX_76104-4137,(214) 891-8700,"13140 Coit Rd #450, Dallas, TX 75240, USA","Dallas-Fort Worth, TX"
The Home Health Team,home health agency,https://www.thehhteam.com/,(214) 937-5000,"801 E Campbell Rd, Richardson, TX 75081, USA","Dallas-Fort Worth, TX"
Stay In Home Care,home health agency,http://www.stayinhomecare.net/,(214) 612-6686,"8300 Douglas Ave, Dallas, TX 75225, USA","Dallas-Fort Worth, TX"
Nexus Home Healthcare,home health agency,http://nexushomehealthcare.com/,(469) 317-3017,"4645 Avon Ln Suite 345, Frisco, TX 75033, USA","Dallas-Fort Worth, TX"
Acceptance Home Health,home health agency,http://www.acceptancehh.com/,(214) 257-8585,"8131 Lyndon B Johnson Fwy #750, Dallas, TX 75251, USA","Dallas-Fort Worth, TX"
Newport Home Health Agency,home health agency,https://www.newporthomehealth.com/,(972) 602-3500,"2080 N Hwy 360 Ste 350, Grand Prairie, TX 75050, USA","Dallas-Fort Worth, TX"
24-7 HOMEHEALTH LLC,home health agency,https://24x7homehealth.com/,(972) 803-3433,"621 Avenue G Suite 200, Dallas, TX 75203, USA","Dallas-Fort Worth, TX"
A Better Solution In-Home Care North Dallas,home health agency,https://abshomecarenorthdallas.com/,(469) 888-8506,"8105 Rasor Boulevard Ste 306, Plano, TX 75024, USA","Dallas-Fort Worth, TX"
TheraCare Home Health-Dallas,home health agency,https://cantexcc.com/all-locations-and-service-areas/?tab=nav-home_health,(972) 434-9400,"16750 Westgrove Dr #300, Addison, TX 75001, USA","Dallas-Fort Worth, TX"
Home Care Providers of Texas,home health agency,https://www.hcpoftexas.com/,(972) 735-0801,"14114 Dallas Pkwy #530, Dallas, TX 75254, USA","Dallas-Fort Worth, TX"
DFW Home Health McKinney,home health agency,https://lhcgroup.com/locations/dfw-home-health-mckinney/,(817) 417-5344,"6951 Virginia Pkwy Ste 100, McKinney, TX 75071, USA","Dallas-Fort Worth, TX"
ALL SAINTS HOME HEALTH CARE INC,home health agency,http://www.allsaintshhc.com/,(972) 573-4001,"2601 Little Elm Pkwy Ste 602, Little Elm, TX 75068, USA","Dallas-Fort Worth, TX"
Care Mountain Dallas,home health agency,https://www.caremountain.com/dallas/?utm_campaign=gmb&utm_medium=gmb&utm_source=gmb,(972) 573-5310,"8080 N Central Expy #1700, Dallas, TX 75206, USA","Dallas-Fort Worth, TX"
"Home Helpers Home Care of Dallas, TX",home health agency,https://www.homehelpershomecare.com/dallas/?utm_source=gbp+listing&utm_medium=organic,(972) 818-5293,"17000 Dallas Pkwy Ste 110, Dallas, TX 75248, USA","Dallas-Fort Worth, TX"
Grace Home Health Inc,home health agency,https://gracehomehealth.com/,(469) 326-1700,"5045 Lorimar Dr Ste 260, Plano, TX 75093, USA","Dallas-Fort Worth, TX"
Home Health Companions,home health agency,https://www.homehealthcompanions.com/?utm_source=GBPlisting&utm_medium=organic,(214) 295-8213,"8215 Westchester Dr, Dallas, TX 75225, USA","Dallas-Fort Worth, TX"
CareNice Home Health Care Services,home health agency,https://carenicehhs.com/,(682) 559-3417,"13612 Midway Rd #601, Dallas, TX 75244, USA","Dallas-Fort Worth, TX"
Performance Home Health,home health agency,https://www.performancehh.com/,(214) 764-7942,"800 E Campbell Rd #399, Richardson, TX 75081, USA","Dallas-Fort Worth, TX"
Home Care Assistance of Dallas,home health agency,https://homecareassistanceofdallas.com/?utm_source=GMB&utm_campaign=gmb_dallas,(214) 363-3400,"5005 Addison Cir, Addison, TX 75001, USA","Dallas-Fort Worth, TX"
Amatus Health Care,home health agency,https://www.amatushc.com/,(972) 249-4999,"2010 Valley View Ln, Dallas, TX 75234, USA","Dallas-Fort Worth, TX"
"24 Hour Quality Home Healthcare, DBA: AKM Home Healthcare",home health agency,,(972) 735-9394,"5200 Paige Rd Ste 501, The Colony, TX 75056, USA","Dallas-Fort Worth, TX"
"RingLife Home Healthcare | Reliable Home Care in North Dallas, TX",home health agency,https://www.ringlifehomehealthcare.com/,(940) 305-9897,"1312 Starlight Ave, Aubrey, TX 76227, USA","Dallas-Fort Worth, TX"
iServe Healthcare,home health agency,https://www.iservehealthcare.com/,(469) 379-2682,"8111 Lyndon B Johnson Fwy Ste 450B, Dallas, TX 75251, USA","Dallas-Fort Worth, TX"
Higher Standards Home Health,home health agency,http://higherstandardshomehealth.com/,(214) 628-9047,"17430 Campbell Rd Suite 228, Dallas, TX 75252, USA","Dallas-Fort Worth, TX"
"Amcare Pro Home Health, Palliative & Hospice Care",home health agency,http://www.amcarepro.com/,(214) 987-2100,"1143 Rockingham Dr Ste 107, Richardson, TX 75080, USA","Dallas-Fort Worth, TX"
Agape Home Healthcare,home health agency,http://www.agapehomehealth.com/,(972) 681-8420,"18770 Lyndon B Johnson Fwy, Mesquite, TX 75150, USA","Dallas-Fort Worth, TX"
Amity Health Care Services LLC,home health agency,https://amityhcs.com/,(972) 931-5400,"17290 Preston Rd 210 e, Dallas, TX 75252, USA","Dallas-Fort Worth, TX"
DFW Caregivers,home health agency,https://dfw-caregivers.com/,(682) 320-8110,"16135 Preston Rd Ste 103, Dallas, TX 75248, USA","Dallas-Fort Worth, TX"
Home Care Assistance of Park Cities,home health agency,https://homecareassistanceofdallas.com/?utm_source=GMB&utm_campaign=gmb_park_cities,(214) 363-3400,"4305 Maple Ave Ste C, Dallas, TX 75219, USA","Dallas-Fort Worth, TX"
NORTH TEXAS HOME HEALTH CARE INC,home health agency,http://www.northtexashomehealthcare.com/contact_us.html,(972) 612-4800,"5501 Independence Pkwy #211, Plano, TX 75023, USA","Dallas-Fort Worth, TX"
Integrity Home Care Agency,home health agency,http://integritymedhomecare.com/,(214) 551-6318,"5700 Tennyson Pkwy, Plano, TX 75024, USA","Dallas-Fort Worth, TX"
"Assisting Hands Home Care - Dallas, Richardson & Surrounding Areas",home health agency,https://assistinghands.com/38/texas/prestonhollow/,(214) 760-6944,"6600 Lyndon B Johnson Fwy #188, Dallas, TX 75240, USA","Dallas-Fort Worth, TX"
DFW Home Health,home health agency,https://lhcgroup.com/locations/dfw-home-health-of-fort-worth/?utm_source=GMB&utm_campaign=Google_Local_Listing&utm_medium=referral&utm_content=DFW_Home_Health_Dallas_TX_75231,(817) 529-7555,"3909 Hulen St 3rd Floor, Fort Worth, TX 76107, USA","Dallas-Fort Worth, TX"
Chosen Home Health Services Inc.,home health agency,https://www.chosenhhs.com/,(972) 590-0237,"17290 Preston Rd Ste 210D, Dallas, TX 75252, USA","Dallas-Fort Worth, TX"
Favorite Home Health Care LLC,home health agency,http://www.favoritehomehealth.com/,(972) 335-0410,"9555 Lebanon Rd, Frisco, TX 75035, USA","Dallas-Fort Worth, TX"
Grace Compassion Home Health and Hospice,home health agency,http://gracecompassionhomehealth.com/,(972) 516-1069,"8330 Lyndon B Johnson Fwy #915, Dallas, TX 75243, USA","Dallas-Fort Worth, TX"
FirstLight Home Care of McKinney,home health agency,https://www.firstlighthomecare.com/home-healthcare-mckinney/?utm_source=google&utm_medium=organic&utm_campaign=gbp,(945) 357-9025,"130 N Preston Rd 109 & 110, Prosper, TX 75078, USA","Dallas-Fort Worth, TX"
Affordable Home Health Care,home health agency,,(972) 285-2500,"12115 Self Plaza Dr, Dallas, TX 75218, USA","Dallas-Fort Worth, TX"
DFW Home Health,home health agency,https://lhcgroup.com/locations/dfw-home-health-of-denton/?utm_source=GMB&utm_campaign=Google_Local_Listing&utm_medium=referral&utm_content=DFW_Home_Health_of_Denton_Denton_TX_76201,(940) 387-4594,"2800 Shoreline Dr Ste 160, Denton, TX 76210, USA","Dallas-Fort Worth, TX"
North Star Home Health Care,home health agency,,(214) 275-4667,"10830 N Central Expy Ste 315, Dallas, TX 75231, USA","Dallas-Fort Worth, TX"
OPTIMUM HOME HEALTH CARE INC,home health agency,http://www.optimumhomehealthcareinc.com/,(972) 596-6442,"2109 W Spring Creek Pkwy Ste 300A, Plano, TX 75023, USA","Dallas-Fort Worth, TX"
Dallas Texas Caregivers,home health agency,https://dallastexascaregivers.com/,(469) 430-3642,"13155 Noel Rd Suit# 900, Dallas, TX 75240, USA","Dallas-Fort Worth, TX"
Team Select Home Care,home health agency,https://tshc.com/locations/texas/in-home-healthcare-dallas-texas/,(214) 217-2626,"3800 Maple Ave Ste 435, Dallas, TX 75219, USA","Dallas-Fort Worth, TX"
Novel Healthcare Services,home health agency,https://www.novelhomehealth.com/,(972) 994-9395,"7920 Belt Line Rd #255, Dallas, TX 75254, USA","Dallas-Fort Worth, TX"
FirstLight Home Care of North Dallas,home health agency,https://www.firstlighthomecare.com/home-healthcare-north-dallas/?utm_source=google&utm_medium=organic&utm_campaign=gbp,(469) 789-9846,"4100 Alpha Rd Ste 430, Dallas, TX 75244, USA","Dallas-Fort Worth, TX"
Eminent Home Healthcare LLC,home health agency,http://eminenthhc.com/,(214) 660-4404,"10864 Audelia Rd #100, Dallas, TX 75243, USA","Dallas-Fort Worth, TX"
"Granny NANNIES of Dallas, TX",home health agency,https://grannynannies.com/Dallas?utm_source=google&utm_medium=organic&utm_campaign=gbp-dallas&utm_id=local&utm_content=dallas,(972) 544-1169,"17290 Preston Rd Ste 300-C1, Dallas, TX 75252, USA","Dallas-Fort Worth, TX"
Caring Home Health,home health agency,http://www.caringhomehealth.net/,(972) 226-2929,"2515 N Belt Line Rd, Mesquite, TX 75182, USA","Dallas-Fort Worth, TX"
SYNERGY HomeCare,home health agency,https://www.synergyhomecare.com/tx-dallas-75243/?utm_source=google&utm_medium=local&utm_campaign=localmaps&utm_content=4429,(469) 804-8500,"1925 E Belt Line Rd Ste 412, Carrollton, TX 75006, USA","Dallas-Fort Worth, TX"
Arcy at Home,home health agency,https://arcyhc.com/arcy-at-home/,(214) 424-6100,"14755 Preston Rd Ste 445, Dallas, TX 75254, USA","Dallas-Fort Worth, TX"
Right at Home,home health agency,https://www.rightathome.net/north-dallas/?utm_source=google&utm_medium=local&utm_campaign=localmaps&utm_content=1102,(214) 340-9900,"9330 Lyndon B Johnson Fwy Ste 1125, Dallas, TX 75243, USA","Dallas-Fort Worth, TX"
Homewatch CareGivers of North Dallas,home health agency,https://www.homewatchcaregivers.com/north-dallas/?utm_source=gbp&utm_medium=organic&utm_campaign=north-dallas,(972) 891-8398,"17304 Preston Rd Ste 540, Dallas, TX 75252, USA","Dallas-Fort Worth, TX"
Ultimate Home Health Care,home health agency,http://www.ultimatehhc.com/,(972) 240-4700,"3218 I-30 Frontage Rd Ste 113, Mesquite, TX 75150, USA","Dallas-Fort Worth, TX"
Nova Leap Home Health,home health agency,https://novaleaphealth.com/locations/dallas,(877) 552-1915,"1341 W Mockingbird Ln, Dallas, TX 75247, USA","Dallas-Fort Worth, TX"
Texas Landscape Services of Dallas/Fort Worth,landscaping company,https://txlandscapeservices.com/,(469) 455-9733,"10841 FM1385, Pilot Point, TX 76258, USA","Dallas-Fort Worth, TX"
Texas Lawn Legends,landscaping company,https://www.txlawnlegends.com/,(214) 617-7725,"1606 Plantation Rd, Dallas, TX 75235, USA","Dallas-Fort Worth, TX"
Prestige Landscape & Design,landscaping company,https://www.prestigelandscapedesign.com/,(469) 972-3137,"1603 Fuller Dr, Dallas, TX 75228, USA","Dallas-Fort Worth, TX"
"Lonestar Landscape DFW, LLC",landscaping company,https://www.lonestarlandscape.com/,(817) 863-5609,"6807 Anglin Dr, Forest Hill, TX 76140, USA","Dallas-Fort Worth, TX"
DFW Landscaping & Lawn Care,landscaping company,http://214dfwland.com/,(214) 339-5263,"4520 Angelina Way, Fort Worth, TX 76137, USA","Dallas-Fort Worth, TX"
Victory Landscapes,landscaping company,http://www.victorylandscapes.com/,(469) 404-4954,"2500 Sylvan Ave, Dallas, TX 75212, USA","Dallas-Fort Worth, TX"
Splendid Gardens Landscaping,landscaping company,https://splendidgardens.net/,(972) 898-0030,"2116 Lancer Ln, Lewisville, TX 75056, USA","Dallas-Fort Worth, TX"
Cody Landscape,landscaping company,http://www.codylandscape.com/,(817) 335-3229,"3144 Ramona Dr, Fort Worth, TX 76116, USA","Dallas-Fort Worth, TX"
Texas Oasis Landscape & Drainage,landscaping company,http://www.texasoasis.net/,(214) 350-0881,"2922 Storey Ln, Dallas, TX 75220, USA","Dallas-Fort Worth, TX"
Lambert Landscape Company,landscaping company,http://www.lamberts.net/,(214) 350-8350,"2950 Irving Blvd, Dallas, TX 75247, USA","Dallas-Fort Worth, TX"
Southern Botanical Landscape & Tree Care,landscaping company,https://southernbotanical.com/,(214) 366-2103,"3151 Halifax St Ste 100, Dallas, TX 75247, USA","Dallas-Fort Worth, TX"
Higher Ground Lawn Care & Landscape Lighting,landscaping company,https://highergroundlm.com/?utm_source=GMBlisting&utm_medium=organic,(214) 531-3369,"3225 Southwestern Blvd, Dallas, TX 75225, USA","Dallas-Fort Worth, TX"
Lux Texas Landscaping,landscaping company,https://www.luxtexaslandscaping.com/,(972) 302-8743,"5000 Eldorado Pkwy #150, Frisco, TX 75033, USA","Dallas-Fort Worth, TX"
Texas Sage Landscaping & Lawn,landscaping company,http://txsagelandscaping.com/,(469) 277-7252,"18383 Preston Rd #202, Dallas, TX 75252, USA","Dallas-Fort Worth, TX"
JC's Landscaping LLC,landscaping company,https://www.jclandscapingllc.com/,(972) 571-7899,"2770 Main St Suite# 260, Frisco, TX 75033, USA","Dallas-Fort Worth, TX"
SIARA DESIGNS,landscaping company,http://www.siaradesigns.com/,(469) 666-4460,"6720 Flanary Ln, Dallas, TX 75252, USA","Dallas-Fort Worth, TX"
Terra Turf Landscape,landscaping company,https://terraturf.com/,(972) 424-8873,"3300 Dallas Pkwy Ste 200, Plano, TX 75093, USA","Dallas-Fort Worth, TX"
JC's Landscaping LLC,landscaping company,https://www.jclandscapingllc.com/,(972) 347-4924,"8105 Rasor Boulevard Ste 121, Plano, TX 75024, USA","Dallas-Fort Worth, TX"
Gardens for Texas,landscaping company,https://gardensfortexas.com/contact,(469) 330-9987,"6510 Abrams Rd, Dallas, TX 75231, USA","Dallas-Fort Worth, TX"
Complete Landscape & Design,landscaping company,https://www.completelandscapetx.com/,(972) 200-0736,"325 North St. Paul Street Ste 3100, Dallas, TX 75201, USA","Dallas-Fort Worth, TX"
Cutters Landscaping,landscaping company,http://cutterslandscape.com/,(469) 398-8566,"9304 Forest Ln Suite N 267, Dallas, TX 75243, USA","Dallas-Fort Worth, TX"
Keane Landscaping,landscaping company,http://www.keanelandscaping.com/,(972) 424-4851,"2101 Parker Rd, Wylie, TX 75098, USA","Dallas-Fort Worth, TX"
Evergreen Sustainable Landscapes LLC,landscaping company,http://www.evergreenlandscapestx.com/,(469) 436-6304,"13101 Preston Rd Ste 110-3222, Dallas, TX 75240, USA","Dallas-Fort Worth, TX"
North Dallas Landscapes,landscaping company,https://northdallaslandscapes.com/contact-us/,(214) 275-4998,"10050 Cayuga Dr, Dallas, TX 75228, USA","Dallas-Fort Worth, TX"
Original Landscape Concepts Inc.,landscaping company,https://originallandscapeconcepts.com/,(972) 380-1659,"7879 Spring Valley Rd Suite 5, Dallas, TX 75254, USA","Dallas-Fort Worth, TX"
Erik's Tree & Lawn Care Services,landscaping company,http://www.erikstreeandlawn.com/,(469) 919-4776,"8529 Preston Trace Blvd, Frisco, TX 75033, USA","Dallas-Fort Worth, TX"
High Quality Landscape Services,landscaping company,http://hqlawns.com/?ref=GBP,(972) 903-2749,"17726 Frank Jackson Dr Ste 100, Dallas, TX 75252, USA","Dallas-Fort Worth, TX"
JC's Landscaping LLC,landscaping company,https://www.jclandscapingllc.com/,(972) 890-0297,"202 S Coleman St Ste 300-3, Prosper, TX 75078, USA","Dallas-Fort Worth, TX"
CGreens Landscape / Irrigation / Drainage,landscaping company,https://www.cgreens.com/,(972) 231-2870,"12520 Schroeder Rd Ste 101, Dallas, TX 75243, USA","Dallas-Fort Worth, TX"
Earth Green Lands,landscaping company,https://earthgreenlands.com/?utm_source=google&utm_medium=google-my-business&utm_campaign=lead&utm_content=call-now&utm_term=landscaping-dallas,(214) 659-1669,"3508 Doug Dr, Dallas, TX 75247, USA","Dallas-Fort Worth, TX"
Act Now Landscape Design,landscaping company,http://actnowlandscaping.com/,(214) 541-8841,"4504 Cobblers Ln, Dallas, TX 75287, USA","Dallas-Fort Worth, TX"
Aeroscape Landscaping LLC,landscaping company,http://www.aeroscapellc.com/,(972) 596-7193,"2591 Dallas Pkwy, Frisco, TX 75034, USA","Dallas-Fort Worth, TX"
D&I Landscape and Construction LLC,landscaping company,https://dilandscape.com/,(817) 723-0814,"2200 S Main St, Fort Worth, TX 76110, USA","Dallas-Fort Worth, TX"
Marlin Landscape,landscaping company,https://www.marlinlandscape.com/,(214) 935-3960,"1849 Empire Central Pl, Dallas, TX 75235, USA","Dallas-Fort Worth, TX"
Vargas Landscape & Sprinklers,landscaping company,http://vargaslandscapeandsprinklers.com/,(214) 797-6032,"618 S Clinton Ave, Dallas, TX 75208, USA","Dallas-Fort Worth, TX"
StarTex Landscaping & Nursery,landscaping company,https://startexlandscaping.com/,(214) 929-6657,"2802 Gooch St, Dallas, TX 75241, USA","Dallas-Fort Worth, TX"
Scapes Incorporated,landscaping company,https://www.scapesincorporated.com/,(972) 371-0328,"8080 N Central Expy #1700, Dallas, TX 75206, USA","Dallas-Fort Worth, TX"
America's General Contractor - Luxury Remodeling,general contractor,https://americasgeneralcontracting.com/,(214) 218-5881,"18383 Preston Rd, Dallas, TX 75252, USA","Dallas-Fort Worth, TX"
Mil Usos General Contracting,general contractor,https://milusoscontracting.com/,(806) 607-6700,"3839 McKinney Ave, Dallas, TX 75204, USA","Dallas-Fort Worth, TX"
Amour Remodeling And Construction,general contractor,https://amourremodelingdfw.com/,(214) 980-4999,"325 North St. Paul Street #3110, Dallas, TX 75201, USA","Dallas-Fort Worth, TX"
DFW Construction,general contractor,http://dfwconstruction.com/,(972) 885-8434,"7300 Lone Star Dr Ste 200, Plano, TX 75024, USA","Dallas-Fort Worth, TX"
ON Group Remodeling & Construction,general contractor,https://ongroupconstructions.com/,(469) 324-2888,"2727 Lyndon B Johnson Fwy #568, Dallas, TX 75234, USA","Dallas-Fort Worth, TX"
Elite Pro Remodeling & Construction,general contractor,https://eliteproremodeling.com/,(800) 476-7608,"17744 Preston Rd STE 200, Dallas, TX 75252, USA","Dallas-Fort Worth, TX"
General Contractors Frisco,general contractor,https://htcontractor.com/,(214) 865-9768,"Frisco, TX 75034, USA","Dallas-Fort Worth, TX"
JNT Construction,general contractor,https://www.jntconstruct.com/,(972) 885-5053,"10860 Switzer Ave Ste 114, Dallas, TX 75238, USA","Dallas-Fort Worth, TX"
VIP General Contractors LLC,general contractor,http://www.vip-gc.com/,(469) 847-0085,"12030 Mimosa Ln, Frisco, TX 75036, USA","Dallas-Fort Worth, TX"
Terrell General Contractors,general contractor,http://www.terrellgc.com/,(214) 865-7611,"8080 N Central Expy #1090, Dallas, TX 75206, USA","Dallas-Fort Worth, TX"
ELITE Construction,general contractor,https://eliteconstructionusa.com/,(469) 669-3902,"1412 Main St Suite 2650, Dallas, TX 75202, USA","Dallas-Fort Worth, TX"
Specialty Contractors Inc.,general contractor,http://www.callspecialty.com/,(214) 389-5130,"11999 S Plano Rd #180, Dallas, TX 75243, USA","Dallas-Fort Worth, TX"
Marshall Construction Company,general contractor,https://www.dfwremodelcontractor.com/,(817) 476-1097,"3105 Bonnie Dr, Fort Worth, TX 76116, USA","Dallas-Fort Worth, TX"
B&R General Contracting,general contractor,http://www.brgeneralcontracting.com/,(972) 836-8455,"651 N Plano Rd Ste 421, Richardson, TX 75081, USA","Dallas-Fort Worth, TX"
Lone Star Remodeling And Construction,general contractor,https://lonestarremodelingdallas.com/,(214) 869-1015,"320 Decker Dr #222, Irving, TX 75062, USA","Dallas-Fort Worth, TX"
Bent General Contracting,general contractor,http://www.bentgeneralcontracting.com/,(469) 420-0779,"1104 Providence Dr, Allen, TX 75002, USA","Dallas-Fort Worth, TX"
ARS General Contracting,general contractor,https://www.go-ars.com/,(972) 200-8372,"3334 N State Hwy 78 Ste 17, Wylie, TX 75098, USA","Dallas-Fort Worth, TX"
Dallas construction Bh,general contractor,https://dallasconstructionbh.com/,(505) 610-9389,"1801 N Pearl St, Dallas, TX 75201, USA","Dallas-Fort Worth, TX"
Prime Construction & General Contractors LLC,general contractor,http://primeconstructiongc.com/,(972) 322-1690,"325 North St. Paul Street Ste 3100, Dallas, TX 75201, USA","Dallas-Fort Worth, TX"
Trident General Contracting,general contractor,https://tridentgcs.com/,(972) 309-9513,"3948 Legacy Dr #106-315, Plano, TX 75023, USA","Dallas-Fort Worth, TX"
North Texas Contractors Group,general contractor,https://www.ntxcg.com/,(469) 767-4846,"12650 N Beach St #114#55, Fort Worth, TX 76244, USA","Dallas-Fort Worth, TX"
Azul Home Remodeling,general contractor,https://azulhomeremodeling.com/,(214) 991-5600,"8117 Preston Rd, Dallas, TX 75225, USA","Dallas-Fort Worth, TX"
PZ construction,general contractor,http://www.pz-construction.com/,(972) 469-0913,"2650 Midway Rd Ste 210, Carrollton, TX 75006, USA","Dallas-Fort Worth, TX"
JM Construction Solutions,general contractor,http://www.jmconsol.com/,(888) 438-1840,"4015 Scottsdale Dr, Dallas, TX 75227, USA","Dallas-Fort Worth, TX"
Perfect General Contractors LLC,general contractor,https://www.perfectgc.net/,(469) 252-1261,"4433 Punjab Way Ste 301, Frisco, TX 75033, USA","Dallas-Fort Worth, TX"
ICO Construction & Remodeling Kitchen & Bath Dallas TX,general contractor,https://icodallas.com/areas-served/dallas-tx/,(214) 856-0898,"2525 Elm St, Dallas, TX 75226, USA","Dallas-Fort Worth, TX"
Blue Eagle General Contractors,general contractor,http://blueeaglegc.com/,(800) 217-8110,"777 Main St Ste 600, Fort Worth, TX 76102, USA","Dallas-Fort Worth, TX"
Dallas Finest Construction LLC,general contractor,https://dallasfinestconstruction.com/,(214) 875-7510,"1550 E Missouri Ave, Dallas, TX 75216, USA","Dallas-Fort Worth, TX"
GC Legacy Construction,general contractor,http://www.gclegacyconstruction.com/,(469) 722-4252,"10455 Markison Rd, Dallas, TX 75238, USA","Dallas-Fort Worth, TX"
"MYCON General Contractors, Inc.",general contractor,http://www.mycon.com/,(972) 529-2444,"17311 Dallas Pkwy #300, Dallas, TX 75248, USA","Dallas-Fort Worth, TX"
Boss General Contracting,general contractor,https://bossgcroof.com/,(469) 209-0080,"2000 G Ave, Plano, TX 75074, USA","Dallas-Fort Worth, TX"
Premier Contracting,general contractor,http://www.premier-contracting.com/,(972) 317-6364,"2300 Highland Village Rd Suite 400, Highland Village, TX 75077, USA","Dallas-Fort Worth, TX"
MTR Contractors,general contractor,https://www.mtrcontractors.com/,(972) 432-7011,"1647 Witt Rd #101, Frisco, TX 75036, USA","Dallas-Fort Worth, TX"
Silverado Construction Services,general contractor,http://www.silveradoconstruct.com/,(817) 992-1104,"3860 Washburn Ave, Fort Worth, TX 76107, USA","Dallas-Fort Worth, TX"
NorthStar Commercial Interiors LLC,general contractor,https://www.northstarrm.com/?utm_source=gbp,(972) 813-9190,"5851 Legacy Cir Ste 6161, Plano, TX 75024, USA","Dallas-Fort Worth, TX"
D & K Contracting,general contractor,https://dkcontracting.pro/,(469) 964-3653,"10029 Cayuga Dr, Dallas, TX 75228, USA","Dallas-Fort Worth, TX"
Fort Construction,general contractor,https://fortconstruction.com/,(817) 885-7979,"224 E Vickery Blvd, Fort Worth, TX 76104, USA","Dallas-Fort Worth, TX"
McCownGordon Construction,general contractor,https://dfw.mccowngordon.com/,(469) 378-0648,"5700 Granite Pkwy Ste 800, Plano, TX 75024, USA","Dallas-Fort Worth, TX"
JL Contractors DFW,general contractor,https://www.jlcontractorsdfw.com/,(469) 297-3045,"700 Central Expy S Suit 400, Allen, TX 75013, USA","Dallas-Fort Worth, TX"
"AY Construction and Remodeling, LLC",general contractor,https://ayconstructionandremodeling.com/,(469) 916-5193,"1712 Zavala Dr, Allen, TX 75002, USA","Dallas-Fort Worth, TX"
West Construction Group,general contractor,http://www.wcgtexas.com/,(972) 730-2594,"3401 Custer Rd #128, Plano, TX 75023, USA","Dallas-Fort Worth, TX"
MAGENTA Construction & Remodeling,general contractor,https://magentabuilders.com/,(469) 616-1110,"3385 Townsend Dr, Dallas, TX 75229, USA","Dallas-Fort Worth, TX"
JJ GENERAL CONTRACTOR,general contractor,http://www.instagram.com/GCJUANVALADEZ,(214) 213-9249,"3517 Esplendor Ave, Irving, TX 75062, USA","Dallas-Fort Worth, TX"
DFW Construction,general contractor,http://dfwconstruction.com/,(817) 715-3115,"196 Covered Bridge Dr, Fort Worth, TX 76108, USA","Dallas-Fort Worth, TX"
Elm Creek General Construction & Roofing,general contractor,http://www.elmcreekconstruction.com/,(469) 831-1435,"10555 Plano Rd, Dallas, TX 75238, USA","Dallas-Fort Worth, TX"
Cruz All Services Handyman & Renovations LLC,general contractor,https://www.cruzallservices.com/,(214) 529-4622,"2848 Mark Twain Dr, Dallas, TX 75234, USA","Dallas-Fort Worth, TX"
"Crossland Construction Company, Inc. - Texas Division",general contractor,https://www.crossland.com/texas-division/,(972) 347-5659,"731 Industry Way, Prosper, TX 75078, USA","Dallas-Fort Worth, TX"
RPM Construction,general contractor,http://www.rpmconstruction.org/,(469) 238-9381,"206 Skelton St, Lake Dallas, TX 75065, USA","Dallas-Fort Worth, TX"
Honest Abe's Construction,general contractor,https://www.hacdfw.com/,(469) 765-3311,"13727 Noel Rd #200, Dallas, TX 75240, USA","Dallas-Fort Worth, TX"
MG Contracting LLC,general contractor,https://mgcontractingtx.com/,(281) 221-6776,"1311 Dunbarton Dr, Richardson, TX 75081, USA","Dallas-Fort Worth, TX"
Metroplex General Contractor,general contractor,https://www.metroplexgc.com/,(214) 239-8080,"7160 Dallas Pkwy #675, Plano, TX 75024, USA","Dallas-Fort Worth, TX"
Monoxy - Commercial General Contractor,general contractor,http://www.monoxy.com/,(214) 436-3757,"675 Town Square Blvd #200, Garland, TX 75040, USA","Dallas-Fort Worth, TX"
J and M General Contractors,general contractor,http://j-and-mcontractors.com/,(214) 727-7602,"11004 Ridgemeadow Dr, Dallas, TX 75218, USA","Dallas-Fort Worth, TX"
RCR Construction - General Remodeling Services,general contractor,https://rcrconstructiongrs.com/,(469) 672-7277,"2301 N Central Expy #231, Plano, TX 75075, USA","Dallas-Fort Worth, TX"
Visionary Construction Group,general contractor,https://viscong.com/,(469) 825-4000,"1209 N Ave #4, Plano, TX 75074, USA","Dallas-Fort Worth, TX"
Dallas Manufacturing Co,manufacturing company,http://www.dmcpet.com/,(800) 256-8669,"12111 Ford Rd, Dallas, TX 75234, USA","Dallas-Fort Worth, TX"
7D Manufacturing,manufacturing company,http://www.7dmanufacturing.com/,(580) 317-7258,"325 North St. Paul Street Ste 3100 PMB# 4192, Dallas, TX 75201, USA","Dallas-Fort Worth, TX"
SND Manufacturing,manufacturing company,https://snd-mfg.com/,(214) 340-1592,"12215 Forestgate Dr, Dallas, TX 75243, USA","Dallas-Fort Worth, TX"
DLT Manufacturing,manufacturing company,https://www.dltmanufacturing.com/,(800) 833-3334,"4081 Shilling Way, Dallas, TX 75237, USA","Dallas-Fort Worth, TX"
Custom Manufacturing Co,manufacturing company,https://custommfgco.com/,(214) 428-5173,"5501 Botham Jean Blvd, Dallas, TX 75215, USA","Dallas-Fort Worth, TX"
Windham Manufacturing Company,manufacturing company,http://windhammfg.com/,(214) 388-0511,"8520 Forney Rd, Dallas, TX 75227, USA","Dallas-Fort Worth, TX"
DAP Products Manufacturing Plant,manufacturing company,http://www.dap.com/,(214) 349-9951,"13555 S Jupiter Rd, Dallas, TX 75238, USA","Dallas-Fort Worth, TX"
Jadtis Industries,manufacturing company,http://www.jadtis.com/,(214) 905-9566,"13365 Branchview Ln, Dallas, TX 75234, USA","Dallas-Fort Worth, TX"
Axiom Manufacturing,manufacturing company,https://www.axman.com/,(972) 437-3737,"1226 Exchange Dr, Richardson, TX 75081, USA","Dallas-Fort Worth, TX"
M&M Manufacturing Company,manufacturing company,http://www.mmmfg.com/,(817) 336-2311,"4001 Mark IV Pkwy, Fort Worth, TX 76106, USA","Dallas-Fort Worth, TX"
Trinity Industries Inc,manufacturing company,http://www.trin.net/,(214) 631-4420,"14221 Dallas Pkwy Ste 1100, Dallas, TX 75254, USA","Dallas-Fort Worth, TX"
Dallas Specialty & Manufacturing Co.,manufacturing company,http://www.dallasspecialty.com/,(972) 641-8444,"1161 Ruggles St, Grand Prairie, TX 75050, USA","Dallas-Fort Worth, TX"
Thermal Solutions Manufacturing,manufacturing company,https://www.thermalsolutionsmfg.com/,(800) 776-9605,"3051 W Commerce St, Dallas, TX 75212, USA","Dallas-Fort Worth, TX"
Paper Tubes & Sales Manufacturing,manufacturing company,http://www.pts-mfg.com/,(800) 422-5108,"1550 Hinton St, Dallas, TX 75235, USA","Dallas-Fort Worth, TX"
Republic Manufacturing,manufacturing company,https://www.republic-mfg.com/?utm_source=gbp&utm_medium=organic&utm_campaign=website-click,(214) 631-8070,"5131 Cash Rd, Dallas, TX 75247, USA","Dallas-Fort Worth, TX"
Zahner Dallas Manufacturing Facility,manufacturing company,http://www.azahner.com/,(469) 348-2000,"2860 Alouette Dr, Grand Prairie, TX 75052, USA","Dallas-Fort Worth, TX"
Regis Manufacturing Co,manufacturing company,http://regismanufacturing.com/,(800) 527-7604,"1500 Corinth St, Dallas, TX 75215, USA","Dallas-Fort Worth, TX"
Hybrid Manufacturing Technologies,manufacturing company,https://hybridmanutech.com/,(214) 530-2334,"1600 Corporate Dr Ste 111, McKinney, TX 75069, USA","Dallas-Fort Worth, TX"
Midland Manufacturing Co,manufacturing company,http://www.midland-midco.com/,(817) 478-4848,"4800 Esco Dr, Fort Worth, TX 76140, USA","Dallas-Fort Worth, TX"
Expert Apparel Manufacturing,manufacturing company,https://eamtexas.com/,(469) 930-0321,"9734 Abernathy Ave, Dallas, TX 75220, USA","Dallas-Fort Worth, TX"
Adco Industries,manufacturing company,http://www.adcoindustries.com/,(214) 217-7800,"11333 Pagemill Rd, Dallas, TX 75243, USA","Dallas-Fort Worth, TX"
Corder Manufacturing Co,manufacturing company,http://cordermfg.com/,(972) 286-8175,"815 Cade Rd, Dallas, TX 75217, USA","Dallas-Fort Worth, TX"
Dynamic Manufacturing Solutions,manufacturing company,http://www.dmsusa.com/,(512) 599-8949,"11649 Chairman Dr, Dallas, TX 75243, USA","Dallas-Fort Worth, TX"
AC Horn Manufacturing,manufacturing company,https://www.achornmfg.com/,(214) 630-3311,"1269 Majesty Dr, Dallas, TX 75247, USA","Dallas-Fort Worth, TX"
Doskocil Manufacturing Company,manufacturing company,http://www.petmate.com/,(817) 467-5116,"800 W Stephens St, Arlington, TX 76017, USA","Dallas-Fort Worth, TX"
Shamrock Precision,manufacturing company,http://www.shamrockprecision.com/,(972) 241-4226,"14850 Venture Dr, Dallas, TX 75234, USA","Dallas-Fort Worth, TX"
E&T Plastics,manufacturing company,http://www.e-tplastics.com/,(214) 622-6263,"1174 Security Dr, Dallas, TX 75247, USA","Dallas-Fort Worth, TX"
AST Manufacturing,manufacturing company,https://www.astmanufacturing.com/,(972) 554-0383,"1000 Avenue N, Grand Prairie, TX 75050, USA","Dallas-Fort Worth, TX"
Kerr Industries of Texas,manufacturing company,http://www.kerrindustries.com/,(817) 652-3529,"1210 E Avenue J, Grand Prairie, TX 75050, USA","Dallas-Fort Worth, TX"
Pecan Deluxe Candy Co,manufacturing company,http://www.pecandeluxe.com/,(214) 631-3669,"2570 Lone Star Dr, Dallas, TX 75212, USA","Dallas-Fort Worth, TX"
Jayco Manufacturing,manufacturing company,http://jaycomfg.com/,(972) 623-2004,"1470 Avenue T #1222, Grand Prairie, TX 75050, USA","Dallas-Fort Worth, TX"
Apogee Foods,manufacturing company,http://www.apogeefoods.com/,(469) 445-1565,"9755 Clifford Dr #150, Dallas, TX 75220, USA","Dallas-Fort Worth, TX"
Mockingbird Food Group,manufacturing company,http://www.mockingbirdfoods.com/,(469) 526-5400,"2520 Weir St Suite 150, Dallas, TX 75212, USA","Dallas-Fort Worth, TX"
Mapei Corporation,manufacturing company,https://www.mapei.com/,(972) 271-9500,"1501 Wall St, Garland, TX 75041, USA","Dallas-Fort Worth, TX"
OEM Industries Inc.,manufacturing company,http://www.oemindustries.com/,(214) 330-7271,"1015 N Justin Ave, Dallas, TX 75211, USA","Dallas-Fort Worth, TX"
Southwest Machine & Manufacturing Co,manufacturing company,,(972) 254-2014,"108 N Rogers Rd, Irving, TX 75061, USA","Dallas-Fort Worth, TX"
Parker Products Inc,manufacturing company,http://parkerproducts.com/,(817) 336-7441,"3001 Strawn Ln, Fort Worth, TX 76135, USA","Dallas-Fort Worth, TX"
Leviton Manufacturing Co Inc,manufacturing company,http://www.leviton.com/,(972) 490-1091,"5001 Spring Valley Rd, Dallas, TX 75244, USA","Dallas-Fort Worth, TX"
Fruit of the Earth-Manufacturing,manufacturing company,,(800) 527-7731,"3324 W Trinity Blvd, Fort Worth, TX 76155, USA","Dallas-Fort Worth, TX"
American Gasket Manufacturing Co,manufacturing company,http://www.americangasket.biz/,(214) 388-0603,"3828 Samuell Blvd, Dallas, TX 75228, USA","Dallas-Fort Worth, TX"
America's Beverage Company. Kroger Manufacturing,manufacturing company,http://kroger.com/,(972) 438-7632,"1331 E Airport Fwy, Irving, TX 75062, USA","Dallas-Fort Worth, TX"
R P Foods,manufacturing company,https://rpfoodsinc.com/web/,(214) 637-7942,"1240 Profit Dr, Dallas, TX 75247, USA","Dallas-Fort Worth, TX"
"Central States Manufacturing, Inc.",manufacturing company,https://centralstatesco.com/,(800) 210-8305,"660 Grigsby Way #2538, Cedar Hill, TX 75104, USA","Dallas-Fort Worth, TX"
REYcomp INC,manufacturing company,http://www.reycomp.com/,(972) 606-4600,"2525 Dalworth St, Grand Prairie, TX 75050, USA","Dallas-Fort Worth, TX"
Southwestern Manufacturing Co,manufacturing company,,(214) 678-9839,"8808 Sovereign Row, Dallas, TX 75247, USA","Dallas-Fort Worth, TX"
Newcomb Spring of Texas,manufacturing company,http://www.newcombspring.com/,(972) 241-6781,"2831 Satsuma Dr, Dallas, TX 75229, USA","Dallas-Fort Worth, TX"
T & Q Cutting Services Corporate,manufacturing company,http://www.tqdallas.com/,(214) 651-8788,"4841 Gretna St, Dallas, TX 75207, USA","Dallas-Fort Worth, TX"
Kerr Industries of Texas,manufacturing company,http://www.kerrindustries.com/,(817) 652-3529,"2540 E Abram St, Arlington, TX 76010, USA","Dallas-Fort Worth, TX"
Metal Tech,manufacturing company,http://www.metaltechcompany.com/,(214) 253-2332,"10877 Rockwall Rd, Dallas, TX 75238, USA","Dallas-Fort Worth, TX"
"Kenney Industries, Inc.",manufacturing company,http://www.kenneyind.com/,(214) 421-4175,"2110 Panoramic Cir, Dallas, TX 75212, USA","Dallas-Fort Worth, TX"
Signs Manufacturing & Maintenance Corp.,manufacturing company,https://signsmanufacturing.com/,(214) 339-2227,"4610 Mint Way, Dallas, TX 75236, USA","Dallas-Fort Worth, TX"
A GRADE PALLET MANUFACTURING,manufacturing company,https://www.agradepallet.com/,(469) 317-7065,"1738 Empire Central Dr, Dallas, TX 75235, USA","Dallas-Fort Worth, TX"
EAL MFG,manufacturing company,https://ealmfg.org/,(214) 630-1154,"3912 W Illinois Ave, Dallas, TX 75211, USA","Dallas-Fort Worth, TX"
Surlean Foods,manufacturing company,http://www.surleanfoods.com/,(214) 545-3475,"3551 Dan Morton Dr, Dallas, TX 75236, USA","Dallas-Fort Worth, TX"
Manufacturing District,manufacturing company,https://qipdd.com/,(972) 895-6556,"123 Manufacturing St, Dallas, TX 75207, USA","Dallas-Fort Worth, TX"
Continental N H 3 Products Co,manufacturing company,https://www.continentalnh3.com/,(214) 741-6081,"130 Yorktown St, Dallas, TX 75208, USA","Dallas-Fort Worth, TX"
Atkore,manufacturing company,https://www.atkore.com/,(469) 590-4955,"4949 Joseph Hardin Dr, Dallas, TX 75236, USA","Dallas-Fort Worth, TX"
Danone North America,manufacturing company,http://www.danonenorthamerica.com/,(972) 283-7055,"3333 Dan Morton Dr, Dallas, TX 75236, USA","Dallas-Fort Worth, TX"
GEA,manufacturing company,https://www.gea.com/en/index.jsp,(214) 618-1100,"16005 Gateway Dr Ste 100, Frisco, TX 75033, USA","Dallas-Fort Worth, TX"
Port Plastics Inc,manufacturing company,http://www.portplastics.com/,(817) 834-7678,"6320 Airport Fwy, Fort Worth, TX 76117, USA","Dallas-Fort Worth, TX"
UT Southwestern Physical Medicine and Rehabilitation,physical therapy clinic,https://utswmed.org/locations/medical-center-frisco/frisco-physical-medicine-rehabilitation/,(469) 604-9000,"12500 Dallas Pkwy 1st Floor, Frisco, TX 75033, USA","Dallas-Fort Worth, TX"
Physical Therapy Clinic - UT Southwestern,physical therapy clinic,https://utswmed.org/locations/school-health-professions/physical-therapy-clinic-shp/,(214) 648-6562,"6011 Harry Hines Blvd 3rd Floor, Suite 106, Dallas, TX 75390, USA","Dallas-Fort Worth, TX"
Therapy Partners of North Texas,physical therapy clinic,https://therapypartnerspt.com/location/therapy-partners-of-north-texas-west-frisco/,(214) 436-4606,"5000 Eldorado Pkwy Ste 430, Frisco, TX 75033, USA","Dallas-Fort Worth, TX"
North Texas Physical Therapy,physical therapy clinic,https://www.h2health.com/locations/north-texas-physical-therapy/north-texas/,(972) 480-9455,"7120 Campbell Rd Ste 105, Dallas, TX 75248, USA","Dallas-Fort Worth, TX"
PTConcepts of Frisco North,physical therapy clinic,https://www.ptconcepts.com/index.php?p=563947,(469) 213-7550,"13108 Dallas Pkwy Ste 410, Frisco, TX 75034, USA","Dallas-Fort Worth, TX"
Therapy Partners of North Texas,physical therapy clinic,https://therapypartnerspt.com/location/therapy-partners-of-north-texas-mckinney-south/,(469) 793-7166,"8876 Synergy Dr Ste 200, McKinney, TX 75070, USA","Dallas-Fort Worth, TX"
Texas Health Finley Ewing Cardiovascular and Fitness Center - Outpatient Physical Therapy,physical therapy clinic,https://www.texashealth.org/Locations/Texas-Health-Dallas/Texas-Health-Rehabilitation-Center-Cardiovascular-and-Fitness-Center,(214) 345-4367,"5721 Phoenix Dr, Dallas, TX 75231, USA","Dallas-Fort Worth, TX"
Texas Health Prosper - Physical Therapy and Rehabilitation Services,physical therapy clinic,https://www.texashealth.org/Locations/texas-health-prosper/Texas-Health-Rehabilitation-Center,(469) 329-7900,"1970 W University Dr, Prosper, TX 75078, USA","Dallas-Fort Worth, TX"
Therapy Partners of North Texas,physical therapy clinic,https://therapypartnerspt.com/location/therapy-partners-of-north-texas-prosper/,(214) 227-7224,"241b N Preston Rd, Prosper, TX 75078, USA","Dallas-Fort Worth, TX"
Texas Health Dallas - Physical Therapy and Outpatient Rehabilitation,physical therapy clinic,https://www.texashealth.org/Locations/Texas-Health-Dallas/Texas-Health-Rehabilitation-Center,(214) 345-7680,"Jackson Building Dallas, 8198 Walnut Hill Ln, Dallas, TX 75231, USA","Dallas-Fort Worth, TX"
"DRMC Outpatient Physical Therapy powered by Greater Therapy Centers - Dallas, TX",physical therapy clinic,https://gtc-pt.com/locations/dallas/?utm_source=gmb,(972) 662-1700,"3423 E Trinity Mls Rd Ste 520, Dallas, TX 75287, USA","Dallas-Fort Worth, TX"
ACE Physical Therapy and Wellness - Frisco,physical therapy clinic,https://acephysicaltherapyandwellness.com/,(940) 252-4946,"4500 Hillcrest Rd Ste 170, Frisco, TX 75035, USA","Dallas-Fort Worth, TX"
Therapy Fit Physical Therapy - Prosper,physical therapy clinic,https://therapyfitpt.com/physical-therapy-clinic/therapy-fit-physical-therapy-prosper-tx/,(945) 256-1203,"1630 W Prosper Trail Ste 510, Prosper, TX 75078, USA","Dallas-Fort Worth, TX"
Physical Therapy Clinic - UT Southwestern,physical therapy clinic,https://utswmed.org/locations/sprague/uh-pmr-clinic-physical-therapy/,(214) 645-2080,"5161 Harry Hines Blvd 1st Floor, Suite 104, Dallas, TX 75390, USA","Dallas-Fort Worth, TX"
"Greater Therapy Centers in Prosper, TX",physical therapy clinic,https://gtc-pt.com/locations/prosper/?utm_source=gmb,(469) 296-3411,"1061 N Coleman St Ste 140, Prosper, TX 75078, USA","Dallas-Fort Worth, TX"
"Vista Physical Therapy - Dallas, Central",physical therapy clinic,https://www.prnpt.com/locations/394/vista-physical-therapy-dallas-central/dallas/location-details#appointment?utm_source=google&utm_medium=local&utm_campaign=GMB,(469) 706-3760,"12228 N Central Expy Ste 300, Dallas, TX 75243, USA","Dallas-Fort Worth, TX"
Therapy Partners of North Texas,physical therapy clinic,https://therapypartnerspt.com/location/therapy-partners-of-north-texas-frisco/,(972) 712-9693,"7548 Preston Rd #145, Frisco, TX 75034, USA","Dallas-Fort Worth, TX"
"Greater Therapy Centers - Frisco, TX",physical therapy clinic,https://gtc-pt.com/locations/frisco/?utm_source=gmb,(214) 619-5401,"14660 State Hwy 121 Building A, Suite 110, Frisco, TX 75035, USA","Dallas-Fort Worth, TX"
ATI Physical Therapy,physical therapy clinic,https://locations.atipt.com/texas/little-elm/2180-fm-423/,(972) 979-6577,"2180 FM 423 #300, Little Elm, TX 75068, USA","Dallas-Fort Worth, TX"
"SPORT Orthopedics + Physical Therapy - Frisco, TX",physical therapy clinic,https://sportsmedtexas.com/,(469) 200-2832,"9255 Dallas Pkwy Ste 120, Frisco, TX 75033, USA","Dallas-Fort Worth, TX"
Peak Physical Therapy,physical therapy clinic,https://peak.urpt.com/locations/prosper-west/?utm_source=google&utm_medium=organic&utm_campaign=gmb,(972) 400-1771,"2810 W First St Ste 40, Prosper, TX 75078, USA","Dallas-Fort Worth, TX"
Therapy Partners of North Texas,physical therapy clinic,https://therapypartnerspt.com/location/therapy-partners-of-north-texas-plano/,(214) 432-5862,"8608 Preston Rd Ste 110, Plano, TX 75024, USA","Dallas-Fort Worth, TX"
Frisco Therapy Center,physical therapy clinic,https://www.posmc.com/physical-therapy/,(972) 250-5777,"6363 North Dallas Pkwy Ste 207, Frisco, TX 75034, USA","Dallas-Fort Worth, TX"
Therapy Fit Physical Therapy -Frisco,physical therapy clinic,https://therapyfitpt.com/physical-therapy-clinic/physical-therapy-frisco/,(972) 853-5915,"4617 Coit Rd Ste 150, Frisco, TX 75035, USA","Dallas-Fort Worth, TX"
Baylor Scott & White Sports Therapy & Research at The Star,physical therapy clinic,https://www.bswhealth.com/star?utm_content=main-website&utm_source=pg-google&utm_medium=organic&utm_campaign=29985-9717838,(844) 279-3627,"3800 Gaylord Pkwy, Frisco, TX 75034, USA","Dallas-Fort Worth, TX"
University Hospital Physical Medicine & Rehabilitation Clinic,physical therapy clinic,https://utswmed.org/locations/pob1/uh-pmr-clinic-pob-1/,(214) 645-2080,"5161 Harry Hines Blvd 1st Floor, Suite 104, Dallas, TX 75390, USA","Dallas-Fort Worth, TX"
Therapy Partners of North Texas,physical therapy clinic,https://therapypartnerspt.com/location/therapy-partners-of-north-texas-flower-mound/,(972) 691-1331,"4401 Long Prairie Rd Ste 300, Flower Mound, TX 75028, USA","Dallas-Fort Worth, TX"
"Results Physiotherapy Dallas, Texas - North Dallas",physical therapy clinic,https://www.resultspt.com/dallas-texas-north?utm_source=google&utm_medium=organic&utm_campaign=gmb,(469) 778-7655,"14902 Preston Rd Ste 410, Dallas, TX 75254, USA","Dallas-Fort Worth, TX"
IPA Physio Dallas,physical therapy clinic,https://ipa.physio/,(469) 782-9978,"8105 Rasor Boulevard #243, Plano, TX 75024, USA","Dallas-Fort Worth, TX"
Peak Physical Therapy,physical therapy clinic,https://peak.urpt.com/locations/little-elm/?utm_source=google&utm_medium=organic&utm_campaign=gmb,(972) 987-4927,"2765 E Eldorado Pkwy Ste 210, Little Elm, TX 75068, USA","Dallas-Fort Worth, TX"
"DRMC Outpatient Physical Therapy powered by Greater Therapy Centers - Plano, TX",physical therapy clinic,https://gtc-pt.com/locations/plano/?utm_source=gmb,(972) 781-2322,"3501 Midway Rd Suite 198, Plano, TX 75093, USA","Dallas-Fort Worth, TX"
Baylor Scott & White Outpatient Therapy - Frisco - Coit Road,physical therapy clinic,https://www.bswphysicaltherapy.com/contact/find-a-location/tx/frisco/frisco-coit-road/?ty=xt,(214) 618-5357,"5375 Coit Rd Suite 110, Frisco, TX 75035, USA","Dallas-Fort Worth, TX"
PT Solutions of Frisco West (Texas Health),physical therapy clinic,https://ptsolutions.com/find-a-clinic/tx/frisco/frisco-west/?utm_source=google&utm_medium=organic&utm_campaign=GMB-PT-Solutions-Frisco-West&utm_content=listing,(214) 705-3132,"9560 Legacy Dr Ste 210, Frisco, TX 75033, USA","Dallas-Fort Worth, TX"
ATI Physical Therapy,physical therapy clinic,https://locations.atipt.com/texas/frisco/8845-gary-burns-dr/,(972) 979-6577,"8845 Gary Burns Dr Ste 100, Frisco, TX 75034, USA","Dallas-Fort Worth, TX"
Baylor Scott & White Outpatient Therapy - Dallas - Sammons Cancer Center,physical therapy clinic,https://www.bswphysicaltherapy.com/contact/find-a-location/tx/dallas/dallas-sammons-cancer-center/?ty=xt,(214) 370-9774,"3410 Worth St Ste 800, Dallas, TX 75246, USA","Dallas-Fort Worth, TX"
Texas Orthopaedic Associates Physical Therapy,physical therapy clinic,https://www.txorthopaedic.com/location/toa-physical-therapy-dallas/,(214) 239-0993,"7115 Greenville Ave Ste 310A, Dallas, TX 75231, USA","Dallas-Fort Worth, TX"
"Results Physiotherapy Dallas, Texas - Highland Park",physical therapy clinic,https://www.resultspt.com/highland-park-texas?utm_source=google&utm_medium=organic&utm_campaign=gmb,(214) 556-5108,"4560 W Mockingbird Ln #110, Dallas, TX 75209, USA","Dallas-Fort Worth, TX"
Baylor Scott & White Outpatient Therapy - Dallas - Central Expressway,physical therapy clinic,https://www.bswphysicaltherapy.com/contact/find-a-location/tx/dallas/dallas-central-expressway/?ty=xt,(214) 369-4123,"11617 N Central Expy Ste 140, Dallas, TX 75243, USA","Dallas-Fort Worth, TX"
PT Solutions of Preston Hollow (Texas Health),physical therapy clinic,https://ptsolutions.com/find-a-clinic/tx/dallas/preston-hollow/?utm_source=google&utm_medium=organic&utm_campaign=GMB-PT-Solutions-Preston-Hollow&utm_content=listing,(214) 251-8754,"8611 Hillcrest Rd, Dallas, TX 75225, USA","Dallas-Fort Worth, TX"
"Vista Physical Therapy - Dallas, Preston Hollow",physical therapy clinic,https://www.prnpt.com/locations/188/vista-physical-therapy-dallas-preston-hollow/dallas/location-details?utm_source=google&utm_medium=local&utm_campaign=GMB,(214) 265-7200,"11661 Preston Rd #173, Dallas, TX 75230, USA","Dallas-Fort Worth, TX"
Therapy Partners of North Texas,physical therapy clinic,https://therapypartnerspt.com/location/therapy-partners-of-north-texas-mckinney/,(469) 634-4905,"6091 W University Dr Ste 103, McKinney, TX 75071, USA","Dallas-Fort Worth, TX"
TheraRehab and Wellness,physical therapy clinic,https://therarehabandwellness.com/,(469) 902-9948,"4300 N Central Expy #325, Dallas, TX 75206, USA","Dallas-Fort Worth, TX"
Texas Health Fort Worth - Physical Therapy and Rehabilitation Services,physical therapy clinic,https://www.texashealth.org/Locations/texas-health-fort-worth/Texas-Health-Rehabilitation-Center,(817) 250-2760,"1301 Pennsylvania Ave, Fort Worth, TX 76104, USA","Dallas-Fort Worth, TX"
Baylor Scott & White Outpatient Therapy - Dallas - Lake Highlands,physical therapy clinic,https://www.bswphysicaltherapy.com/contact/find-a-location/tx/dallas/dallas-lake-highlands/?ty=xt,(214) 890-9853,"6243 Retail Rd Ste 600, Dallas, TX 75231, USA","Dallas-Fort Worth, TX"
Advance Sports Therapy,physical therapy clinic,https://advancesportstherapy.com/prosper-sports-therapy,(630) 708-8778,"291 S Preston Rd Ste 120, Prosper, TX 75078, USA","Dallas-Fort Worth, TX"
"Vista Physical Therapy - Dallas, Katy Trail",physical therapy clinic,https://www.prnpt.com/locations/185/vista-physical-therapy-dallas-katy-trail/dallas/location-details?utm_source=google&utm_medium=local&utm_campaign=GMB,(214) 346-9105,"3535 Travis St #160, Dallas, TX 75204, USA","Dallas-Fort Worth, TX"
Elite Alliance Physical Therapy,physical therapy clinic,https://www.elitealliancept.com/,(469) 248-6960,"2629 N Stemmons Fwy Ste 225, Dallas, TX 75207, USA","Dallas-Fort Worth, TX"
Athletico Physical Therapy - Frisco (Teel & Eldorado),physical therapy clinic,https://www.athletico.com/locations/frisco-teel-eldorado/?utm_source=google-friscoteeleldorado&utm_medium=web&utm_campaign=google-listings,(469) 305-4147,"2552 Eldorado Pkwy Ste. 530, Frisco, TX 75033, USA","Dallas-Fort Worth, TX"
Texas Star Rehab and Performance Center,physical therapy clinic,https://texasstarrehab.com/physical-therapy-clinic/frisco-tx/,(469) 447-5819,"7101 Custer Rd Ste 600, Frisco, TX 75035, USA","Dallas-Fort Worth, TX"
Baylor Scott & White Outpatient Therapy - Dallas - N. Washington Ave,physical therapy clinic,https://www.bswphysicaltherapy.com/contact/find-a-location/tx/dallas/dallas-n-washington-ave/?ty=xt,(945) 468-9009,"411 N Washington Ave Ste 3900, Dallas, TX 75246, USA","Dallas-Fort Worth, TX"
University Hospital Physical Medicine and Rehabilitation Clinic,physical therapy clinic,https://utswmed.org/locations/pob1/uh-pmr-clinic-pob-1/,(214) 645-3262,"5959 Harry Hines Blvd 1st Floor, Dallas, TX 75390, USA","Dallas-Fort Worth, TX"
ATI Physical Therapy,physical therapy clinic,https://locations.atipt.com/texas/dallas/6029-forest-ln/,(972) 979-6577,"6029 Forest Ln, Dallas, TX 75230, USA","Dallas-Fort Worth, TX"
Physical Therapy Clinic,physical therapy clinic,https://utswmed.org/locations/richardson-plano/med-ctr-rp-physical-therapy/,(972) 669-7181,"3030 Waterview Pkwy 1st Floor, Richardson, TX 75080, USA","Dallas-Fort Worth, TX"
RE+FORM Physical Therapy and Wellness,physical therapy clinic,http://reformptandwellness.com/,(214) 679-3891,"16250 Knoll Trail Dr #101, Dallas, TX 75248, USA","Dallas-Fort Worth, TX"
COPE PT- Center Of Pelvic Excellence Physical Therapy And Wellness - Mckinney,physical therapy clinic,http://www.copept.com/?utm_source=google&utm_medium=wix_google_business_profile&utm_campaign=7126146785908556858,(817) 381-5177,"3721 S Stonebridge Dr Unit 1102, McKinney, TX 75070, USA","Dallas-Fort Worth, TX"
Therapy Partners of North Texas - Allen,physical therapy clinic,https://therapypartnerspt.com/location/therapy-partners-of-north-texas-allen/,(972) 325-1390,"1010 W Exchange Pkwy Ste 2100, Allen, TX 75013, USA","Dallas-Fort Worth, TX"
Dallas Physical Therapy,physical therapy clinic,https://www.dallaspt.com/,(972) 200-3681,"16300 Addison Rd #120, Addison, TX 75001, USA","Dallas-Fort Worth, TX"
Star Sports Therapy and Rehab - Frisco,physical therapy clinic,http://www.starorthopedics.com/,(469) 598-2760,"6700 Dallas Pkwy Ste 110, Frisco, TX 75034, USA","Dallas-Fort Worth, TX"
PT Solutions of Plano (Texas Health),physical therapy clinic,https://ptsolutions.com/find-a-clinic/tx/plano/plano/?utm_source=google&utm_medium=organic&utm_campaign=GMB-PT-Solutions-Plano&utm_content=listing,(972) 805-2355,"8200 Preston Rd Ste 125, Plano, TX 75024, USA","Dallas-Fort Worth, TX"
Frisco Elite Physical Therapy,physical therapy clinic,http://friscoelitept.com/,(214) 618-2424,"5454 Surrey Path #103, Frisco, TX 75034, USA","Dallas-Fort Worth, TX"
