name,category,website,phone,address,city
Premier Heating & Air,HVAC company,https://www.premierishere.com/nashville,(615) 726-8700,"78 Fesslers Ln, Nashville, TN 37210, USA","Nashville, TN"
"MJ Frick Company, Inc.",HVAC company,https://www.mjfrickco.com/,(615) 333-0658,"3651 Trousdale Dr, Nashville, TN 37204, USA","Nashville, TN"
Temp Control Heating & Air Conditioning,HVAC company,https://tempcontrolac.com/?utm_source=google&utm_medium=organic&utm_campaign=gbp-profile,(615) 827-5310,"2214 Dortch Ave, Nashville, TN 37210, USA","Nashville, TN"
South Nashville Heating & Cooling,HVAC company,http://www.southnashvillehvac.com/,(615) 834-1636,"501 Veritas St, Nashville, TN 37211, USA","Nashville, TN"
"Jewell Mechanical, LLC",HVAC company,https://www.jewellmechanical.com/?utm_source=GMB&utm_medium=organic&utm_campaign=Jewell,(615) 469-5965,"1000 Elm Hill Pike, Nashville, TN 37210, USA","Nashville, TN"
Hoffmann Brothers,HVAC company,https://www.hoffmannbros.com/nashville?utm_souce=google&utm_medium=organic&utm_campaign=google_business_profile_nashville,(615) 515-3031,"45 Willow St, Nashville, TN 37210, USA","Nashville, TN"
One Hour Heating & Air Conditioning,HVAC company,https://www.onehourheatandair.com/nashville/?utm_source=gbp&utm_medium=organic&utm_campaign=638772_-OH0010-,(615) 235-6046,"1420 Donelson Pike # A10, Nashville, TN 37217, USA","Nashville, TN"
"Coolray Heating, Cooling, Plumbing & Electrical",HVAC company,https://www.coolray.com/tn/nashville,(615) 237-1603,"1717 Elm Hill Pike Ste B2, Nashville, TN 37210, USA","Nashville, TN"
"Air Conditioning Service, Inc",HVAC company,https://greentrucks.com/?utm_source=google_business_listing&utm_medium=organic&utm_campaign=click_to_website,(615) 834-7336,"414 McNally Dr, Nashville, TN 37211, USA","Nashville, TN"
Service Experts Nashville,HVAC company,https://www.serviceexperts.com/nashville-tn/?utm_source=gbp&utm_medium=organic&utm_campaign=brand,(615) 913-4936,"2930 Sidco Dr, Nashville, TN 37204, USA","Nashville, TN"
"Pioneer Heating, Cooling, Electrical & Plumbing",HVAC company,https://pioneercomfort.com/service-area/nashville/?utm_source=google-gbp&utm_medium=organic&utm_campaign=*108*pioneer-nashville,(615) 246-6713,"2525 Perimeter Pl Dr #122, Nashville, TN 37214, USA","Nashville, TN"
Right Time HVAC,HVAC company,https://www.righttimehvac.com/,(615) 576-5487,"5300 Old Hickory Blvd, Nashville, TN 37218, USA","Nashville, TN"
Aire Serv of Nashville,HVAC company,https://www.aireserv.com/nashville/?cid=LSTL_ASV-US000187&utm_source=gmb&utm_campaign=local&utm_medium=organic,(615) 265-1728,"475 Metroplex Dr Suite 101-B, Nashville, TN 37211, USA","Nashville, TN"
"Hiller Plumbing, Heating, Cooling & Electrical",HVAC company,https://happyhiller.com/locations/nashville/?utm_source=gmb&utm_medium=localseo&utm_campaign=local&se_campaign=Internet-LocalSEO,(615) 358-9132,"915 Murfreesboro Pike, Nashville, TN 37217, USA","Nashville, TN"
Lee Company,HVAC company,https://www.leecompany.com/location/east-nashville-tn/?utm_source=google&utm_medium=organic&utm_campaign=gbp_east-nashville-tn&utm_content=gbp_website,(615) 567-1000,"708 Gallatin Ave, Nashville, TN 37206, USA","Nashville, TN"
Lee Company,HVAC company,https://www.leecompany.com/location/nashville-tn/?utm_source=google&utm_medium=organic&utm_campaign=gbp_nashville-tn&utm_content=gbp_website,(615) 567-1000,"1124 Menzler Rd, Nashville, TN 37210, USA","Nashville, TN"
ARS / Rescue Rooter,HVAC company,https://www.ars.com/nashville?utm_source=google&utm_medium=gbp&utm_campaign=local_seo&utm_content=gbp_website_click,(615) 654-1315,"4071 Powell Ave, Nashville, TN 37204, USA","Nashville, TN"
Lewis Comfort control Hvac-Nashville,HVAC company,https://hvac.plus/,(615) 440-9564,"2941 Lyndale Dr, Nashville, TN 37207, USA","Nashville, TN"
Maynard Heating and Cooling,HVAC company,https://themaynardman.com/?utm_source=google&utm_medium=gbp&se_campaign=gbp,(615) 640-4773,"1814 State St, Nashville, TN 37203, USA","Nashville, TN"
"Airstream Services HVAC, Electrical & Plumbing",HVAC company,https://airstreamteam.com/areas-we-serve/nashville/?utm_source=google&utm_medium=organic&utm_campaign=gbpnash,(629) 231-6615,"301 Plus Park Blvd #300, Nashville, TN 37217, USA","Nashville, TN"
"Airstream Services HVAC, Electrical & Plumbing",HVAC company,https://airstreamteam.com/areas-we-serve/murfreesboro/?utm_source=google&utm_medium=organic&utm_campaign=gbpboro,(615) 413-4189,"3333 Mayoral Ct D, Murfreesboro, TN 37127, USA","Nashville, TN"
"Roscoe Brown Heating, Cooling, and Plumbing",HVAC company,https://roscoebrown.com/contact/,(615) 203-3874,"807 Poplar Ave, Nashville, TN 37210, USA","Nashville, TN"
"D&G A/C Services, Inc.",HVAC company,http://www.dgacservices.com/,(615) 885-9585,"109 Spence Ln, Nashville, TN 37210, USA","Nashville, TN"
J & J Mechanical Services,HVAC company,http://www.jandjmechanicalservices.com/,(615) 256-2505,"2126 Canady Ave, Nashville, TN 37211, USA","Nashville, TN"
Universal Heating & Cooling,HVAC company,https://universalhtgclg.com/?utm_source=gmblisting&utm_medium=referral,(615) 859-0985,"1035 Ridgecrest Dr, Goodlettsville, TN 37072, USA","Nashville, TN"
Cumberland Mechanical,HVAC company,https://cmhvacnashville.com/?utm_source=GMB&utm_medium=Organic&utm_campaign=GMB_Profile,(615) 478-1264,"6105 Centennial Blvd, Nashville, TN 37209, USA","Nashville, TN"
"Cumberland Cooling, Inc",HVAC company,http://www.cumberlandcooling.com/,(615) 576-0742,"625 Hart Ln Unit b, Nashville, TN 37216, USA","Nashville, TN"
AirTemp Heating & Cooling,HVAC company,http://nashvilleairtemp.com/,(615) 200-7676,"1963 Nolensville Pk, Nashville, TN 37211, USA","Nashville, TN"
"Parthenon Plumbing, Heating, & AC Repair",HVAC company,https://parthenonplumbing.com/nashville-tn-plumber/?utm_source=google&utm_medium=organic&utm_campaign=gbp_nashville,(629) 276-5129,"2317 Cruzen St, Nashville, TN 37211, USA","Nashville, TN"
"Busy Bee Plumbing, Heating, & Air Conditioning",HVAC company,https://www.busybeehvac.com/,(615) 647-5844,"40 Burton Hills Blvd #200, Nashville, TN 37215, USA","Nashville, TN"
Tennessee Air,HVAC company,https://www.tnair.net/,(615) 908-6247,"222 Jackson Meadows Dr, Hermitage, TN 37076, USA","Nashville, TN"
Reese Heating and Air,HVAC company,http://www.reeseair.com/,(615) 391-8000,"221 Shady Grove Rd, Nashville, TN 37214, USA","Nashville, TN"
Interstate AC,HVAC company,https://interstateac.com/?utm_campaign=gmb,(615) 697-6652,"1877 Air Lane Dr, Nashville, TN 37210, USA","Nashville, TN"
Snug Air Heating & Cooling,HVAC company,https://snugairhvac.com/nashville-tn/,(629) 203-0179,"309 Plus Park Blvd Ste 220, Nashville, TN 37217, USA","Nashville, TN"
"American Heating and Cooling, Inc.",HVAC company,https://www.americanheatingandcooling.com/,(615) 383-3072,"500 Mapleleaf Dr, Nashville, TN 37210, USA","Nashville, TN"
"Wheeler, Inc.",HVAC company,http://www.wheelerincorporated.com/,(615) 860-5411,"3868 Dickerson Pike Ste 200, Nashville, TN 37207, USA","Nashville, TN"
Brilliant Mechanical LLC,HVAC company,http://www.brilliantmechanical.com/,(615) 393-8586,"6201 Charlotte Pike, Nashville, TN 37209, USA","Nashville, TN"
"Hunt's Mechanical, LLC",HVAC company,https://huntsmechanicalllc.com/,(615) 484-1558,"Percy priest, Nashville, TN 37214, USA","Nashville, TN"
Lee Company,HVAC company,https://www.leecompany.com/location/bellevue-tn/?utm_source=google&utm_medium=organic&utm_campaign=gbp_bellevue-tn&utm_content=gbp_website,(615) 567-1000,"7071 Old Harding Pike, Nashville, TN 37221, USA","Nashville, TN"
Capitol Climate,HVAC company,http://capitolclimate.com/,(615) 502-4468,"501 Union St, Nashville, TN 37219, USA","Nashville, TN"
Estes Heating & Cooling,HVAC company,http://estesheatingandcooling.com/,(615) 627-0130,"250 Donelson Pike, Nashville, TN 37214, USA","Nashville, TN"
Pioneer Home Services,HVAC company,https://pioneercomfort.com/nashville/?utm_source=google-gbp&utm_medium=organic&utm_campaign=*157*pioneer-home-services-nashville,(615) 205-5921,"1317 16th Ave S #5, Nashville, TN 37212, USA","Nashville, TN"
Right Time HVAC,HVAC company,https://righttimehvac.com/,(615) 939-3490,"599a Waldron Rd, La Vergne, TN 37086, USA","Nashville, TN"
Nashville Heating and HVAC Contractor,HVAC company,,(615) 732-3698,"1043 W Eastland Ave, Nashville, TN 37206, USA","Nashville, TN"
A-Action Air HVAC Inc.,HVAC company,https://aactionairhvac.com/,(615) 366-8030,"2601 Cruzen St, Nashville, TN 37211, USA","Nashville, TN"
Ferguson HVAC Supply,HVAC company,https://www.ferguson.com/store/tn/nashville/hvac-0020?utm_source=google&utm_medium=organic&utm_campaign=hvac_lis_listingtraffic&utm_content=listing,(615) 316-1900,"1708 Elm Hill Pike, Nashville, TN 37210, USA","Nashville, TN"
"Parthenon Plumbing, Heating, & AC Repair",HVAC company,https://parthenonplumbing.com/ac-repair-nashville-tn/?utm_source=google&utm_medium=organic&utm_campaign=gbp_elliot,(629) 263-4163,"2300 Elliott Ave, Nashville, TN 37204, USA","Nashville, TN"
Ed's Supply Company,HVAC company,http://www.edssupply.com/,(615) 244-2600,"711 6th Ave S, Nashville, TN 37203, USA","Nashville, TN"
"M&A Supply Company, Inc. Nashville",HVAC company,http://www.masupplycompany.com/,(615) 889-8820,"400 Fesslers Ln, Nashville, TN 37210, USA","Nashville, TN"
"MCH Nashville, LLC",HVAC company,http://www.mchnashville.com/,(615) 669-0743,"4113 Old Hickory Blvd, Old Hickory, TN 37138, USA","Nashville, TN"
Claud Heating & Air LLC,HVAC company,https://claudheatingandair.com/,(615) 367-4805,"658 Murfreesboro Pike, Nashville, TN 37210, USA","Nashville, TN"
Nashville Heating & Air Conditioning,HVAC company,,(615) 219-2879,"3756 Hillsboro Pike, Nashville, TN 37215, USA","Nashville, TN"
Zidi air LLC,HVAC company,http://www.zidiair.com/,(615) 225-7595,"304 Hill Ave A, Nashville, TN 37210, USA","Nashville, TN"
100 Percent Plumbing,plumbing company,https://100percentplumbingtn.com/,(615) 431-1100,"3200 West End Ave #500, Nashville, TN 37203, USA","Nashville, TN"
Doctor Drips Plumbing - Nashville,plumbing company,https://doctordrips.com/?utm_source=gbp&utm_medium=organic&utm_campaign=GBP&utm_id=seo,(615) 970-0047,"1101 Davidson St, Nashville, TN 37206, USA","Nashville, TN"
615 Plumbing,plumbing company,https://615plumbing.com/?utm_source=GMB&utm_medium=organic,(615) 625-2386,"475 Metroplex Dr #108, Nashville, TN 37211, USA","Nashville, TN"
Holt Plumbing Company,plumbing company,https://www.holtplumbing.com/,(615) 361-6001,"1000 Industrial Dr, Old Hickory, TN 37138, USA","Nashville, TN"
Southern Plumbing Works,plumbing company,https://southernplumbingworks.com/,(615) 205-7656,"3744 Annex Ave, Nashville, TN 37209, USA","Nashville, TN"
Smooth Saling Plumbing & Water Heater Replacement,plumbing company,https://www.smoothsalingplumbing.com/,(615) 815-1502,"3511 Gallatin Pike Office 318, Nashville, TN 37216, USA","Nashville, TN"
Mr. Rooter Plumbing of South Nashville,plumbing company,https://www.mrrooter.com/south-nashville/?cid=LSTL_MRR000199&utm_source=gmb&utm_campaign=local&utm_medium=organic,(615) 239-1288,"4235 Hillsboro Pike, Nashville, TN 37215, USA","Nashville, TN"
Wehby Plumbing Company Inc,plumbing company,http://www.wehbyplumbing.com/,(615) 255-7424,"2703 Grandview Ave, Nashville, TN 37211, USA","Nashville, TN"
TN Plumbing Solutions,plumbing company,http://tnplumbingsolutions.com/,(615) 887-1501,"4630 Sulphur Springs Rd Ste 1, Murfreesboro, TN 37129, USA","Nashville, TN"
"All Pipes, LLC",plumbing company,https://www.allpipestn.com/,(615) 252-5461,"325 S 14th St, Nashville, TN 37206, USA","Nashville, TN"
Avantel Plumber of Nashville TN,plumbing company,https://emergencynashvilleplumber.avantel.net/,(615) 800-6441,"2100 Church St, Nashville, TN 37203, USA","Nashville, TN"
"Precision Plumbing Co., Inc.",plumbing company,https://precisionplumbingcompany.com/,(615) 876-8603,"7101 Old Hickory Blvd, Whites Creek, TN 37189, USA","Nashville, TN"
Jack Ward & Sons Plumbing Company,plumbing company,https://jackwardandsonsplumbing.com/?utm_campaign=gmb,(615) 205-0691,"1100 Tuckahoe Dr, Nashville, TN 37207, USA","Nashville, TN"
Nashville Plumbing & Sewer,plumbing company,https://rootermanchatt.com/nashville/?utm_source=organic&utm_medium=gbp_listing,(615) 630-4319,"303 E Old Hickory Blvd, Madison, TN 37115, USA","Nashville, TN"
Holt Plumbing Company,plumbing company,https://www.holtplumbing.com/,(615) 361-6001,"2608 Murfreesboro Pike, Nashville, TN 37217, USA","Nashville, TN"
CORE Plumbing & Drain Cleaning,plumbing company,https://coreserviceco.com/,(615) 506-6490,"6339 Charlotte Pike Ste 1394, Nashville, TN 37209, USA","Nashville, TN"
Green Hills Plumbing,plumbing company,https://www.greenhillsplumbingtn.com/,(615) 398-4484,"905 E Old Hickory Blvd, Madison, TN 37115, USA","Nashville, TN"
W M Brooks Plumbing Co,plumbing company,,(615) 242-5378,"2526 Eugenia Ave, Nashville, TN 37211, USA","Nashville, TN"
Steakley Plumbing,plumbing company,https://www.steakleyplumbing.net/,(615) 254-5325,"1803 Nolensville Pk, Nashville, TN 37210, USA","Nashville, TN"
Hornbuckle Plumbing Company,plumbing company,https://www.hornbuckleplbg.com/,(615) 255-7387,"3005 Hydes Ferry Rd, Nashville, TN 37218, USA","Nashville, TN"
Nashville Plumbing and Drain Services,plumbing company,https://nashville.plumbingdrainservices.com/,(615) 933-3320,"5 Mimosa Ct, Antioch, TN 37013, USA","Nashville, TN"
Roto-Rooter Plumbing & Water Cleanup,plumbing company,https://www.rotorooter.com/nashville/?utm_source=Google&utm_medium=organic&utm_campaign=gmb&utm_content=website,(615) 230-0504,"2821 Lebanon Pike, Nashville, TN 37214, USA","Nashville, TN"
"Joe B. Sullivan and Sons Plumbing, Co., Inc.",plumbing company,http://joebsullivanandsons.com/,(615) 254-8379,"292 Hermitage Ave, Nashville, TN 37210, USA","Nashville, TN"
"Morton Plumbing, Heating & Cooling, Inc.",plumbing company,https://www.mortonplumbing.net/,(615) 255-2527,"2426 Winford Ave, Nashville, TN 37211, USA","Nashville, TN"
Ace Plumbing Co Inc,plumbing company,https://www.superplumbertn.com/,(615) 326-4038,"3414 Lebanon Pike, Hermitage, TN 37076, USA","Nashville, TN"
Bellevue Best - Shiver Plumbing !,plumbing company,http://www.shiverplumbing.com/,(615) 719-2035,"7404 George Gaines Rd, Nashville, TN 37221, USA","Nashville, TN"
Plumbing Nashville And Drain Clean Pros,plumbing company,,(629) 281-6412,"425 Harding Industrial Dr, Nashville, TN 37211, USA","Nashville, TN"
Myers Plumbing Heating Cooling,plumbing company,https://www.myersplumbingtn.com/about-us,(615) 356-8811,"7346 Charlotte Pike, Nashville, TN 37209, USA","Nashville, TN"
American Plumbing Co,plumbing company,,(615) 941-1001,"3333 Old Franklin Rd, Antioch, TN 37013, USA","Nashville, TN"
Responsive Plumbing,plumbing company,https://www.responsive.plumbing/,(615) 707-2855,"1131 4th Ave S Ste 2301, Nashville, TN 37210, USA","Nashville, TN"
Mr Good Plumber,plumbing company,http://www.mrgoodplumber.com/,(615) 945-2786,"2327 Dickerson Pike, Nashville, TN 37207, USA","Nashville, TN"
24/7 Emergency Plumber Nashville,plumbing company,,(615) 768-8780,"1600 Division St, Nashville, TN 37203, USA","Nashville, TN"
Mj Frick Plumbing Nashville,plumbing company,https://mjfrickplumbing.com/,(615) 431-8095,"3651 Trousdale Dr Suite A, Nashville, TN 37204, USA","Nashville, TN"
Jacob The Electrician,electrical contractor,https://jacobtheelectrician.com/,(615) 205-3465,"4826 Brick Church Pike, Goodlettsville, TN 37072, USA","Nashville, TN"
Greenway Electric of Nashville,electrical contractor,https://www.greenwayelectric.biz/nashville,(615) 663-1535,"1 Music Cir N Ste 400, Nashville, TN 37203, USA","Nashville, TN"
"Modern Electrical Contracting, Inc.",electrical contractor,http://www.modcable.com/,(615) 256-3200,"300 Hill Ave, Nashville, TN 37210, USA","Nashville, TN"
"Gervais Electric, Inc.",electrical contractor,https://gervaiselectric.com/?utm_source=gbp&utm_medium=referral&utm_campaign=search,(615) 973-1436,"2609 Grandview Ave, Nashville, TN 37211, USA","Nashville, TN"
Hardy Electric,electrical contractor,http://www.hardyelectric.net/,(615) 883-4003,"241 Craigmeade Dr #2406, Nashville, TN 37214, USA","Nashville, TN"
Dodd Electric,electrical contractor,http://www.doddelectric.com/,(615) 269-9994,"2506 White Ave, Nashville, TN 37204, USA","Nashville, TN"
Hometown Pro Nashville Electrician,electrical contractor,https://hometownpro.com/,(629) 263-4517,"7097 Old Harding Pike, Nashville, TN 37221, USA","Nashville, TN"
Thompson Electric | Generator Installation,electrical contractor,http://www.thompsonelectricinc.com/?utm_campaign=gmb,(615) 547-1844,"107 N College St, Lebanon, TN 37087, USA","Nashville, TN"
"Pro Electric TN, LLC",electrical contractor,https://proelectrictn.com/,(615) 906-2951,"310 N Thompson Ln, Murfreesboro, TN 37129, USA","Nashville, TN"
Amprite Electric Company,electrical contractor,https://amprite.com/,(615) 255-5593,"929 Rep. John Lewis Way S, Nashville, TN 37203, USA","Nashville, TN"
Mr. Electric of Central Nashville,electrical contractor,https://mrelectric.com/central-nashville?cid=LSTL_MRE000196&utm_source=gmb&utm_campaign=local&utm_medium=organic,(615) 270-9066,"810 Dominican Dr Ste 321, Nashville, TN 37228, USA","Nashville, TN"
"Empower Electric, LLC",electrical contractor,http://www.empower-electric.com/,(615) 889-1434,"321 Homestead Rd, Nashville, TN 37207, USA","Nashville, TN"
"HARR ELECTRIC - Nashville, Tn",electrical contractor,https://www.harrelectric.com/,(615) 499-8805,"2412 Felts Ave, Nashville, TN 37211, USA","Nashville, TN"
"ABEC Electric Company, LLC",electrical contractor,http://www.abecelectric.com/,(615) 255-1836,"407 Spence Ln, Nashville, TN 37210, USA","Nashville, TN"
Fast Electrical Contractors,electrical contractor,http://www.fastelect.com/,(615) 360-2300,"335 Wilhagan Rd, Nashville, TN 37217, USA","Nashville, TN"
Excalibur Electrician,electrical contractor,https://electriciansnashville.com/,(615) 724-9686,"1750 Church St, Nashville, TN 37203, USA","Nashville, TN"
West Side Electric Service,electrical contractor,https://westsideelectricservice.com/,(615) 292-8497,"3804 Charlotte Ave, Nashville, TN 37209, USA","Nashville, TN"
Adams & McCoy Electric LLC,electrical contractor,https://adamsmccoyelectric.com/,(629) 777-5690,"901 N 12th St, Nashville, TN 37206, USA","Nashville, TN"
Mr. Watt Electricity,electrical contractor,https://www.mrwattelectricity.com/,(615) 852-6402,"7441 Harrow Dr, Nashville, TN 37221, USA","Nashville, TN"
A & F Electric Co Inc,electrical contractor,http://afelectriccompany.net/,(615) 244-4443,"2711 Landers Ave, Nashville, TN 37211, USA","Nashville, TN"
Nashville Roofing Company,roofing company,https://nashvilleroofingco.com/,(615) 800-4355,"320 Seven Springs Way, Brentwood, TN 37027, USA","Nashville, TN"
Don Kennedy,roofing company,http://donkennedyroofing.com/?spdirect=yviun3dnnl&utm_source=gbp&utm_medium=organic&utm_campaign=nsh-na-gbp-con-all-all-all-reglr-current-reglr-na-na-gpb_listing,(629) 276-3360,"815 Fesslers Ln, Nashville, TN 37210, USA","Nashville, TN"
MidSouth Construction,roofing company,https://www.roofingbymidsouth.com/?utm_source=google&utm_medium=organic&utm_campaign=gbp_listing,(615) 712-8893,"652 Old Ezell Rd, Nashville, TN 37217, USA","Nashville, TN"
Music City Roofers,roofing company,https://www.musiccityroofers.com/,(615) 900-4000,"2617 Grissom Dr, Nashville, TN 37204, USA","Nashville, TN"
Southern Roofing Co.,roofing company,https://srctn.com/,(615) 320-1045,"2929 Kraft Dr, Nashville, TN 37204, USA","Nashville, TN"
Bill Ragan Roofing Company,roofing company,https://www.billraganroofing.com/,(615) 242-0333,"2969 Armory Dr Ste 300, Nashville, TN 37204, USA","Nashville, TN"
Nashville Roofing Company,roofing company,https://nashvilleroofingco.com/,(615) 800-4355,"201 Myatt Dr, Madison, TN 37115, USA","Nashville, TN"
Mr. Roof Nashville,roofing company,https://www.mrroof.com/nashville/,(615) 208-3245,"200 River Hills Dr, Nashville, TN 37210, USA","Nashville, TN"
Southern Roofing & Renovations,roofing company,https://southernrnr.com/tennessee/nashville/roofing-company/,(615) 234-6664,"1203 Dickerson Pike, Nashville, TN 37207, USA","Nashville, TN"
Phoenix Roofing and Renovations,roofing company,https://www.phoenixrnr.com/,(629) 356-5356,"6th Ave N, Nashville, TN 37208, USA","Nashville, TN"
Modern Roofing,roofing company,https://modernroofingusa.com/locations/roofer-nashville-tn/,(629) 263-1222,"1001 Capital Funds Ct, Nashville, TN 37217, USA","Nashville, TN"
Centennial Roofing,roofing company,https://www.betterroof.com/,(615) 278-6600,"5042 Thoroughbred Ln #200, Brentwood, TN 37027, USA","Nashville, TN"
Priority Roofing,roofing company,https://priorityroofs.com/location/nashville/,(615) 571-9638,"640 Spence Ln Ste 100, Nashville, TN 37217, USA","Nashville, TN"
Archway Roofing LLC.,roofing company,http://www.archwaytn.com/,(615) 649-6141,"98A Rose St, Nashville, TN 37210, USA","Nashville, TN"
Bone Dry Roofing,roofing company,https://www.bonedry.com/nashville/?utm_source=directories&utm_medium=directories&utm_id=BDR-DIG-DIR-GENI-NASH-PHO-GMB-202402-GBPLISTINGNASHVILLE,(629) 225-7067,"4201 Sidco Dr, Nashville, TN 37204, USA","Nashville, TN"
Perimeter Roofing,roofing company,https://perimeterroofing.com/service-areas/tennessee/nashville/?utm_campaign=gbp-nashville&utm_medium=organic&utm_source=google,(629) 400-6922,"163 Business Park Dr Ste 10, Lebanon, TN 37090, USA","Nashville, TN"
Bluebird Roofing,roofing company,https://www.bluebirdroofing.com/,(615) 758-9101,"615 Rutland Dr, Mt. Juliet, TN 37122, USA","Nashville, TN"
White Glove Roofing,roofing company,https://whitegloveroofs.com/roofing-contractor-nashville-tn/,(615) 558-0635,"4235 Hillsboro Pike #300, Nashville, TN 37215, USA","Nashville, TN"
Terry Woodall Roofing Contractors,roofing company,https://terrywoodallroofing.com/,(615) 300-6005,"805 52nd Ave N, Nashville, TN 37209, USA","Nashville, TN"
Ragan Roofing,roofing company,http://raganroofing.com/,(615) 350-6300,"4219 Hillsboro Pike Ste 328, Nashville, TN 37215, USA","Nashville, TN"
Paragon Roofing,roofing company,https://www.paragonroofingusa.com/,(615) 910-8310,"1201 4th Ave S #109, Nashville, TN 37210, USA","Nashville, TN"
Elite Roofing Company,roofing company,https://eliteroofingofnashville.com/,(615) 259-0774,"1048 Jefferson St, Nashville, TN 37208, USA","Nashville, TN"
Roof MD,roofing company,https://www.roof-md.com/,(615) 678-2646,"5016 Centennial Blvd Ste 200, Nashville, TN 37209, USA","Nashville, TN"
Glick Roofing Systems LLC,roofing company,http://www.glickroofingsystems.com/,(615) 265-0598,"2923 Elm Hill Pike, Nashville, TN 37214, USA","Nashville, TN"
Roof Bucks,roofing company,https://roofbucks.com/?utm_source=GBP&utm_medium=organic,(629) 268-3270,"1101 Kermit Dr, Nashville, TN 37217, USA","Nashville, TN"
TN Quality Roofing & Siding,roofing company,https://www.tnqualityroofing.com/chapel-hill,(615) 378-2582,"209 N Horton Pkwy, Chapel Hill, TN 37034, USA","Nashville, TN"
Ray's Roofing of Tennessee,roofing company,https://raysroofingoftn.com/,(615) 955-0695,"1159 Cynthia Ln, Spring Hill, TN 37174, USA","Nashville, TN"
Whitaker Roofing Company,roofing company,https://wrcroofing.com/roofing-in-tennessee/,(615) 398-4332,"3870 B, Dickerson Pike, Nashville, TN 37207, USA","Nashville, TN"
Undersun Roofing,roofing company,https://undersunroofingtn.hibuwebsites.com/,(615) 206-2224,"7110 Town Center Way Ste 1, Brentwood, TN 37027, USA","Nashville, TN"
Austermiller Roofing,roofing company,http://www.austermillerroofing.com/,(615) 553-2041,"9485 Lebanon Rd, Mt. Juliet, TN 37122, USA","Nashville, TN"
ROOFMAN,roofing company,https://roofmantn.com/,(615) 389-3390,"501 Union St, Nashville, TN 37219, USA","Nashville, TN"
Man of Steel Roofer of Nashville TN,roofing company,https://nashvilleroofer.manofsteelresources.com/,(615) 601-3063,"2200 Church St, Nashville, TN 37203, USA","Nashville, TN"
Universal Roofing & Construction - Nashville,roofing company,http://www.urcroof.com/,(615) 247-6264,"336 Cook's Ct, Brentwood, TN 37027, USA","Nashville, TN"
The Metal Roofers,roofing company,https://www.themetalroofers.com/?utm_campaign=gmb,(615) 649-5002,"935 E Trinity Ln #3, Nashville, TN 37207, USA","Nashville, TN"
TOPDOWN ROOFING,roofing company,http://topdownroofing.com/,(615) 579-0758,"1319 Central Ct, Hermitage, TN 37076, USA","Nashville, TN"
Henry & Sons Roof Repair,roofing company,https://henryroofrepair.homes/,(629) 500-2434,"1704 West End Ave, Nashville, TN 37203, USA","Nashville, TN"
Tim Leeper Roofing,roofing company,https://timleeperroofing.com/,(615) 553-2782,"14919 Lebanon Rd, Old Hickory, TN 37138, USA","Nashville, TN"
CMAC Roofing,roofing company,https://www.cmacroofing.com/,(629) 206-9566,"2172 Nolensville Pk, Nashville, TN 37211, USA","Nashville, TN"
RTM ROOFING,roofing company,https://rtmroofing.com/contact/,(615) 500-0751,"244 Haywood Ln, Nashville, TN 37211, USA","Nashville, TN"
Mr. GoodRoof,roofing company,https://mrgoodroof.com/?utm_source=google&utm_medium=gmb,(615) 824-8100,"1134 Murfreesboro Pike, Nashville, TN 37217, USA","Nashville, TN"
National Roof Co,roofing company,https://www.nationalroofco.com/?utm_source=Google&utm_medium=GBP&utm_campaign=Goodlettsville,(615) 734-0020,"655 N Main St, Goodlettsville, TN 37072, USA","Nashville, TN"
Tusker Roofing,roofing company,https://tuskerroofing.com/,(615) 639-8875,"8090 Horton Hwy, Arrington, TN 37014, USA","Nashville, TN"
Porter & Sons Roofing,roofing company,https://portersonsroofing.com/,(629) 500-3940,"531 Donelson Pike, Nashville, TN 37214, USA","Nashville, TN"
Robinson Family Roof Repair,roofing company,https://robinsonroofrepair.com/,(629) 400-8565,"727 Thompson Ln, Nashville, TN 37204, USA","Nashville, TN"
Quality Exteriors Roofing,roofing company,https://qualityexteriors.com/nashville-roofing?utm_source=google&utm_medium=organic&utm_campaign=gbp_nashville_tn_37211,(615) 857-1550,"2610 Winford Ave, Nashville, TN 37211, USA","Nashville, TN"
ARAC Roof It Forward,roofing company,https://www.roofitforwardtn.com/,(615) 369-6380,"555 Marriott Dr, Nashville, TN 37214, USA","Nashville, TN"
Underdog Roofing,roofing company,http://www.underdogroofing.com/,(615) 208-2454,"116 Wilson Pike Cir #100, Brentwood, TN 37027, USA","Nashville, TN"
Clubhouse Roofing,roofing company,https://www.clubhouseroofing.com/,(615) 551-8900,"4235 Hillsboro Pike #300, Nashville, TN 37215, USA","Nashville, TN"
Baker Roofing Company,roofing company,http://www.bakerroofing.com/nashville-roofing-company/,(615) 938-7124,"105 Tennessee Way, Hendersonville, TN 37075, USA","Nashville, TN"
Roofsmith Restoration,roofing company,https://www.roof-smith.com/contact/nashville,(615) 203-7663,"475 Metroplex Dr #203, Nashville, TN 37211, USA","Nashville, TN"
Cabrera & Sons Roofing,roofing company,https://cabrerassonsroofing.com/,(629) 500-3830,"2030 TN-12, Nashville, TN 37228, USA","Nashville, TN"
L&L Contractors,roofing company,https://landlcontractors.com/service-areas/nashville/,(615) 617-3189,"10 Burton Hills Blvd Ste 400, Nashville, TN 37215, USA","Nashville, TN"
Music City Exteriors,roofing company,http://musiccityexteriors.com/,(615) 275-6643,"4820 Lynn Dr, Nashville, TN 37211, USA","Nashville, TN"
"Above All Roofing Contractor, LLC",roofing company,https://www.above-all-roofing.com/,(615) 472-1841,"117 Spence Ln, Nashville, TN 37210, USA","Nashville, TN"
"RSS-Nashville, Inc.",roofing company,https://www.rssnashville.com/,(615) 350-6200,"7119 Cockrill Bend Blvd, Nashville, TN 37209, USA","Nashville, TN"
Nashville Auto Repair,auto repair shop,http://nashvilleautorepair.club/,(615) 840-7476,"2609 8th Ave S, Nashville, TN 37204, USA","Nashville, TN"
Simpson's Auto Repair,auto repair shop,http://www.simpsonsautorepair.com/,(615) 329-2282,"4304 Kenilwood Dr, Nashville, TN 37204, USA","Nashville, TN"
Nashville Auto Care,auto repair shop,,(615) 228-2410,"839 Porter Rd, Nashville, TN 37206, USA","Nashville, TN"
Automotive Solutions,auto repair shop,https://www.automotivesolutionsnashville.com/,(615) 782-6700,"609 Napoleon Ave, Nashville, TN 37211, USA","Nashville, TN"
EurWerks,auto repair shop,http://www.eurwerks.com/,(615) 864-8871,"4203 Charlotte Ave, Nashville, TN 37209, USA","Nashville, TN"
Phoenix Auto Repair,auto repair shop,https://phoenixautonashville.com/?utm_source=google&utm_medium=organic&utm_campaign=digital_domination_gbp,(615) 866-9199,"725 Calhoun Ave, Nashville, TN 37210, USA","Nashville, TN"
Terry's Service Center Inc.,auto repair shop,https://terrysservicecenter.com/,(615) 352-8434,"847 Hillwood Blvd, Nashville, TN 37209, USA","Nashville, TN"
Auto Repair Center,auto repair shop,http://www.autorepaircenternashville.com/,,"2408 Nolensville Pk, Nashville, TN 37211, USA","Nashville, TN"
Lawson & Son Auto Repair,auto repair shop,http://www.lawsonandsonautorepair.com/,(615) 352-4230,"5137 Harding Pike, Nashville, TN 37205, USA","Nashville, TN"
Hillsboro Village Auto Service,auto repair shop,http://www.hillsborovillageautoservicetn.com/,(615) 298-2079,"1820 21st Ave S, Nashville, TN 37212, USA","Nashville, TN"
Precision Tune Auto Care,auto repair shop,https://www.precisiontune.com/NashvilleTN_CharlottePk,(615) 352-8863,"5700 Charlotte Pike, Nashville, TN 37209, USA","Nashville, TN"
THE MECHANIC,auto repair shop,http://www.themechanicnashville.com/,(615) 712-7099,"5114 Nolensville Pk, Nashville, TN 37211, USA","Nashville, TN"
The Mechanic Spot,auto repair shop,https://themechanicspot.com/,(615) 551-0842,"2921 Dickerson Pike, Nashville, TN 37207, USA","Nashville, TN"
Brown's Automotive,auto repair shop,,(615) 227-7666,"3214 Gallatin Pike, Nashville, TN 37216, USA","Nashville, TN"
Greg's Auto Repair,auto repair shop,https://www.facebook.com/gregsauto634/,(615) 256-3985,"634 Main St, Nashville, TN 37206, USA","Nashville, TN"
Best Auto Repair,auto repair shop,,(615) 834-8566,"4719 Nolensville Pk, Nashville, TN 37211, USA","Nashville, TN"
Thompson Lane Auto,auto repair shop,https://thompsonlaneauto.com/,(615) 837-4600,"84 Thompson Ln, Nashville, TN 37211, USA","Nashville, TN"
Automotive RX,auto repair shop,https://automotiverx.com/,(615) 891-1613,"3813 Nolensville Pk, Nashville, TN 37211, USA","Nashville, TN"
The Car Care Center,auto repair shop,https://thecarcarecenter.com/,(615) 882-1987,"4901 Alabama Ave, Nashville, TN 37209, USA","Nashville, TN"
Import Auto Maintenance,auto repair shop,https://www.importautomaintenance.com/,(615) 327-9600,"490 Craighead St, Nashville, TN 37204, USA","Nashville, TN"
Prestige Auto Repair,auto repair shop,https://prestigeautorepairs.com/,(615) 612-0326,"919 E Trinity Ln, Nashville, TN 37207, USA","Nashville, TN"
H & H Automotive Repair,auto repair shop,,(615) 262-0853,"928 Home Rd, Nashville, TN 37216, USA","Nashville, TN"
Bass Ewing Garage & Transmission,auto repair shop,http://www.ewingbassgarage.com/,(615) 385-4168,"3211 Charlotte Ave, Nashville, TN 37209, USA","Nashville, TN"
Lance's Foreign Auto Repair,auto repair shop,,(615) 964-5088,"313 Wilhagan Rd, Nashville, TN 37217, USA","Nashville, TN"
"Roberts Mobile Mechanics | Mobile Auto Repair and Mobile Mechanic in Nashville, TN",auto repair shop,https://www.robertsmobilemechanics.com/?utm_source=GBP_listing&utm_medium=Digital_Domination,(615) 394-1831,"504 Raymond St, Nashville, TN 37211, USA","Nashville, TN"
All Out Automotive & Transmission,auto repair shop,,(615) 866-9296,"2701 Cruzen St, Nashville, TN 37211, USA","Nashville, TN"
L.A.W. Inc,auto repair shop,https://www.lawautorepair.com/,(615) 297-2943,"3801 Charlotte Ave, Nashville, TN 37209, USA","Nashville, TN"
Import Specialty Service,auto repair shop,https://www.importspecialty.com/,(615) 834-6464,"375 Glenrose Ave, Nashville, TN 37210, USA","Nashville, TN"
Nashville Pro Auto Repair,auto repair shop,https://www.nashvilleproauto.com/,(615) 578-4059,"4150 Gallatin Pike, Nashville, TN 37216, USA","Nashville, TN"
Middle Nashville Auto Repair,auto repair shop,,(615) 964-3097,"1111 Elm Hill Pike, Nashville, TN 37210, USA","Nashville, TN"
Anderson Brothers Automotive Repair,auto repair shop,,(615) 269-6664,"5205 Alabama Ave, Nashville, TN 37209, USA","Nashville, TN"
C&L AUTO REPAIR LLC.,auto repair shop,,(615) 569-0907,"6210 Charlotte Pike, Nashville, TN 37209, USA","Nashville, TN"
Carl Wood's Garage,auto repair shop,,(615) 327-3861,"108 28th Ave N, Nashville, TN 37203, USA","Nashville, TN"
Naser Mobile Mechanic-Nashville,auto repair shop,,(615) 305-3316,"Thrible Springs Dr, Nashville, TN 37211, USA","Nashville, TN"
Continental Motorwerks LLC,auto repair shop,https://contlmotorwerks.com/,(615) 730-5776,"5100B Kentucky Ave, Nashville, TN 37209, USA","Nashville, TN"
S & J Complete Auto,auto repair shop,http://sandjcompleteauto.com/,(615) 331-1021,"624 Murfreesboro Pike, Nashville, TN 37210, USA","Nashville, TN"
"Wilson Tire & Auto, LLC",auto repair shop,http://www.wilsontireauto.com/,(615) 823-3369,"1286 Murfreesboro Pike, Nashville, TN 37217, USA","Nashville, TN"
Nashville auto repair,auto repair shop,,(615) 840-7939,"606 Fesslers Ln #409, Nashville, TN 37210, USA","Nashville, TN"
Custom Auto & Repair,auto repair shop,https://www.autorepairnashvilletn.com/,(615) 562-1363,"1850 Murfreesboro Pike, Nashville, TN 37217, USA","Nashville, TN"
CS Automotive,auto repair shop,http://www.mycsauto.com/,(615) 678-7740,"610 Church St E, Brentwood, TN 37027, USA","Nashville, TN"
Main Street Tires & Services,auto repair shop,https://www.mainsttiresandservice.com/,(615) 730-8208,"960 Main St, Nashville, TN 37206, USA","Nashville, TN"
Ron Hall's Service Center,auto repair shop,https://www.facebook.com/Ron-Halls-Service-Center-Inc-267768403625930/,(615) 353-0326,"6830 Charlotte Pike, Nashville, TN 37209, USA","Nashville, TN"
Ben’s Auto Service & Tire,auto repair shop,,(615) 649-8103,"3604 Nolensville Pk, Nashville, TN 37211, USA","Nashville, TN"
American Auto Care,auto repair shop,,(615) 313-0000,"4696 Nolensville Pk, Nashville, TN 37211, USA","Nashville, TN"
Precision Tune Auto Care Nashville,auto repair shop,https://precisiontune.com/locations/nashville-murfreesboro-pk-tn/,(615) 399-8863,"2251 Murfreesboro Pike, Nashville, TN 37217, USA","Nashville, TN"
Auto Pros,auto repair shop,http://mobileautorepairpros.com/tn/onsite-mechanic-nashville,(629) 206-3197,"1230 Martin St, Nashville, TN 37203, USA","Nashville, TN"
Hermitage Hills Automotive - a Main Street Auto shop,auto repair shop,https://mainstreetauto.com/location/hermitage-hills-automotive/,(615) 551-9285,"4014 Lebanon Pike, Hermitage, TN 37076, USA","Nashville, TN"
A&H Auto Repair,auto repair shop,,(615) 360-6080,"976 Murfreesboro Pike, Nashville, TN 37217, USA","Nashville, TN"
Aj Auto Service and Tire,auto repair shop,https://ajautoserviceandtire.desmatix.com/,(615) 454-0907,"1901 Dr DB Todd Jr Blvd, Nashville, TN 37208, USA","Nashville, TN"
Urzua's Auto Service,auto repair shop,http://urzuasautoservice.com/,(615) 256-1081,"200 Glenrose Ave, Nashville, TN 37210, USA","Nashville, TN"
Billy's Automotive,auto repair shop,http://billysautomotivetn.com/,(615) 868-0505,"3866 Dickerson Pike, Nashville, TN 37207, USA","Nashville, TN"
Performance Auto Repair,auto repair shop,,(615) 542-2987,"20 Keith St, Nashville, TN 37210, USA","Nashville, TN"
Mark's Automotive Repair Center,auto repair shop,https://www.marks-automotive.com/,(615) 864-8008,"14185 Lebanon Rd, Old Hickory, TN 37138, USA","Nashville, TN"
Total Automotive,auto repair shop,http://www.totalautomotivetn.com/,(615) 885-2760,"3462 Lebanon Pike, Hermitage, TN 37076, USA","Nashville, TN"
Melendez Auto Repair,auto repair shop,,(615) 999-5156,"1002 E Thompson Ln, Nashville, TN 37211, USA","Nashville, TN"
McDuffee Tire Service Inc,auto repair shop,http://www.mcduffeetire.com/,(615) 251-0253,"661 Thompson Ln, Nashville, TN 37204, USA","Nashville, TN"
Primm's Automotive,auto repair shop,https://www.primmsauto.com/,(615) 228-4478,"801 E Trinity Ln, Nashville, TN 37207, USA","Nashville, TN"
NuBrakes Mobile Brake Repair,auto repair shop,https://www.nubrakes.com/locations/Nashville/40090?utm_source=google&utm_medium=gbp&utm_campaign=NB040090,(629) 276-5596,"4112 Hillsboro Road, Nashville, TN 37215, USA","Nashville, TN"
SR Mechanic Shop & Service,auto repair shop,http://www.srmecanichop.online/,(615) 578-5451,"405 McNally Dr, Nashville, TN 37211, USA","Nashville, TN"
"Nashville Auto Repairs, Llc",auto repair shop,,(615) 839-4283,"606 Fesslers Ln, Nashville, TN 37210, USA","Nashville, TN"
Dentistry of Nashville,dental office,https://dentistryofnashville.com/,(615) 383-3690,"2125 Blakemore Ave, Nashville, TN 37212, USA","Nashville, TN"
Nashville Dental Center,dental office,https://www.nashvilledc.net/,(615) 331-2483,"3754 Nolensville Pk, Nashville, TN 37211, USA","Nashville, TN"
Nashville Family Dentistry,dental office,https://familydentistrynashville.com/locations/nashville/,(615) 832-5899,"5802 Nolensville Pk #201, Nashville, TN 37211, USA","Nashville, TN"
Gulch Dental Studio,dental office,https://www.gulchdentalstudio.com/,(615) 645-2381,"224 11th Ave S, Nashville, TN 37203, USA","Nashville, TN"
Tennessee Family Dental Care - Midtown PLLC,dental office,https://www.tennesseefamilydentalcare.com/midtown-nashville-location,(615) 447-8519,"2106 Charlotte Ave, Nashville, TN 37203, USA","Nashville, TN"
"Belle Meade Family Dentistry - Nashville, TN",dental office,https://www.bellemeadedental.com/,(629) 226-6385,"104 Kenner Ave #101, Nashville, TN 37205, USA","Nashville, TN"
Iroquois Dentistry,dental office,https://www.ifdnashville.com/,(615) 298-2040,"5115 Harding Pike Ste 101, Nashville, TN 37205, USA","Nashville, TN"
12 South Dental Studio,dental office,http://www.12southdentalstudio.com/,(615) 832-6300,"2700 12th Ave S, Nashville, TN 37204, USA","Nashville, TN"
"Music City Dental: Family, Cosmetic, & Implant Dentistry PLLC",dental office,https://www.musiccitydental.com/,(615) 953-2469,"808 Kirkwood Ave, Nashville, TN 37204, USA","Nashville, TN"
Capitol View Dental,dental office,https://www.capitolviewdental.com/,(615) 277-1087,"601 11th Ave N, Nashville, TN 37203, USA","Nashville, TN"
Emergency Dental of Nashville,dental office,https://emergencydentalofnashville.com/,(615) 314-4199,"15576 Old Hickory Blvd, Nashville, TN 37211, USA","Nashville, TN"
Smiles Up Dentistry,dental office,http://nashvillesmilesup.com/,(615) 678-8965,"1916 Patterson St Ste 712, Nashville, TN 37203, USA","Nashville, TN"
East Side Smiles,dental office,https://www.eastsidesmiles.net/,(615) 237-1360,"7 N 10th St, Nashville, TN 37206, USA","Nashville, TN"
Vitality Dental,dental office,https://vitalitydentaltn.com/?utm_source=google&utm_medium=gbp&utm_campaign=google_business,(615) 885-1555,"2708 Old Elm Hill Pike, Nashville, TN 37214, USA","Nashville, TN"
Downtown Dental Nashville,dental office,https://www.downtowndentalnashville.com/?utm_source=google&utm_medium=organic&utm_campaign=gmb,(615) 254-1393,"101 Union St N, Nashville, TN 37201, USA","Nashville, TN"
Dental Haus Germantown,dental office,https://www.dentalhausgermantown.com/,(629) 299-0435,"1390 Adams St Ste 12, Nashville, TN 37208, USA","Nashville, TN"
Tend Dental East Nashville,dental office,https://www.hellotend.com/site/studios/east-nashville?utm_source=gmb&utm_medium=organic&utm_campaign=eastnashville+6001&utm_content=web,(615) 490-9063,"962 Woodland St, Nashville, TN 37206, USA","Nashville, TN"
Green Hills Family Dentistry,dental office,http://greenhillsfamilydentistry.com/?utm_source=gbp&utm_medium=organic&utm_campaign=yext_listing,(629) 276-6233,"4301 Hillsboro Pike Ste 315, Nashville, TN 37215, USA","Nashville, TN"
Midtown Smiles,dental office,https://www.midtownsmilestn.com/,(615) 320-3210,"310 23rd Ave N #101, Nashville, TN 37203, USA","Nashville, TN"
Nations Dental Studio,dental office,https://nationsdentalstudio.com/,(615) 933-5800,"4900 Centennial Blvd Ste 104, Nashville, TN 37209, USA","Nashville, TN"
Interfaith Dental,dental office,http://www.interfaithdental.com/,(615) 329-4790,"600 Hill Ave, Nashville, TN 37210, USA","Nashville, TN"
Berry Hill Dental Group,dental office,https://www.berryhilldentalgroup.com/?sc_cid=GBP%3AO%3AGP%3A794%3AOrganic_Search%3AGeneral%3Ana&_vsrefdom=organic_gbp&y_source=1_MTU1NzEwNTgtNzE1LWxvY2F0aW9uLndlYnNpdGU%3D,(615) 784-5104,"2641 8th Ave S, Nashville, TN 37204, USA","Nashville, TN"
West Nashville Smiles Dentistry,dental office,https://www.westnashvillesmilesdentistry.com/?sc_cid=GBP%3AO%3AGP%3A935%3AOrganic_Search%3AGeneral%3Ana&_vsrefdom=organic_gbp&y_source=1_MzQ3OTcxODktNzE1LWxvY2F0aW9uLndlYnNpdGU%3D,(615) 617-5420,"6700 Charlotte Pike Ste 103, Nashville, TN 37209, USA","Nashville, TN"
Sonrisas Nashville (Dentista),dental office,https://myallsmiles.com/gmb/sonrisas,(615) 857-9596,"1009 Murfreesboro Pike #101, Nashville, TN 37217, USA","Nashville, TN"
Dental Faith Aesthetic & Family Dentistry,dental office,http://www.dentalfaith.com/,(615) 285-3949,"390 Harding Pl #101, Nashville, TN 37211, USA","Nashville, TN"
Vanderbilt Dental Clinic,dental office,https://vanderbilthealth.com/locations/vanderbilt-dental-clinic?utm_source=Yext,(615) 322-2193,"2111 Belcourt Ave Suite 201, Nashville, TN 37212, USA","Nashville, TN"
Tennessee Family Dental (Green Hills),dental office,https://tnfamilydental.com/locations/Green-Hills,(615) 730-5566,"4205 Hillsboro Pike Ste 106, Nashville, TN 37215, USA","Nashville, TN"
Dental Design Studios,dental office,https://ddsnashville.com/,(615) 392-6591,"145 Thompson Ln, Nashville, TN 37211, USA","Nashville, TN"
Smile On Nashville,dental office,https://smileonnashville.com/,(615) 891-3192,"1914 Charlotte Ave #104, Nashville, TN 37203, USA","Nashville, TN"
West Meade Dental,dental office,https://www.westmeadedental.com/?utm_source=GMB&utm_medium=seo&utm_campaign=GBP,(615) 729-6285,"6606 Charlotte Pike #102, Nashville, TN 37209, USA","Nashville, TN"
Same Day Smiles Nashville,dental office,http://www.samedaysmilesnashville.com/?utm_campaign=gmb,(615) 373-1056,"1646 Westgate Cir Ste 100, Brentwood, TN 37027, USA","Nashville, TN"
Hancock Dentistry,dental office,http://hancockdentistry.com/,(615) 383-0132,"2505 21st Ave S Fl 5, Nashville, TN 37212, USA","Nashville, TN"
Donelson Dental Center,dental office,https://www.donelsondentalcenter.com/,(615) 885-1695,"120 Donelson Pike Ste 103, Nashville, TN 37214, USA","Nashville, TN"
Premier Dental,dental office,http://www.premierdentalofnashville.com/,(615) 837-8855,"5511 Edmondson Pike #201, Nashville, TN 37211, USA","Nashville, TN"
Sylvan Park Smiles Dentistry,dental office,https://www.sylvanparksmilesdentistry.com/?sc_cid=GBP%3AO%3AGP%3A863%3AOrganic_Search%3AGeneral%3Ana&_vsrefdom=organic_gbp&y_source=1_MTM1NDU1ODMtNzE1LWxvY2F0aW9uLndlYnNpdGU%3D,(615) 647-8421,"4502 Charlotte Pike, Nashville, TN 37209, USA","Nashville, TN"
Advanced Dental Health Center,dental office,http://advanceddentalhealthcenter.com/?utm_source=gbp&utm_medium=organic&utm_campaign=yext_listing,(629) 263-6914,"2405 Crestmoor Rd, Nashville, TN 37215, USA","Nashville, TN"
"Nashville Dental Studio- Kenzie Davidovich, D.M.D.",dental office,http://www.nashvilleds.com/,(615) 398-4343,"5505 Edmondson Pike #201, Nashville, TN 37211, USA","Nashville, TN"
East Nashville Aesthetic and Implant Dentistry,dental office,https://eastnashvilledentistry.com/?utm_source=businessprofiles&utm_medium=organic&utm_campaign=offsiteSEO,(615) 208-4447,"815 Gallatin Ave, Nashville, TN 37206, USA","Nashville, TN"
Green Hills Dental Center,dental office,https://www.greenhillsdentalcenter.com/,(615) 327-2123,"2000 Richard Jones Rd #109, Nashville, TN 37215, USA","Nashville, TN"
Greenwood Local Dentistry and Orthodontics,dental office,https://greenwoodlocal.com/,(615) 761-9015,"1112 Gallatin Ave, Nashville, TN 37206, USA","Nashville, TN"
Family Dental Health of Belle Meade,dental office,https://www.fdhonline.com/location/belle-meade/,(615) 385-2008,"4515 Harding Pike Ste 104, Nashville, TN 37205, USA","Nashville, TN"
Creative Dentistry,dental office,http://sedateme.com/,(615) 321-0922,"113 23rd Ave N, Nashville, TN 37203, USA","Nashville, TN"
West Nashville Dental,dental office,http://www.westnashdental.com/,(615) 646-2453,"129 Belle Forest Cir, Nashville, TN 37221, USA","Nashville, TN"
Nashville Dentistry Co.,dental office,https://www.nashvilledentistryco.com/,(615) 797-8003,"211 Franklin Rd Ste 180, Brentwood, TN 37027, USA","Nashville, TN"
David Roach Family Dentistry,dental office,https://www.greenhillsdentist.net/,(615) 383-7801,"3824 Bedford Ave, Nashville, TN 37215, USA","Nashville, TN"
Nashville Smile Creations,dental office,https://www.nashvillesmilecreations.com/?utm_source=google&utm_medium=gbp&utm_campaign=google_business,(615) 889-6816,"226 Shady Grove Rd, Nashville, TN 37214, USA","Nashville, TN"
Donelson Smiles Dentistry,dental office,https://www.donelsonsmilesdentistry.com/?sc_cid=GBP%3AO%3AGP%3A850%3AOrganic_Search%3AGeneral%3Ana&_vsrefdom=organic_gbp&y_source=1_MjUyOTQwMC03MTUtbG9jYXRpb24ud2Vic2l0ZQ%3D%3D,(615) 830-5008,"2340 Lebanon Pike, Nashville, TN 37214, USA","Nashville, TN"
Katherine Hall DDS,dental office,http://www.katherinehalldds.com/,(615) 777-2600,"500 Church St #430, Nashville, TN 37219, USA","Nashville, TN"
Stein Dental Care,dental office,https://www.stein.dental/?utm_source=google&utm_medium=local&utm_campaign=gmb,(615) 989-6882,"99 White Bridge Rd #204, Nashville, TN 37205, USA","Nashville, TN"
Brentwood Dental Arts,dental office,http://www.brentwooddentalarts.com/,(615) 331-0402,"5505 Edmondson Pike #201, Nashville, TN 37211, USA","Nashville, TN"
"BiTE Dentistry | Dr. Cristin Lewis, Nashville Root-Cause Airway & Whole Body Health Wellness",dental office,https://bitedds.com/?y_source=1_MTAzNTkzODI5OC03MTUtbG9jYXRpb24ud2Vic2l0ZQ%3D%3D,(615) 297-7440,"3212 West End Ave Ste 301, Nashville, TN 37203, USA","Nashville, TN"
East Nashville Family Dentistry,dental office,https://enfdentistry.com/,(615) 610-1680,"1214 Gallatin Ave Ste 115, Nashville, TN 37206, USA","Nashville, TN"
"Castle Dental & Orthodontics - Nashville, TN (Nashville International Airport)",dental office,https://www.castledental.com/dental-office/nashville-dentist/26080/?utm_source=generic&utm_medium=profiles&utm_campaign=local_profiles,(615) 361-3130,"2375 Murfreesboro Pike Ste 101, Nashville, TN 37217, USA","Nashville, TN"
Embassy Dental,dental office,https://embassydental.com/locations/hillsboro/,(615) 383-0670,"1921 21st Ave S, Nashville, TN 37212, USA","Nashville, TN"
Temp Sullivan DDS - Sullivan Dental Co,dental office,https://www.sullivandentalco.com/,(615) 469-0887,"4219 Hillsboro Pike Ste 107, Nashville, TN 37215, USA","Nashville, TN"
Hickory Plaza Dental Group,dental office,https://www.hickoryplazadentalgroup.com/?sc_cid=GBP%3AO%3AGP%3A796%3AOrganic_Search%3AGeneral%3Ana&_vsrefdom=organic_gbp&y_source=1_MjEwMTg5MTQtNzE1LWxvY2F0aW9uLndlYnNpdGU%3D,(615) 393-6719,"5705 Nolensville Pk A, Nashville, TN 37211, USA","Nashville, TN"
Nashville Smiles,dental office,https://www.nashvillesmiles.com/?utm_source=google&utm_medium=local&utm_campaign=gmb,(615) 646-3549,"8090 TN-100, Nashville, TN 37221, USA","Nashville, TN"
"Castle Dental & Orthodontics - Nashville, TN (Nashville Zoo Area)",dental office,https://www.castledental.com/dental-office/nashville-dentist/26090/?utm_source=generic&utm_medium=profiles&utm_campaign=local_profiles,(615) 837-4331,"3907 Nolensville Pk, Nashville, TN 37211, USA","Nashville, TN"
My New Smile Dental,dental office,https://www.mynewsmiledental.com/,(615) 266-5000,"4003 Charlotte Ave, Nashville, TN 37209, USA","Nashville, TN"
Hall Dental Studio,dental office,https://www.halldentalstudio.com/,(615) 831-9010,"4660 Trousdale Dr, Nashville, TN 37204, USA","Nashville, TN"
Mobley Veterinary Clinic,veterinary clinic,https://mobleyveterinaryclinic.com/?utm_source=gmb&utm_medium=organic,(615) 262-0415,"4709 Gallatin Pike, Nashville, TN 37216, USA","Nashville, TN"
Nashville Veterinary Specialists + Animal Emergency,veterinary clinic,https://www.nashvillevetspecialists.com/?y_source=1_MTE2Njg4ODUtNzE1LWxvY2F0aW9uLndlYnNpdGU%3D,(615) 386-0107,"2971 Sidco Dr, Nashville, TN 37204, USA","Nashville, TN"
Animal House Veterinary Clinic,veterinary clinic,https://nashvilleanimalhouse.com/,(615) 834-6441,"223 Largo Dr, Nashville, TN 37211, USA","Nashville, TN"
Richland Animal Clinic,veterinary clinic,https://richlandanimalclinic.com/?utm_source=gmb&utm_medium=organic,(615) 356-6534,"6109 Charlotte Pike, Nashville, TN 37209, USA","Nashville, TN"
Parker's Paws Animal Hospital,veterinary clinic,http://parkerspaws.net/,(615) 356-0642,"2525 21st Ave S, Nashville, TN 37212, USA","Nashville, TN"
Pet Community Center,veterinary clinic,http://www.petcommunitycenter.org/,(615) 512-5001,"5233 Harding Pl Ste 5247, Nashville, TN 37217, USA","Nashville, TN"
Belmont Animal Hospital,veterinary clinic,https://www.belmontanimalhospital.com/?utm_source=gmb&utm_medium=organic,(615) 383-1000,"3206 Belmont Blvd, Nashville, TN 37212, USA","Nashville, TN"
Nippers Corner Pet Medical Center,veterinary clinic,https://nipperscornerpetmed.com/?utm_source=gmb&utm_medium=organic,(615) 833-7387,"5714 Edmondson Pike Ste 3, Nashville, TN 37211, USA","Nashville, TN"
5 Points Animal Hospital,veterinary clinic,https://5pointsanimalhospital.net/?utm_source=gmb&utm_medium=organic,(615) 205-1104,"1103 Woodland St, Nashville, TN 37206, USA","Nashville, TN"
Berry Hill Animal Hospital,veterinary clinic,http://www.berryhillah.com/,(615) 292-3332,"2016 8th Ave S, Nashville, TN 37204, USA","Nashville, TN"
Southside Animal Hospital,veterinary clinic,https://southsidevets.com/?utm_source=gmb&utm_medium=organic,(615) 333-3655,"5837 Nolensville Pk, Nashville, TN 37211, USA","Nashville, TN"
Caudle Veterinary Clinic,veterinary clinic,http://www.caudlevetclinic.com/,(615) 227-6230,"3607 Gallatin Pike, Nashville, TN 37216, USA","Nashville, TN"
West Meade Veterinary Clinic,veterinary clinic,,(615) 356-1152,"990 Davidson Dr, Nashville, TN 37209, USA","Nashville, TN"
GoodVets Germantown,veterinary clinic,https://www.good-vets.com/locations/nashville/germantown,(615) 845-6430,"1240 3rd Ave N, Nashville, TN 37208, USA","Nashville, TN"
City Pets Animal Care,veterinary clinic,https://citypetsanimalcare.com/,(615) 678-8013,"1016 Jefferson St, Nashville, TN 37208, USA","Nashville, TN"
Elm Hill Veterinary Clinic,veterinary clinic,https://elmhillvet.com/,(615) 885-0813,"2733 Old Elm Hill Pike, Nashville, TN 37214, USA","Nashville, TN"
GoodVets The Gulch,veterinary clinic,https://www.good-vets.com/locations/nashville/thegulch,(615) 551-4100,"606 8th Ave S, Nashville, TN 37203, USA","Nashville, TN"
Hillsboro Animal Hospital & Pet Resort,veterinary clinic,https://www.hillsboroanimalhospital.net/?utm_source=gmb&utm_medium=organic&y_source=1_MTk1OTQ1NTUtNzE1LWxvY2F0aW9uLndlYnNpdGU%3D,(615) 298-2663,"2207 Bandywood Dr, Nashville, TN 37215, USA","Nashville, TN"
Priest Lake Veterinary Hospital - Nashville Veterinarian,veterinary clinic,http://www.priestlakevet.com/,(615) 361-4646,"2445 Morris Gentry Bv, Antioch, TN 37013, USA","Nashville, TN"
Belle Meade Animal Hospital,veterinary clinic,http://www.bellemeadeanimalhospital.com/?utm_source=GMB&utm_medium=local,(615) 352-4370,"6210 TN-100, Nashville, TN 37205, USA","Nashville, TN"
Grassmere Animal Hospital PC,veterinary clinic,http://grassmereanimalhospital.com/index.html,(615) 832-6535,"3926 Nolensville Pk, Nashville, TN 37211, USA","Nashville, TN"
Belle Forest Animal Hospital,veterinary clinic,https://belleforestanimalhospital.com/,(615) 662-1700,"154 Belle Forest Cir, Nashville, TN 37221, USA","Nashville, TN"
Bloom Veterinary Hospital,veterinary clinic,https://bloomvethospital.com/,(615) 729-4940,"603C Vernon Ave, Nashville, TN 37209, USA","Nashville, TN"
Paws & Claws Animal Hospital,veterinary clinic,https://www.pawsandclawsnashville.com/,(615) 833-4423,"4803 Trousdale Dr, Nashville, TN 37220, USA","Nashville, TN"
Nashville Cat Clinic,veterinary clinic,https://www.nashvillecatclinic.com/,(615) 361-1844,"436 Bell Rd, Nashville, TN 37217, USA","Nashville, TN"
Bellevue Animal Hospital,veterinary clinic,http://www.bahnashville.com/,(615) 646-4545,"7098 Old Harding Pike, Nashville, TN 37221, USA","Nashville, TN"
VCA Murphy Road Animal Hospital,veterinary clinic,https://vcahospitals.com/murphy-road?utm_source=maps&utm_medium=organic&utm_campaign=AU_1041,(615) 383-4241,"4408 Murphy Rd, Nashville, TN 37209, USA","Nashville, TN"
Bellshire Family Vet,veterinary clinic,http://www.bellshirefamilyvet.com/,(615) 868-0845,"4021 Dickerson Pike, Nashville, TN 37207, USA","Nashville, TN"
BluePearl Pet Hospital,veterinary clinic,https://bluepearlvet.com/hospital/nashville-tn/?utm_source=google&utm_medium=organic&utm_campaign=gbp,(615) 383-2600,"2409 21st Ave S, Nashville, TN 37212, USA","Nashville, TN"
Value Vet Main St.,veterinary clinic,http://www.valuevet.net/,(615) 244-3040,"938 Main St, Nashville, TN 37206, USA","Nashville, TN"
Affordable Veterinary Care,veterinary clinic,https://www.avcmjtn.com/,(615) 788-8008,"11314 Lebanon Rd, Mt. Juliet, TN 37122, USA","Nashville, TN"
Livewell Animal Urgent Care of East Nashville,veterinary clinic,https://livewellanimal.com/our-locations/nashville-tn/east-nashville?utm_source=gmb&utm_medium=organic,(615) 656-8538,"2700 Gallatin Pike B, Nashville, TN 37216, USA","Nashville, TN"
Harding Animal Hospital,veterinary clinic,http://www.hardinganimalhospital.com/,(615) 354-1010,"110 Harding Pl, Nashville, TN 37205, USA","Nashville, TN"
Harpeth Hills Animal Hospital,veterinary clinic,https://harpethhillsvet.com/,(615) 646-7387,"329 Clofton Dr, Nashville, TN 37221, USA","Nashville, TN"
Thrive Pet Healthcare - Wedgewood,veterinary clinic,https://www.thrivepetcare.com/locations/tennessee/nashville/wedgewood/?utm_source=gmb&utm_medium=web,(615) 205-7513,"811 Wedgewood Ave, Nashville, TN 37203, USA","Nashville, TN"
Root Animal Clinic,veterinary clinic,https://rootanimalclinic.com/,(615) 851-6868,"111 Hollywood St, Goodlettsville, TN 37072, USA","Nashville, TN"
Harpeth Valley Animal Hospital,veterinary clinic,http://www.hvanimalhospital.com/,(615) 673-0100,"8252 Collins Rd, Nashville, TN 37221, USA","Nashville, TN"
WesVet Animal Hospital,veterinary clinic,http://wesvet.com/,(615) 739-5824,"5511 Edmondson Pike Ste 205, Nashville, TN 37211, USA","Nashville, TN"
Brentwood Veterinary Clinic,veterinary clinic,https://brentwoodvet.com/,(615) 373-4777,"5009 Harpeth Dr, Brentwood, TN 37027, USA","Nashville, TN"
VCA PetMed Animal Hospital,veterinary clinic,https://vcahospitals.com/petmed?utm_source=maps&utm_medium=organic&utm_campaign=AU_1172,(615) 731-8074,"1120 Bell Rd, Antioch, TN 37013, USA","Nashville, TN"
Little Urban Vet Clinic,veterinary clinic,http://littleurbanvet.com/,(615) 942-7020,"64 Hermitage Ave, Nashville, TN 37210, USA","Nashville, TN"
Natchez Trace Veterinary Services - Clinic & Holistic Telemedicine,veterinary clinic,http://www.franklintnvet.com/,(615) 750-2248,"6614 TN-100, Nashville, TN 37205, USA","Nashville, TN"
Alitura Veterinary Care,veterinary clinic,https://www.alituravet.com/,(615) 988-1260,"1501 Ensley Blvd, Nashville, TN 37210, USA","Nashville, TN"
"ReadiVet Nashville, Mobile Vet Services",veterinary clinic,https://www.readivet.com/locations/nashville/,(615) 970-7307,"3314 West End Ave Ste 103, Nashville, TN 37203, USA","Nashville, TN"
Banfield Pet Hospital,veterinary clinic,https://www.banfield.com/locations/veterinarians/tn/nashville/mzk?utm_source=yext&utm_medium=yext&utm_campaign=yext&cid=yext_local,(615) 385-9034,"719 Thompson Ln, Nashville, TN 37204, USA","Nashville, TN"
New Hope Veterinary Clinic,veterinary clinic,https://joeltonvet.com/?utm_source=gmb&utm_medium=organic&y_source=1_MTg3Mzc1NzQtNzE1LWxvY2F0aW9uLndlYnNpdGU%3D,(615) 247-8688,"5420 Highway 41A, Joelton, TN 37080, USA","Nashville, TN"
Heart + Paw,veterinary clinic,https://heartandpaw.com/locations/apache-trail/?utm_source=google&utm_medium=organic&utm_campaign=gbp&utm_content=apache-trail,(615) 833-7474,"3925 Apache Trail, Antioch, TN 37013, USA","Nashville, TN"
Avian and Exotics Center of Nashville,veterinary clinic,https://avianandexotics.com/,(615) 360-0944,"3806 Old Hickory Blvd, Old Hickory, TN 37138, USA","Nashville, TN"
VEG ER for Pets,veterinary clinic,https://www.veg.com/locations/tennessee/west-nashville?utm_source=organic_google&utm_medium=gbp_link&utm_campaign=locations_page&utm_content=west_nashville,(615) 205-2463,"3736 Annex Ave #100, Nashville, TN 37209, USA","Nashville, TN"
Veterinary Ophthalmology Services,veterinary clinic,http://www.vostn.com/,(615) 690-9399,"4344 Kenilwood Dr, Nashville, TN 37204, USA","Nashville, TN"
BluePearl Pet Hospital,veterinary clinic,https://bluepearlvet.com/hospital/brentwood-tn/?utm_source=maps&utm_medium=google&utm_campaign=gbp,(615) 333-1212,"1569 Mallory Ln Bldg 200, Brentwood, TN 37027, USA","Nashville, TN"
Animal Dermatology Clinic,veterinary clinic,https://www.animaldermatology.com/locations/nashville,(615) 434-6268,"147 Thompson Ln, Nashville, TN 37211, USA","Nashville, TN"
Parker's Paws Veterinary Clinic,veterinary clinic,https://www.parkerspaws.net/,(615) 356-0642,"2525 21st Ave S, Nashville, TN 37212, USA","Nashville, TN"
Livewell Animal Urgent Care of Midtown,veterinary clinic,https://www.livewellanimal.com/our-locations/nashville-tn/midtown/,(615) 316-2599,"2100 Charlotte Ave, Nashville, TN 37203, USA","Nashville, TN"
Fairview Animal Clinic,veterinary clinic,https://www.fairviewanimal.com/,(615) 799-2118,"1597 Fairview Blvd, Fairview, TN 37062, USA","Nashville, TN"
The Eye Vets,veterinary clinic,https://theeyevets.com/,(615) 640-6335,"222 Old Hickory Blvd, Nashville, TN 37221, USA","Nashville, TN"
Airport Animal Clinic,veterinary clinic,https://www.facebook.com/Airport-Animal-Clinic-339880093812/,(615) 367-9319,"215 Pineway Dr, Nashville, TN 37217, USA","Nashville, TN"
Hillsboro Animal Hospital: Given Chad DVM,veterinary clinic,https://www.hillsboroanimalhospital.net/,(615) 298-2663,"2207 Bandywood Dr, Nashville, TN 37215, USA","Nashville, TN"
Grassmere Animal Hospital PC: Clark Walter DVM,veterinary clinic,https://grassmereanimalhospital.com/our-veterinarians.html,(615) 832-6535,"3926 Nolensville Pk, Nashville, TN 37211, USA","Nashville, TN"
Nashville Veterinary Specialists,veterinary clinic,,(615) 386-0107,"2971 Sidco Dr, Nashville, TN 37204, USA","Nashville, TN"
MGA Homecare,home health agency,https://mgahomecare.com/locations/tn/nashville/?utm_source=gbp&utm_medium=organic&utm_campaign=gbp-listing&utm_content=MGANA&y_source=1_MjAwODY0MDY3Mi03MTUtbG9jYXRpb24ud2Vic2l0ZQ%3D%3D,(615) 434-6777,"3310 West End Ave #500, Nashville, TN 37203, USA","Nashville, TN"
Avenues Home Care | Nashville,home health agency,https://avenueshomecare.com/in-home-care-nashville/,(615) 558-5055,"761 Old Hickory Blvd #103, Brentwood, TN 37027, USA","Nashville, TN"
Comfort Keepers Home Care,home health agency,https://www.comfortkeepers.com/offices/tennessee/nashville/?utm_source=gmb&utm_medium=organic&utm_campaign=local,(615) 219-5126,"325 Plus Park Blvd #210, Nashville, TN 37217, USA","Nashville, TN"
TheKey - Senior Home Care,home health agency,https://thekey.com/locations/tennessee/nashville?utm_source=gmb&utm_medium=Yext,(615) 709-9096,"124 1st Ave S Ste 101, Franklin, TN 37064, USA","Nashville, TN"
Visiting Angels Senior Home Care Nashville,home health agency,https://www.visitingangels.com/nashvilletn/home?utm_source=gmb&utm_medium=organic&utm_campaign=local,(615) 610-2618,"604 Gallatin Ave #110, Nashville, TN 37206, USA","Nashville, TN"
Amedisys Home Health Care,home health agency,https://locations.amedisys.com/tn/nashville/home-health-0506/?utm_source=google&utm_medium=organic&utm_campaign=locallisting,(615) 313-7400,"2601 Elm Hill Pike Suites A, B, & C, Nashville, TN 37214, USA","Nashville, TN"
Stay Home Care,home health agency,https://stayhomecare.com/?utm_source=GMBlisting&utm_medium=organic,(615) 964-7726,"7003 Chadwick Dr Unit 331, Brentwood, TN 37027, USA","Nashville, TN"
Always Best Care Senior Services - Home Care Services in Nashville,home health agency,https://alwaysbestcare.com/greaternashville/?utm_campaign=gmb,(615) 752-2097,"5141 Virginia Way Ste 200, Brentwood, TN 37027, USA","Nashville, TN"
BrightStar Care,home health agency,http://www.brightstarcare.com/s-nashville,(615) 252-7999,"6040 Hillside Center CircleTN, Nolensville, TN 37135, USA","Nashville, TN"
HomeFirst Home Healthcare,home health agency,http://www.homefirsthomehealthcare.com/,(615) 365-4424,"1101, Nashville, TN 37217, USA","Nashville, TN"
B Home Care,home health agency,https://b-homecare.com/?utm_source=google&utm_medium=organic&utm_campaign=gbp,(615) 395-6353,"5500 Maryland Way Ste 320, Brentwood, TN 37027, USA","Nashville, TN"
Preferred Care at Home of Hendersonville,home health agency,https://preferhome.com/locations/hendersonville/,(615) 970-3737,"635 E Main St #4, Hendersonville, TN 37075, USA","Nashville, TN"
"RR&R Homecare,LLC",home health agency,http://rrrhomecare.com/,(615) 979-1195,"1451 Elm Hill Pike suite 100, Nashville, TN 37210, USA","Nashville, TN"
FirstLight Home Care of East Nashville and Mount Juliet,home health agency,https://www.firstlighthomecare.com/home-healthcare-mountjuliet/?utm_source=google&utm_medium=organic&utm_campaign=gbp,(615) 549-0070,"555 Marriott Dr Ste 315 Office 367, Nashville, TN 37214, USA","Nashville, TN"
All Heart Home Care,home health agency,https://www.allheartfamily.com/,(615) 361-4859,"2 International Plaza #901, Nashville, TN 37217, USA","Nashville, TN"
"Cura For Care | Nashville, Tennessee",home health agency,http://www.curaforcare.com/,(615) 522-5265,"1900 Church St Ste 300, Nashville, TN 37203, USA","Nashville, TN"
Beacon Home Health,home health agency,https://beaconhhh.com/locations/brentwood-home-health/,(615) 298-3931,"783 Old Hickory Blvd Ste 300, Brentwood, TN 37027, USA","Nashville, TN"
Right at Home,home health agency,https://www.rightathome.net/nashville/?utm_source=google&utm_medium=local&utm_campaign=localmaps&utm_content=1030,(615) 360-0006,"1321 Murfreesboro Pike #520, Nashville, TN 37217, USA","Nashville, TN"
TriStar Healthcare at Home,home health agency,https://www.tristarhealth.com/specialties/healthcare-at-home?utm_campaign=corp_listings_mgmt&utm_source=google&utm_medium=business_listing,(615) 333-2152,"310 25th Ave N Ste 303, Nashville, TN 37203, USA","Nashville, TN"
Amedisys Home Health Care,home health agency,https://locations.amedisys.com/tn/lebanon/home-health-0507/?utm_source=google&utm_medium=organic&utm_campaign=locallisting,(615) 453-2532,"100 Physician's Way Ste 240, Lebanon, TN 37090, USA","Nashville, TN"
Home Instead,home health agency,https://www.homeinstead.com/home-care/usa/tn/nashville/237/?utm_source=google&utm_medium=organic&utm_campaign=google_organic_businesslisting_y,(615) 732-5206,"278 Franklin Rd Ste. 140, Brentwood, TN 37027, USA","Nashville, TN"
Cornerstone Caregiving,home health agency,https://cornerstonecaregiving.com/locations/east-nashville-tn/?utm_source=google&utm_medium=yext,(615) 821-0330,"107 Music City Cir Suite 100, Nashville, TN 37214, USA","Nashville, TN"
CenterWell Home Health,home health agency,https://www.centerwell.com/find-care/home-health/location?location=CenterWell%20Home%20Health%20-%20Nashville&hcode=H055&utm_source=Organic&utm_campaign=GBP,(615) 360-9000,"1321 Murfreesboro Pike #512, Nashville, TN 37217, USA","Nashville, TN"
Cornerstone Caregiving,home health agency,https://cornerstonecaregiving.com/locations/south-nashville-tn/?utm_source=google&utm_medium=yext,(629) 222-9711,"1730 General George Patton Dr Ste 210, Brentwood, TN 37027, USA","Nashville, TN"
Assisting Hands Home Care - Franklin,home health agency,https://assistinghands.com/130/tennessee/franklin/,(615) 234-6444,"106 Mission Ct Ste 501, Franklin, TN 37067, USA","Nashville, TN"
Aveanna Home Health,home health agency,https://www.aveanna.com/locations/480/murfreesboro-tennessee-37130/,(615) 399-2220,"750 S Church St Bldg B/Suite A, Murfreesboro, TN 37130, USA","Nashville, TN"
Visiting Angels Senior Home Care,home health agency,https://www.visitingangels.com/nashville/home?utm_source=gmb&utm_medium=organic&utm_campaign=local,(615) 646-1594,"783 Old Hickory Blvd Suite 340, Brentwood, TN 37027, USA","Nashville, TN"
FirstLight Home Care of Nashville and Franklin,home health agency,https://www.firstlighthomecare.com/home-healthcare-nashville-franklin/?utm_source=google&utm_medium=organic&utm_campaign=gbp,(615) 567-5857,"504 Autumn Springs Ct Ste C-20, Franklin, TN 37067, USA","Nashville, TN"
Adoration Home Health,home health agency,https://adorationhealth.com/location/adoration-home-health-pleasant-view-tennessee/,(615) 486-3394,"244 Village Sq Ste 200, Pleasant View, TN 37146, USA","Nashville, TN"
Destination Healthcare Services,home health agency,http://www.destinationhealthcareservices.com/,(615) 502-0525,"435 Metroplex Dr, Nashville, TN 37211, USA","Nashville, TN"
Able Helpers Homecare Of Nashville,home health agency,http://www.ablehelpershomecare.com/,(615) 622-5613,"100 N Main St F, Goodlettsville, TN 37072, USA","Nashville, TN"
Bluebird Homecare,home health agency,http://www.bluebirdhomecare.com/,(615) 258-9636,"40 Burton Hills Blvd #200, Nashville, TN 37215, USA","Nashville, TN"
New Hope In-Home Care,home health agency,http://www.newhopehc.com/,(615) 835-2489,"618 Grassmere Park #5, Nashville, TN 37211, USA","Nashville, TN"
HoneyHill HomeCare,home health agency,https://www.honeyhillhc.com/,(629) 201-6130,"151 Heritage Park Dr Ste 203, Murfreesboro, TN 37129, USA","Nashville, TN"
Aveanna Home Health,home health agency,https://www.aveanna.com/locations/452/franklin-tennessee-37064/,(615) 790-3707,"235 Noah Dr #300, Franklin, TN 37064, USA","Nashville, TN"
Amada Senior Care,home health agency,https://www.amadaseniorcare.com/south-nashville-senior-care/,(615) 933-7494,"402 Uptown Square, Murfreesboro, TN 37129, USA","Nashville, TN"
Adoration Home Health,home health agency,https://adorationhealth.com/location/adoration-home-health-lafayette-tennessee/,(615) 224-8810,"102 Scottsville Rd, Lafayette, TN 37083, USA","Nashville, TN"
Lifeline Home Health Care,home health agency,https://lhcgroup.com/locations/lifeline-home-health-care-of-springfield/?utm_source=GMB&utm_campaign=Google_Local_Listing&utm_medium=referral&utm_content=Lifeline_Home_Health_Care_Springfield_TN_37172,(615) 384-4644,"2109 Park Plaza Dr #200, Springfield, TN 37172, USA","Nashville, TN"
Home Care Solutions,home health agency,https://hcshh.com/locations/spring-hill-home-health/,(615) 365-0300,"220 Town Center Pkwy #105, Spring Hill, TN 37174, USA","Nashville, TN"
Comfort Keepers In Home Care,home health agency,https://www.comfortkeepers.com/offices/tennessee/brentwood/?utm_source=gmb&utm_medium=organic&utm_campaign=local,(615) 942-0111,"212 Overlook Cir Ste 108, Brentwood, TN 37027, USA","Nashville, TN"
Wellness At Home,home health agency,https://wellnessahc.com/,(615) 427-2103,"3711 Dickerson Pike, Nashville, TN 37207, USA","Nashville, TN"
Closed. No longer in business,home health agency,https://oneyoulovehomecare.com/locations/nashville-tn/,,"9005 Overlook Blvd, Brentwood, TN 37027, USA","Nashville, TN"
Touch By An Angel Health Care,home health agency,https://touchedbyanangelhealthcare.com/,(615) 953-6615,"1451 Elm Hill Pike #256, Nashville, TN 37210, USA","Nashville, TN"
Touching Hearts at Home,home health agency,https://www.touchinghearts.com/middletn?utm_source=google&utm_medium=organic&utm_campaign=gbp,(629) 348-8052,"215 Centerview Dr Ste 225, Brentwood, TN 37027, USA","Nashville, TN"
Home Matters Caregiving Williamson County TN,home health agency,https://homematters.com/williamson-county-tn/?utm_source=Google&utm_medium=organic&utm_campaign=GBP,(615) 234-6493,"2550 Meridian Blvd, Franklin, TN 37067, USA","Nashville, TN"
Nashville Night Nurses,home health agency,https://nashvillenightnurses.com/,(615) 202-3380,"1604 Rosewood Dr, Brentwood, TN 37027, USA","Nashville, TN"
"Maxim Healthcare Nashville, TN Regional Office",home health agency,https://www.maximhealthcare.com/maxim-healthcare-locations/nashville-tn-regional-office?y_source=1_MTQ1MjAxNzgtNzE1LWxvY2F0aW9uLndlYnNpdGU%3D,(615) 383-6272,"115 E Park Dr Ste 200, Brentwood, TN 37027, USA","Nashville, TN"
HomeWell Care Services,home health agency,https://homewellcares.com/in-home-care-tn-hendersonville-tn152/?utm_source=organic&utm_medium=google&utm_campaign=gbp&utm_id=2060digital,(615) 622-9360,"177 E Main St #6, Hendersonville, TN 37075, USA","Nashville, TN"
Deaconess Home Care,home health agency,https://lhcgroup.com/locations/deaconess-homecare-of-mt-juliet/,(615) 453-8550,"1010 Pleasant Grove Pl Ste 200, Mt. Juliet, TN 37122, USA","Nashville, TN"
Care Angels Nashville,home health agency,http://www.careangelsofnashville.com/,(615) 763-5134,"1101 Kermit Dr Suite 510, Nashville, TN 37217, USA","Nashville, TN"
Interim HealthCare of Hendersonville,home health agency,https://www.interimhealthcare.com/location/mt-juliet-tn,(615) 979-4717,"2010 Providence Pkwy #300, Mt. Juliet, TN 37122, USA","Nashville, TN"
Rita's Care at Home LLC,home health agency,http://www.ritascareathome.com/,(615) 298-3826,"2021 Richard Jones Rd Ste 110, Nashville, TN 37215, USA","Nashville, TN"
Senior Solutions Home Care,home health agency,https://www.seniorsolutionshomecare.com/nashville/,(615) 377-6566,"214 Overlook Cir Ste 200, Brentwood, TN 37027, USA","Nashville, TN"
"Healthcare Provider Solutions, Inc.",home health agency,http://www.healthcareprovidersolutions.com/,(615) 399-7499,"402 Bna Dr Ste 212, Nashville, TN 37217, USA","Nashville, TN"
Gardens of Babylon Landscapes,landscaping company,https://gardensofbabylon.com/?utm_source=LOCAL&utm_medium=ORGANIC&utm_campaign=GMB,(615) 244-8949,"900 Rosa L Parks Blvd, Nashville, TN 37208, USA","Nashville, TN"
Southern Acre Landscaping,landscaping company,https://southernacre.com/?utm_campaign=gmb,(615) 933-2138,"807 Poplar Ave, Nashville, TN 37210, USA","Nashville, TN"
Park View Lawn Care and Landscape,landscaping company,https://parkviewlawncare.com/?utm_source=google&utm_medium=seo&utm_campaign=gbp-listing,(615) 260-9051,"3833 Saunders Ave, Nashville, TN 37216, USA","Nashville, TN"
Landscape Solutions,landscaping company,https://landscapetn.com/?UTM_source=GMB_listing&UTM_medium=organic,(615) 852-5009,"2517 Eugenia Ave, Nashville, TN 37211, USA","Nashville, TN"
LawnStarter Landscaping,landscaping company,https://www.lawnstarter.com/nashville-tn-landscaping?utm_source=google&utm_medium=GLocal&utm_campaign=NashvilleLocal,(615) 645-2722,"121 Jacksonian Dr, Hermitage, TN 37076, USA","Nashville, TN"
Prestige Landscape Co. LLC,landscaping company,https://prestigetnlandscapes.com/,(615) 395-2447,"3834 Hwy 96, Burns, TN 37029, USA","Nashville, TN"
"New Beginnings Landscape, LLC",landscaping company,https://newbeginningslandscapes.com/?utm_source=local&utm_medium=organic&utm_campaign=gbp,(615) 256-8873,"5120 Old Hickory Blvd, Nashville, TN 37218, USA","Nashville, TN"
The Greathouse Company,landscaping company,https://greathouselandscape.com/?utm_source=LOCAL&utm_medium=ORGANIC&utm_campaign=GMB,(615) 953-7595,"3825 Whites Creek Pike, Nashville, TN 37207, USA","Nashville, TN"
Drew’s,landscaping company,http://www.drewslawn.com/,(615) 891-4181,"10 Culvert St, Nashville, TN 37210, USA","Nashville, TN"
JML Landscape Management Inc,landscaping company,http://www.jmllandscapemanagement.com/,(615) 200-8084,"5916 Robertson Ave, Nashville, TN 37209, USA","Nashville, TN"
GeoScapes,landscaping company,http://geoscapestn.com/,(615) 447-8440,"3522 Golf St, Nashville, TN 37216, USA","Nashville, TN"
Acer Landscape Services,landscaping company,http://www.acerlandscapeservices.com/,(615) 350-8030,"3737 Stewarts Ln, Nashville, TN 37218, USA","Nashville, TN"
Bryan Lawn Care,landscaping company,http://www.bryanlawns.com/,(615) 491-7427,"1902 Seminole Ave, Nashville, TN 37211, USA","Nashville, TN"
Yellowstone Landscape,landscaping company,https://www.yellowstonelandscape.com/,(615) 781-2077,"4027 Murfreesboro Pike, Antioch, TN 37013, USA","Nashville, TN"
Nashville Lawn Care Solutions,landscaping company,http://nashvillelawncaresolutions.com/,(615) 480-2305,"23 b Lutie St, Nashville, TN 37210, USA","Nashville, TN"
"First Green Landscapes, LLC",landscaping company,https://www.firstgreenlandscapes.com/,(802) 578-8358,"601 Old Hickory Blvd, Brentwood, TN 37027, USA","Nashville, TN"
Flower the People Lawn Care and Landscaping,landscaping company,https://www.ftplandscaping.com/,(980) 867-9436,"615 Fatherland St, Nashville, TN 37206, USA","Nashville, TN"
Greenway of Nashville LLC,landscaping company,https://greenwaynashville.com/,(615) 238-4574,"6644 Clearbrook Dr, Nashville, TN 37205, USA","Nashville, TN"
Goodin Lawncare,landscaping company,http://www.goodinlawncare.com/,(629) 426-0144,"508 Napoleon Ave, Nashville, TN 37211, USA","Nashville, TN"
Pure Green,landscaping company,https://puregreenllc.com/?utm_source=gbp&utm_medium=organic&utm_campaign=gbp-listing&utm_content=nashville-branch,(844) 636-0941,"2409 Eugenia Ave, Nashville, TN 37211, USA","Nashville, TN"
Grasshopper Landscape Management - Grasshopper Design,landscaping company,http://www.grasshopperlm.com/,(615) 496-3248,"Hermitage, TN 37076, USA","Nashville, TN"
Ascension General Contractors,general contractor,http://agctn.com/?utm_source=google&utm_medium=organic&utm_content=main_button&utm_campaign=gmb,(615) 750-2345,"2322 Clifton Ave, Nashville, TN 37209, USA","Nashville, TN"
The Dan Company,general contractor,https://www.dancompany.net/,(615) 891-1572,"1148 Antioch Pike, Nashville, TN 37211, USA","Nashville, TN"
Nashville Construction Solutions,general contractor,https://www.nashvilleconstructionsolutions.com/,(931) 954-2836,"615 Main St Ste M20, Nashville, TN 37206, USA","Nashville, TN"
Construction Force LLC,general contractor,https://cforcellc.com/,(615) 968-1478,"444 Metroplex Dr Ste B-262, Nashville, TN 37211, USA","Nashville, TN"
Southern Belle,general contractor,https://www.sbcnashville.com/contact,(615) 815-7698,"600 N Sage Rd, White House, TN 37188, USA","Nashville, TN"
DWC Construction,general contractor,http://www.dwcbuilds.com/,(615) 259-3185,"2014 Gladstone Ave, Nashville, TN 37211, USA","Nashville, TN"
Veler & Co. General Contractor,general contractor,http://www.veler.co/,(615) 878-0543,"1221 Preston Dr, Nashville, TN 37206, USA","Nashville, TN"
The Kingston Group,general contractor,http://www.buildkg.com/?utm_source=GBP&utm_medium=organic&utm_campaign=office,(615) 750-3528,"4705 Alabama Ave, Nashville, TN 37209, USA","Nashville, TN"
URCovered Construction,general contractor,https://urcoveredconstruction.com/,(615) 242-1212,"5833 Nolensville Pk Unit O-109C, Nashville, TN 37211, USA","Nashville, TN"
"Commercial Industrial Construction, Inc.",general contractor,https://www.cictn.com/,(615) 781-9550,"101 Space Park S Dr, Nashville, TN 37211, USA","Nashville, TN"
Williamz Constructors LLC,general contractor,https://www.williamzconstructors.com/,(615) 219-9786,"1618 16th Ave S, Nashville, TN 37212, USA","Nashville, TN"
Endaz Construction & Roofing,general contractor,https://endaz.co/,(615) 997-7994,"4716 Vicar Dr, Nashville, TN 37211, USA","Nashville, TN"
R.C. Mathews Contractor,general contractor,http://rcmathews.com/,(615) 255-7561,"615 3rd Ave S, Nashville, TN 37210, USA","Nashville, TN"
Merrill Construction Group,general contractor,http://www.merrillconstructiongroup.com/,(615) 509-2011,"4515 Harding Pike Ste A #305, Nashville, TN 37205, USA","Nashville, TN"
Harvest Construction Co,general contractor,http://www.harvestconstructionllc.com/,(615) 292-5700,"630 Southgate Ave, Nashville, TN 37203, USA","Nashville, TN"
"Reliant Construction Group, LLC",general contractor,https://rcgnashville.com/,(615) 200-6217,"1015 Stockett Dr, Nashville, TN 37221, USA","Nashville, TN"
JE Dunn Construction,general contractor,https://www.jedunn.com/,(615) 726-2611,"1316 Adams St #330, Nashville, TN 37208, USA","Nashville, TN"
Artisan Build Construct,general contractor,https://www.artisanbuildconstruct.com/,(615) 988-1769,"935 E Trinity Ln, Nashville, TN 37206, USA","Nashville, TN"
"Contractors, Inc",general contractor,https://contractorsofnashville.com/,(615) 504-8900,"2001 Bungalow Dr, Thompson's Station, TN 37179, USA","Nashville, TN"
J.R. Industries- Nashville,general contractor,https://www.jrindustriesusa.com/,(615) 535-4902,"6339 Charlotte Pike D201, Nashville, TN 37209, USA","Nashville, TN"
Noble Design Contractors,general contractor,https://nobledesigncontractors.com/?utm_source=gbp&utm_medium=organic&utm_content=gbpinfo&utm_campaign=local,(615) 469-6877,"3728 Keystone Ave, Nashville, TN 37211, USA","Nashville, TN"
The Porch Company,general contractor,https://www.porchcompany.com/?utm_campaign=gmb,(615) 662-2886,"618 Vernon Ave, Nashville, TN 37209, USA","Nashville, TN"
Robinson Premier Contracting,general contractor,http://robinsonpremier.com/,(615) 678-5586,"445 Myatt Dr, Madison, TN 37115, USA","Nashville, TN"
Fears Construction Inc,general contractor,https://fearsconstructioninc.com/,(615) 870-2505,"8005 Church St E Ste 212, Brentwood, TN 37027, USA","Nashville, TN"
Burks and Company Inc.,general contractor,https://burksandcompanyinc.com/,(615) 474-8890,"1451 Elm Hill Pike, Nashville, TN 37210, USA","Nashville, TN"
BNG Remodel,general contractor,https://bngremodel.com/?utm_source=GMB&utm_medium=organic&utm_campaign=gmb_listing,(615) 857-3355,"413 Welshwood Dr Ste 315, Nashville, TN 37211, USA","Nashville, TN"
Grantham Builders | General Contractor & Custom Homes,general contractor,https://granthambuilderstn.com/,(615) 319-7580,"E Hwy 70, White Bluff, TN 37187, USA","Nashville, TN"
Jackson Builders,general contractor,http://jbgbuilt.com/,(615) 200-6218,"466 Craighead St, Nashville, TN 37204, USA","Nashville, TN"
Ochoa Co.,general contractor,http://ochoaco.com/,(615) 920-2307,"1313 Dickerson Pike, Nashville, TN 37207, USA","Nashville, TN"
Garner Construction,general contractor,http://garnertn.com/?utm_source=google&utm_medium=organic&utm_campaign=GMB,(615) 707-9428,"1835 Cainsville Rd, Lebanon, TN 37090, USA","Nashville, TN"
"Integrity Contracting Services, LLC",general contractor,http://facebook.com/constructwithintegrity,(615) 393-9377,"1049 Sweet Oak Ridge, Hendersonville, TN 37075, USA","Nashville, TN"
"MYCON General Contractors, Inc.",general contractor,https://mycon.com/,(615) 651-6949,"1401 5th Ave N, Nashville, TN 37208, USA","Nashville, TN"
A&A Construction and Remodeling general contractors.,general contractor,https://aandaconstruction2.wixsite.com/construction,(615) 423-3391,"1213 Antioch Pike, Nashville, TN 37211, USA","Nashville, TN"
R. Warren Construction Co,general contractor,https://warrenconstruction.com/,(615) 355-0353,"150 Mitchell Ave, Smyrna, TN 37167, USA","Nashville, TN"
Pine Construction,general contractor,http://www.pineconstruct.com/,(931) 627-4239,"3105 Ambrose Ave B, Nashville, TN 37216, USA","Nashville, TN"
"Kingdom Builders of Tennessee, LLC",general contractor,http://kingdombuilderstn.com/,(931) 996-3583,"605 Berry Rd, Nashville, TN 37204, USA","Nashville, TN"
Charter Construction Inc,general contractor,http://www.charterconstruction.com/,(615) 383-8464,"4504 Kentucky Ave, Nashville, TN 37209, USA","Nashville, TN"
"Red Oak Building Company, LLC",general contractor,http://redoakbc.com/,(615) 625-5203,"8114 Isabella Ln, Brentwood, TN 37027, USA","Nashville, TN"
TN Construction llc,general contractor,,(615) 975-3085,"1525 12th Ave N, Nashville, TN 37208, USA","Nashville, TN"
Allegheny Construction Specialties,general contractor,http://allconspec.com/,(615) 671-1700,"2909 Brick Church Pike, Nashville, TN 37207, USA","Nashville, TN"
Power Home Remodeling,general contractor,https://powerhrg.com/,(629) 777-8871,"1922 Old Murfreesboro Pike #200, Nashville, TN 37217, USA","Nashville, TN"
Eshelman Construction LLC,general contractor,http://eshelman-construction.com/,(615) 314-1544,"1326 4th Ave N, Nashville, TN 37208, USA","Nashville, TN"
"Crane Builders, LLC",general contractor,https://www.cranebuilders.com/,(615) 383-0300,"2931 Berry Hill Dr #200, Berry Hill, TN 37204, USA","Nashville, TN"
Improveit Home Remodeling,general contractor,https://www.improveitusa.com/,(629) 262-0467,"701 Hill Ave, Nashville, TN 37210, USA","Nashville, TN"
"Trace Ventures Holdings, LLC",general contractor,https://traceventures.com/?utm_source=google&utm_medium=organic&utm_campaign=google_my_business&utm_id=trace-ventures,(615) 292-7354,"1900 Church St Suite 511, Nashville, TN 37203, USA","Nashville, TN"
Skyline Manufacturing Corporation,manufacturing company,http://www.skylinemfg.com/,(615) 321-3330,"3802 Charlotte Ave, Nashville, TN 37209, USA","Nashville, TN"
Southern Manufacturing Company,manufacturing company,,(615) 801-8312,"630 Space Park S Dr, Nashville, TN 37211, USA","Nashville, TN"
Rogers Manufacturing Co Inc,manufacturing company,http://rogersdumpbodies.com/,(615) 244-9720,"110 Transit Ave, Nashville, TN 37210, USA","Nashville, TN"
Nashville Display Manufacturing Company,manufacturing company,http://www.nashvilledisplay.com/,(615) 743-2900,"306 Hartmann Dr, Lebanon, TN 37087, USA","Nashville, TN"
Snell Manufacturing,manufacturing company,http://snellmanufacturing.com/,(615) 682-3412,"209 10th Ave S Ste 560 office 54, Nashville, TN 37203, USA","Nashville, TN"
Sattler Manufacturing,manufacturing company,http://www.sattlermanufacturing.com/,(615) 832-7832,"439 McNally Dr, Nashville, TN 37211, USA","Nashville, TN"
Plastic Supply & Manufacturing Co Inc,manufacturing company,https://www.nashvilleplastic.com/Store,(615) 254-5725,"1319 Lewis St, Nashville, TN 37210, USA","Nashville, TN"
Tencarva Machinery Company,manufacturing company,http://www.tencarva.com/tencarva-locations/tennessee/tennessee-nashville/,(615) 742-3101,"2937 Kraft Dr, Nashville, TN 37204, USA","Nashville, TN"
"Wise Manufacturing, Inc.",manufacturing company,http://www.wisemanufacturing.com/,(615) 847-2919,"635 Old Hickory Blvd, Old Hickory, TN 37138, USA","Nashville, TN"
Berry Global,manufacturing company,https://www.magnera.com/,(615) 833-1572,"463 Harding Industrial Dr, Nashville, TN 37211, USA","Nashville, TN"
Hexagon Manufacturing Intelligence,manufacturing company,https://www.hexagonmi.com/,(615) 331-0800,"624 Grassmere Park, Nashville, TN 37211, USA","Nashville, TN"
"Colbert Manufacturing Company, Inc.",manufacturing company,http://www.colbertmfg.com/,(615) 793-9441,"107 Dick Buchanan St A-F, La Vergne, TN 37086, USA","Nashville, TN"
ISOFlex PACKAGING OF THE SIGMA PLASTICS GROUP,manufacturing company,https://www.isoflexpackaging.com/,(864) 724-8400,"1105 Visco Dr, Nashville, TN 37210, USA","Nashville, TN"
Eagle Manufacturing Co,manufacturing company,http://eaglemfgco.com/,(615) 244-3366,"211 Ellery Ct, Nashville, TN 37214, USA","Nashville, TN"
Quanta Manufacturing Nashville SAKS,manufacturing company,,,"177 Industrial Blvd, La Vergne, TN 37086, USA","Nashville, TN"
Valley Manufacturing Co Inc,manufacturing company,http://www.valleymfgco.com/,(615) 791-0006,"104 Beta Dr, Franklin, TN 37064, USA","Nashville, TN"
Advanced Plastics Inc,manufacturing company,http://www.advanced-plastics.com/,(615) 350-6500,"7360 Cockrill Bend Blvd, Nashville, TN 37209, USA","Nashville, TN"
Regal Plastic Supply Company,manufacturing company,http://www.regalplastic.com/,(615) 242-4800,"1055 Elm Hill Pike, Nashville, TN 37210, USA","Nashville, TN"
"Thermal Solutions Manufacturing, Inc.",manufacturing company,http://www.thermalsolutionsmfg.com/,(800) 359-9186,"555 Marriott Dr, Nashville, TN 37214, USA","Nashville, TN"
Orison Manufacturing Company,manufacturing company,https://www.orisonmfg.com/,(615) 643-2244,"111 S.C.T Dr, White House, TN 37188, USA","Nashville, TN"
Novus Manufacturing Solutions,manufacturing company,http://novustn.com/,(615) 667-0400,"427 N Front St, Murfreesboro, TN 37130, USA","Nashville, TN"
"JCD Manufacturing,Inc.",manufacturing company,http://www.jcdmfg.com/,(615) 833-8334,"1410 Donelson Pike # A10, Nashville, TN 37217, USA","Nashville, TN"
Elk Brand Manufacturing Co,manufacturing company,http://www.elkbrand.com/,(615) 254-4300,"1601 County Hospital Rd, Nashville, TN 37218, USA","Nashville, TN"
Ratermann Manufacturing,manufacturing company,,(615) 262-0117,"566 Brick Church Park Dr, Nashville, TN 37207, USA","Nashville, TN"
"Structural Bolt and Manufacturing, Inc.",manufacturing company,http://www.structuralbolt.com/,(800) 423-1730,"1004 3rd Ave S, Nashville, TN 37210, USA","Nashville, TN"
Nashville Wire Products - Engineered Components,manufacturing company,https://www.nashvillewire.com/,(615) 743-2460,"295 Driftwood St, Nashville, TN 37210, USA","Nashville, TN"
Chairmans Foods LLC,manufacturing company,http://www.chairmansfoods.com/,(615) 231-4315,"1725 Elm Hill Pike, Nashville, TN 37210, USA","Nashville, TN"
3M Co,manufacturing company,https://www.3m.com/3M/en_US/p/,(615) 377-0741,"5115 Maryland Way Ste 300, Brentwood, TN 37027, USA","Nashville, TN"
Mid-South Wire Products Inc.,manufacturing company,http://www.midsouthwire.com/,(615) 743-2850,"1070 Visco Dr, Nashville, TN 37210, USA","Nashville, TN"
"Loftis Steel & Aluminum, Inc.",manufacturing company,http://www.loftissteel.com/,(615) 463-9191,"1111 Foster Ave, Nashville, TN 37210, USA","Nashville, TN"
Nashville Chemical,manufacturing company,https://www.duboischemicals.com/,(615) 350-7070,"7342 Cockrill Bend Blvd, Nashville, TN 37209, USA","Nashville, TN"
Falcon Fabricators Nashville,manufacturing company,http://www.falconnashville.com/,(615) 832-0027,"422 Allied Dr, Nashville, TN 37211, USA","Nashville, TN"
TN Manufacturing Group,manufacturing company,http://www.trimtek-mfg.com/,(931) 243-3196,"124 Cordell Hull Dr, Celina, TN 38551, USA","Nashville, TN"
Dream Systems (Technologies),manufacturing company,,(615) 242-8424,"1033 Demonbreun St #300, Nashville, TN 37201, USA","Nashville, TN"
Integrated Manufacturing Systems,manufacturing company,,(615) 325-7775,"306 E Longview Dr, Portland, TN 37148, USA","Nashville, TN"
Nashville Wire Products - Material Handling Division,manufacturing company,https://www.nashvillewire.com/,(615) 743-2600,"1604 County Hospital Rd, Nashville, TN 37218, USA","Nashville, TN"
Columbia Plant - Milliken & Company,manufacturing company,http://autovation.milliken.com/,(931) 388-4551,"801 N James Campbell Blvd, Columbia, TN 38401, USA","Nashville, TN"
Nashville Sheet Metal,manufacturing company,http://nashvillesheetmetal.com/,(615) 255-9152,"104 Powell Pl, Nashville, TN 37204, USA","Nashville, TN"
Ovyl,manufacturing company,https://ovyl.io/,(615) 930-1206,"1101 Kermit Dr Ste 715, Nashville, TN 37217, USA","Nashville, TN"
Martin Sprocket & Gear - Nashville Branch,manufacturing company,https://www.martinsprocket.com/,(615) 871-4730,"732 Massman Dr, Nashville, TN 37210, USA","Nashville, TN"
"Pratt Industries(Laverne,TN)",manufacturing company,https://www.prattindustries.com/,(615) 793-8110,"320 Tech Park Dr #600, La Vergne, TN 37086, USA","Nashville, TN"
ACE Machine & Metal Fab Co,manufacturing company,https://acemachine.net/,(615) 361-7548,"629 Cornelia Ct, Nashville, TN 37217, USA","Nashville, TN"
"Millwood, Inc. (Nashville) – Pallet Manufacturing Facility",manufacturing company,https://www.millwoodinc.com/locations/nashville-tennessee/,(615) 650-8474,"412 Brick Church Park Dr, Nashville, TN 37207, USA","Nashville, TN"
Berry Global,manufacturing company,http://www.berryglobal.com/,(615) 847-7001,"70 Old Hickory Blvd, Old Hickory, TN 37138, USA","Nashville, TN"
Cooper Steel Fabricators,manufacturing company,https://www.coopersteel.com/,(615) 321-5222,"1005 17th Ave S Ste 300, Nashville, TN 37212, USA","Nashville, TN"
United Electronics Inc,manufacturing company,http://www.unitedelectronicsinc.com/contact.html,(615) 928-1889,"UBS Tower, 315 Deaderick St, Nashville, TN 37238, USA","Nashville, TN"
Hayward Industries,manufacturing company,https://www.hayward-pool.com/,(615) 255-3111,"2935 Sidco Dr, Nashville, TN 37204, USA","Nashville, TN"
J&M manufacturing LLC,manufacturing company,,(615) 418-7626,"210 Industrial Dr, Mt. Juliet, TN 37122, USA","Nashville, TN"
Teknia Nashville,manufacturing company,http://www.tekniagroup.com/,(615) 754-6600,"94 Belinda Pkwy, Mt. Juliet, TN 37122, USA","Nashville, TN"
Innophos,manufacturing company,https://www.innophos.com/,(615) 269-3414,"4600 Centennial Blvd, Nashville, TN 37209, USA","Nashville, TN"
Quanta Manufacturing Nashville Headquarters,manufacturing company,,,"1621 Heil Quaker Blvd, La Vergne, TN 37086, USA","Nashville, TN"
BlueBay Automation,manufacturing company,https://www.bluebayautomation.com/,(615) 523-9987,"1400 Donelson Pike Ste b-14, Nashville, TN 37217, USA","Nashville, TN"
South Star Molding & Supply,manufacturing company,https://southstar.net/,(615) 333-0166,"413 Harding Industrial Dr, Nashville, TN 37211, USA","Nashville, TN"
"Stringfellow, Inc. - Nashville, Tennessee",manufacturing company,http://www.stringfellow.bz/,(615) 226-4900,"2710 Locust St, Nashville, TN 37207, USA","Nashville, TN"
"Kloeckner Metals Nashville (American Fabricators, Inc.)",manufacturing company,https://www.kloecknermetals.com/branches/nashville/,(615) 834-8700,"14905 Central Pike, Lebanon, TN 37090, USA","Nashville, TN"
GAF,manufacturing company,http://www.gaf.com/,(615) 259-5000,"970 Fiber Glass Rd, Nashville, TN 37210, USA","Nashville, TN"
W E Stephens Manufacturing Co,manufacturing company,http://www.westephens.com/,(615) 255-1278,"1515 County Hospital Rd, Nashville, TN 37218, USA","Nashville, TN"
"Advanced Composites, Inc.",manufacturing company,https://www.advcmp.com/,(615) 244-8994,"4081 Powell Ave, Nashville, TN 37204, USA","Nashville, TN"
Hamilton Machine Co.,manufacturing company,https://www.hamiltonmachine.com/,(615) 254-8819,"464 Woodycrest Ave, Nashville, TN 37210, USA","Nashville, TN"
Cargill,manufacturing company,https://www.smithfieldfoods.com/,(615) 256-4996,"2621 Eugenia Ave, Nashville, TN 37211, USA","Nashville, TN"
"Results Physiotherapy Nashville, Tennessee - Pelvic Health Clinic",physical therapy clinic,https://www.resultspt.com/nashville-tennessee-pelvic-health-specialty-clinic?utm_source=google&utm_medium=organic&utm_campaign=gmb,(615) 656-0530,"1919 Charlotte Ave Suite #520, Nashville, TN 37203, USA","Nashville, TN"
Nashville Physical Therapy & Performance - Brentwood,physical therapy clinic,https://www.nashvillephysicaltherapy.com/,(615) 428-9213,"15115 Old Hickory Blvd Ste C Suite C, Nashville, TN 37211, USA","Nashville, TN"
Vanderbilt Physical Medicine and Rehabilitation Nashville,physical therapy clinic,https://vanderbilthealth.com/locations/vanderbilt-physical-medicine-and-rehabilitation-nashville?utm_source=Yext,(615) 322-0738,"2201 Children's Way Suite 1221, Nashville, TN 37212, USA","Nashville, TN"
Nashville Physical Therapy & Performance - West Nashville,physical therapy clinic,http://www.nashvillept.com/,(615) 428-9213,"803 51st Ave N, Nashville, TN 37209, USA","Nashville, TN"
"STAR Physical Therapy Nashville, Tennessee - Green Hills",physical therapy clinic,https://starpt.com/clinic/star-physical-therapy-nashville-tn-green-hills/,(615) 383-0338,"2002 Richard Jones Rd 201 A, Nashville, TN 37215, USA","Nashville, TN"
"Results Physiotherapy Nashville, Tennessee - Greenwood",physical therapy clinic,https://www.resultspt.com/nashville-tennessee-east?utm_source=google&utm_medium=organic&utm_campaign=gmb,(629) 777-1520,"921 Gallatin Ave Suite #102, Nashville, TN 37206, USA","Nashville, TN"
"Results Physiotherapy Nashville, Tennessee - Parkview",physical therapy clinic,https://www.resultspt.com/nashville-tennessee-parkview?utm_source=google&utm_medium=organic&utm_campaign=gmb,(615) 321-3215,"210 25th Ave N Suite #520, Nashville, TN 37203, USA","Nashville, TN"
Nashville Physical Therapy & Performance - East Nashville,physical therapy clinic,https://www.nashvillephysicaltherapy.com/,(615) 428-9213,"801 Woodland St, Nashville, TN 37206, USA","Nashville, TN"
"STAR Physical Therapy Nashville, Tennessee - East Nashville",physical therapy clinic,https://starpt.com/clinic/star-physical-therapy-nashville-tn-east/,(615) 227-3431,"3610 Gallatin Pike, Nashville, TN 37216, USA","Nashville, TN"
"Results Physiotherapy Nashville, Tennessee - Midtown Specialty Rehab",physical therapy clinic,https://www.resultspt.com/nashville-tennessee-midtown?utm_source=google&utm_medium=organic&utm_campaign=gmb,(615) 284-7555,"2011 Murphy Ave Ste 605, Nashville, TN 37203, USA","Nashville, TN"
Vanderbilt Rehabilitation Therapy One Hundred Oaks,physical therapy clinic,https://vanderbilthealth.com/locations/vanderbilt-rehabilitation-therapy-one-hundred-oaks?utm_source=Yext,(615) 343-9284,"719 Thompson Ln Ste 31, Nashville, TN 37204, USA","Nashville, TN"
"STAR Physical Therapy Nashville, Tennessee - Patterson Street",physical therapy clinic,https://starpt.com/clinic/star-physical-therapy-nashville-tn-patterson-street/,(615) 321-5994,"1916 Patterson St #101, Nashville, TN 37203, USA","Nashville, TN"
Be Ready Performance Therapy - Nashville,physical therapy clinic,https://bereadypt.com/,(615) 617-4942,"209 Mcmillin St, Nashville, TN 37203, USA","Nashville, TN"
"Results Physiotherapy Nashville, Tennessee - Midtown Spine and Ortho",physical therapy clinic,https://www.resultspt.com/nashville-tennessee-midtown-ortho-and-spine?utm_source=google&utm_medium=organic&utm_campaign=gmb,(615) 988-4433,"2011 Murphy Ave #600, Nashville, TN 37203, USA","Nashville, TN"
X3 Performance & Physical Therapy - Nashville,physical therapy clinic,http://www.x3ppt.com/,(615) 988-4550,"11 Vaughns Gap Rd, Nashville, TN 37205, USA","Nashville, TN"
Wolfe PT,physical therapy clinic,http://www.wolfept.com/,(615) 979-4754,"636 Grassmere Park Ste 120, Nashville, TN 37211, USA","Nashville, TN"
Vanderbilt Dayani Center,physical therapy clinic,https://vanderbilthealth.com/locations/vanderbilt-dayani-center?utm_source=Yext,(615) 322-4751,"1500 Medical Center Dr, Nashville, TN 37232, USA","Nashville, TN"
"Results Physiotherapy Nashville, Tennessee - West",physical therapy clinic,https://www.resultspt.com/nashville-tennessee-west?utm_source=google&utm_medium=organic&utm_campaign=gmb,(615) 356-0710,"6816 Charlotte Pike Suite #103, Nashville, TN 37209, USA","Nashville, TN"
The Shop Physical Therapy and Performance,physical therapy clinic,http://theshoppt.com/,(812) 686-7782,"114 George L Davis Blvd, Nashville, TN 37203, USA","Nashville, TN"
EVO Performance Therapy,physical therapy clinic,https://www.evoperformancetherapy.com/,(615) 266-5599,"1014 4th Ave S, Nashville, TN 37210, USA","Nashville, TN"
"STAR Physical Therapy Nashville, Tennessee - Donelson",physical therapy clinic,https://starpt.com/clinic/star-physical-therapy-nashville-tn-donelson/,(615) 690-9760,"2306 Lebanon Pike, Nashville, TN 37214, USA","Nashville, TN"
"Results Physiotherapy Nashville, Tennessee - Green Hills North",physical therapy clinic,https://www.resultspt.com/nashville-tennessee-green-hills-north?utm_source=google&utm_medium=organic&utm_campaign=gmb,(615) 942-9050,"2325 Crestmoor Rd Ste P1, Nashville, TN 37215, USA","Nashville, TN"
MPOWER Physical Therapy,physical therapy clinic,https://www.mpowermd.com/,(615) 815-3777,"2004 Hayes St Ste 110, Nashville, TN 37203, USA","Nashville, TN"
Elite Sports Medicine + Orthopedics,physical therapy clinic,https://www.eliteorthopaedic.com/,(615) 324-1600,"2004 Hayes St Ste 200, Nashville, TN 37203, USA","Nashville, TN"
"STAR Physical Therapy Nashville, Tennessee - White Bridge Road",physical therapy clinic,https://starpt.com/clinic/star-physical-therapy-nashville-white-bridge-rd/,(615) 356-9935,"28 White Bridge Rd #206, Nashville, TN 37205, USA","Nashville, TN"
"Results Physiotherapy Nashville, Tennessee - AST West Specialty Rehab",physical therapy clinic,https://www.resultspt.com/nashville-tennessee-ascension-saint-thomas-hospital-west?utm_source=google&utm_medium=organic&utm_campaign=gmb,(615) 292-1253,"4230 Harding Pike Ste 900A, Nashville, TN 37205, USA","Nashville, TN"
"Results Physiotherapy Nashville, Tennessee - South",physical therapy clinic,https://www.resultspt.com/nashville-tennessee-south?utm_source=google&utm_medium=organic&utm_campaign=gmb,(615) 333-9828,"4909 Nolensville Rd, Nashville, TN 37211, USA","Nashville, TN"
"Results Physiotherapy Nashville, Tennessee - Belle Meade",physical therapy clinic,https://www.resultspt.com/nashville-tennessee-belle-meade?utm_source=google&utm_medium=organic&utm_campaign=gmb,(615) 988-8244,"4322 Harding Pike #103, Nashville, TN 37205, USA","Nashville, TN"
"Results Physiotherapy Nashville, Tennessee - Inglewood",physical therapy clinic,https://www.resultspt.com/nashville-tennessee-inglewood?utm_source=google&utm_medium=organic&utm_campaign=gmb,(629) 702-3164,"3306B Gallatin Pike, Nashville, TN 37216, USA","Nashville, TN"
"Results Physiotherapy Nashville, Tennessee - Downtown YMCA",physical therapy clinic,https://www.resultspt.com/nashville-tennessee-downtown-ymca?utm_source=google&utm_medium=organic&utm_campaign=gmb,(615) 284-7055,"1000 Church St Ste 545, Nashville, TN 37203, USA","Nashville, TN"
Onward Physical Therapy,physical therapy clinic,https://onwardphysicaltherapy.com/middletn/,(629) 206-5877,"6117 Centennial Blvd Ste 3, Nashville, TN 37209, USA","Nashville, TN"
"STAR Physical Therapy Nashville, Tennessee - South",physical therapy clinic,https://starpt.com/clinic/star-physical-therapy-nashville-tn-south/,(615) 831-1710,"5431 Edmondson Pike #20, Nashville, TN 37211, USA","Nashville, TN"
"Results Physiotherapy Nashville, Tennessee - Lenox Village",physical therapy clinic,https://www.resultspt.com/nashville-tennessee-lenox-village?utm_source=google&utm_medium=organic&utm_campaign=gmb,(615) 445-4120,"6130 Nolensville Pk, Nashville, TN 37211, USA","Nashville, TN"
Ascension Saint Thomas Rehabilitation Hospital,physical therapy clinic,https://healthcare.ascension.org/locations/tennessee/tnnas/nashville-ascension-saint-thomas-hospital-midtown/departments/rehabilitation-hospital?utm_campaign=gmb&utm_medium=organic-search&utm_content=location-listing&utm_source=local,(629) 253-5300,"310 21st Ave N, Nashville, TN 37203, USA","Nashville, TN"
Vanderbilt Rehabilitation Therapy Belle Meade,physical therapy clinic,https://vanderbilthealth.com/locations/vanderbilt-rehabilitation-therapy-belle-meade?utm_source=Yext,(615) 343-9284,"6002 TN-100, Nashville, TN 37205, USA","Nashville, TN"
"Results Physiotherapy Nashville, Tennessee - Bellevue Harpeth Village",physical therapy clinic,https://www.resultspt.com/nashville-tennessee-bellevue-harpeth-village?utm_source=google&utm_medium=organic&utm_campaign=gmb,(615) 994-1867,"8006 TN-100, Nashville, TN 37221, USA","Nashville, TN"
Saint Thomas Outpatient Rehabilitation,physical therapy clinic,,(615) 284-7055,"1000 Church St, Nashville, TN 37203, USA","Nashville, TN"
"Results Physiotherapy Nashville, Tennessee - One Bellevue Place",physical therapy clinic,https://www.resultspt.com/bellevue-tennessee?utm_source=google&utm_medium=organic&utm_campaign=gmb,(615) 636-8132,"7614 Hwy 70 S #603, Nashville, TN 37221, USA","Nashville, TN"
BenchMark Physical Therapy,physical therapy clinic,https://www.resultspt.com/locations/nashville-west-hill-park/?utm_source=google&utm_medium=organic&utm_campaign=gmb,(615) 942-7783,"6736 Charlotte Pike Ste 102, Nashville, TN 37209, USA","Nashville, TN"
Nashville Center for Rehabilitation & Healing,physical therapy clinic,https://nashvillecenterrehab.com/,(615) 806-8800,"832 Wedgewood Ave, Nashville, TN 37203, USA","Nashville, TN"
Advanced Physical Therapy & Rehab,physical therapy clinic,http://www.advancedptrehab.com/,(615) 712-6526,"392 Harding Pl Ste 103, Nashville, TN 37211, USA","Nashville, TN"
"Results Physiotherapy Nashville, Tennessee - Green Hills South",physical therapy clinic,https://www.resultspt.com/nashville-tennessee-green-hills?utm_source=google&utm_medium=organic&utm_campaign=gmb,(615) 385-2201,"4027 Hillsboro Pike Suite #801, Nashville, TN 37215, USA","Nashville, TN"
Nashville Pelvic Health,physical therapy clinic,http://www.nashvillepelvichealth.com/,(615) 947-6360,"329 21st Ave N Ste 4, Nashville, TN 37203, USA","Nashville, TN"
"Results Physiotherapy Nashville, Tennessee - Melrose",physical therapy clinic,https://www.resultspt.com/melrose?utm_source=google&utm_medium=organic&utm_campaign=gmb,(615) 283-9009,"2659 8th Ave S Ste 220, Nashville, TN 37204, USA","Nashville, TN"
"Results Physiotherapy Antioch, Tennessee - Hickory Hollow",physical therapy clinic,https://www.resultspt.com/antioch-tennessee-hickory-hollow?utm_source=google&utm_medium=organic&utm_campaign=gmb,(615) 717-6262,"889B Bell Rd Ste A-7A, Antioch, TN 37013, USA","Nashville, TN"
OrthoPelvic PT of Nashville,physical therapy clinic,https://www.orthopelvictherapy.com/,(615) 499-6682,"4711 Trousdale Dr #128, Nashville, TN 37220, USA","Nashville, TN"
Premier Physical Therapy Consulting,physical therapy clinic,,(270) 305-1669,"WEHO neighborhood, Nashville, TN 37203, USA","Nashville, TN"
MPOWER Physical Therapy,physical therapy clinic,https://www.mpowermd.com/,(615) 815-3799,"2001 Woodmont Blvd, Nashville, TN 37215, USA","Nashville, TN"
Manual Therapy of Nashville,physical therapy clinic,,(615) 953-0015,"95 White Bridge Rd, Nashville, TN 37205, USA","Nashville, TN"
P3: Precision Physical Therapy & Pilates,physical therapy clinic,http://www.p3nashville.com/,(615) 891-4037,"3415 West End Ave Ste 101G, Nashville, TN 37203, USA","Nashville, TN"
Performance Therapy Institute - Brentwood Physical Therapist | Injury & Pain PT,physical therapy clinic,https://www.performnashville.com/,(615) 697-4141,"1646 Westgate Cir Ste 106, Brentwood, TN 37027, USA","Nashville, TN"
Onward Physical Therapy,physical therapy clinic,https://onwardphysicaltherapy.com/middletn/,(629) 206-5877,"1329 6th Ave N, Nashville, TN 37208, USA","Nashville, TN"
Performance Therapy Institute - Nashville Physical Therapist | Back & Shoulder Pain,physical therapy clinic,https://performnashville.com/,(615) 285-4088,"1912 Charlotte Ave, Nashville, TN 37203, USA","Nashville, TN"
"Results Physiotherapy Brentwood, Tennessee - South",physical therapy clinic,https://www.resultspt.com/brentwood-tennessee-south?utm_source=google&utm_medium=organic&utm_campaign=gmb,(629) 888-4981,"500 Wilson Pike Cir Ste 200, Brentwood, TN 37027, USA","Nashville, TN"
VUMC Physical Medicine and Rehabilitation,physical therapy clinic,https://www.vanderbilthealth.com/service-line/physical-medicine-and-rehabilitation#physicians,(615) 322-0738,"2201 Children's Way, Nashville, TN 37232, USA","Nashville, TN"
FYZICAL Therapy & Balance Centers - Hermitage North,physical therapy clinic,https://www.fyzical.com/hermitage-north-tn,(615) 623-9733,"4694 Lebanon Pike, Hermitage, TN 37076, USA","Nashville, TN"
Ume Wellness,physical therapy clinic,https://umewellness.com/,(615) 813-6402,"830 W McKennie Ave, Nashville, TN 37206, USA","Nashville, TN"
FIT IN MOTION Physical Therapy,physical therapy clinic,https://fitinmotion.us/,(615) 653-0063,"4928 Edmondson Pike #201, Nashville, TN 37211, USA","Nashville, TN"
"Results Physiotherapy Nashville, Tennessee - Antioch East",physical therapy clinic,https://www.resultspt.com/nashville-tennessee-antioch?utm_source=google&utm_medium=organic&utm_campaign=gmb,(629) 888-5170,"3754 Murfreesboro Pike, Antioch, TN 37013, USA","Nashville, TN"
Wild Iris Physical Therapy,physical therapy clinic,http://www.wildirispt.com/,,"4515 Harding Pike #101, Nashville, TN 37205, USA","Nashville, TN"
