name,category,website,phone,address,city
Air Tech of Houston AC & Plumbing,HVAC company,https://www.airtechofhouston.com/locations/houston-tx/?utm_source=google-gbp&utm_medium=organic&utm_campaign=*19*air-tech-houston,(832) 680-5546,"2114 Lou Ellen Ln, Houston, TX 77018, USA","Houston, TX"
Mission Air Conditioning & Plumbing,HVAC company,https://www.missionac.com/locations/houston-tx/?utm_source=google&utm_medium=organic&utm_campaign=gbp,(281) 985-5133,"1630 Elmview Dr, Houston, TX 77080, USA","Houston, TX"
"All Star A/C, Plumbing & Electrical",HVAC company,https://allstarairtexas.com/,(713) 842-9532,"9418 Mills Rd, Houston, TX 77070, USA","Houston, TX"
Bellaire Air Conditioning,HVAC company,https://www.bellaireair.com/,(713) 428-2279,"5414 Ashbrook Dr, Houston, TX 77081, USA","Houston, TX"
The Lee Thompson Co,HVAC company,https://www.leethompsonac.com/,(713) 869-9895,"1718 Elmview Dr, Houston, TX 77080, USA","Houston, TX"
One Hour Air Conditioning & Heating® of Houston,HVAC company,https://www.onehourheatandair.com/houston/?utm_source=organic&utm_medium=GBP&utm_campaign=gbp_main,(281) 407-9754,"4455 W Sam Houston Pkwy N, Houston, TX 77041, USA","Houston, TX"
Houston HVAC,HVAC company,http://www.callhoustonhvac.com/,(346) 772-7120,"7629 Elm St, Houston, TX 77023, USA","Houston, TX"
"All American AC & Heating, LLC.",HVAC company,https://allamericanacandheat.com/,(281) 968-4505,"17430 W Little York Rd Ste h, Houston, TX 77084, USA","Houston, TX"
Uptown Heating & Air Conditioning,HVAC company,https://www.uptownac.com/,(832) 709-0236,"11211 Richmond Ave Ste B102, Houston, TX 77082, USA","Houston, TX"
Royal Air Houston,HVAC company,https://www.royalairhouston.com/,(832) 334-5959,"12519 FM 529, Houston, TX 77041, USA","Houston, TX"
Cool Care Heating and Air Conditioning,HVAC company,https://www.coolcareac.com/?utm_source=gbp&utm_medium=organic,(713) 979-5132,"2015 Bauer Dr, Houston, TX 77080, USA","Houston, TX"
Ace Comfort Air Conditioning & Heating,HVAC company,http://www.acecomfort-tx.com/,(281) 658-5141,"601 Milwaukee St, Houston, TX 77009, USA","Houston, TX"
Air Star Now,HVAC company,https://www.airstarnow.com/?utm_source=google&utm_medium=organic&utm_campaign=gbp-listing,(713) 929-9595,"6607 Flintlock Rd, Houston, TX 77040, USA","Houston, TX"
H-Town AC Repair HVAC services Houston,HVAC company,https://htownacrepair.com/,(832) 404-2062,"4243 Purdue St A, Houston, TX 77005, USA","Houston, TX"
Baker-Jones Co. Inc,HVAC company,http://baker-jones.com/,(713) 529-3418,"6314 St Augustine St, Houston, TX 77021, USA","Houston, TX"
Excel Air,HVAC company,http://www.excelairconditioning.com/,(713) 300-2803,"6125 W Sam Houston Pkwy N Ste 301, Houston, TX 77041, USA","Houston, TX"
Courtesy Air Conditioning & Heating,HVAC company,http://www.courtesyaconline.com/,(281) 496-9450,"1950 Eldridge Pkwy, Houston, TX 77077, USA","Houston, TX"
75 Degree AC- Houston,HVAC company,https://75degreeac.com/?utm_source=google-gbp&utm_medium=gbp&utm_campaign=75degreeac-houston,(713) 598-2737,"4800 W 34th St C50F, Houston, TX 77092, USA","Houston, TX"
Airtron Heating & Air Conditioning,HVAC company,https://airtron.com/houston/?utm_source=gmb&utm_medium=gmb-organic&utm_campaign=gmb-houston,(281) 406-3331,"16225 Tomball Pkwy Bldg B, Houston, TX 77064, USA","Houston, TX"
Smart Air,HVAC company,https://www.houstonsmartair.com/,(281) 809-6444,"12455 Westpark Dr Unit G3, Houston, TX 77082, USA","Houston, TX"
Ethan Clark Air Conditioning,HVAC company,http://www.ethanclark.com/,(713) 236-1119,"1320 Rothwell St, Houston, TX 77002, USA","Houston, TX"
"Master AC and Heat, LLC- The Heights",HVAC company,http://masteracandheat.com/,(713) 750-9769,"2607 North Fwy, Houston, TX 77009, USA","Houston, TX"
Champion and Nash,HVAC company,http://championandnash.com/,(713) 360-0564,"19339 Ella Blvd, Spring, TX 77388, USA","Houston, TX"
"Village Plumbing, Air & Electric",HVAC company,https://villageplumbing.com/?utm_source=google&utm_medium=gmb&utm_campaign=Google%20Business%20Profile,(281) 344-2270,"10644 W Little York Rd #200, Houston, TX 77041, USA","Houston, TX"
Air Tech of Humble - Elite Comfort,HVAC company,https://www.airtechofhumble.com/locations/humble-tx/?utm_source=google-gbp&utm_medium=organic&utm_campaign=*20*air-tech-humble,(346) 236-1240,"1710 1st St E, Humble, TX 77338, USA","Houston, TX"
Aire Serv of Central & West Houston,HVAC company,https://aireserv.com/central-west-houston/?cid=LSTL_ASV-US000187&utm_source=gmb&utm_campaign=local&utm_medium=organic,(832) 432-7888,"3100 Weslayan St Ste 232, Houston, TX 77027, USA","Houston, TX"
Revolution Air,HVAC company,http://www.revairtx.com/,(713) 213-4966,"1300 W 19th St #7827, Houston, TX 77008, USA","Houston, TX"
Vibrant Mechanical,HVAC company,https://vibrantmechanical.com/,(281) 436-9758,"3101 San Jacinto St, Houston, TX 77004, USA","Houston, TX"
"Air Current AC & Heat, LLC",HVAC company,https://www.aircurrenthouston.com/,(713) 459-2971,"8703 Bonhomme Rd, Houston, TX 77074, USA","Houston, TX"
Houk Air Conditioning Houston,HVAC company,https://houkac.com/service-areas/houston/?utm_source=gbp&utm_medium=organic,(409) 345-3244,"18720 Intercontinental Crossing Dr, Houston, TX 77032, USA","Houston, TX"
American Pro AC,HVAC company,https://www.americanproac.com/?utm_source=google&utm_medium=gmb-houston,(713) 499-0175,"3418 Hwy 6, Houston, TX 77082, USA","Houston, TX"
Air Specialist Air Conditioning & Plumbing,HVAC company,https://www.airspecialist.com/?utm_source=Google&utm_medium=GBP&utm_campaign=Organic_GBP_Air_Specialist,(713) 469-3443,"1323 N Main St, Pearland, TX 77581, USA","Houston, TX"
"Abacus Plumbing, Air Conditioning, & Electrical",HVAC company,https://www.abacusplumbing.net/?utm_campaign=gmb_ab-hou_home_everyone_gmb-houston&utm_medium=gmb&utm_source=google,(713) 812-7070,"4001 Kendrick Plaza Dr, Houston, TX 77032, USA","Houston, TX"
Nick's Plumbing & Air Conditioning,HVAC company,https://www.nicksplumbing.com/,(713) 868-9907,"3780 Yale St, Houston, TX 77018, USA","Houston, TX"
"Bayou City Aire, LLC",HVAC company,http://www.bayoucityac.com/,(713) 568-9437,"1205 North Loop, Houston, TX 77022, USA","Houston, TX"
Marcos' AC & Heating Services,HVAC company,https://marcosac.com/,(346) 266-1769,"1645 Brittmoore Rd, Houston, TX 77043, USA","Houston, TX"
Houston HVAC Express,HVAC company,http://www.houstonhvacexpress.com/,(832) 883-7474,"6511 Corporate Dr, Houston, TX 77036, USA","Houston, TX"
Service Experts Houston,HVAC company,https://www.serviceexperts.com/houston-tx/?utm_source=gbp&utm_medium=organic&utm_campaign=brand,(713) 722-5000,"4250 N Sam Houston Pkwy E Ste 130, Houston, TX 77032, USA","Houston, TX"
ASAP AIR A/C and Heating,HVAC company,https://www.asapairhoustonac.com/,(713) 862-1775,"1009 Aurora St, Houston, TX 77009, USA","Houston, TX"
Punbar Air,HVAC company,https://www.punbarair.com/,(832) 736-4432,"14610 Tivoli Dr, Houston, TX 77077, USA","Houston, TX"
Universal Home Experts,HVAC company,https://www.universalhomeexperts.com/?utm_source=GMB&utm_medium=organic&utm_campaign=houston,(832) 345-1660,"9326 Kay Ln, Houston, TX 77064, USA","Houston, TX"
John Moore Services,HVAC company,http://www.johnmooreservices.com/,(713) 853-9881,"10005 W Sam Houston Pkwy N, Houston, TX 77064, USA","Houston, TX"
Bodensteiner Service Inc,HVAC company,https://www.bsiairhouston.com/,(713) 868-0050,"3403 Houston Ave, Houston, TX 77009, USA","Houston, TX"
Texas Fresh Air,HVAC company,https://texasfreshairhvac.com/,(832) 767-1169,"1771 Upland Dr #102, Houston, TX 77043, USA","Houston, TX"
Houston HVAC Services .,HVAC company,,(346) 340-0319,"4602 Lockwood Dr, Houston, TX 77026, USA","Houston, TX"
Houston AC & Heating Services,HVAC company,http://www.besthvacrepairservicesnearme.net/hvac-houston-texas,(832) 827-3740,"3663 N Sam Houston Pkwy E Ste 947, Houston, TX 77032, USA","Houston, TX"
Morgan Pro Services,HVAC company,https://www.morganproservices.com/,(713) 466-7426,"5200 Mitchelldale St Ste. F26, Houston, TX 77092, USA","Houston, TX"
The Temperature Company,HVAC company,http://www.temperaturecompany.com/,(832) 779-6614,"10878 Westheimer Rd #315, Houston, TX 77042, USA","Houston, TX"
HVAC Of Houston - AC Repair Service,HVAC company,https://www.hvacofhouston.com/,(832) 819-0735,"17920 Huffmeister Rd, Cypress, TX 77429, USA","Houston, TX"
HVAC Houston Services,HVAC company,https://hvachoustonservices.com/,(281) 789-2402,"5618 W Montgomery Rd, Houston, TX 77091, USA","Houston, TX"
"Texas Same-Day Air Conditioning, Heating & Plumbing",HVAC company,https://www.samedayac.com/,(713) 832-1055,"2000 Crawford St Ste 819, Houston, TX 77002, USA","Houston, TX"
Houston Air Conditioning AC & Heating Repair Co.,HVAC company,https://airconditioningandheatingofhoustonco.com/?utm_source=google&utm_medium=organic,(346) 460-6556,"7033 Avenue N, Houston, TX 77011, USA","Houston, TX"
The Chill Brothers,HVAC company,https://thechillbrothers.com/hvac-services-in-houston-tx/,(844) 512-4455,"1235 N Loop W Ste 517, Houston, TX 77008, USA","Houston, TX"
AAD Heating & Air Conditioning,HVAC company,https://aadheatingairconditioning.xyz/,(713) 379-1862,"440 Louisiana St, Houston, TX 77002, USA","Houston, TX"
Texas Quality Plumbing,plumbing company,https://www.texasqualityplumbing.com/?utm_source=google&utm_medium=organic&utm_campaign=local+listings,(713) 385-0349,"10814 Woodedge Dr, Houston, TX 77070, USA","Houston, TX"
Houston Plumbing Services,plumbing company,https://www.houstonplumbingservices.com/,(713) 231-3309,"7807 Long Point Rd #330, Houston, TX 77055, USA","Houston, TX"
Cooper Plumbing | Houston Plumber,plumbing company,https://www.cooperplumbinghouston.com/?utm_source=google&utm_medium=organic&utm_campaign=gmb-listing,(832) 441-9683,"10825 Barely Ln, Houston, TX 77070, USA","Houston, TX"
GEI Plumbing Services Houston,plumbing company,https://www.geiplumbingservices.com/,(832) 402-8312,"10101 Fondren Rd #330, Houston, TX 77096, USA","Houston, TX"
Wedgeworth Plumbing,plumbing company,http://www.wedgeworthplumbing.com/,(832) 867-5309,"9025 Ruland Rd Unit 003, Houston, TX 77055, USA","Houston, TX"
Halo Plumbing Services,plumbing company,https://haloplumbingtx.com/?utm_source=google&utm_medium=organic&utm_campaign=google_business_profile,(346) 642-5698,"1654 Oak Tree Dr, Houston, TX 77080, USA","Houston, TX"
Texas Plumbing,plumbing company,https://www.texasplumbing911.com/,(713) 478-5766,"10111 Woodwind Dr, Houston, TX 77025, USA","Houston, TX"
Santhoff Plumbing,plumbing company,https://www.santhoffplumbingco.com/,(713) 665-4997,"1519 5th St, Missouri City, TX 77489, USA","Houston, TX"
Aberle Plumbing LLC,plumbing company,http://aberleplumbing.com/,(281) 458-5911,"13141 Kinsman Rd, Houston, TX 77049, USA","Houston, TX"
All Around Plumbing LLC,plumbing company,https://allaroundplumbingtx.com/,(713) 357-0154,"11111 Katy Fwy Suite 910, Houston, TX 77079, USA","Houston, TX"
H-Town Plumbers,plumbing company,https://www.htownplumbers.com/,(832) 318-0390,"12145 Stone E Dr, Houston, TX 77035, USA","Houston, TX"
David Hicks Plumbing,plumbing company,https://www.davidhicksplumbing.com/,(713) 528-0141,"2023 Fairview St, Houston, TX 77019, USA","Houston, TX"
The Houston TX Plumbing Company,plumbing company,https://thehoustontxplumbingcompany.com/,(281) 513-9345,"1807 Revolution Way, Missouri City, TX 77459, USA","Houston, TX"
Santhoff Plumbing,plumbing company,https://www.santhoffplumbingco.com/,(713) 665-4997,"2617 Bissonnet St Ste 237, Houston, TX 77005, USA","Houston, TX"
All The Time Plumbing,plumbing company,https://allthetimeplumbing.com/,(713) 705-3926,"13100 Wortham Center Dr, Houston, TX 77065, USA","Houston, TX"
Affordable Plumbing Services Houston,plumbing company,https://houston-plumbingservices.com/,(832) 219-7974,"12329 Ashcroft Dr, Houston, TX 77035, USA","Houston, TX"
Arrow Plumbing,plumbing company,https://www.arrowplumbing.com/?utm_source=gbp&utm_medium=organic&utm_campaign=gbp-profile-houston,(713) 999-4742,"10503 Altonbury Ln, Houston, TX 77031, USA","Houston, TX"
Shaw Plumbing Co. LLC,plumbing company,https://shawplumbingco.com/,(936) 672-9850,"2001 Karbach St Ste S, Houston, TX 77092, USA","Houston, TX"
One plumbing expert houston,plumbing company,https://oneplumbingexperthouston.com/?utm_campaign=gmb,(346) 489-5622,"6207 Shadow Crest St, Houston, TX 77074, USA","Houston, TX"
5 Star Plumbing Houston,plumbing company,https://5starplumbinghouston.com/,(713) 954-6622,"2950 N Loop W #500, Houston, TX 77092, USA","Houston, TX"
bluefrog Plumbing and Drain of West Houston,plumbing company,https://www.bluefrogplumbingwesthouston.com/?utm_source=google&utm_medium=organic&utm_campaign=gbp,(832) 905-8640,"10645 Richmond Ave Ste 140, Houston, TX 77042, USA","Houston, TX"
Quality Plumber Houston,plumbing company,https://www.bestplumbingservicehouston.com/,(832) 402-6041,"12 Greenway Plz Ste 1168, Houston, TX 77046, USA","Houston, TX"
"Living Solutions Plumbing Co, LLC",plumbing company,https://www.livingsunlimited.com/,(281) 932-8403,"2502 Valleyfield Dr, Houston, TX 77080, USA","Houston, TX"
"C&R Plumbing Services, LLC.",plumbing company,https://cnrplumber.com/,(713) 231-8555,"1418 W Donovan St, Houston, TX 77091, USA","Houston, TX"
Hugo Plumbing,plumbing company,https://hugoplumbingtx.com/,(713) 409-7176,"7038 Cotton Dr, Houston, TX 77092, USA","Houston, TX"
Arm Plumbing Co.,plumbing company,,(713) 694-7836,"200 Garrotsville St, Houston, TX 77022, USA","Houston, TX"
Hot Water Guys,plumbing company,http://hotwaterguys.com/,(832) 673-0909,"352 Link Rd, Houston, TX 77009, USA","Houston, TX"
Luke's Plumbing & Air Conditioning,plumbing company,https://calllukes.com/?utm_source=google&utm_medium=gbp,(713) 701-7245,"3548 E T C Jester Blvd, Houston, TX 77018, USA","Houston, TX"
Pilix Plumbing,plumbing company,http://www.pilixplumbing.com/,(713) 572-5668,"351 Red Ripple Rd, Houston, TX 77091, USA","Houston, TX"
Roto-Rooter Plumbing & Water Cleanup,plumbing company,https://www.rotorooter.com/houston/?utm_source=Google&utm_medium=organic&utm_campaign=gmb&utm_content=website,(713) 470-0080,"3403 North Sam Houston Pkwy W, Houston, TX 77086, USA","Houston, TX"
Sword Plumbing Company,plumbing company,http://swordplumbing.com/,(713) 526-9588,"2510 Tangley St, Houston, TX 77005, USA","Houston, TX"
YB Plumbing & Hydro Jetting Services,plumbing company,https://ybplumbing.com/?utm_campaign=gmb,(832) 281-6604,"7613 Claridge Dr, Houston, TX 77071, USA","Houston, TX"
Lanco Plumbing,plumbing company,http://www.lancoplumbinginc.com/,(281) 337-3703,"3624 State Hwy 3, Dickinson, TX 77539, USA","Houston, TX"
MET Plumbing LLC,plumbing company,https://met-plumbing.com/?utm_source=google-gbp&utm_medium=organic&utm_campaign=*538*MET-Houston,(281) 845-8889,"1005 Airline Dr Ste A, Katy, TX 77493, USA","Houston, TX"
"Vossler Plumbing Company - Houston, Texas",plumbing company,https://vosslerplumbing.com/,(713) 688-2304,"6117 Milwee St Ste D, Houston, TX 77092, USA","Houston, TX"
"Davy Crockett Plumbing, LLC",plumbing company,https://www.davycrockettplumbingllc.com/,(832) 536-7770,"825 Town and Country Blvd Ste 1200, Houston, TX 77024, USA","Houston, TX"
"Strutton Plumbing Company, Inc",plumbing company,http://www.struttonplumbing.com/,(713) 774-9197,"5805 Cypress St, Houston, TX 77074, USA","Houston, TX"
Plumbing System Pros,plumbing company,https://plumbingsystempros.com/,(713) 714-7132,"4801 Woodway Dr suite 300 e, Houston, TX 77056, USA","Houston, TX"
AAA Plumbers,plumbing company,http://www.aaaplumbers.com/,(713) 462-4753,"6547 Petropark Dr, Houston, TX 77041, USA","Houston, TX"
"Show Plumbing, LLC",plumbing company,https://www.showplumbing.com/?utm_source=google&utm_medium=gmb,(281) 860-2000,"12022 Knigge Cemetery Rd B, Cypress, TX 77429, USA","Houston, TX"
Hexagon Plumbing LLC,plumbing company,http://www.hexagonplumbing.com/,(713) 622-2020,"3500 E T C Jester Blvd Ste E, Houston, TX 77018, USA","Houston, TX"
First Aid Plumbing Specialist,plumbing company,,(832) 279-3065,"1126 W 26th St, Houston, TX 77008, USA","Houston, TX"
OneCall Houston,plumbing company,https://onecallhouston.com/greater-houston-hvac-plumbing-and-electrical-contractor/?utm_source=google-gbp&utm_medium=organic&utm_campaign=*439*one-call-houston,(713) 322-8274,"1208 N Post Oak Rd Ste 130, Houston, TX 77055, USA","Houston, TX"
All American Plumbing,plumbing company,http://allamerican-plumbing.com/?utm_campaign=gmb,(832) 280-5598,"6127 Shadow Crest St, Houston, TX 77074, USA","Houston, TX"
After Hours Plumbing Service,plumbing company,http://www.afterhoursplumbingservice.com/,(832) 715-6441,"10322 Lafferty Oaks St, Houston, TX 77013, USA","Houston, TX"
All-Tex Plumbing Services,plumbing company,https://www.alltex-plumbing.com/,(281) 469-3330,"10635 Tower Oaks Blvd i, Houston, TX 77070, USA","Houston, TX"
Plomero Yanez,plumbing company,https://www.plomeroyanez.com/,(832) 660-3753,"8990 Kirby Dr, Houston, TX 77054, USA","Houston, TX"
"A1 Plus Electrical, Plumbing and Air Conditioning Repair",electrical contractor,https://a1plus.com/?utm_source=google&utm_medium=organic&utm_campaign=gbp-northwestfwy&utm_content=listing,(832) 509-5747,"15110 Northwest Fwy #190, Houston, TX 77040, USA","Houston, TX"
DM Electrical & Construction LLC,electrical contractor,https://www.dmelectricalinc.com/,(346) 773-4920,"5250 Gulfton St suite 1a 1c, Houston, TX 77081, USA","Houston, TX"
Paul Richard Electric,electrical contractor,https://paulrichardelectric.com/?utm_source=omg-gbp&utm_medium=webclick,(832) 206-7990,"7536 Harms Rd, Houston, TX 77041, USA","Houston, TX"
Electrical Masters Company Inc.,electrical contractor,https://www.electricalmasterscompany.com/,(832) 970-3101,"7110 Winding Trace Dr, Houston, TX 77086, USA","Houston, TX"
Colwell Electric,electrical contractor,https://www.colwellelectric.com/?utm_source=gbp&utm_medium=organic,(713) 322-6452,"6829 Guhn Rd, Houston, TX 77040, USA","Houston, TX"
Mr. Electric of Houston Midtown,electrical contractor,https://mrelectric.com/houston-midtown/?cid=LSTL_MRE000196&utm_source=gmb&utm_campaign=local&utm_medium=organic,(832) 844-6353,"10400 Westoffice Dr Ste 117, Houston, TX 77042, USA","Houston, TX"
Harvest Electrical Solutions,electrical contractor,http://harvest-tx.com/,(832) 584-8448,"14818 Vintage Preserve Pkwy, Houston, TX 77070, USA","Houston, TX"
Electrical Works of Houston,electrical contractor,https://www.electricalworksofhouston.com/,(713) 476-0429,"409 Oriole St, Houston, TX 77018, USA","Houston, TX"
West Houston Electric,electrical contractor,https://www.westhoustonelectric.com/?utm_source=GMB&utm_medium=organic&utm_campaign=Katy,(281) 747-8821,"21732 Provincial Blvd Ste 150, Katy, TX 77450, USA","Houston, TX"
American Electric Contractor,electrical contractor,https://american-electric-contractor.com/,(832) 715-8764,"16330 Drystone Ln, Houston, TX 77095, USA","Houston, TX"
Trizone Electric LLC,electrical contractor,https://trizoneelectric.com/,(832) 477-3360,"10400 Westoffice Dr #114, Houston, TX 77042, USA","Houston, TX"
Dynamic Electric Inc,electrical contractor,http://www.dynamicelecusa.com/,(713) 896-3123,"6030 Brittmoore Rd # N, Houston, TX 77041, USA","Houston, TX"
Mid-West Electric Company-Houston,electrical contractor,https://mid-westelectric.com/,(713) 681-0627,"3828 Pinemont Dr, Houston, TX 77018, USA","Houston, TX"
Action Electric Co,electrical contractor,,(713) 392-5795,"11526 Dunlap St, Houston, TX 77035, USA","Houston, TX"
Camden Electric LLC,electrical contractor,https://camdenelectricllc.com/,(832) 212-3118,"3503 Robertson St, Houston, TX 77009, USA","Houston, TX"
"Definite Electric, LLC",electrical contractor,https://www.definiteelectric.com/,(832) 580-9613,"1300 W 19th St #7234, Houston, TX 77008, USA","Houston, TX"
Mister Sparky Electrician Houston,electrical contractor,https://www.mistersparky-houston.com/?utm_source=localfx&utm_medium=organic&utm_campaign=localfx,(713) 428-2120,"600 Century Plaza Dr # C110, Houston, TX 77073, USA","Houston, TX"
Nextdoor Electric,electrical contractor,https://www.nextdoorelectrictx.com/,(832) 841-3889,"2500 E T C Jester Blvd Ste 243, Houston, TX 77008, USA","Houston, TX"
Aaron's Electrical Service,electrical contractor,https://aaronselectricalservice.com/?utm_source=google&utm_medium=organic&utm_campaign=GMBListing-Spring-TX,(281) 719-0464,"504 Spring Hill Dr Ste 410, Spring, TX 77386, USA","Houston, TX"
Right Touch Electrical,electrical contractor,https://www.righttouchelectrical.com/?utm_source=GMB&utm_medium=organic&utm_campaign=houston,(281) 407-6199,"2623 Dupont St, Pasadena, TX 77503, USA","Houston, TX"
Smart Choice Electrical,electrical contractor,https://smartchoiceelectrical.com/,(713) 955-5350,"1255 N Post Oak Rd #1313, Houston, TX 77055, USA","Houston, TX"
Lighthouse Electric,electrical contractor,https://lighthouseelectrictexas.com/,(281) 847-1111,"10904 Scarsdale Blvd #350-110, Houston, TX 77089, USA","Houston, TX"
All American Electric LLC,electrical contractor,https://all-americanelectric.com/,(713) 999-3531,"9230 Keough Rd #100, Houston, TX 77040, USA","Houston, TX"
Lumens Electric LLC,electrical contractor,http://lumenselectric.com/,(713) 649-7800,"3500 S Richey St Ste. 310, Houston, TX 77017, USA","Houston, TX"
D & J Electric LLC,electrical contractor,https://www.dandjelectric.llc/,(713) 459-1582,"317 E Rogers St A, Houston, TX 77022, USA","Houston, TX"
Right Touch Electrical West Houston,electrical contractor,https://www.righttouchelectrical.com/?utm_source=GBP&utm_medium=organic&utm_campaign=googlebusiness,(281) 519-7485,"5850 San Felipe St Ste 500, Houston, TX 77057, USA","Houston, TX"
"C A Electric, Electrical Contractor",electrical contractor,http://www.cacontractortx.com/,(832) 387-1410,"4309 Northfield Ln, Houston, TX 77092, USA","Houston, TX"
"Peoples Choice Electric, Inc",electrical contractor,http://peopleschoiceelectric.com/,(832) 216-5215,"3200 Wilcrest Dr #170, Houston, TX 77042, USA","Houston, TX"
Allied Contractors,electrical contractor,https://adchq.com/location/houston/?utm_campaign=gmb,(713) 597-7499,"1820 Red Bluff Rd Ste A, Pasadena, TX 77506, USA","Houston, TX"
"Allsource Electrical Technologies, LLC",electrical contractor,https://www.allsourcelectrical.com/,(281) 451-4245,"12807 Christina Ct, Missouri City, TX 77489, USA","Houston, TX"
Texas Electrical Residential Contractors,electrical contractor,http://texelectrical.com/,(713) 721-4669,"12031 Reedcrest St, Houston, TX 77085, USA","Houston, TX"
LG Electrical Services,electrical contractor,http://www.lgelectricalservices.com/,(281) 272-9130,"13209 Ann Louise Rd, Houston, TX 77086, USA","Houston, TX"
ESP Electrical Services Houston,electrical contractor,https://espelectricalservice.com/,(832) 462-6543,"13171 Misty Willow Dr, Houston, TX 77070, USA","Houston, TX"
Pieper-Houston Electric L.P.,electrical contractor,http://www.pieperhouston.com/,(713) 984-9342,"1708 Oak Tree Dr, Houston, TX 77080, USA","Houston, TX"
Hays Electrical Services,electrical contractor,http://www.hayselectrical.com/,(281) 601-4866,"411 N Sam Houston Pkwy E Ste 600, Houston, TX 77060, USA","Houston, TX"
On Time Electric,electrical contractor,http://www.ontime-electric.com/,(832) 466-8463,"201 Adams St, Houston, TX 77011, USA","Houston, TX"
Melton Electrical & Structured Cabling,electrical contractor,https://meltonelectric.com/?utm_source=GMB&utm_medium=organic&utm_campaign=FF+SEO,(713) 680-0011,"2309 Karbach St, Houston, TX 77092, USA","Houston, TX"
"Harmony Electric Co., Inc.",electrical contractor,http://www.harmonyelectric.com/,(713) 863-8428,"811 Yale St, Houston, TX 77007, USA","Houston, TX"
Unique Electrical Services,electrical contractor,http://www.uniqueelectricalservices.com/,(832) 665-1584,"12455 Westpark Dr Unit G6, Houston, TX 77072, USA","Houston, TX"
JN'L Electric - Houston Electricians 24/7 | Electrical Contractor,electrical contractor,https://www.jnlelectric.com/?utm_source=GMB&utm_medium=Organic,(713) 460-0605,"13502 E Cypress Forest Dr, Houston, TX 77070, USA","Houston, TX"
Golden Service Electric,electrical contractor,https://goldenserviceelectrictx.com/,(832) 346-4083,"11311 Bayou Pl Dr, Houston, TX 77099, USA","Houston, TX"
Lone Star Electrical Services,electrical contractor,http://lonestarelectricalservices.com/,(281) 492-7200,"16214 Tahoe Dr, Jersey Village, TX 77040, USA","Houston, TX"
Cravens Electric,electrical contractor,https://www.cravenselectric.com/,(832) 415-9253,"14135 Packard St, Houston, TX 77040, USA","Houston, TX"
RBG Services LLC,electrical contractor,https://rbgelectricalhtx.com/,(832) 291-4433,"14203 Aston St, Houston, TX 77040, USA","Houston, TX"
Enterprise Electrical,electrical contractor,https://enterpriseelectricalco.com/,(832) 834-7301,"5514 Clara Rd, Houston, TX 77041, USA","Houston, TX"
Southern Electrical Services,electrical contractor,https://www.southernelectrical.com/,(713) 660-7344,"11875 W Little York Rd #1102, Houston, TX 77041, USA","Houston, TX"
"IEC - Independent Electrical Contractors Texas Gulf Coast, Inc.",electrical contractor,https://iectxgulfcoast.org/?utm_source=google&utm_medium=organic&utm_campaign=gbp&utm_id=2060digital,(713) 869-1976,"601 N Shepherd Dr Ste 330, Houston, TX 77007, USA","Houston, TX"
"JSJ Electric INC - Affordable & Best Electrician in Houston, Texas",electrical contractor,https://jsjelectricinc.com/,(832) 898-1087,"1106 Hammock St, Houston, TX 77009, USA","Houston, TX"
Veteran Electric Inc,electrical contractor,https://veteranelectric.net/?utm_source=GMB&utm_medium=Google+Maps,(281) 631-9770,"29634 Geneva Dr, Spring, TX 77386, USA","Houston, TX"
Jomar Electrical Contractors,electrical contractor,http://www.jomarinc.com/,(281) 441-2299,"770 N Sam Houston Pkwy E, Houston, TX 77060, USA","Houston, TX"
Balanced Electric,electrical contractor,https://www.balancedelectrictx.com/,(832) 768-9994,"619 Link Rd, Houston, TX 77009, USA","Houston, TX"
"Allied Electrical Contractors of Houston, Inc.",electrical contractor,http://www.alliedelectrical.com/,(281) 405-9393,"301 Greens Landing Dr, Houston, TX 77038, USA","Houston, TX"
"Coastline Electric Company, Inc.",electrical contractor,http://coastlineelectric.com/,(713) 680-9345,"3730 Creekmont Dr, Houston, TX 77091, USA","Houston, TX"
Amstill Roofing,roofing company,https://amstillroofing.com/houston-roofing/?utm_campaign=gmb,(281) 612-8747,"14125 Memorial Dr, Houston, TX 77079, USA","Houston, TX"
Houston Roofing & Construction,roofing company,http://www.houstonroofingonline.com/,(832) 237-3737,"11330 West Rd, Houston, TX 77065, USA","Houston, TX"
"Precision Roof Crafters, Inc.",roofing company,https://precisionroofcrafters.com/houston-roofing/?utm_source=google&utm_medium=organic&utm_campaign=gbp_houston&utm_content=website,(713) 799-8555,"3919 Jeanetta St, Houston, TX 77063, USA","Houston, TX"
314 Roofing Solutions,roofing company,https://314roofing.com/,(832) 780-4587,"6824 North Sam Houston Pkwy W, Houston, TX 77064, USA","Houston, TX"
State Roofing Company,roofing company,https://stateroofingtexas.com/service-areas/houston-tx/,(281) 293-7000,"318 Addicks-Howell Rd, Houston, TX 77079, USA","Houston, TX"
All Over Exterior Roofing,roofing company,https://allovertxroofing.com/,(281) 846-6665,"10050 Northwest Fwy Suite 350, Houston, TX 77092, USA","Houston, TX"
Moss Roofing Houston,roofing company,http://www.mossroofinghouston.com/,(832) 840-8027,"13100 Wortham Center Dr 3rd floor, Houston, TX 77065, USA","Houston, TX"
Rose Roofing,roofing company,https://www.roseroofing.com/,(713) 849-5155,"16000 Dillard Dr Ste C, Jersey Village, TX 77040, USA","Houston, TX"
Monarch Roofing Houston,roofing company,https://www.monarch-roofing.com/?utm_source=google&utm_medium=organic&utm_campaign=gbp,(832) 215-0987,"1010 Oxford St, Houston, TX 77008, USA","Houston, TX"
EZ Roof and Construction,roofing company,https://ezroofhouston.com/?utm_source=google&utm_medium=organic&utm_campaign=gmb,(832) 979-5409,"6613 W Sam Houston Pkwy N, Houston, TX 77041, USA","Houston, TX"
Houston Roofing Experts,roofing company,https://houstonroofingexperts.com/,(713) 291-3866,"1430 Yale St, Houston, TX 77008, USA","Houston, TX"
TX Roofing & Services,roofing company,http://www.txroofingandservices.com/,(713) 820-2302,"2855 Mangum Rd Unit B201B, Houston, TX 77092, USA","Houston, TX"
TrueWorks Roofing,roofing company,https://www.trueworksroofing.com/,(713) 903-7663,"8566 Katy Fwy Ste 122, Houston, TX 77024, USA","Houston, TX"
Houston Strong Roofing Company,roofing company,https://houstrongroofing.com/,(832) 271-7783,"15705 Jarvis Rd, Cypress, TX 77429, USA","Houston, TX"
Proper Roofing,roofing company,http://www.properroof.com/,(832) 554-7830,"7108 Old Katy Rd #150, Houston, TX 77024, USA","Houston, TX"
Southwestern Roofing TM,roofing company,https://www.southwesternroof.com/,(281) 955-6014,"11745 Jones Rd, Houston, TX 77070, USA","Houston, TX"
Elite Roofing LLC,roofing company,https://www.eliteroofpro.com/?utm_source=google&utm_medium=wix_google_business_profile&utm_campaign=17100664746184422023,(713) 804-7663,"900 Apollo St, Houston, TX 77058, USA","Houston, TX"
Lone Star Roofing,roofing company,http://lone-star-roofing.com/,(713) 861-7663,"18703 Clay Rd #100, Houston, TX 77084, USA","Houston, TX"
Integris Roofing Houston,roofing company,http://www.integrisroofing.com/?utm_campaign=gmb,(713) 587-6195,"1217 W Loop N Fwy #120, Houston, TX 77055, USA","Houston, TX"
Top Roofing LLC,roofing company,https://www.toproofinghouston.com/,(832) 699-7663,"5821 Southwest Fwy Ste 310, Houston, TX 77057, USA","Houston, TX"
Priority Roofing,roofing company,https://priorityroofs.com/location/houston/,(281) 380-0357,"260 N Sam Houston Pkwy E Suite 150, Houston, TX 77060, USA","Houston, TX"
JD Roofing Solutions,roofing company,https://jdroofingsolutions.com/,(832) 295-3277,"10108 Veterans Memorial Dr, Houston, TX 77038, USA","Houston, TX"
Texas Crown Roofing,roofing company,https://www.texascrownroof.com/,(832) 338-2350,"5353 W Alabama St, Houston, TX 77056, USA","Houston, TX"
Roof Squad,roofing company,https://www.roofsquad.com/?utm_source=Google+Business+Profile&utm_medium=organic&utm_campaign=GBPHouston,(713) 489-8064,"19407 Park Row Blvd Suite 130, Houston, TX 77084, USA","Houston, TX"
Advanced Roofing Solutions LLC,roofing company,https://www.advancedroofinghouston.com/,(832) 430-7374,"1919 W Sam Houston Pkwy N #503, Houston, TX 77043, USA","Houston, TX"
Braun's Roofing,roofing company,https://www.braunsroofing.com/,(713) 645-0505,"3748 Dover Ave, Houston, TX 77087, USA","Houston, TX"
"Innpreccon Roofing, LLC",roofing company,https://www.innprecconroofing.com/,(832) 684-9818,"140 Cypress Station Dr #132, Houston, TX 77090, USA","Houston, TX"
H Town Roof & Constructions LLC.,roofing company,https://htownroofco.com/,(346) 667-7118,"7055 Old Katy Rd, Houston, TX 77024, USA","Houston, TX"
"Bay Area Roofers, Inc.",roofing company,https://www.bayarearoofersinc.com/,(281) 482-1200,"2115 County Rd 129, Pearland, TX 77581, USA","Houston, TX"
Ideal Roofing,roofing company,http://www.idealroofingservices.com/,(713) 896-1122,"9535 Clay Rd, Houston, TX 77080, USA","Houston, TX"
Cedar Roofing,roofing company,https://cedarroofingtx.com/,(346) 465-8600,"9801 Westheimer Rd Ste 501, Houston, TX 77042, USA","Houston, TX"
Houston Roofing & Gutters,roofing company,https://www.houstonroofingngutters.com/,(832) 568-3400,"5707 Addicks Satsuma Rd #C, Houston, TX 77084, USA","Houston, TX"
Hargrove Roofing,roofing company,https://www.hargroveroofing.com/houston/,(713) 425-3771,"1422 Antoine Dr, Houston, TX 77055, USA","Houston, TX"
RISE Roofing Company Houston - Roofing Contractor,roofing company,https://www.riseroofinghouston.com/,(832) 345-9527,"1909 W Lamar St, Houston, TX 77019, USA","Houston, TX"
Ruff Roofing Houston,roofing company,https://ruff-roofing.com/houston,(346) 339-3405,"11767 Katy Fwy #600, Houston, TX 77079, USA","Houston, TX"
Roof Planet LLC,roofing company,https://theroofplanet.com/,(832) 370-6314,"10690 Shadow Wood Dr Ste 105, Houston, TX 77043, USA","Houston, TX"
Bellaire Roofing Co,roofing company,http://bellaire-roofing.com/,(281) 875-5893,"5707 Addicks Satsuma Rd, Houston, TX 77084, USA","Houston, TX"
Craddock Roofing,roofing company,https://www.craddockroofing.com/,(713) 465-8090,"2409 McAllister Rd, Houston, TX 77092, USA","Houston, TX"
Results Roofing Houston,roofing company,https://resultsroofing.com/?utm_source=google&utm_medium=organic&utm_campaign=gmb&utm_content=houston,(281) 779-8743,"1201 Fannin St Ste 262, Houston, TX 77002, USA","Houston, TX"
DC Pines Roofing,roofing company,https://dcpinesroofing.com/?utm_source=GMB&utm_medium=profile&utm_campaign=website,(832) 709-0768,"2808 Caroline St #200, Houston, TX 77004, USA","Houston, TX"
Remodeland Roofing Company,roofing company,https://remodeland.net/,(832) 329-7222,"10810 Katy Fwy #104, Houston, TX 77043, USA","Houston, TX"
Rescue Roofing,roofing company,https://rescueroofing.net/,(281) 733-2299,"10333 Harwin Dr. Suite 520, Houston, TX 77036, USA","Houston, TX"
TPO Pros Roofing & Restoration,roofing company,https://www.tpopros.com/,(832) 580-1999,"225 S Heights Blvd, Houston, TX 77007, USA","Houston, TX"
Skyline Roofing,roofing company,http://6a465a176f3e9.site123.me/,(281) 789-2511,"1415 Mt Vernon St, Houston, TX 77006, USA","Houston, TX"
Serenity Roofing & Construction,roofing company,https://www.serenityroofingandconstruction.com/,(713) 283-8143,"6727 Theall Rd Ste a, Houston, TX 77066, USA","Houston, TX"
Roof Fix Houston,roofing company,https://www.rooffixhouston.com/,(713) 904-3904,"2626 S Loop W Ste 632, Houston, TX 77054, USA","Houston, TX"
Diamond Star Roofing & Construction,roofing company,https://www.diamondstarroofing.com/katy-roofing-contractor,(713) 300-0385,"2322 Trotter Dr, Katy, TX 77493, USA","Houston, TX"
Texas Certified Roofing,roofing company,https://www.texascertifiedroofing.com/,(713) 781-8333,"6006 San Felipe St, Houston, TX 77057, USA","Houston, TX"
Associates Roofing Unlimited,roofing company,https://www.associatesroofingunlimited.com/,(832) 837-0447,"2535 Roy Cir, Houston, TX 77007, USA","Houston, TX"
Rodriguez Roofing,roofing company,https://www.rodriguezroof.com/,(281) 394-1876,"6811 Theall Rd, Houston, TX 77066, USA","Houston, TX"
OnPoint Roofing,roofing company,https://onpointroofingtx.com/,(713) 907-0141,"10400 Westoffice Dr Ste 120, Houston, TX 77042, USA","Houston, TX"
Super Roofer LLC,roofing company,http://www.mysuperroofer.com/,(832) 707-9085,"340 N Sam Houston Pkwy E #A100, Houston, TX 77060, USA","Houston, TX"
Silver Ridge Roofing & Construction,roofing company,https://silverridgeroofing.com/?utm_source=google&utm_medium=organic&utm_campaign=gmb,(713) 903-8011,"7676 Hillmont St #291, Houston, TX 77040, USA","Houston, TX"
Bumble Roofing of West Houston,roofing company,https://bumbleroofing.com/west-houston?utm_source=google&utm_medium=organic&utm_campaign=gbp,(832) 246-7119,"1000 N Post Oak Rd #220, Houston, TX 77055, USA","Houston, TX"
Maxim Roofing & Restoration,roofing company,https://maximroofingrestoration.com/,(832) 776-1884,"9800 Northwest Fwy Ste. 502A, Houston, TX 77092, USA","Houston, TX"
Upstanding Roofing,roofing company,https://www.upstandingroofing.com/,(832) 271-3600,"7942 Breen Dr Ste B, Houston, TX 77064, USA","Houston, TX"
DR Roofing and Construction,roofing company,http://www.drroofingandconstruction.com/,(281) 815-2422,"18316 Tomball Pkwy, Houston, TX 77070, USA","Houston, TX"
American Master Roofing,roofing company,https://americanmasteroofing.com/,(281) 822-2054,"6260 Westpark Dr Ste 315, Houston, TX 77057, USA","Houston, TX"
Industrial Roofing & Repair,roofing company,http://industrialroofingrepair.com/,(713) 280-9604,"218 W 27th St A, Houston, TX 77008, USA","Houston, TX"
RMS Auto Care,auto repair shop,https://rmsautocare.com/,(713) 529-5855,"1759 Westheimer Rd, Houston, TX 77098, USA","Houston, TX"
Midtown Auto Service & Repair,auto repair shop,http://midtownautoservice.net/,(713) 523-2886,"4510 Almeda Rd, Houston, TX 77004, USA","Houston, TX"
J&T Automotive,auto repair shop,https://jntautomotive.com/?utm_source=lnm_gbp&utm_medium=website_link,(713) 464-2312,"9046 Westview Dr, Houston, TX 77055, USA","Houston, TX"
Montrose Automotive,auto repair shop,http://www.montroseautocenter.com/,(713) 523-4406,"4720 Montrose Blvd, Houston, TX 77006, USA","Houston, TX"
Master Car Care & Collision,auto repair shop,https://mastercarcarehouston.com/,(713) 862-6630,"2305 Yale St, Houston, TX 77008, USA","Houston, TX"
Same Day Auto Repair™ Houston,auto repair shop,https://samedayautocare.com/,(281) 200-5532,"2922 1/2 Hillcroft St, Houston, TX 77057, USA","Houston, TX"
Rusk Auto & Tire,auto repair shop,http://www.ruskauto.com/,(713) 863-8244,"37 Waugh Dr, Houston, TX 77007, USA","Houston, TX"
Auto World Houston,auto repair shop,http://autoworldhouston.com/,(713) 623-4418,"2805 W Loop S, Houston, TX 77027, USA","Houston, TX"
Little Shop of Motors LLC,auto repair shop,https://www.littleshopofmotors.com/,(713) 729-1313,"9315 Alberene Dr, Houston, TX 77074, USA","Houston, TX"
Westside Automotive,auto repair shop,https://www.houstonwestsideautomotive.com/,(281) 589-8984,"12510 Oxford Park Dr, Houston, TX 77082, USA","Houston, TX"
River Oaks Automotive Center,auto repair shop,https://www.riveroaksautomotivecenter.com/,(713) 627-2886,"3800 W Alabama St, Houston, TX 77027, USA","Houston, TX"
Joe's Auto Repair,auto repair shop,,(713) 662-0428,"7040 Stella Link Rd, Houston, TX 77025, USA","Houston, TX"
My Mechanic Kirby,auto repair shop,http://www.mymechanichouston.com/,(713) 669-9007,"2536 W Holcombe Blvd, Houston, TX 77030, USA","Houston, TX"
We Fix Cars,auto repair shop,https://www.wefixcarstx.com/,(713) 701-7035,"9239 N Houston Rosslyn Rd, Houston, TX 77088, USA","Houston, TX"
The Auto Doc,auto repair shop,https://theautodoc.net/,(713) 522-2277,"1208 Montrose Blvd, Houston, TX 77019, USA","Houston, TX"
West Houston Auto Repair,auto repair shop,http://www.westhoustonautorepair.com/,(832) 230-3009,"1950 S Texas 6, Houston, TX 77077, USA","Houston, TX"
Yes Auto Fix | Best Collision repair | Transmission repair Expert | Best Automobile repair |,auto repair shop,https://www.yesautofix.com/,(346) 246-3077,"9115 Stella Link Rd, Houston, TX 77025, USA","Houston, TX"
Danny’s Auto Service,auto repair shop,https://dannysautoservicetx.com/,(713) 782-2671,"2524 Chimney Rock Rd, Houston, TX 77056, USA","Houston, TX"
Scott's Auto Repair,auto repair shop,https://www.scottsautorepair.com/,(281) 497-1900,"14117 Memorial Dr, Houston, TX 77079, USA","Houston, TX"
Best Auto Repair,auto repair shop,http://www.bestautotx.com/,(281) 498-2472,"7502 Boone Rd, Houston, TX 77072, USA","Houston, TX"
Mario's Automotive,auto repair shop,http://mariosautomotiveinc.com/,(713) 926-1605,"6710 Avenue W, Houston, TX 77011, USA","Houston, TX"
Downtown Automotive,auto repair shop,http://www.downauto.com/,(713) 874-1860,"1307 Fairview St, Houston, TX 77006, USA","Houston, TX"
Uptown Automotive Auto Body Shop Repair,auto repair shop,https://myuptownautomotive.com/,(713) 668-3639,"14800 Hempstead Hwy Ste B, Houston, TX 77040, USA","Houston, TX"
Memorial Car Care Center,auto repair shop,http://memorialcarcare.com/,(713) 686-3758,"8605 Memorial Dr, Houston, TX 77024, USA","Houston, TX"
E1 Garage,auto repair shop,https://e1garage.com/,(346) 444-1825,"2510 Yale St, Houston, TX 77008, USA","Houston, TX"
AquaMan Mobile Mechanic Car Service - CARS PROGRAMMING,auto repair shop,,(832) 774-7884,"14938 Atmore Pl Dr, Houston, TX 77082, USA","Houston, TX"
E and E Automotive Services,auto repair shop,https://www.eandeautomotiveservices.com/,(713) 523-2340,"1854 W Alabama St, Houston, TX 77098, USA","Houston, TX"
Westchase Auto Repair Center,auto repair shop,https://westchaseautorepair.com/,(713) 977-0000,"10611 Westheimer Rd, Houston, TX 77042, USA","Houston, TX"
Texan Automotive,auto repair shop,,(713) 393-7352,"1818 W Dallas St, Houston, TX 77019, USA","Houston, TX"
G & S Automotive Service,auto repair shop,http://www.gandsautomotivehouston.com/,(713) 468-3700,"10007 Haddington Dr, Houston, TX 77080, USA","Houston, TX"
AnA Tire & Automotive,auto repair shop,http://www.anatireandauto.com/,(713) 903-8330,"3556 Old Spanish Trl, Houston, TX 77021, USA","Houston, TX"
AA Auto Care & Tire,auto repair shop,https://www.aaautocareandtire.com/,(713) 526-4260,"2101 S Shepherd Dr, Houston, TX 77019, USA","Houston, TX"
TX Auto Service,auto repair shop,https://www.txautoservice.com/?y_source=1_MjA1MTk1ODMyNi03MTUtbG9jYXRpb24ud2Vic2l0ZQ%3D%3D,(832) 942-0333,"5628 Star Ln, Houston, TX 77057, USA","Houston, TX"
Sharpstown Automotive,auto repair shop,,(713) 771-3264,"6710 Larkwood Dr, Houston, TX 77074, USA","Houston, TX"
TH CAR CARE AND REPAIR,auto repair shop,http://thcarcare.com/,(346) 335-3154,"7417 Hillcroft Ave #3d, Houston, TX 77081, USA","Houston, TX"
Chimney Rock Car Care,auto repair shop,https://chimneyrockcarcare.com/,(713) 840-8781,"2839 Chimney Rock Rd, Houston, TX 77056, USA","Houston, TX"
Houston Mobile Mechanic & Diesel Repair LLC,auto repair shop,http://houstonmobilemechanicnearme.com/,(832) 249-1533,"3105 Norfolk St, Houston, TX 77098, USA","Houston, TX"
NW Houston Auto Repair and Collision,auto repair shop,https://nwhoustonautorepair.com/?utm_campaign=gmb,(281) 957-6287,"1608 W 22nd St, Houston, TX 77008, USA","Houston, TX"
Autohouse of Switzerland,auto repair shop,http://www.autohouseofswitzerland.com/,(713) 523-2363,"3402 San Jacinto St, Houston, TX 77004, USA","Houston, TX"
Clutch Automotive,auto repair shop,https://www.clutchautomotive.com/location/n-shepherd,(713) 489-1033,"4610 N Shepherd Dr, Houston, TX 77018, USA","Houston, TX"
Edessa Auto,auto repair shop,https://edessaautorepair.com/,(832) 840-9884,"9219 Alberene Dr, Houston, TX 77074, USA","Houston, TX"
HOUSTON AUTO MAINTENANCE,auto repair shop,,(713) 377-3685,"5805 Holly St A, Houston, TX 77074, USA","Houston, TX"
A Plus Auto Repair LLC,auto repair shop,,(281) 530-7574,"13001 Bissonnet St, Houston, TX 77099, USA","Houston, TX"
Horeb Auto Repair,auto repair shop,https://horebautorepair.com/,(832) 767-0672,"10030 Bissonnet St #200c, Houston, TX 77036, USA","Houston, TX"
CL Auto Repair,auto repair shop,https://clautorepair.com/,(281) 530-0428,"12655 Brookglade Cir, Houston, TX 77099, USA","Houston, TX"
Texas Auto Repair & Body Shop,auto repair shop,http://tridevcarcare.com/,(713) 223-5231,"2215 Main St, Houston, TX 77002, USA","Houston, TX"
TONY'S AUTO REPAIR AND AC,auto repair shop,https://sites.google.com/d/136uMRNScIEnQGtaTXz0CaXaTv2-WKP_a/p/1qvA7DV4x9EB-Pu87SIBDlikaAZyJ4XTZ/edit,(281) 836-5552,"6578 FM 1960 W, Houston, TX 77069, USA","Houston, TX"
Ryle's Complete Auto Care,auto repair shop,,(832) 269-5009,"1818 Hamilton St, Houston, TX 77003, USA","Houston, TX"
"Douglas Auto Repair Express, LLC",auto repair shop,https://sites.google.com/view/douglasautorepairexpress/p%C3%A1gina-principal,(832) 616-9852,"Locales B2-S4 Y B2-S5, 9525 Boone Rd, Houston, TX 77099, USA","Houston, TX"
Houston Mechanic Center,auto repair shop,https://na01.safelinks.protection.outlook.com/?url=https%3A%2F%2Fwww.google.com%2Fmaps%2Fplace%2FHouston%2BMechanic%2BCenter%2F%4030.0244489%2C-95.5655129%2C17z%2Fdata%3D!4m7!3m6!1s0x8640d35282acb961%3A0x7cda487069bc691c!4b1!8m2!3d30.0244489!4d-95.562938!16s%252Fg%252F11nx1m5ly0%3Fentry%3Dttu&data=05%7C01%7C%7C89d3fbc9c52643669d2f08dbd639400d%7C84df9e7fe9f640afb435aaaaaaaaaaaa%7C1%7C0%7C638339313590833772%7CUnknown%7CTWFpbGZsb3d8eyJWIjoiMC4wLjAwMDAiLCJQIjoiV2luMzIiLCJBTiI6Ik1haWwiLCJXVCI6Mn0%3D%7C3000%7C%7C%7C&sdata=RlKUFO4DSF1WuSi7MN1kDW4jWvxMrp%2BOKoP7sLbrPRk%3D&reserved=0,(832) 817-6170,"9337 Spring Cypress Rd Ste W5, Spring, TX 77379, USA","Houston, TX"
Premier Auto Care,auto repair shop,http://www.pautocare.com/,(281) 879-0300,"8800 W Sam Houston Pkwy S #155, Houston, TX 77099, USA","Houston, TX"
"EZ AUTO STOP , vehicle inspection. Auto repair ,wheel alignment and one stop shop",auto repair shop,https://www.facebook.com/share/1DUjmcJvC1/,(713) 474-0264,"5725 Fondren Rd, Houston, TX 77036, USA","Houston, TX"
Eric's Car Care - Med Center,auto repair shop,https://ericscarcare.com/?utm_source=GBPlistingMedicalCenterWebsite&utm_medium=organic,(713) 999-3568,"6950 Kirby Dr, Houston, TX 77030, USA","Houston, TX"
Regency Auto Repair & Body Shop,auto repair shop,http://www.regencyautorepairs.com/,(713) 440-9100,"8399 Almeda Rd L, Houston, TX 77054, USA","Houston, TX"
H-Tech Auto,auto repair shop,,(713) 714-8350,"9121 S Gessner Rd, Houston, TX 77074, USA","Houston, TX"
Sackett Auto Repair,auto repair shop,https://www.sackettautorepair.com/,(713) 522-2425,"3730 Leeland St, Houston, TX 77003, USA","Houston, TX"
TNY Auto Repair,auto repair shop,http://tnyautorepair.com/,(713) 465-8063,"9566 Kempwood Dr, Houston, TX 77080, USA","Houston, TX"
Texas Automotive Performance - TAP,auto repair shop,http://houstontap.com/,(713) 465-6272,"10932 Hazelhurst Dr, Houston, TX 77043, USA","Houston, TX"
A&S Automotive Repair,auto repair shop,,(713) 294-0790,"4401 La Branch St, Houston, TX 77004, USA","Houston, TX"
U.S. Auto Connection,auto repair shop,http://usautoconnection.com/,(713) 802-1168,"1017 W 20th St, Houston, TX 77008, USA","Houston, TX"
Texas Dental Center,dental office,https://texasdentalcenter.com/?utm_source=GMB&utm_medium=Organic&utm_campaign=LocalBusiness,(832) 831-9101,"9801 Bissonnet St Ste K, Houston, TX 77036, USA","Houston, TX"
The Houston Dentists,dental office,https://www.drfrazar.com/?utm_source=google&utm_medium=organic&utm_campaign=gbp-listing,(346) 202-3432,"4914 Bissonnet St #200, Bellaire, TX 77401, USA","Houston, TX"
Dentist Tree Of The Heights,dental office,http://www.dentisttreeheights.com/,(281) 849-8858,"2105 Yale St Ste 300, Houston, TX 77008, USA","Houston, TX"
Memorial Park Dental Spa,dental office,https://www.memorialparkdental.com/,(713) 864-3800,"6010 Washington Ave Ste d, Houston, TX 77007, USA","Houston, TX"
Houston City Dental,dental office,,(832) 582-7171,"5901 Bellaire Blvd #105, Houston, TX 77081, USA","Houston, TX"
Dentiq Dentistry Houston,dental office,https://www.dentiq.dental/,(713) 589-6564,"1355 W Gray St, Houston, TX 77019, USA","Houston, TX"
houston medical center dental,dental office,http://www.houstonmedicalcenterdental.com/,(713) 795-0608,"6400 Fannin St #2040, Houston, TX 77030, USA","Houston, TX"
EaDo Family Dental,dental office,https://www.eadofamilydental.com/?utm_source=google&utm_medium=organic&utm_campaign=gbp-listing,(346) 449-4647,"2240 Navigation Blvd #300, Houston, TX 77003, USA","Houston, TX"
Nu Dentistry,dental office,https://nudentistry.com/,(346) 566-4100,"5706 San Felipe St Ste B-300, Houston, TX 77057, USA","Houston, TX"
Garden Oaks Dental,dental office,https://www.gardenoaksdental.com/?utm_source=gmb_auth,(713) 880-4300,"2500 W Loop S Freeway Suite 255, Houston, TX 77027, USA","Houston, TX"
Downtown Houston Dental,dental office,http://www.downtownhoustondentist.com/,(713) 229-8100,"910 Louisiana St Ste 190, Houston, TX 77002, USA","Houston, TX"
Medical Center Dental Group,dental office,https://www.ingeniousdentistry.com/,(713) 795-5905,"6560 Fannin St #1424, Houston, TX 77030, USA","Houston, TX"
The Dentists at 650 Heights,dental office,https://dentistsat650heights.com/?utm_source=GMBListing&utm_medium=Organic&utm_campaign=GMBListing,(281) 974-4086,"650 Heights Blvd, Houston, TX 77007, USA","Houston, TX"
Bayou City Smiles,dental office,https://www.bayoucitysmiles.com/,(713) 518-1411,"2313 Edwards St #150, Houston, TX 77007, USA","Houston, TX"
Dental Clinics of Texas,dental office,http://www.dentalclinicsoftexas.com/,(832) 427-1901,"17440 FM 529 Ste 100, Houston, TX 77095, USA","Houston, TX"
Houston Uptown Dentists,dental office,https://www.houstonuptowndentists.com/?utm_source=GMB_Listing&utm_medium=organic&utm_campaign=Website_URL,(713) 366-4376,"1900 Saint James Place #875, Houston, TX 77056, USA","Houston, TX"
Houston Skyline Dental,dental office,https://www.houstonskylinedental.net/,(713) 226-7050,"1220 Quitman St, Houston, TX 77009, USA","Houston, TX"
Dentistry of Highland Village,dental office,https://dentistryofhighlandvillage.com/?utm_source=google&utm_medium=organic&utm_campaign=gmb,(713) 609-1125,"3651 Weslayan St #208, Houston, TX 77027, USA","Houston, TX"
Houston Dentists at Post Oak,dental office,https://www.houstondentistsatpostoak.com/,(713) 255-1029,"1330 Post Oak Blvd #1300, Houston, TX 77056, USA","Houston, TX"
Houston Dental Oasis: Dr. Amelia Wang,dental office,https://houstondentaloasis.com/?utm_source=google&utm_medium=organic&utm_campaign=gbp,(713) 331-3177,"3004 Yale St Ste 500, Houston, TX 77018, USA","Houston, TX"
Houstonian Dental,dental office,https://www.houstoniandental.com/?utm_source=GMB&utm_medium=seo&utm_campaign=GBP,(713) 597-4015,"4101 Greenbriar Dr #155, Houston, TX 77098, USA","Houston, TX"
The Dentists At Houston Westchase,dental office,https://www.houstonwestchasedentists.com/,(832) 830-8226,"1500 CityWest Blvd #110, Houston, TX 77042, USA","Houston, TX"
Bayou City Smiles,dental office,https://www.bayoucitysmiles.com/locations/montrose/,(281) 220-8316,"888 Westheimer Rd Ste 212, Houston, TX 77006, USA","Houston, TX"
Dentists at Memorial Park,dental office,https://www.dentistsatmemorialpark.com/,(713) 861-8323,"5535 Memorial Dr Ste k, Houston, TX 77007, USA","Houston, TX"
FMS Dental & Orthodontics,dental office,https://fmsdental.org/?utm_campaign=gmb&utm_medium=organic&utm_source=gmb,(713) 903-7639,"2615 Southwest Fwy Suite 190, Houston, TX 77098, USA","Houston, TX"
EZ Dental Clinic Houston,dental office,http://www.ezdentalclinic.com/,(281) 498-2929,"6732 S Texas 6, Houston, TX 77083, USA","Houston, TX"
Serenity Dental of Houston,dental office,https://myserenitydental.com/houston-louetta/?utm_source=google.com&utm_medium=business+profile&utm_campaign=,(281) 971-2132,"10220 Louetta Rd, Houston, TX 77070, USA","Houston, TX"
FLOSS Dental of Houston Midtown,dental office,https://www.flossdentalhouston.com/,(713) 900-1919,"2707 Milam St Ste C, Houston, TX 77006, USA","Houston, TX"
UT Dentists,dental office,http://www.utdentists.com/,(713) 486-4444,"7500 Cambridge St #1210, Houston, TX 77054, USA","Houston, TX"
Sapphire Smiles - Dr. Antoun | Leading Cosmetic Dentist in Houston,dental office,https://www.sapphiresmilesdentistry.com/?utm_source=google&utm_medium=organic&utm_campaign=gbp,(832) 409-0400,"2522 Yale St #210, Houston, TX 77008, USA","Houston, TX"
Fulton Dental Associates,dental office,https://www.fultondentists.com/,(713) 955-7101,"2445 Fulton St # B, Houston, TX 77009, USA","Houston, TX"
West Gray Dental,dental office,http://westgraydental.com/,(832) 649-2465,"715 W Gray St, Houston, TX 77019, USA","Houston, TX"
Pearl Dentistry Houston Heights,dental office,https://pearlmoderndentistry.com/,(713) 766-4389,"1919 Taylor St, Houston, TX 77007, USA","Houston, TX"
Flash Dental,dental office,http://www.flashdental.net/,(281) 407-9989,"1050 Yale St #200, Houston, TX 77008, USA","Houston, TX"
Smiles of Midtown,dental office,https://smilesofmidtown.com/?utm_source=gmb,(713) 523-6848,"3600 San Jacinto St, Houston, TX 77004, USA","Houston, TX"
Lovett Dental Heights,dental office,https://www.lovettdentistryheights.com/?utm_source=google&utm_medium=organic&utm_campaign=gbp,(832) 767-2210,"174 Yale St #1200, Houston, TX 77007, USA","Houston, TX"
Hermann Park Smiles (Family & Cosmetic Dentistry),dental office,https://www.hermannparksmiles.com/?utm_source=GMB&utm_medium=organic&utm_campaign=DevOptimization&utm_content=Website,(713) 522-1717,"5927 Almeda Rd Unit J, Houston, TX 77004, USA","Houston, TX"
"Mi Casa Dental - Dentist Houston, TX",dental office,https://micasadentist.com/?utm_source=GMBListing&utm_medium=Organic,(713) 979-3670,"7011 Bissonnet St, Houston, TX 77074, USA","Houston, TX"
Design Dental of Montrose,dental office,http://designdentalmontrose.com/,(832) 301-3617,"415 Westheimer Rd Unit 209, Houston, TX 77006, USA","Houston, TX"
Houston Dental Care Dr. Fadi Charles Salha,dental office,https://www.houstondentalcare.org/,(713) 785-0234,"7700 San Felipe St Ste 150, Houston, TX 77063, USA","Houston, TX"
Omega Dental Specialists,dental office,https://omegadentists.com/,(713) 322-7474,"106 W Gray St, Houston, TX 77019, USA","Houston, TX"
Restore Dental At Montrose,dental office,https://www.restoredentalmontrose.com/?utm_source=gmb&utm_medium=organic,(281) 768-8944,"1110 W Gray St Ste 220, Houston, TX 77019, USA","Houston, TX"
URBN Dental Implants & Invisalign | Midtown,dental office,https://urbndental.com/texas/houston-dental-services/midtown/?utm_campaign=local-listings&utm_term=midtown,(346) 815-9997,"3510 Main St Ste E, Houston, TX 77002, USA","Houston, TX"
Urban Dental,dental office,http://www.urban-dental.com/,(713) 528-9002,"2511 Bagby St, Houston, TX 77006, USA","Houston, TX"
FLO dentistry,dental office,https://www.flodentistry.com/?utm_source=google&utm_medium=organic&utm_campaign=gbp-listing,(832) 345-9383,"1111 Shepherd Dr Ste 200, Houston, TX 77007, USA","Houston, TX"
Jefferson Dental & Orthodontics - Houston Dentist,dental office,https://www.jeffersondentalclinics.com/locations/clinic/houston-lyons/?utm_source=organic&utm_medium=gmb31-YL,(346) 639-5596,"5900 Lyons Ave, Houston, TX 77020, USA","Houston, TX"
Jefferson Dental & Orthodontics,dental office,https://www.jeffersondentalclinics.com/locations/clinic/houston-fulton/?utm_source=organic&utm_medium=gmb,(832) 990-1732,"2301 Fulton St, Houston, TX 77009, USA","Houston, TX"
Montrose Advanced Dentistry,dental office,http://www.montroseadvanceddentistry.net/,(832) 831-6968,"3407 Montrose Blvd b4, Houston, TX 77006, USA","Houston, TX"
The Heights Modern Dentistry,dental office,https://www.theheightsmoderndentistry.com/?sc_cid=GBP%3AO%3AGP%3A648%3AOrganic_Search%3AGeneral%3Ana&_vsrefdom=organic_gbp&y_source=1_MTEwMjkxOC03MTUtbG9jYXRpb24ud2Vic2l0ZQ%3D%3D,(713) 868-4488,"1911 Taylor St D, Houston, TX 77007, USA","Houston, TX"
Midtown Dental - The Gallery of Smiles,dental office,https://www.thegalleryofsmiles.com/?utm_source=GMB&utm_medium=organic&utm_campaign=DevOptimization&utm_content=Website,(713) 979-4127,"2450 Louisiana St #700, Houston, TX 77006, USA","Houston, TX"
Shepherd Dental,dental office,http://shepherd-dental.com/,(713) 864-3993,"915 N Shepherd Dr Ste. D, Houston, TX 77008, USA","Houston, TX"
Dental Illusions,dental office,https://dentalillusions.com/,(713) 715-7354,"4101 Greenbriar Dr #220, Houston, TX 77098, USA","Houston, TX"
All Stars Dental,dental office,https://allstarsdental.com/,(713) 526-2424,"1301 Waugh Dr #200, Houston, TX 77019, USA","Houston, TX"
Downtown Dentist,dental office,http://downtowndentist.com/,(713) 658-9591,"333 Clay St #100, Houston, TX 77002, USA","Houston, TX"
Dental Care and Implants of South East Houston (Formerly Known As: A Dental Care - Gulfgate),dental office,https://www.dentalcareandimplants.com/locations/gulfgate-office-houston-tx/,(832) 990-2874,"6888 Gulf Fwy, Houston, TX 77087, USA","Houston, TX"
Swish Dental - Midtown,dental office,https://www.swishsmiles.com/location/houston-midtown,(281) 721-9901,"2204 Austin St Ste 100, Houston, TX 77002, USA","Houston, TX"
"Castle Dental & Orthodontics - Houston, TX (NRG Stadium Area)",dental office,https://www.castledental.com/dental-office/houston-dentist/31060/?utm_source=generic&utm_medium=profiles&utm_campaign=local_profiles,(713) 797-9041,"8132 Kirby Dr, Houston, TX 77054, USA","Houston, TX"
Aspire Dental - Houston,dental office,https://www.aspiredentalheights.com/?utm_source=generic&utm_medium=profiles&utm_campaign=local_profiles,(713) 861-6250,"310 W 19th St, Houston, TX 77008, USA","Houston, TX"
Jefferson Dental & Orthodontics,dental office,https://www.jeffersondentalclinics.com/locations/clinic/houston-harrisburg/?utm_source=organic&utm_medium=gmb,(346) 748-9930,"6808 Harrisburg Blvd, Houston, TX 77011, USA","Houston, TX"
Swish Dental - Heights,dental office,https://www.swishsmiles.com/location/houston-heights,(281) 220-8321,"1324 N Shepherd Dr Ste 200, Houston, TX 77008, USA","Houston, TX"
Gulf Coast Veterinary Specialists (GCVS),veterinary clinic,https://www.gcvs.com/locations/houston?y_source=1_MjkzNDQyODMtNzE1LWxvY2F0aW9uLndlYnNpdGU%3D,(713) 693-1111,"8042 Katy Fwy, Houston, TX 77024, USA","Houston, TX"
"Meyerland Animal Clinic, PA",veterinary clinic,http://www.meyerlandanimalclinic.com/,(713) 723-8612,"4995 W Bellfort Ave, Houston, TX 77035, USA","Houston, TX"
Central Houston Animal Hospital,veterinary clinic,https://chahpets.com/?utm_source=gmb&utm_medium=organic,(713) 526-1306,"1638 Westheimer Rd, Houston, TX 77006, USA","Houston, TX"
Cat Veterinary Clinic,veterinary clinic,https://www.catvetclinic.com/?utm_source=google&utm_medium=gbp&utm_campaign=gbp,(713) 523-5171,"3122 White Oak Dr Ste A, Houston, TX 77007, USA","Houston, TX"
Sunset Animal Hospital,veterinary clinic,http://sunsetanytime.com/,(713) 526-5881,"2959 Southwest Fwy, Houston, TX 77098, USA","Houston, TX"
Animal Medical Center of the Village,veterinary clinic,https://amcofthevillage.com/?utm_source=gmb&utm_medium=organic,(713) 524-3800,"5406 Kirby Dr, Houston, TX 77005, USA","Houston, TX"
Memorial Veterinary Clinic,veterinary clinic,https://memorialvetclinic.com/?utm_source=gmb&utm_medium=organic,(713) 304-0525,"1379 S Voss Rd, Houston, TX 77057, USA","Houston, TX"
North Line Low Cost - Affordable Pet Clinic Tidwell,veterinary clinic,http://northlinevet.com/,(713) 697-3297,"51 Tidwell Rd, Houston, TX 77022, USA","Houston, TX"
Midtown Veterinary Hospital,veterinary clinic,http://midtownvethospital.com/,(713) 528-4900,"1631 W Alabama St, Houston, TX 77006, USA","Houston, TX"
Skyline Animal Hospital,veterinary clinic,https://skylinevetshtx.com/,(713) 929-3511,"5108 Almeda Rd, Houston, TX 77004, USA","Houston, TX"
Westbury Animal Hospital,veterinary clinic,http://www.westburyvets.com/,(713) 723-3666,"4917 S Willow Dr, Houston, TX 77035, USA","Houston, TX"
Neartown Animal Clinic,veterinary clinic,https://neartownvet.com/?utm_source=gmb&utm_medium=organic,(713) 526-1502,"1314 Woodhead St, Houston, TX 77019, USA","Houston, TX"
North Loop Pet Clinic,veterinary clinic,http://northlooppetclinic.com/,(713) 697-7387,"407 N Loop E Fwy, Houston, TX 77022, USA","Houston, TX"
EaDo Veterinary Clinic,veterinary clinic,http://www.eadovetclinic.com/,(713) 297-8200,"2704 Polk St Ste c, Houston, TX 77003, USA","Houston, TX"
Garden Oaks Veterinary Center,veterinary clinic,https://gardenoaksvet.com/,(713) 659-0650,"3408 N Shepherd Dr, Houston, TX 77018, USA","Houston, TX"
Bingle Veterinary Clinic,veterinary clinic,https://binglevet.com/,(713) 468-1676,"2025 Bingle Rd, Houston, TX 77055, USA","Houston, TX"
Lakeside Animal Clinic,veterinary clinic,https://lakesidevets.com/?utm_source=gmb&utm_medium=organic,(281) 493-9995,"2501 S Kirkwood Rd, Houston, TX 77077, USA","Houston, TX"
Pet Clinic On Bellfort,veterinary clinic,http://www.petcliniconbellfort.net/,(713) 842-7050,"7151 Bellfort Ave, Houston, TX 77087, USA","Houston, TX"
Montrose Veterinary Clinic,veterinary clinic,https://www.montrosevetclinic.com/,(713) 524-3814,"1701 Montrose Blvd, Houston, TX 77006, USA","Houston, TX"
North Durham Animal Hospital,veterinary clinic,https://ndanimalhospital.com/?utm_source=gmb&utm_medium=organic,(713) 863-7387,"2018 N Durham Dr, Houston, TX 77008, USA","Houston, TX"
Garza Veterinary Clinic,veterinary clinic,http://www.garzavetclinic.net/,(281) 445-3647,"7702 N Shepherd Dr, Houston, TX 77088, USA","Houston, TX"
Washington Heights Veterinary Clinic,veterinary clinic,http://www.whvetclinic.com/,(713) 802-2366,"2324 Shearn St, Houston, TX 77007, USA","Houston, TX"
East End Animal Surgery and Urgent Care,veterinary clinic,https://veturgentcarehtx.com/,(713) 913-7144,"1711 Telephone Rd, Houston, TX 77023, USA","Houston, TX"
West Alabama Animal Clinic,veterinary clinic,http://www.westalabamaanimalclinic.com/,(713) 528-0818,"2030 W Alabama St, Houston, TX 77098, USA","Houston, TX"
Riverflow Pet Clinic,veterinary clinic,https://www.riverflowpetclinic.com/,(713) 450-1774,"2811 Airline Dr #6, Houston, TX 77009, USA","Houston, TX"
Tanglewilde Veterinary Clinic,veterinary clinic,https://tanglewildevet.com/,(832) 848-2898,"2717 Rockyridge Dr, Houston, TX 77063, USA","Houston, TX"
Bissonnet Veterinary Hospital,veterinary clinic,https://www.bissvet.com/,(713) 231-5892,"2715 Bissonnet St Ste 250, Houston, TX 77005, USA","Houston, TX"
Affordable Pet Clinic,veterinary clinic,http://affordablepetclinic.net/,(713) 692-5100,"3004 Little York Rd, Houston, TX 77093, USA","Houston, TX"
Gulfgate Animal Hospital.,veterinary clinic,http://www.gulfgateanimalhospital.com/,(713) 643-5723,"216 Winkler Dr, Houston, TX 77087, USA","Houston, TX"
Briarcrest Veterinary Clinic,veterinary clinic,http://www.briarcrestvet.com/,(713) 789-8320,"1492 Wilcrest Dr, Houston, TX 77042, USA","Houston, TX"
Briargrove Animal Clinic,veterinary clinic,http://www.briargroveac.com/?utm_source=gmb&utm_medium=organic,(713) 782-0261,"5924 Westheimer Rd, Houston, TX 77057, USA","Houston, TX"
Oak Forest Veterinary Hospital,veterinary clinic,https://oakforestvet.com/,(713) 682-6351,"2120 W 34th St, Houston, TX 77018, USA","Houston, TX"
Long Drive Dog & Cat Hospital,veterinary clinic,http://longdrivedogcat.com/,(713) 643-0633,"7327 Long Dr, Houston, TX 77087, USA","Houston, TX"
Fairbanks Animal Clinic,veterinary clinic,https://fairbanksvet.com/,(713) 937-7274,"7151 Fairbanks North Houston Rd, Houston, TX 77040, USA","Houston, TX"
Houston Veterinary Hospital,veterinary clinic,https://www.houstonvetclinic.com/,(713) 694-0552,"6730 Airline Dr, Houston, TX 77076, USA","Houston, TX"
VEG ER for Pets,veterinary clinic,https://www.veg.com/locations/texas/houston?utm_source=organic_google&utm_medium=gbp_link&utm_campaign=locations_page&utm_content=houston,(346) 355-6444,"2785 Katy Fwy, Houston, TX 77007, USA","Houston, TX"
Echo Lane Animal Clinic,veterinary clinic,http://www.echolaneanimalclinic.com/,(713) 467-3091,"9321 Katy Fwy, Houston, TX 77024, USA","Houston, TX"
Houston Humane Society Veterinary Clinic,veterinary clinic,https://www.houstonhumane.org/clinic,(713) 433-6421,"3100 W Fuqua St, Houston, TX 77045, USA","Houston, TX"
Bayou City Veterinary Hospital,veterinary clinic,http://www.bayoucityvets.com/,(713) 343-9909,"4720 Washington Ave Ste d, Houston, TX 77007, USA","Houston, TX"
Petcare Express,veterinary clinic,http://www.petcareexpress.net/,(713) 592-9977,"2501 W Holcombe Blvd B, Houston, TX 77030, USA","Houston, TX"
Richmond Avenue Animal Hospital,veterinary clinic,http://www.richmondavenueanimalhospital.com/,(832) 333-5448,"4014 Richmond Ave, Houston, TX 77027, USA","Houston, TX"
Neighborhood Veterinary Centers - Houston Heights,veterinary clinic,https://gonvc.com/locations/houstonheights/?utm_source=google&utm_medium=google_business_profile&utm_campaign=website_click,(281) 501-0603,"1406 Northwood St, Houston, TX 77009, USA","Houston, TX"
Modern Animal The Heights,veterinary clinic,https://www.modernanimal.com/clinics/heights/,(346) 449-5436,"238 W 19th St, Houston, TX 77008, USA","Houston, TX"
Heights Veterinary Clinic - Northwest,veterinary clinic,https://heightsvet.com/,(832) 982-2365,"4107 Sherwood Ln, Houston, TX 77092, USA","Houston, TX"
Pet Check Animal Clinic,veterinary clinic,https://www.petcheck.vet/,(713) 738-2432,"9500 Westview Dr #103, Houston, TX 77055, USA","Houston, TX"
Braescroft Animal Clinic,veterinary clinic,http://www.braescroftanimalclinic.com/,(713) 721-8081,"8510 Hillcroft Ave, Houston, TX 77096, USA","Houston, TX"
Alief Animal Hospital,veterinary clinic,http://aliefanimalhospital.com/,(281) 498-6702,"7311 S Kirkwood Rd, Houston, TX 77072, USA","Houston, TX"
The Cat Doctor,veterinary clinic,https://catdoctorhouston.vet/?utm_source=google&utm_medium=organic&utm_campaign=gmb&utm_term=website,(713) 522-8362,"534 Westheimer Rd, Houston, TX 77006, USA","Houston, TX"
Kirkwood Veterinary Hospital,veterinary clinic,https://kirkwoodveterinaryhospital.com/,(281) 481-5900,"10580 Fuqua St, Houston, TX 77089, USA","Houston, TX"
The Urban Vet,veterinary clinic,http://www.theurbanvet.com/,(713) 903-2364,"2625 Louisiana St d100, Houston, TX 77006, USA","Houston, TX"
Thrive Pet Healthcare - The Heights,veterinary clinic,https://www.thrivepetcare.com/locations/texas/houston/ella/?utm_source=gmb&utm_medium=web,(713) 277-7500,"548 W 19th St A, Houston, TX 77008, USA","Houston, TX"
Dexter and Evie Veterinary Clinic + Urgent Care,veterinary clinic,https://dexterandevievet.com/,(713) 364-6611,"1100 Lyndon St, Houston, TX 77030, USA","Houston, TX"
Baxter and Cleo Veterinary Clinic,veterinary clinic,http://baxterandcleovet.com/,(713) 461-3111,"2021 Gessner Rd, Houston, TX 77080, USA","Houston, TX"
Emancipet,veterinary clinic,http://emancipet.org/houston/,(713) 321-2713,"910 S Wayside Dr #100, Houston, TX 77023, USA","Houston, TX"
West Houston Veterinary Medical Associates,veterinary clinic,https://whvma.com/?utm_source=google&utm_medium=organic&utm_campaign=google_business_profile,(281) 493-4712,"13560 Briar Forest Dr, Houston, TX 77077, USA","Houston, TX"
Heights Veterinarian - Urban Animal Veterinary Hospital,veterinary clinic,https://urbananimalveterinary.com/,(713) 863-0088,"1327 Yale St, Houston, TX 77008, USA","Houston, TX"
Vetco Total Care,veterinary clinic,https://stores.petco.com/tx/houston/vet-hospital-houston-tx-477.html?utm_source=google&utm_campaign=locallist_477_vtc,(346) 330-4872,"2110 S Shepherd Dr, Houston, TX 77019, USA","Houston, TX"
SNAP Spay-Neuter & Animal Wellness Clinic,veterinary clinic,http://www.snapus.org/,(713) 862-8001,"1801 Durham Dr #1A, Houston, TX 77007, USA","Houston, TX"
CAWLM Veterinary Hospital + Spa,veterinary clinic,https://www.cawlmvet.com/,(832) 662-2956,"4902 San Jacinto St, Houston, TX 77004, USA","Houston, TX"
Forest West Animal Clinic,veterinary clinic,http://www.forestwestvet.com/,(713) 688-9625,"5315 Antoine Dr, Houston, TX 77091, USA","Houston, TX"
All About Home Care,home health agency,http://www.aahcare.com/,(713) 802-1211,"427 W 20th St #601, Houston, TX 77008, USA","Houston, TX"
Bellaire Home Health Care,home health agency,http://www.bellairehomehealthcare.com/,(281) 564-9959,"International Trade Center, 11110 Bellaire Blvd Ste 110, Houston, TX 77072, USA","Houston, TX"
Lilly's Home Care,home health agency,https://lillyhomecare.com/,(713) 262-5812,"2925 Richmond Ave, Houston, TX 77098, USA","Houston, TX"
Patient Care Of Houston LLC,home health agency,https://www.patientcareofhouston.com/,(713) 393-7738,"3100 S Gessner Rd Ste 208, Houston, TX 77063, USA","Houston, TX"
Coastal Home Health Care,home health agency,https://www.coastalhhc.com/,(346) 781-4540,"8866 Gulf Fwy #295, Houston, TX 77017, USA","Houston, TX"
Primetime Home Health Services Inc,home health agency,http://www.pthhs.net/,(713) 977-7721,"11602 Burdine St A, Houston, TX 77035, USA","Houston, TX"
At Your Side Home Care,home health agency,http://www.houston-homecare.com/?utm_GBP,(832) 271-1600,"2400 Augusta Dr Ste 260, Houston, TX 77057, USA","Houston, TX"
Accessible Home Health Care of Houston,home health agency,https://www.accessiblehomehealthcare.com/location/texas/houston/?utm_source=gmb&utm_medium=organic&utm_campaign=houston,(281) 859-3516,"16220 West Rd, Houston, TX 77095, USA","Houston, TX"
"DediCare Home Health, LLC",home health agency,https://dedicaretx.org/,(346) 701-7915,"5600 NW Central Dr, Houston, TX 77092, USA","Houston, TX"
Home Health Professionals,home health agency,http://www.hhpros.com/,(713) 942-0100,"2000 W Loop S #1800, Houston, TX 77027, USA","Houston, TX"
Always Care Home Health LLC,home health agency,https://alwayscarehh.com/,(832) 286-4161,"16676 Northchase Dr Ste 420, Houston, TX 77060, USA","Houston, TX"
Impact Home Care and Staffing,home health agency,https://www.impactcare4u.com/,(346) 240-2607,"7135 W Tidwell Rd M105, Houston, TX 77092, USA","Houston, TX"
BlueBonnet Home Health,home health agency,https://bluebonnetathome.com/,(346) 689-2339,"2806 Old Pecan Grove Ln, Houston, TX 77092, USA","Houston, TX"
"Dignified Nursing Home Health Care Agency, LLC",home health agency,,(281) 920-3100,"12000 Richmond Ave #360, Houston, TX 77082, USA","Houston, TX"
"Home Instead - Houston, Bellaire, Missouri City & Sugar Land",home health agency,https://www.homeinstead.com/home-care/usa/tx/houston/541/?utm_source=google&utm_medium=organic&utm_campaign=google_organic_businesslisting_y,(346) 537-1945,"8303 Southwest Fwy #705, Houston, TX 77074, USA","Houston, TX"
Above All Home Care,home health agency,https://aboveallhomecare23.com/,(832) 934-4533,"7702 Martin Luther King Blvd, Houston, TX 77033, USA","Houston, TX"
HHR Care at Home,home health agency,http://www.homehealthresources.com/,(281) 398-0500,"18338 Kingsland Blvd Suite 102, Houston, TX 77094, USA","Houston, TX"
Central Home Health Services of Tx,home health agency,http://centraloftexas.com/,(713) 461-5696,"720 N Post Oak Rd #140, Houston, TX 77024, USA","Houston, TX"
Heart Home Health Care Agency,home health agency,https://hearthomehealth.com/,(713) 654-8825,"9103 Scott St, Houston, TX 77051, USA","Houston, TX"
"Total Home Care, Inc.",home health agency,http://www.total-homecare.com/,(713) 647-7036,"1419 W 24th St, Houston, TX 77008, USA","Houston, TX"
Homewatch CareGivers of Houston Galleria,home health agency,https://www.homecarehouston.com/,(713) 766-0908,"5251 Westheimer Rd #440, Houston, TX 77056, USA","Houston, TX"
FirstLight Home Care of Houston Metro,home health agency,http://www.firstlighthomecare.com/home-healthcare-houston-metro/?utm_source=google&utm_medium=organic&utm_campaign=gbp,(713) 714-5625,"5433 Westheimer Rd #403, Houston, TX 77056, USA","Houston, TX"
Home Instead,home health agency,https://www.homeinstead.com/home-care/usa/tx/houston/582/?utm_source=google&utm_medium=organic&utm_campaign=google_organic_businesslisting_y,(346) 577-8357,"4660 Beechnut St Ste 243, Houston, TX 77096, USA","Houston, TX"
Agape Care LLC,home health agency,http://www.agapecarellc.com/,(713) 680-2273,"7807 Long Point Rd #430, Houston, TX 77055, USA","Houston, TX"
Gaspy Home Healthcare,home health agency,http://www.gaspyhomehealth.com/,(713) 742-0615,"1919 N Loop W #400, Houston, TX 77008, USA","Houston, TX"
Uptown Homecare,home health agency,http://houstonuptownhomecare.com/,(713) 980-8090,"15915 Katy Fwy #150, Houston, TX 77094, USA","Houston, TX"
Total Joy Homecare,home health agency,http://www.totaljoyhc.net/,(832) 534-3242,"10103 Fondren Rd Ste 312, Houston, TX 77096, USA","Houston, TX"
At Your Side Home Care Northwest Houston,home health agency,https://www.atyoursidehomecare.com/texas/northwest-houston.html?utm_source=gbp&utm_medium=organic,(281) 520-3746,"8203 Willow Pl Dr S, Houston, TX 77070, USA","Houston, TX"
Home Instead - West and Southwest Houston,home health agency,https://www.homeinstead.com/home-care/usa/tx/houston/252/?utm_source=google&utm_medium=organic&utm_campaign=google_organic_businesslisting_y,(346) 701-5196,"11201 Richmond Ave Ste A110, Houston, TX 77082, USA","Houston, TX"
SMS Home Health LLC,home health agency,https://www.smshomehealth.com/?utm_source=Google&utm_medium=GMB,(346) 666-8103,"8300 FM 1960 W Ste 436, Houston, TX 77070, USA","Houston, TX"
"AssuranceJ Homecare Services, Inc.",home health agency,http://www.assurancejhomecare.com/,(713) 988-2618,"11602 Burdine St, Houston, TX 77035, USA","Houston, TX"
A Better Solution In-Home Care,home health agency,https://abshomecarehouston.com/,(346) 485-6125,"9950 Westpark Dr Ste 103A, Houston, TX 77063, USA","Houston, TX"
Home Matters Caregiving,home health agency,https://homematters.com/southwest-houston-tx/,(832) 371-6600,"1300 Bay Area Blvd Suite B125, Houston, TX 77058, USA","Houston, TX"
Living Hope Home Healthcare,home health agency,https://livinghopehealthcare.com/,(281) 484-6500,"12550 Fuqua St, Houston, TX 77034, USA","Houston, TX"
Harbor Home Care,home health agency,https://harborhomehealth.com/,(713) 360-2273,"340 N Sam Houston Pkwy E a1029, Houston, TX 77060, USA","Houston, TX"
Astrocare Home Healthcare,home health agency,https://astrocarehealth.com/,(281) 931-5500,"14950 Heathrow Forest Pkwy #300, Houston, TX 77032, USA","Houston, TX"
Transition Home Healthcare,home health agency,https://www.ml-healthcare.net/home-health,(713) 665-5471,"4888 Loop Central Dr Ste 300, Houston, TX 77081, USA","Houston, TX"
Comfort Keepers,home health agency,https://www.comfortkeepers.com/offices/texas/west-central-houston/?utm_source=local&utm_medium=organic,(713) 250-8901,"6117 Richmond Ave #150, Houston, TX 77057, USA","Houston, TX"
Encore Caregivers,home health agency,https://encorecaregivers.com/houston-tx/?utm_source=GBP&utm_medium=google&utm_campaign=click,(713) 686-2233,"7925 Katy Fwy Ste N, Houston, TX 77024, USA","Houston, TX"
"Geryn Home Health Care Agency, Inc",home health agency,http://gerynhome.health/,(281) 800-1109,"12000 Westheimer Rd Ste 215, Houston, TX 77077, USA","Houston, TX"
TheraCare Home Health-Houston,home health agency,https://cantexcc.com/all-locations-and-service-areas/?tab=nav-home_health,(281) 488-4663,"11104 W Airport Blvd #225a, Stafford, TX 77477, USA","Houston, TX"
Griswold Home Care for Southwest Houston,home health agency,https://www.griswoldcare.com/southwest-houston/,(281) 978-4244,"10998 Wilcrest Dr #297, Houston, TX 77099, USA","Houston, TX"
"In Home Attendant Services, Ltd.",home health agency,http://www.inhometexas.com/,(713) 528-8345,"2990 Richmond Ave Ste 325, Houston, TX 77098, USA","Houston, TX"
Home Care of Houston LLC,home health agency,,,"9894 Bissonnet St #100u, Houston, TX 77036, USA","Houston, TX"
Nurturing Home Healthcare,home health agency,https://www.nhhagency.com/contact-us,(281) 980-0881,"738 S Texas 6, Houston, TX 77079, USA","Houston, TX"
Temporary Home Care,home health agency,http://temporaryhomecare.com/,(713) 271-8800,"12603 Southwest Fwy #255, Stafford, TX 77477, USA","Houston, TX"
TheKey - Senior Home Care,home health agency,https://thekey.com/locations/texas/houston?utm_source=search&utm_medium=Yext,(713) 528-8076,"1900 Saint James Place Ste 215, Houston, TX 77056, USA","Houston, TX"
ACI Home Care,home health agency,https://acihomecare.com/,(281) 781-9220,"950 Echo Ln #200, Houston, TX 77024, USA","Houston, TX"
Assisting Hands In Home Healthcare Houston,home health agency,https://assistinghands.com/texas/houston,(281) 540-7400,"1250 Indiana St, Humble, TX 77396, USA","Houston, TX"
SYNERGY HomeCare,home health agency,https://www.synergyhomecare.com/tx-houston-77015/?utm_source=google&utm_medium=local&utm_campaign=localmaps&utm_content=4430,(281) 973-5225,"12605 East Fwy #600, Houston, TX 77015, USA","Houston, TX"
LifeBridge Home Care,home health agency,http://lifebridgehomecares.com/,(281) 238-8848,"6200 Savoy Dr Ste 936, Houston, TX 77036, USA","Houston, TX"
HCA Houston Healthcare at Home,home health agency,https://www.hcahoustonhealthcare.com/specialties/healthcare-at-home?utm_campaign=corp_listings_mgmt&utm_source=google&utm_medium=business_listing,(713) 623-0291,"12606 W Houston Center Blvd Ste 300, Houston, TX 77082, USA","Houston, TX"
Teamcare Home Health Services,home health agency,https://teamcarehh.com/,(713) 838-1105,"2626 S Loop W #650Y, Houston, TX 77054, USA","Houston, TX"
Independent Home Health Care,home health agency,http://www.independenthomecare.com/,(713) 520-6864,"2401 Isabella St, Houston, TX 77004, USA","Houston, TX"
GH Home Healthcare Agency ( Godly Hearts Home Healthcare Agency),home health agency,http://ghhomehealthcare.com/,(713) 485-4354,"4606 FM 1960 W Ste 320, Houston, TX 77069, USA","Houston, TX"
Doctor's Choice Home Care & Hospice Texas,home health agency,https://doctorschoicetx.com/,(833) 365-2464,"13100 Northwest Fwy Ste 400, Houston, TX 77040, USA","Houston, TX"
Family Tree Private Care,home health agency,https://familytreecares.com/,(713) 333-9991,"3600 S Gessner Rd Ste 150, Houston, TX 77063, USA","Houston, TX"
Visiting Angels Senior Home Care North Houston,home health agency,https://www.visitingangels.com/northwesthouston/home-care-harris-county-texas?utm_source=gmb&utm_medium=organic&utm_campaign=local,(832) 705-8911,"14614 Falling Creek Dr #208, Houston, TX 77068, USA","Houston, TX"
One You Love Homecare - Houston,home health agency,https://oneyoulovehomecare.com/locations/houston-tx/,(346) 466-4807,"1415 N Loop W Ste 300-2, Houston, TX 77008, USA","Houston, TX"
Joy Home Health Care,home health agency,,(832) 288-4928,"10518 Kipp Way St, Houston, TX 77099, USA","Houston, TX"
Texan Landscape Group,landscaping company,https://landscapedesignhouston.com/,(832) 230-7277,"2000 Campbell Rd, Houston, TX 77080, USA","Houston, TX"
Absolute Lawn Care and Landscaping,landscaping company,https://www.absolute-landscape.com/,(281) 713-4600,"2221 Silver St, Houston, TX 77007, USA","Houston, TX"
Natural Wonders Landscaping,landscaping company,https://houstonlandscaper.org/?utm_source=google&utm_medium=organic&utm_campaign=gbp,(832) 755-1384,"407 Coronado St, Houston, TX 77009, USA","Houston, TX"
Hogue Landscape Services,landscaping company,http://www.hoguels.com/,(713) 360-6924,"2210 W 34th St, Houston, TX 77018, USA","Houston, TX"
Pepe's Landscaping Designs,landscaping company,http://pepeslandscapingdesigns.com/,(832) 652-1365,"1405 Shadowdale Dr, Houston, TX 77043, USA","Houston, TX"
Noble Landscaping Houston Tx,landscaping company,https://noblelandscapingtx.com/,(281) 400-2956,"3903 Bellaire Blvd, Houston, TX 77025, USA","Houston, TX"
Houston Landscape Pros,landscaping company,https://houstonlandscapepros.com/,(713) 396-3320,"9801 Westheimer Rd #300, Houston, TX 77042, USA","Houston, TX"
Fernandez Landscape Contractors Services,landscaping company,http://www.fernandezlandscapes.com/,(713) 597-0907,"4813 Breen Dr, Houston, TX 77086, USA","Houston, TX"
Texas Castro Landscaping LLC,landscaping company,https://www.texascastroslandscapingllc.com/,(832) 889-9786,"6658 Thornwall St, Houston, TX 77092, USA","Houston, TX"
2 Gals Landscaping and Construction LLC,landscaping company,http://2galslandscaping.com/,(832) 275-9015,"3819 Bear Creek Meadows Ln, Houston, TX 77043, USA","Houston, TX"
Nature Springs Landscaping,landscaping company,https://www.naturespringslandscaping.com/,(832) 455-1383,"Houston, TX 77007, USA","Houston, TX"
Noble Landscaping Memorial Houston Tx,landscaping company,https://noblelandscapingtx.com/,(346) 523-8192,"5369 W Alabama St, Houston, TX 77056, USA","Houston, TX"
Frankie’s Landscape LLC,landscaping company,https://frankiegarcialandscape.com/,(281) 703-9493,"11715 Dover St, Houston, TX 77031, USA","Houston, TX"
Danny's Landscaping,landscaping company,http://dannyslandscapingtx.com/,(713) 514-3537,"8619 Daycoach Ln, Houston, TX 77064, USA","Houston, TX"
Douglas Lawn And Landscaping,landscaping company,https://www.douglaslandscapesllc.com/our-services,(346) 251-2636,"14230 Wunderlich Rd, Houston, TX 77069, USA","Houston, TX"
"Helms Landscape Design, LLC",landscaping company,https://helmslandscapedesignllc.com/,(713) 367-4644,"710 N Post Oak Rd Ste 103, Houston, TX 77024, USA","Houston, TX"
"Evergreen Outdoor Services, LLC",landscaping company,http://evergreenlawncaretx.com/,(832) 506-8239,"11922 Green River Dr, Houston, TX 77044, USA","Houston, TX"
FiveSTAR Landscape,landscaping company,http://www.houstonfivestar.com/,(713) 322-9444,"2425 W Loop S #200, Houston, TX 77027, USA","Houston, TX"
Lone Star Landscape Tx Inc,landscaping company,https://contact.thelonestarlandscape.com/,(832) 779-2233,"5444 Westheimer Rd, Houston, TX 77056, USA","Houston, TX"
D&G Landscaping & Design,landscaping company,https://dglandscapingdesign.com/,(832) 600-3038,"10190 Katy Fwy, Houston, TX 77043, USA","Houston, TX"
Blackstar Landscaping Houston,landscaping company,https://www.blackstarlandscaping.com/,(832) 464-6669,"2429 Bissonnet St #222, Houston, TX 77005, USA","Houston, TX"
Moss Landscaping,landscaping company,https://mosslandscaping.com/,(713) 861-5511,"4130 Lang Rd, Houston, TX 77092, USA","Houston, TX"
New Roots,landscaping company,https://newrootslandscapinghouston.com/,(713) 485-4791,"5117 N Main St, Houston, TX 77009, USA","Houston, TX"
Four Seasons Lawn & Landscaping LLC,landscaping company,https://www.fourseasonsdesigns.biz/,(832) 916-3000,"7200 Eldridge Pkwy Ste C, Houston, TX 77083, USA","Houston, TX"
JC's Landscaping LLC,landscaping company,https://www.jclandscapingllc.com/,(972) 890-0297,"202 S Coleman St Ste 300-3, Prosper, TX 75078, USA","Houston, TX"
Earthworks Landscape and Maintenance,landscaping company,http://earthworkstexas.com/?utm_source=google&utm_medium=wix_google_business_profile&utm_campaign=15888359155757279918,(281) 736-5329,"13511 Greenlow Dr, Houston, TX 77067, USA","Houston, TX"
"J.B. Landscape Design, Inc.",landscaping company,http://www.jb-landscapedesign.com/,(832) 541-8328,"12611 Blanco Terrace Ln, Houston, TX 77041, USA","Houston, TX"
Juan C Lopez Landscaping,landscaping company,http://txlandscapershouston.com/,(713) 909-6701,"8647 Sonneville Dr, Houston, TX 77080, USA","Houston, TX"
Daniel's Landscaping LLC,landscaping company,,(281) 839-0311,"10825 Greenwillow Dr, Houston, TX 77035, USA","Houston, TX"
Monarch Landscape Management,landscaping company,http://www.monarchlm.com/,(713) 849-6600,"1850 Hollister St, Houston, TX 77080, USA","Houston, TX"
Exterior Worlds Landscape & Design,landscaping company,http://www.exteriorworlds.com/,(713) 827-2255,"1721 Oak Tree Dr, Houston, TX 77080, USA","Houston, TX"
Ventura Landscape,landscaping company,http://venturalandscapehouston.com/,(713) 518-7219,"Tanglewilde St, Houston, TX 77063, USA","Houston, TX"
Texas Urban Elements,landscaping company,https://www.texasurbanelements.com/,(832) 304-7007,"11250 West Rd Bldg k, Houston, TX 77065, USA","Houston, TX"
L3 Designs Pools & Landscaping,landscaping company,https://l3-design.com/,(281) 974-2783,"2121 Brittmoore Rd, Houston, TX 77043, USA","Houston, TX"
Byron's Landscaping,landscaping company,http://byronlandscaping.com/,(281) 397-0421,"8311 Garvin Ave, Houston, TX 77064, USA","Houston, TX"
Core Landscape Group,landscaping company,http://www.corelandscapegroup.com/,(713) 688-2673,"1240 W 25th St, Houston, TX 77008, USA","Houston, TX"
Grow and Company,landscaping company,http://www.growandcotexas.com/,(713) 781-3841,"5930 Flintlock Rd, Houston, TX 77040, USA","Houston, TX"
New Green Landscaping,landscaping company,https://www.newgreenlandscaping.org/,(346) 812-6124,"209 Wellington St, Houston, TX 77076, USA","Houston, TX"
LawnStarter - Houston Landscaping,landscaping company,https://www.lawnstarter.com/houston-tx-landscaping/?utm_source=google&utm_medium=GLocal&utm_campaign=HoustonGLocal,(832) 981-4636,"2400 Hackett Dr, Houston, TX 77008, USA","Houston, TX"
Aj's Landscaping & Design Inc,landscaping company,http://www.ajslandscaping.com/,(713) 957-0449,"1223 W 21st St, Houston, TX 77008, USA","Houston, TX"
Southwest Property Landscaping,landscaping company,http://www.swplandscaping.com/,(713) 661-8887,"5720 Clarewood Dr # B, Houston, TX 77081, USA","Houston, TX"
TOL The One Landscaping.,landscaping company,http://theonelandscaping.net/,(713) 918-9369,"5734 Green Ash Dr, Houston, TX 77081, USA","Houston, TX"
The Green Landscape Service,landscaping company,http://thegreenlandscape.net/,(832) 409-9597,"15702 Tammany Ln, Houston, TX 77082, USA","Houston, TX"
Strong Landscaping,landscaping company,http://www.stronglandscaping.com/?utm_source=google&utm_medium=wix_google_business_profile&utm_campaign=14407160231119005472,(713) 469-4449,"2305 Bennington St, Houston, TX 77093, USA","Houston, TX"
JMP Landscaping & Tree Care Service,landscaping company,http://jmplandscape.com/,(346) 417-1425,"3326 Hitchcock St, Houston, TX 77093, USA","Houston, TX"
carlos landscaping services,landscaping company,,(832) 706-9260,"7202 Leaning Oak Dr, Houston, TX 77088, USA","Houston, TX"
Texas General Contractors,general contractor,https://www.texasgeneral.com/,(936) 628-5566,"4601 S Wayside Dr, Houston, TX 77087, USA","Houston, TX"
HM General Contractors,general contractor,https://hm-build-beauty.lovable.app/,(713) 947-6548,"1674 W Sam Houston Pkwy N, Houston, TX 77043, USA","Houston, TX"
RJT Construction LLC,general contractor,https://rjt-constructionllc.com/,(832) 979-4175,"6041 Van Zandt St, Houston, TX 77016, USA","Houston, TX"
Luxurious Construction LLC,general contractor,https://www.luxuriousconstruct.com/,(281) 901-2563,"11010 Old Katy Rd Ste C307, Houston, TX 77043, USA","Houston, TX"
Tell Projects,general contractor,https://tellprojectstx.com/?utm_campaign=gmb,(832) 536-5436,"5328 Prudence Dr, Houston, TX 77045, USA","Houston, TX"
SK Houston Constructions,general contractor,https://www.skhoustonconstructions.com/,(832) 249-7807,"5151 Mitchelldale St Suite B2B, Houston, TX 77092, USA","Houston, TX"
CTC Contractors LLC,general contractor,http://www.ctccontractors.com/,(713) 936-1970,"3200 North Fwy, Houston, TX 77009, USA","Houston, TX"
Marwood Construction,general contractor,https://www.marwoodconstruction.com/,(713) 818-1720,"5850 San Felipe St, Houston, TX 77057, USA","Houston, TX"
MIF Contracting LLC,general contractor,https://mifcontracting.com/?utm_source=gmb&utm_medium=organic&utm_id=ffseo,(281) 501-2864,"6910 Renwick Dr #A, Houston, TX 77081, USA","Houston, TX"
Houston Construction Pro,general contractor,https://houstonconstructionpro.com/,(832) 810-5377,"8100 Washington Ave Ste 162, Houston, TX 77007, USA","Houston, TX"
Right Choice Construction,general contractor,https://www.rightchoiceconstruction.com/,(832) 450-4999,"2238 Bissonnet St, Houston, TX 77005, USA","Houston, TX"
Houston Remodeling Contractors,general contractor,http://www.houstonremodelingcontractors.com/,(713) 597-1604,"2514 Vaughn St, Houston, TX 77093, USA","Houston, TX"
Houston Builder Pro,general contractor,https://www.houstonbuilderpro.com/,(713) 551-4090,"2200 N Loop W #105, Houston, TX 77018, USA","Houston, TX"
KA Construction HTX,general contractor,http://www.kaconstructionhtx.com/,(832) 795-6602,"4211 Bluebonnet Dr #1, Houston, TX 77053, USA","Houston, TX"
Houston Builders Inc,general contractor,https://houstonbuilderstexas.com/?utm_campaign=gmb,(832) 888-1036,"11415 Chimney Rock Rd, Houston, TX 77035, USA","Houston, TX"
Dunhill Construction,general contractor,http://www.dunhillconstruction.com/,(713) 493-0177,"4801 Woodway Dr #425W, Houston, TX 77056, USA","Houston, TX"
Houston's Preferred Contractors,general contractor,http://houstonspreferredcontractors.com/,(346) 733-9969,"2855 Mangum Rd #460, Houston, TX 77092, USA","Houston, TX"
ARB Construction,general contractor,http://constructionarb.com/,(832) 985-1217,"8100 Washington Ave Ste 150L, Houston, TX 77007, USA","Houston, TX"
"BAL Home & Commercial Contracting, LLC | BHC Contracting",general contractor,https://www.bhctx.com/,(832) 895-1225,"550 Greens Pkwy Suite# 244, Houston, TX 77067, USA","Houston, TX"
Unique Builders and Remodeling Houston,general contractor,https://www.uniquebuilderstexas.com/?utm_campaign=gmb,(713) 903-3233,"5320 Gulfton St #1, Houston, TX 77081, USA","Houston, TX"
BM General Constructions,general contractor,http://bmgcs.com/,(346) 500-1118,"5870 Hwy 6 N suite 309, Houston, TX 77084, USA","Houston, TX"
Regal General Contractors LLC,general contractor,http://regalgc.com/,(713) 862-8433,"2611 Arabelle St, Houston, TX 77007, USA","Houston, TX"
Mi Casa Construction,general contractor,https://micasaconstruction.co/,(346) 495-9169,"1850 Portsmouth St, Houston, TX 77098, USA","Houston, TX"
Home Remedy,general contractor,https://homeremedyhouston.com/,(713) 939-7717,"9505 Yupondale Dr, Houston, TX 77080, USA","Houston, TX"
Blue Stone Construction of Texas,general contractor,https://bluestoneconstructiontx.com/?utm_source=gmb&utm_medium=organic,(832) 702-3272,"20713 Aldine Westfield Rd, Humble, TX 77338, USA","Houston, TX"
O'Neal Construction & Remodeling Services LLC,general contractor,,(713) 584-8281,"507 N Sam Houston Pkwy E #320, Houston, TX 77060, USA","Houston, TX"
"All Star Construction, Inc",general contractor,http://www.allstarconstruction.com/,(281) 847-0294,"13110 T C Jester Blvd, Houston, TX 77038, USA","Houston, TX"
Novara Construction and Remodeling,general contractor,https://novaraconstructiontx.com/,(281) 889-1068,"2825 Wilcrest Dr Ste 621, Houston, TX 77042, USA","Houston, TX"
Texas Greatest Remodelers,general contractor,https://texasgreatestremodelers.com/,(832) 552-1555,"616 FM 1960 W Ste 538, Houston, TX 77090, USA","Houston, TX"
Capital K Contractors,general contractor,https://www.capitalkcontractors.com/,(832) 903-7777,"16727 Mackenzie Mesa Dr, Spring, TX 77379, USA","Houston, TX"
The General‘s construction,general contractor,https://tgscconstruction.com/,(832) 656-0912,"1926 Ojeman Rd, Houston, TX 77080, USA","Houston, TX"
LBJ Construction LP,general contractor,http://www.lbjconstruction.com/,(713) 781-0169,"5438 Guhn Rd, Houston, TX 77040, USA","Houston, TX"
Home Masters,general contractor,https://homemasterstx.com/?utm_campaign=gmb,(346) 623-9087,"12018 Louetta Rd, Houston, TX 77070, USA","Houston, TX"
Majesty Construction,general contractor,https://majestyconstructionhouston.com/,(281) 800-5741,"1923 Washington Ave Ste 2332, Houston, TX 77007, USA","Houston, TX"
Starz Home Remodeling,general contractor,https://www.starzhomeremodeling.com/,(832) 422-2299,"9801 Westheimer Rd Ste 1000, Houston, TX 77042, USA","Houston, TX"
El Toro General Contractors,general contractor,https://www.eltorogc.com/,(346) 482-8163,"510 S Mason Rd Ste 16B, Katy, TX 77450, USA","Houston, TX"
A&F General Contractors,general contractor,https://www.afgeneralcontractors.com/,(281) 664-2896,"9518 Grant Rd, Houston, TX 77070, USA","Houston, TX"
Life Time Construction & lifetime Construction,general contractor,https://lifetimeconstructiontexas.com/,(818) 300-4830,"8200 Wednesbury Ln Suit 240, Houston, TX 77074, USA","Houston, TX"
"Affordable Home Builders of Texas, LLC",general contractor,http://www.affordablehomebuildersoftexas.com/,(713) 497-5877,"10801 Hammerly Blvd #104-A, Houston, TX 77043, USA","Houston, TX"
DMI General Contractor LLC,general contractor,https://dmigeneralcontractor.com/home-,(713) 296-9753,"2021 Aldine Mail Rte Rd Ste 1013, Houston, TX 77039, USA","Houston, TX"
HTR Houston Texas Remodeling,general contractor,https://www.houstontexasremodeling.net/,(832) 937-9658,"10101 Fondren Rd #345, Houston, TX 77096, USA","Houston, TX"
Construction Management Pros Houston,general contractor,https://www.cmphouston.com/,(832) 755-6843,"15602 Cypress Gdns Dr, Houston, TX 77069, USA","Houston, TX"
LMG General Contractor,general contractor,http://www.lmg-gc.com/,(713) 932-8453,"3262 Westheimer Rd Suite 731, Houston, TX 77098, USA","Houston, TX"
Paradigm Construction,general contractor,http://www.pcc-tx.com/,(281) 890-0584,"20329 TX-249 Ste 100, Houston, TX 77070, USA","Houston, TX"
Smart Home Remodeling,general contractor,https://smarthomeremodelingtx.com/,(832) 835-7165,"8200 Wednesbury Ln, Houston, TX 77074, USA","Houston, TX"
Big City Construction Co,general contractor,https://bigcityconstructionco.com/,(281) 702-8186,"3612 Mangum Rd #210, Houston, TX 77092, USA","Houston, TX"
Andrade Construction Companies,general contractor,http://www.andradeconstructioncompanies.com/,(281) 227-8225,"14010 Luthe Rd Bldg A, Houston, TX 77039, USA","Houston, TX"
Abbott Contracting,general contractor,http://www.abbottcontracting.com/,(713) 777-7200,"7320 Ashcroft Dr #212, Houston, TX 77081, USA","Houston, TX"
Galaxy Construction LLC,general contractor,http://galaxyconstruction.us/,(800) 993-0035,"2216 Brookdale Ridge Trace, Houston, TX 77089, USA","Houston, TX"
"Houston Manufacturing Specialty Co., Inc.",manufacturing company,http://www.houmfg.com/,(713) 675-7400,"9909 Wallisville Rd, Houston, TX 77013, USA","Houston, TX"
"Rilco Manufacturing Company, Inc.",manufacturing company,http://www.rilco.com/,(713) 466-4777,"12700 Tanner Rd, Houston, TX 77041, USA","Houston, TX"
Fastener Manufacturing Company,manufacturing company,http://www.fastenermanufacturingcompany.com/,(713) 672-9401,"1401 Lathrop St, Houston, TX 77020, USA","Houston, TX"
J B Smith Manufacturing Co,manufacturing company,http://asc-es.com/,(713) 928-5711,"6618 Navigation Blvd, Houston, TX 77011, USA","Houston, TX"
TNN Manufacturing Co Inc,manufacturing company,http://tnnmfg.com/,(713) 849-0062,"8330 W Little York Rd, Houston, TX 77040, USA","Houston, TX"
"Sumner Manufacturing Co., LLC",manufacturing company,https://www.southwire.com/newsroom/archive/acquisition-sumner-manufacturing,(281) 999-6900,"7514 Alabonson Rd, Houston, TX 77088, USA","Houston, TX"
EML Manufacturing LLC,manufacturing company,http://www.emlmanufacturing.com/,(281) 272-2066,"5907 Breen Dr, Houston, TX 77086, USA","Houston, TX"
Texas Manufacturing Co,manufacturing company,http://www.texasmanufacturingco.com/Houston-Location,(713) 681-4479,"5915 Milwee St, Houston, TX 77092, USA","Houston, TX"
Alcon Manufacturing,manufacturing company,https://www.alcon.com/,(713) 668-9100,"9965 Buffalo Speedway #1, Houston, TX 77054, USA","Houston, TX"
Arcot Manufacturing Corporation,manufacturing company,http://www.arcotmanufacturing.com/,(713) 413-9700,"2950 Mowery Rd, Houston, TX 77045, USA","Houston, TX"
Royal Manufacturing,manufacturing company,https://www.royal-mfg.com/,,"1144 Buschong St, Houston, TX 77039, USA","Houston, TX"
"VTech Manufacturing Company, Inc.",manufacturing company,http://www.vtechmfg.com/,(281) 858-1763,"14011 FM 529 Building-A, Houston, TX 77041, USA","Houston, TX"
Sun Manufacturing Co,manufacturing company,http://www.sun-mfg.com/,(832) 448-1201,"11220 Charles Rd, Jersey Village, TX 77041, USA","Houston, TX"
Sterling Manufacturing & Distributing,manufacturing company,https://sterlinghouston.com/,(713) 695-5333,"150 Bennington St, Houston, TX 77022, USA","Houston, TX"
AJ Medical Manufacturing,manufacturing company,http://ajmedusa.com/,(844) 318-8784,"16710 Hedgecroft Dr #100, Houston, TX 77060, USA","Houston, TX"
S & H Manufacturing Co Inc.,manufacturing company,http://www.sandhmanufacturing.com/,(713) 926-8805,"7218 Canal St, Houston, TX 77011, USA","Houston, TX"
Houston Vessel Manufacturing,manufacturing company,https://www.houstonvessel.com/,(713) 937-5299,"16250 Tomball Pkwy, Houston, TX 77086, USA","Houston, TX"
Clorox Products Houston,manufacturing company,http://www.clorox.com/,(713) 672-1768,"5822 Armour Dr, Houston, TX 77020, USA","Houston, TX"
Camino Manufacturing LLC,manufacturing company,,(713) 227-4243,"800 W Sam Houston Pkwy S #1, Houston, TX 77042, USA","Houston, TX"
"PlasTex Precision Manufacturing, Inc",manufacturing company,http://www.plastexprecision.com/,(832) 672-7402,"12155 Cutten Rd Ste 200, Houston, TX 77066, USA","Houston, TX"
Ramco Manufacturing Company,manufacturing company,https://www.ramco-safetyshields.com/,(832) 699-8220,"5634 Hogue St, Houston, TX 77087, USA","Houston, TX"
Nialti Manufacturing,manufacturing company,http://www.nialti.com/,(281) 894-4995,"12018 Palmerton Dr, Houston, TX 77064, USA","Houston, TX"
Canyon Manufacturing Services Inc,manufacturing company,http://www.canyon-mfg.com/,(281) 876-7105,"523 Rankin Cir N, Houston, TX 77073, USA","Houston, TX"
DEEP Manufacturing Inc,manufacturing company,http://www.deepmanufacturing.com/,,"6410 Langfield Rd Bldg f, Houston, TX 77092, USA","Houston, TX"
PTFE Industries,manufacturing company,https://ptfeinds.com/,(713) 900-3500,"9426 Katy Fwy Bldg 7, Houston, TX 77055, USA","Houston, TX"
SMC Industries (Sproule Manufacturing),manufacturing company,http://smcindustries.com/,(281) 860-9950,"2260 Appelt Dr, Houston, TX 77015, USA","Houston, TX"
Titan Pumps Manufacturing,manufacturing company,http://www.titanpumpsinc.com/,(713) 283-7700,"9447 Bamboo Rd, Houston, TX 77041, USA","Houston, TX"
"MacroFab, Inc.",manufacturing company,https://macrofab.com/,(888) 983-2503,"10305 Round Up Ln #400, Houston, TX 77064, USA","Houston, TX"
Houston Supply & Manufacturing Co,manufacturing company,http://www.houstonsupply.net/,(713) 694-6868,"6825 Fulton St, Houston, TX 77022, USA","Houston, TX"
"Omni Manufacturing Services, Inc",manufacturing company,https://www.omnicase.com/custom-protective-cases-foam-inserts-dealer-in-houston/?utm_source=google&utm_medium=gmb+&utm_campaign=gmb,(713) 290-1322,"2441 McAllister Rd, Houston, TX 77092, USA","Houston, TX"
Viewpoint Manufacturing LLC,manufacturing company,http://www.viewpointmfg.com/,(281) 258-4151,"9103 Emmott Rd Bld 11, Houston, TX 77040, USA","Houston, TX"
Westbrook Manufacturing,manufacturing company,http://westbrookmfg.com/,(713) 675-6438,"1111 Lockwood Dr, Houston, TX 77020, USA","Houston, TX"
Bio Medical & Pharm Manufacturing Corporation,manufacturing company,https://bio-medicalmanufacturing.com/,(281) 835-8051,"4311 South Dr, Houston, TX 77053, USA","Houston, TX"
EnableTech Manufacturing,manufacturing company,https://enabletechmfg.com/,(281) 469-1100,"14460 Wagg Way Rd, Houston, TX 77041, USA","Houston, TX"
Krueger Engineering & Manufacturing Co. Inc.,manufacturing company,https://www.kemcotx.com/,(281) 442-2537,"12001 Hirsch Rd, Houston, TX 77050, USA","Houston, TX"
Quiet Flex Manufacturing Company,manufacturing company,http://www.quietflex.com/,(877) 694-3669,"4518 Brittmoore Rd, Houston, TX 77041, USA","Houston, TX"
Goliath Manufacturing,manufacturing company,http://www.goliathmfg.com/,(713) 641-6979,"13942 Chrisman Rd, Houston, TX 77039, USA","Houston, TX"
Aitken Manufacturing,manufacturing company,https://www.aitkenmfg.com/,(281) 441-5438,"4920 Airline Dr, Houston, TX 77022, USA","Houston, TX"
American Bag Manufacturing Inc.,manufacturing company,http://american-bag.com/,(713) 678-7788,"4800 Clinton Dr, Houston, TX 77020, USA","Houston, TX"
Noitavonne Inc,manufacturing company,http://www.noitavonne.com/,(918) 804-6070,"8600 Westpark Dr Ste 107, Houston, TX 77063, USA","Houston, TX"
JR Manufacturing L.P.,manufacturing company,http://www.jrmfg.com/,(713) 462-5900,"6485 Thomas Rd, Houston, TX 77041, USA","Houston, TX"
Berridge Manufacturing Distribution Center,manufacturing company,https://www.berridge.com/service-areas/houston-tx-metal-manufacturing-company/?utm_source=google&utm_medium=organic&utm_campaign=gbp,(713) 223-4971,"1720 Maury St, Houston, TX 77026, USA","Houston, TX"
Houston Manufacturing & Fab Co,manufacturing company,,(713) 688-8383,"4734 Creekmont Dr, Houston, TX 77091, USA","Houston, TX"
Houston Grinding & Manufacturing,manufacturing company,,(713) 869-3573,"3544 W 12th St, Houston, TX 77008, USA","Houston, TX"
Atlantis Plastics Company,manufacturing company,,(713) 643-8387,"5705 Hogue St, Houston, TX 77087, USA","Houston, TX"
Hou-Tech Manufacturing LLC,manufacturing company,http://houtechmfg.com/,(713) 864-3939,"8709 Meta St, Houston, TX 77022, USA","Houston, TX"
"Spencer Manufacturing, LLC",manufacturing company,http://gospencermfg.com,(832) 228-3902,"7409 Wright Rd, Houston, TX 77041, USA","Houston, TX"
Boltex Manufacturing Forge,manufacturing company,http://www.boltex.com/,(713) 451-2180,"13609 Industrial Rd, Houston, TX 77015, USA","Houston, TX"
Lindon Manufacturing & Lab,manufacturing company,http://www.barwickblog.alrservices.com/,(713) 672-4450,"7614 Wallisville Rd, Houston, TX 77020, USA","Houston, TX"
Eastwood Manufacturing,manufacturing company,http://www.boltman.com/,(281) 447-0081,"6825 Breen Dr, Houston, TX 77086, USA","Houston, TX"
RVO Manufacturing LLC,manufacturing company,http://mnrmanufacturing.com/,(281) 590-7200,"15050 Northgreen Blvd, Houston, TX 77032, USA","Houston, TX"
Solomatic by Caco Manufacturing,manufacturing company,http://www.solomatic.com/,(713) 644-1973,"5816 Heiser St, Houston, TX 77087, USA","Houston, TX"
"Cyber Manufacturing, LLC",manufacturing company,https://cybermfg.com/,(713) 946-4903,"10060 W Gulf Bank Rd, Houston, TX 77040, USA","Houston, TX"
"Utex Industries, Inc.",manufacturing company,http://www.utexind.com/,(800) 359-9229,"10810 Katy Fwy #100, Houston, TX 77043, USA","Houston, TX"
Rainbow Manufacturing Inc,manufacturing company,,(713) 223-0633,"1614 Miller St, Houston, TX 77003, USA","Houston, TX"
Spears manufacturing,manufacturing company,https://www.spearsmfg.com/,(469) 528-3000,"303 Gillespie Rd, Houston, TX 77038, USA","Houston, TX"
Russell Manufacturing & Fab Co,manufacturing company,,(281) 590-8185,"14518 Reeveston Rd, Houston, TX 77039, USA","Houston, TX"
"Hansen Manufacturing, Inc.",manufacturing company,http://www.hmitexas.com/,(713) 682-1075,"4807 Ramus St, Houston, TX 77092, USA","Houston, TX"
Dan-Loc Group,manufacturing company,http://www.danlocgroup.com/,(713) 356-3500,"725 N Drennan St, Houston, TX 77003, USA","Houston, TX"
Advanced Manufacturing Development,manufacturing company,https://amdmachines.com/,(832) 745-1292,"10330 Lake Rd Ste F 6, Houston, TX 77070, USA","Houston, TX"
River Oaks Physical Therapy & Wellness,physical therapy clinic,https://www.riveroakspt.com/,(281) 940-9423,"2900 Weslayan St Suite 140, Houston, TX 77027, USA","Houston, TX"
Elation Physical Therapy,physical therapy clinic,http://www.elationpt.com/,(713) 868-2766,"734 North Loop, Houston, TX 77009, USA","Houston, TX"
OPTherapy & Wellness,physical therapy clinic,http://www.optherapywellness.com/,(832) 400-2678,"6606 Lawndale St Ste. 200, Houston, TX 77023, USA","Houston, TX"
Sculpt U Physical Therapy: Heights,physical therapy clinic,https://sculptupt.com/,(713) 489-8182,"630 W 6th St, Houston, TX 77007, USA","Houston, TX"
Med Center Therapy Aquatic,physical therapy clinic,https://www.medcentertherapy.com/,(713) 668-1818,"2229 Dorrington St, Houston, TX 77030, USA","Houston, TX"
Action Physical Therapy,physical therapy clinic,https://action-pt.net/,(713) 365-9338,"12727 Kimberley Ln #104, Houston, TX 77024, USA","Houston, TX"
FYZICAL Therapy & Balance Centers - Meyerland,physical therapy clinic,https://www.fyzical.com/meyerland-tx,(346) 501-0699,"10101 Fondren Rd Ste 100, Houston, TX 77096, USA","Houston, TX"
Saburi Physical Therapy - Physical Therapy Clinic in Houston,physical therapy clinic,https://saburiphysicaltherapy.com/,(570) 580-8467,"2201 W Holcombe Blvd Ste 240, Houston, TX 77030, USA","Houston, TX"
Saburi Physical Therapy – Best Physiotherapy Clinic for Seniors & Adults in Houston,physical therapy clinic,https://www.saburiphysicaltherapy.com/,(570) 580-8467,"1608 Bissonnet St, Houston, TX 77005, USA","Houston, TX"
Action Physical Therapy,physical therapy clinic,https://action-pt.net/,(713) 839-7800,"4009 Bellaire Blvd Ste M, Houston, TX 77025, USA","Houston, TX"
APEX Physical Rehabilitation & Wellness-Houston-Voss,physical therapy clinic,https://apexrehab.com/locations/physical-therapy-houston-voss/,(281) 242-5252,"2323 S Voss Rd #175A, Houston, TX 77057, USA","Houston, TX"
Select Physical Therapy - Heights,physical therapy clinic,https://www.selectphysicaltherapy.com/contact/find-a-location/tx/houston/heights/?ty=xt,(713) 861-2722,"4000 Washington Ave Suite 306, Houston, TX 77007, USA","Houston, TX"
"Therapy SPOT BELLAIRE (Speech, Physical, Occupational Therapy",physical therapy clinic,https://www.bellairept.com/,(832) 588-3552,"5303 Bissonnet St, Bellaire, TX 77401, USA","Houston, TX"
AMPT Rehab,physical therapy clinic,https://www.amptrehab.com/houston-tx-physical-therapy/?utm_source=google&utm_medium=organic&utm_campaign=gbp,(281) 524-6488,"2020 N Loop W #135, Houston, TX 77018, USA","Houston, TX"
Select Physical Therapy - Richmond Avenue,physical therapy clinic,https://www.selectphysicaltherapy.com/contact/find-a-location/tx/houston/richmond-avenue/?ty=xt,(713) 529-4990,"4009 Richmond Ave, Houston, TX 77027, USA","Houston, TX"
Memorial Hermann Sports Medicine & Rehabilitation - Greenway Plaza,physical therapy clinic,https://memorialhermann.org/locations/sports-medicine-rehabilitation-greenway-plaza?utm_campaign=reputation-management&utm_segment=gmb_location-listing&utm_source=yext&utm_medium=organic-search,(713) 850-8472,"3651 Weslayan St #110, Houston, TX 77046, USA","Houston, TX"
Bulletproof Physical Therapy,physical therapy clinic,http://bulletproofpt.com/,(281) 393-8226,"9000 Hempstead Rd #128, Houston, TX 77008, USA","Houston, TX"
Airline Physical Therapy and Chiropractic,physical therapy clinic,,(832) 915-5555,"4483 North Fwy, Houston, TX 77022, USA","Houston, TX"
John West Physical & Aquatic Therapy - River Oaks,physical therapy clinic,http://www.johnwestpt.com/,(713) 790-1221,"2305 San Felipe St, Houston, TX 77019, USA","Houston, TX"
A-Cure Physical Therapy,physical therapy clinic,https://www.acurept.com/coming-soon/,(346) 800-6525,"11717 Highland Meadow Dr Ste 100, Houston, TX 77089, USA","Houston, TX"
Unify Physical Therapy & Wellness,physical therapy clinic,http://unifypt.com/,(713) 343-1746,"1703 Yale St, Houston, TX 77008, USA","Houston, TX"
"Results Physiotherapy River Oaks, Texas",physical therapy clinic,https://www.resultspt.com/houston-texas-river-oaks?utm_source=google&utm_medium=organic&utm_campaign=gmb,(281) 731-7836,"2900 Weslayan St Suite D, Houston, TX 77027, USA","Houston, TX"
Jennifer Klein Physical Therapy & AATB Pilates,physical therapy clinic,https://jenniferkleinphysicaltherapy.com/,(713) 203-0787,"1212 Columbia St, Houston, TX 77008, USA","Houston, TX"
Bercutt Physical Therapy,physical therapy clinic,https://www.bercuttpt.com/,(713) 360-0300,"5252 Westchester Ave #255, Houston, TX 77005, USA","Houston, TX"
Access Rehab and Wellness Center,physical therapy clinic,http://www.accessrehab.us/,(888) 880-9525,"International Trade Center Bldg, 11110 Bellaire Blvd Ste 240 Floor 2, Houston, TX 77072, USA","Houston, TX"
Village Medical Physical Therapy,physical therapy clinic,https://www.villagemedical.com/locations/texas/9055-katy-fwy-suite-316-houston-tx-77024,(346) 980-2219,"9055 Katy Fwy #316, Houston, TX 77024, USA","Houston, TX"
Bowman Physical Therapy,physical therapy clinic,https://www.bowmanphysicaltherapy.com/,(832) 409-6390,"3100 Richmond Ave Suite 200, Houston, TX 77098, USA","Houston, TX"
"Apex Physical Rehabilitation & Wellness - Houston Heights, TX",physical therapy clinic,https://apexrehab.com/locations/houston-heights-physical-therapy/?utm_source=google&utm_medium=local&utm_campaign=1&utm_content=primary,(281) 242-5252,"5225 Katy Fwy Ste 103A, Houston, TX 77007, USA","Houston, TX"
Select Physical Therapy - Fannin,physical therapy clinic,https://www.selectphysicaltherapy.com/contact/find-a-location/tx/houston/fannin/?ty=xt,(713) 795-0891,"8515 Fannin St Suite 140, Houston, TX 77054, USA","Houston, TX"
"Results Physiotherapy Houston, Texas - Memorial City",physical therapy clinic,https://www.resultspt.com/houston-texas-memorial-city?utm_source=google&utm_medium=organic&utm_campaign=gmb,(832) 795-9175,"10100 Katy Fwy Ste 170, Houston, TX 77043, USA","Houston, TX"
Select Physical Therapy - Houston - Garden Oaks,physical therapy clinic,https://www.selectphysicaltherapy.com/contact/find-a-location/tx/houston/houston-garden-oaks/?ty=xt,(713) 686-8408,"3414 Ella Blvd, Houston, TX 77018, USA","Houston, TX"
"Results Physiotherapy Houston, Texas - The Heights",physical therapy clinic,https://www.resultspt.com/locations/the-heights?utm_source=google&utm_medium=organic&utm_campaign=gmb,(346) 692-0125,"5307 N Main St Ste 110, Houston, TX 77009, USA","Houston, TX"
Health Rite Physical Therapy,physical therapy clinic,http://healthriteclinic.com/,(713) 339-2273,"6300 Westpark Dr #212, Houston, TX 77057, USA","Houston, TX"
Houston Spine & Rehabilitation Centers,physical therapy clinic,https://www.spineandrehab.com/houston/?utm_source=gbp&utm_medium=organic,(346) 615-5358,"2202 La Branch St, Houston, TX 77002, USA","Houston, TX"
Revolve Physical Therapy - East Downtown,physical therapy clinic,https://revolvephysicaltherapy.com/about/?utm_source=google&utm_medium=organic&utm_campaign=gmb,(832) 831-4188,"2955 Gulf Fwy Ste b, Houston, TX 77003, USA","Houston, TX"
Texas Orthopedic & Physical Therapy Institute,physical therapy clinic,,(713) 695-7800,"4710 Katy Fwy, Houston, TX 77007, USA","Houston, TX"
Pinnacle Therapy,physical therapy clinic,http://www.reachmypinnacle.com/,(713) 622-2929,"2400 Augusta Dr #155, Houston, TX 77057, USA","Houston, TX"
UT Physicians Physical Therapy – Texas Medical Center,physical therapy clinic,https://www.utphysicians.com/clinic/ut-physicians-physical-therapy-texas-medical-center/?utm_source=extnetwork&utm_medium=YextListings&utm_campaign=111667,(713) 486-7585,"6400 Fannin St #2200, Houston, TX 77030, USA","Houston, TX"
Memorial Hermann Sports Medicine & Rehabilitation at Convenient Care Center in Greater Heights,physical therapy clinic,https://memorialhermann.org/locations/sports-medicine-rehabilitation-ccc-greater-heights?utm_campaign=reputation-management&utm_segment=gmb_location-listing&utm_source=yext&utm_medium=organic-search,(346) 701-3820,"1431 Studemont St Ste 300, Houston, TX 77007, USA","Houston, TX"
Ultimate Physical Therapy & Chiropractic,physical therapy clinic,,(281) 783-8500,"10929 Katy Fwy Ste B, Houston, TX 77079, USA","Houston, TX"
"U.S. Physical Therapy, Inc.",physical therapy clinic,https://www.usph.com/,(713) 297-7000,"1300 W Sam Houston Pkwy S Ste 300, Houston, TX 77042, USA","Houston, TX"
Select Physical Therapy - Hedwig Village,physical therapy clinic,https://www.selectphysicaltherapy.com/contact/find-a-location/tx/houston/hedwig-village/?ty=xt,(713) 464-8357,"9055 Katy Fwy Suite 440, Houston, TX 77024, USA","Houston, TX"
Select Physical Therapy - North Loop,physical therapy clinic,https://www.selectphysicaltherapy.com/contact/find-a-location/tx/houston/north-loop/?ty=xt,(346) 537-2876,"2600 N Loop W Suite 120, Houston, TX 77092, USA","Houston, TX"
Houston Methodist Physical Medicine and Rehabilitation Associates,physical therapy clinic,https://www.houstonmethodist.org/spg/physiatry-rehabilitation/?utm_source=gmb&utm_medium=organic&utm_campaign=all_location_gmb&utm_content=website-click,(713) 441-5189,"6560 Fannin St #1878, Houston, TX 77030, USA","Houston, TX"
PIONE3R Physical Therapy & Wellness,physical therapy clinic,http://www.pione3rpt.com/,(832) 585-8910,"3315 Marquart St Suite 270, Houston, TX 77027, USA","Houston, TX"
Affiliates in Physical Therapy,physical therapy clinic,http://www.affiliatesinphysicaltherapy.com/,(713) 621-2486,"3100 Timmons Ln #120, Houston, TX 77027, USA","Houston, TX"
KR Neuro Physical Therapy,physical therapy clinic,http://www.krneuropt.com/,(832) 895-7788,"3435 Branard St Ste 101, Houston, TX 77027, USA","Houston, TX"
"Results Physiotherapy Houston, Texas- Willowbrook",physical therapy clinic,https://www.resultspt.com/houston-texas-willowbrook?utm_source=google&utm_medium=organic&utm_campaign=gmb,(832) 795-9136,"7524 FM 1960 W, Houston, TX 77070, USA","Houston, TX"
Memorial Hermann Sports Medicine & Rehabilitation - Greater Heights,physical therapy clinic,https://memorialhermann.org/locations/sports-medicine-rehabilitation-greater-heights?utm_campaign=reputation-management&utm_segment=gmb_location-listing&utm_source=yext&utm_medium=organic-search,(713) 867-2300,"300 North Loop #300, Houston, TX 77008, USA","Houston, TX"
Vanguard Spine & Sport,physical therapy clinic,https://vanguardspine.com/houston-memorial-chiropractor/?utm_source=gbp&utm_medium=organic,(832) 583-7562,"8800 Katy Fwy #201, Houston, TX 77024, USA","Houston, TX"
Reconstructive Orthopedic Center,physical therapy clinic,https://rocmd.net/,(713) 520-1210,"1200 Binz St #100, Houston, TX 77004, USA","Houston, TX"
Comprehensive Outpatient Rehab Services at HCA Houston West,physical therapy clinic,https://hcahoustonhealthcare.com/specialties/physical-therapy-and-rehabilitation?location=west,(281) 588-8249,"12606 W Houston Center Blvd Ste 180, Houston, TX 77082, USA","Houston, TX"
Sculpt U Physical Therapy: Houston,physical therapy clinic,https://sculptupt.com/,(713) 489-8182,"111 N Post Oak Ln, Houston, TX 77024, USA","Houston, TX"
Feel Free PT,physical therapy clinic,http://www.feelfreept.com/,(386) 837-3646,"1475 Texas St, Houston, TX 77002, USA","Houston, TX"
Revolve Physical Therapy - River Oaks,physical therapy clinic,https://revolvephysicaltherapy.com/approach/,(832) 831-4188,"3311 Richmond Ave Ste 210, Houston, TX 77098, USA","Houston, TX"
Select Physical Therapy - Fondren,physical therapy clinic,https://www.selectphysicaltherapy.com/contact/find-a-location/tx/houston/fondren/?ty=xt,(832) 252-8055,"2500 Fondren Rd Ste 115, Houston, TX 77063, USA","Houston, TX"
Wellness Pain & Associates,physical therapy clinic,,(713) 524-4803,"2101 Crawford St Ste 214, Houston, TX 77002, USA","Houston, TX"
Memorial Hermann Sports Medicine & Rehabilitation – East Houston,physical therapy clinic,https://memorialhermann.org/locations/sports-medicine-rehabilitation-east-houston?utm_campaign=reputation-management&utm_segment=gmb_location-listing&utm_source=yext&utm_medium=organic-search,(713) 674-2573,"10907 East Fwy, Houston, TX 77029, USA","Houston, TX"
The Pelvic Place Physical Therapy,physical therapy clinic,https://thepelvicplacept.com/,(713) 344-0838,"1200 Binz St Ste 1025, Houston, TX 77004, USA","Houston, TX"
Pain Free Posture Clinic,physical therapy clinic,http://www.painfreeposture.clinic/,(713) 202-1264,"2060 N Loop W Ste 203, Houston, TX 77018, USA","Houston, TX"
